39.28752252480392,-4.9658102785808,0.7670990208997583,0.08343312519692292,0.45813045599295377,0.534150266484076,0.2394065999089685,0.0729970099371342,-0.0642240828695253,0.024470334565144913,-0.2097381641362528,-0.06832466402232917,0.06155239865347606,0.10943919518408962,-0.2610801493803905,0.03883286782079387,0.029180714733797686,-0.05661636288032024,-0.1275986447990829,16.671886647077265,36.938886395112405,-1.8180549672597142,-3.2484385637728264,0.09282923688392675,-4.663475390694419,-1.0953363760125194,-2.059722157099528,-2.5594241087397784,2.0265745062410185,1.5865687436629994,1.5957530269106477,-0.014914655160853219,0.6157679035688535,0.28260705282430787,0.26122729172018566,-0.49284967286390624,-0.31275897693625465,0.7411565275051106,-0.2322099841048204,7.159025402409696,48.356198549520286,-48.02702837608286,3.5947394448675514,-11.093117937698619,0.09504070930952935,1.980187225016686,-5.494078266992012,0.8895805621832711,1.382477856642304,-4.37622724980887,0.33834698195360513,-2.1839820821913203,-2.273252914839766,4.149327669285706,-0.7742736390299232,-1.1819090022253387,-0.17936420401686837,-1.144941823671633,-0.5550083696046564,29.471613688653367,41.54780492820619,-1.470660427810195,-0.8536002120540025,0.31175950422734955,-0.35191499054302966,0.26859967244651406,-0.313931441821901,0.1637562994618671,-0.1379544093139855,0.054722571434018485,0.0288913990069668,0.3461129252088253,0.018393518788547114,0.1240924144005513,0.048249439263320815,-0.07134868947268802,0.032634340108877335,0.17424123240763212,0.1995801419458847,16.671886647077265,37.15048205116004,3.2414161176390768,-3.5654303849766116,-0.85360824440823,2.8785430968826144,0.46191489856422807,-1.7535068862762517,0.4790817247441508,-1.1843293054725175,0.8212625884326197,0.7331835907775832,0.06773672702991318,-0.027537911023528094,0.4730310015811432,-0.9021227858260215,-0.7547533794177912,-0.8102908005182161,-1.1162762445298093,-0.9341983284168581,7.159025402409696,83.67350559131954,-42.985179348525634,-7.236095239261324,0.4138940368324904,-1.937088193638841,-8.743107797033362,-6.449448579321314,0.041004830207237664,4.482832971583695,-4.344715856846831,-1.7047334153426545,-0.4540346441545471,-0.37732277826160043,2.7214196053094275,-1.3722431647639926,-0.5614311865148218,-2.2619568829841032,-0.6705221654509903,1.5001171537664268,29.471613688653367
40.12366041789268,-4.681647883479068,0.4018678400683613,-0.1970694477790933,0.3691967912182479,0.4080287171560171,0.27976948151692405,0.03590399169778724,0.22241940230538848,0.32797488069941183,-0.27547232642508535,-0.22562966391629802,0.20102393030431043,-0.021044258492662227,-0.03185830555362301,0.12621376731513978,0.1276347641260256,0.01915083279747032,-0.03157894784617943,16.857178378053817,53.33824148487879,-9.685248027638078,-5.000513323415172,-1.2821966815630788,-4.973232655313936,-0.929544789557748,-4.474376323270886,-2.9033605851610558,2.2661876072852363,0.8134343762796874,1.230024531726115,-0.9871259504728505,0.06275924656181453,1.653667140124756,0.2790927183892382,-1.3749144772779986,-0.2925204326131605,0.4358134910298552,-0.5732829676394264,13.879943561488307,15.884283966632289,-60.84209146773294,14.574208642165388,-12.674912878932666,5.278240097016056,3.429190999700777,-1.6567827604824115,3.4327594222544873,-0.8968294776702321,-6.947115217693435,0.2520380396096997,0.04403802224212017,-3.2651594125556223,3.3806755430575626,-2.4887403751736565,-0.32095783717475723,0.15098807218824573,-1.200706616428302,-0.5591306961742786,28.298318752703928,42.155376525428174,-1.083519538421641,-0.599269225942026,0.1705963765659857,-0.31756604937136945,0.15867962367868316,-0.25757112144054917,0.013888729686802215,-0.5295963175324832,0.34138769516335143,0.06479009418112147,0.3374698711388522,-0.038363230573370544,0.10582664429077515,-0.2233378220244162,-0.11332644191287233,-0.10809115083156029,0.2567944430825393,0.05268654273028084,16.857178378053817,58.84341058811685,-1.4642163693143102,-5.909843512939805,-1.0979811864106481,2.1826854003273612,-1.924589586593691,-2.9751987240272806,0.07777952065347415,0.17950668302578476,0.3240571136836847,0.6694345275003264,-0.13305640508791328,0.40319189313589,1.4710052582240136,-1.1853145648276924,-1.5034664769826651,-1.6492592735764589,-1.433724492989365,-0.4399937615593916,13.879943561488307,63.06094621359671,-64.9482619923649,-4.516727832264904,0.9561296441927172,-3.719138292948446,-7.932673949593556,-5.605837521757611,0.03184272040017566,6.991019045293463,-6.848313214516105,-2.818469516613963,-0.42734522630747973,-0.6987186111485009,1.250735978050597,1.3643739236369405,0.4723974228911201,-0.7233910733216007,-0.15152055419917065,2.6815333783590622,28.298318752703928
57.33889677581574,-6.016918959761522,-0.6745046705709563,0.2700990301268944,-1.8291404069669026,0.04954285314184581,-0.8106359194447732,-1.1881685353130815,0.8057414276635271,0.6660024333295111,0.6210054304634873,0.0028705083442286394,0.2997005846124856,0.3159844484346195,-0.24507742543368138,-0.2512824183583322,-0.1764257984304436,0.2760783030333398,-0.29171348532794483,20.158753482793838,52.917308124989354,-21.89797262511196,-0.5750314615178782,-4.766216772741879,-4.461076403729896,-0.1881385567315621,-3.5994342075098547,-1.9426655894375044,2.5980068840400614,-0.21497769754977947,1.9477907654797164,-0.6208000486005147,-0.24435422534751017,1.671740843816937,-0.1348422411293022,-0.6427717717695294,-0.4125603511062359,0.32135713390692167,-0.3391776771398456,18.534373167197074,-98.10531672832235,-27.33215538581009,19.10730131831876,-7.10975464729912,18.0107707614708,2.1553200233008143,10.451993723896129,7.856391854243586,-6.475004052764762,-6.967369611024494,-6.091493325793126,3.1975494651685037,-3.4225896141251457,-0.17383298974579264,-1.6829922522506329,2.985408418776885,2.1563348810445717,-0.039327481358375715,-0.12010990012057565,-5.82648844763461,59.81926015517522,-0.04352281368493349,-2.7634808975982965,-0.044463054146083536,1.0701820873124475,0.5545171461125435,-1.2188650451507028,0.4782309467214749,-0.5342981079409954,0.32202130378566185,0.3775338468086811,0.38430281575876846,0.033002937957741896,0.36974080024601097,-0.2670183230058214,-0.42773650296149146,-0.3021483146800119,-0.42517349519472614,-0.19407222265474244,20.158753482793838,68.1407705783414,-15.898357313147045,-6.011271440625677,-0.5244747549907758,2.2579278483408203,-2.716386757373493,-4.367385257061394,0.7002352418931079,0.3751691860701789,-1.1024926026163282,-0.08730858525511564,-0.058884028988447135,-0.43156420223403735,1.3347536759144216,-1.4466484787071823,-0.661112423892765,-1.5217850054811464,-1.2928132030255266,-0.4312420349623779,18.534373167197074,-72.70991950960686,-47.31415450023745,11.84331544504401,-1.086185414390569,-12.093807550513304,0.8255596922244166,1.9517965281026775,-2.8053219005007484,5.897478656511931,-5.192511681796499,-2.8031272219721157,-1.1127584419851315,-1.8815603705803123,-2.8394201068930025,5.247370705100842,3.072934632450007,2.3035920262022986,2.53125114433338,2.8738644379324905,-5.82648844763461
56.930956141737404,-9.282879951809477,-1.01235579507247,-0.6509981680496022,-0.8848504401840862,0.31168157837631716,-1.4727603020496036,-0.7481005100182858,0.6338869655065666,0.1104214733228055,-0.01009769557306539,-0.5974852254420333,-0.02614207104512145,0.8330001386212027,-0.12953515215912592,-0.5035667277286424,-0.014276244990661935,-0.005056950322222642,-0.33218270835436514,21.868425009963133,36.891817513490075,-22.19914187220006,2.7019622061823942,-3.815104197769503,-2.1255548356686527,0.1656602141973904,-2.1182575121355702,-1.1514236572636718,1.292443578506381,-0.9862156445773289,1.5457531774309632,0.3100470526800376,-0.586750738250776,1.2783779288567745,-0.7851081294418987,-0.5783675419984733,-0.18736425375714116,0.3507029160900541,-0.4582914856744471,15.620510896367971,-160.62439872190535,65.81650884055281,19.060308333114733,16.61101956955788,24.759347545565646,-4.327749985428094,15.860523319638226,3.9619729098671765,-10.66444296241533,-3.037585648094128,-9.904909190464494,5.782657753850101,-1.2963918023125045,-6.523675355038469,-0.23492584039191966,5.3310697895312575,1.79838104250114,1.6983281670211734,0.2294998211805579,-37.335575211696316,61.8337826087801,-2.9163374195299805,-2.853581625751758,-0.05911980979125797,0.028379170692912403,-0.8366538576833462,-1.3490640021711404,0.045408736158800256,0.14997078151241183,0.08310176210003917,0.18928743885627286,0.2604897773898971,0.21268475577189472,0.7367708505898283,-0.38677396201595426,-0.6448880212196189,-0.6246039692849075,-0.2429136502858713,0.17640944346650245,21.868425009963133,53.18581089436771,-19.662828163150312,-4.600873773284531,-0.5401101670205986,1.3292815746792885,-1.9152712482636893,-3.2494864617624857,0.38442632636976004,1.5314309714028655,-1.6410164233009592,-0.2658050795130489,-0.08262550811464653,-0.1748840709925239,0.6675376534398025,0.052327022433029224,-0.5653751457347442,-0.8162392346975513,-1.1037680423815361,0.15509021403543288,15.620510896367971,-201.92978350699744,29.406024115521802,30.81773654046661,-1.586259335613847,-10.32725412634285,17.1774499627731,13.902343097312887,0.24090734064886687,3.1687727926604192,3.884770352381426,2.440748469781294,1.4730820377403906,-2.2635829361188673,-6.353857569482412,9.442030602976033,4.9824469522856925,5.716176374552384,3.80668691022404,0.9293711428201578,-37.335575211696316
57.34252872537623,-13.614180556971576,1.1866951077112349,-2.072710901038762,-1.145384130170827,0.48825455750814495,-0.684045612062695,-0.5063335339235815,1.0290455775499163,0.025758189478558347,0.6314699031775954,-0.1927969075597189,0.052958286654436915,0.5182874185356257,-0.27966284664229013,0.03233722945792028,-0.1061439562609765,0.11616609563298708,-0.14688560311491283,23.433449914721145,-3.8905599833544073,-9.227185737883769,2.4539743305877724,-2.195594328662421,2.9180710802183376,-0.5652788662396815,1.9882152992808781,0.49280335443332257,-0.7240555057519349,-0.9972910514207394,-1.6078579588383395,0.9352735758469546,-0.770771911087424,0.3833351635854023,-0.04816841048956233,0.6015810688847734,0.7128303741580215,0.7640480742958233,-0.3497606751475979,3.3754975111525596,-128.37645269672214,148.90525472276482,-3.019174036618719,40.14350040648779,24.574430017734336,-8.645301771895578,3.0051777520233043,-1.1725101367768906,-13.200497447037614,-1.4206574640272693,-12.93385199646402,1.8356860568377322,0.639882429172808,-6.406520324051416,1.334829376685493,3.5504788651776007,1.344642432547119,1.0843842144490332,0.23656101838769938,-41.190454018174705,65.77898717570093,-8.503430143829547,-2.732079732461975,0.1643802199105835,0.6040763235952396,-0.5919269655592179,-1.9518776299873024,0.49811391717242204,-0.29015336580134354,-0.3673807633424895,-0.07701156595816672,0.3551609575890793,-0.3229125755011042,0.47599714920823555,-0.5933567300945013,-0.13612411176569728,-0.47000175340502226,-0.22231132242092588,-0.07790232590341506,23.433449914721145,3.6243221432311827,-11.316355235561646,1.7017424677177564,-1.6756364612985393,-2.7416587655500013,0.8700355755114355,-0.6404647533573105,-1.0769026283643663,1.0884478785949074,-0.7924564839733077,-0.200760216701787,-0.513857942449286,-0.6792801142494773,-0.5449452494732525,1.1027417730940385,0.3126682711832518,-0.07500480685652056,-0.015628897667033792,0.20519190275197485,3.3754975111525596,-234.89957550610788,122.19585400797419,33.10079785173064,0.9379720822848445,-9.978965904654798,18.52049643635658,21.162326408165384,4.611347579383013,4.940238636807587,12.500772157768008,7.847507702376064,4.0355203421263965,1.8767310161465574,-5.181257600100471,9.243504534471757,2.8227829665872446,4.416442207283875,4.800516456679366,1.2782104956794786,-41.190454018174705
58.56775319985747,-11.98258802097407,0.8222490540184628,-0.9332165810810165,-1.0354587650141163,0.2715029720715627,-0.8426544282419002,-0.8807253376287987,0.7569891166153844,0.15498918033622378,0.4921720259333422,0.027227570375694565,0.0310197101579468,0.5169932208852219,-0.407119659670268,-0.3047798275922231,-0.0011882838372785365,0.27445839454267373,-0.333138631789919,23.03008561027415,1.429976178098002,16.88761294902423,3.0151379470893693,5.738001881176132,3.71686737549477,-2.904849627517735,0.6620605831528601,-2.140108602162881,-1.4050026790264307,-0.3142017708318967,-1.944605701347104,1.1261661142284654,-0.3222278117244808,-0.9639676972787115,0.11829288287340844,0.6684439971604785,0.04397472600528074,1.063632104345991,-0.45324155804527133,2.7915937836624067,-46.469842143170496,138.95231818587445,-9.50527797827436,38.69272572000305,13.400450850969367,-6.261926490137249,-8.204012381552403,-0.45420361897441985,-11.364960592932338,0.38992482842500253,-7.68684506303345,-4.590044229530073,3.703504950128089,-3.318079182302468,1.246378773853111,3.4762581050180827,0.00397155331609067,-0.737960029385951,1.6882176619718767,-16.2907258255799,65.76841846234917,-6.684979954924491,-2.915406695152452,-0.2038803439726471,0.5801276198268788,-0.2257339446172808,-1.5158080599034922,0.19616040764620868,0.11404679709912369,-0.1344194829230525,0.15916026080802093,0.3107280461663735,0.05215249065979055,0.38646729652956413,-0.03400510726356165,-0.5418202103781415,-0.4322840488178308,-0.3965206644951289,0.07214670137233359,23.03008561027415,-9.863256947826756,10.94779464965389,5.642517803121782,-1.31553000106369,-0.4811483558986529,4.870924228350395,2.112512572777122,1.0868021261066447,1.40725373309363,2.1114242305528874,1.946534578114309,0.8309715705127014,-0.6047416189158237,-0.7660740638233552,2.261005610759714,0.5008666516221729,0.4854388143874202,-0.16897319055659143,-0.2935251590064891,2.7915937836624067,-149.54291435736098,127.22169806850445,18.307109227701524,8.891312910409429,-5.476124900650557,10.133255000354971,19.22946123655893,11.095197575232119,1.318990990731991,10.477440616046607,8.16259626492782,6.5682090816817205,3.2633515631953576,-1.4192266412337307,1.4855089715943786,1.9416530992064478,2.6704915324172176,5.3308526844575805,-0.10737846168052956,-16.2907258255799
54.575218255078504,-9.28065779412111,-0.3648199298225365,-0.686588927688609,-0.2948007044427188,-0.2130072768256177,-0.13158120670818585,-0.8754544442911638,0.38216259923315077,0.14507305411243232,-0.4340584097088862,0.158150898358842,-0.11426626153276054,0.665655489095311,-0.13036937692289152,-0.04988533398415518,0.17344540807187547,0.5183446677488033,-0.46611586118396686,21.26567193821461,6.460002444324317,33.01127732565831,-2.2412063502807253,10.528980391029197,4.904927499555561,-2.9755345218217886,-3.4870043791424177,-2.034578185376345,-2.65351871071234,-1.2613133664361302,-2.7739557933632595,-0.11101655095586249,-0.05667447402425374,-0.4103465051410282,0.08087194105579076,0.5090618912397951,0.1440913752861126,0.5070846470034698,-0.2234221317605838,4.353604714462502,41.41222247212559,39.23575562391778,-2.9051365771269357,15.897211648776452,-5.1754260835265775,4.892911740161271,-11.904968641044865,6.285006284328161,-6.538508235981135,0.2534497142388301,5.169145808256738,-5.361152009626549,2.8747520227556764,-1.1767432306061592,-0.8488962512509639,1.1971988967750364,-2.1208550092226766,-3.369161561001816,2.9446069687871574,7.44982696463482,59.664103300006275,-3.8173791637685017,-1.8816971290390714,-0.8099010177046586,-0.5765215200295364,0.6840749773352286,-1.4557253929631822,-0.13559620320441246,0.027887823563102376,0.034553684310553834,0.29221732748191354,0.10225471014588727,-0.22637098661094468,0.2724199525395168,0.10796813616500156,-0.3229362727906042,-0.43581067834181053,-0.35618443692361423,-0.03934490023167059,21.26567193821461,-17.784483253615306,29.894258284437946,5.417431697036486,0.33222120317319215,-1.8263401386976086,3.1507637224977545,3.532778429751495,2.654721131716172,2.9073771236285904,3.2716731493407525,2.7302754371192375,1.5020776027610774,0.7217300798008912,-0.5390692655042351,2.070764494365354,0.21715816072239869,0.035597073618305775,0.6400475994016843,0.43217089939832243,4.353604714462502,9.007744561712286,45.1513662342257,-12.166072743350867,16.38571423597512,1.8107785278983495,-6.224738345381487,9.617030080089027,10.106167594676204,-1.3012287259219661,-0.5921153074787227,0.809724672194295,3.756083802214008,3.4648038567921047,1.8261674884287689,-3.64387729514773,1.2363072157299824,1.8423367831610673,3.569862051924573,0.6021935184561034,7.44982696463482
59.02959946593527,-3.005834858722594,1.2709706972391004,1.5249417858633874,0.5482915346992447,-0.7901123182156691,-1.4179622131504281,-1.6335943559159352,0.25482711515173406,-0.10633684441007984,-0.4496363898033766,-0.20987607128708108,-0.10364370281376312,0.2773322547020043,-0.145035445582121,-0.12823344742736542,-0.13208356415444755,0.3256698157928648,-0.3991883583424738,24.348110890047604,8.481615228065465,26.157785688966115,0.2969135574794626,9.168971302386211,3.581242380147419,-1.7601752030801805,-3.4826538637001243,-0.11483469684604786,-3.4253051154795853,-0.6592420728571322,-1.714620436823302,-1.4618299986835903,0.9079530182816833,0.016179172068755854,-0.22643891828801976,1.2060210993330573,0.09899102233685864,0.1102046150432554,0.3226480736179842,6.986094381923049,9.548396472291259,-96.92812786481588,0.6882194524686733,-28.252164369369837,-21.491246243889705,12.065065425569397,3.779250651946003,20.38176525537031,-0.8338231092014801,2.332733342787303,11.508363681349545,0.3135233759786553,1.828545968373732,0.30032929513546636,-1.8366157477508516,0.9798425172739056,-0.16674775608422054,-4.920191038751115,1.7393877126934687,-14.434568218596954,59.95959607271405,0.21453441526644212,-0.4575140259023187,-0.22974419151548187,0.3781039145559739,0.9608072850446283,-0.5408838342946396,0.9056648594005399,0.6945770533770039,0.9378466535499612,0.9779402811933873,0.8024286863678438,-0.13795684813109688,0.45552241701251006,0.39306641023415123,-0.3010486148960789,-0.39898009962280323,-0.26046368831282285,0.01036815112738565,24.348110890047604,-10.881243585889536,23.342714111102122,2.694836225906866,2.9016174559482506,-1.8664401890721867,2.0109921784206373,4.278622564962577,4.06621323394555,1.2814618442520196,1.5656390680653138,2.3499752260403497,2.1935112601210323,0.7562866135799706,-0.04501365916157152,0.31107014759456075,0.4532064590989062,0.4637055912736443,1.2338200513128947,-0.012088515128005684,6.986094381923049,76.76442238254525,-75.8633260479065,-32.341264621973465,13.878233169997047,-2.513512159834529,-16.772710726534832,-1.246252763129069,-3.471389492861415,-8.492303508299601,-15.438110333646867,-11.614465102040741,-6.244663648905519,-1.147373132163656,0.09276397672741132,-7.978686356158662,-0.07282646128402392,1.2139748213780723,3.061831842626609,1.7570191203127756,-14.434568218596954
60.34160681449949,-1.5969184752681573,-0.15826888903944658,1.9627001110036346,0.5152044697502731,-0.46870505825913344,-2.13989390917964,-1.147188117468186,-0.04663277707442859,-0.47423548136635496,-0.2846037856356749,-0.12975336220626232,0.091952756128165,0.43294464905672037,-0.37026898315846823,0.19859498499538897,0.031349371540664306,0.34410270850962643,-0.22557180571892732,24.95123963206567,13.289731727724657,5.755605704104181,2.360518236829258,4.037526785120765,0.39817053612872444,1.3088397916221766,-1.8919117978150624,2.6226695439389864,-2.9831584055159253,-0.6980460432887066,0.8617223130281286,-0.4513043725102923,0.051513685287332134,-0.6951098863914109,-0.3002506355343302,0.9313919661860022,-0.3751052786191058,-0.4438189615537169,0.734597993414353,5.003160694339648,-13.386087598057117,-134.7648269298291,10.822954704339832,-39.785692698598304,-26.640960730014964,6.954452261224083,15.08567299706159,14.991834311335271,6.68282791794764,4.227167703636393,11.607978287487652,6.05540261990667,-0.4031919412644416,-0.8050119554315898,-1.0141048329537847,-2.1773864449432665,0.7858257459532292,-4.22514356464213,-1.814942251748054,-26.422430637972834,59.79115674371084,2.9939418132939597,-1.2523102185687986,0.34342274526859695,-0.20808189311811232,0.3901842808587048,-0.6729505279159813,1.4707222571533425,0.8732700678740115,0.7323227430913799,0.8787361424087687,0.8603494388688828,0.13300713379478513,0.17193495621464505,0.22848975833931928,-0.14793082914552924,-0.46885519119338315,0.02968398918876325,0.16907239891822012,24.95123963206567,8.637187743118716,5.061868150827087,-2.90745311535022,4.40864692818305,-1.1436235850140597,-0.8123675722144292,3.0849952905944757,2.486475615054283,0.5007294600547296,-0.8156215564688822,0.0023817954323401835,0.6829141138535526,0.37260769789867787,0.007608292410240081,0.25577085710275016,0.9546519753098763,0.857030196280901,1.0679055073605097,0.3655703400407848,5.003160694339648,85.2849926990401,-121.10490861107291,-27.496580647468164,1.8287348089447413,5.147371151269827,-9.213309042725472,-6.298562660168969,-12.27980708278875,-8.633849849484697,-13.970364431368402,-14.675417311688022,-10.4498332880253,-4.9897587976231765,-0.3038905193032617,-5.386905959890427,-2.225998261423015,-1.514465124340507,-0.052813720327668845,2.317192760429485,-26.422430637972834
59.92536653417971,-2.7455648359174876,0.8674303123666491,2.3266245507659677,0.35015983796309724,-0.48073573875176967,-1.5798250088562353,-0.8022758494633115,-0.7412657529706186,0.1350224116470513,-0.43986550451491446,-0.5597352986835484,0.3818867104683257,0.6414382269388952,-0.4003893156964895,0.1739905625845335,0.11935524559675637,0.41668168168388986,-0.29208662271344665,24.680348954310144,2.7893097725434615,-17.948615172606644,1.0583853797687146,-5.14235350055457,-4.775377264736663,0.9854959285449807,1.754139618462184,5.722150160864608,-1.6570943862253782,0.570531238988043,1.9917370861319745,1.453071712995008,0.5379510928065923,-0.6714213590857869,-0.6094537027069569,0.9472002183243278,0.22019917491577967,-0.9210116107509732,-0.06255776428600535,-4.750468315574643,-10.554567194607735,-58.65474170759227,-10.0236409566184,-30.33312796982701,-18.292582984522696,-3.4642661718787138,9.154065968289137,-1.2421706688832805,15.28682822497602,2.619764241551087,7.4943226671439005,3.104554590943545,-1.282860002981975,-1.1519529658332095,0.24084442292435515,-5.0754877751687975,-1.6370675220677466,0.5365562182009249,-5.9766685175615075,-18.130343733663857,60.26426994755212,1.5807166120953404,-1.8826820374341553,0.6702665025148504,-0.5373122881649266,0.9267074928312997,0.2321157900541957,1.4261077944401062,0.3320865970696789,0.2995155217191914,1.0408884663647682,1.0284363118653919,0.25060673724691096,0.41420296511121424,0.061269155446559864,-0.4027197026512259,-0.18390899675522232,0.027455148105129723,-0.03810620576661461,24.680348954310144,15.308118745078858,-14.567673307493934,-6.365672101671597,3.5853737214299057,-2.079262712657692,-1.5338654875609294,1.713277760791097,-0.5647698619931183,-1.63557418926924,-3.563983583365728,-2.496751152062613,-1.8817785094862955,-1.003866994046545,-0.9930308544168871,-0.8208407486883156,0.09570651368642213,0.6817096637451587,1.1480137767773004,0.6182846808286675,-4.750468315574643,31.717240510319897,-47.48618717240106,0.06778064877185574,-14.317579705080531,11.982686119277698,-4.6630343529011125,-14.744489166483255,-7.228879785052873,-6.878702798387744,-4.401094668040098,-4.427064120336586,-10.746972592373323,-3.908394293117768,-0.9406170210639071,-0.8481578393606668,-4.093122134061144,-6.805498410302283,-4.137494199535212,1.2836507946796147,-18.130343733663857
60.77220058481861,-6.5329899534715725,1.017209381028318,0.9313330824204833,0.0033504119897171947,0.28672432925352087,-0.9966057077628134,0.020221074452017707,-0.6113701694636355,-0.32462959556048654,-0.008082695839052967,0.10742832580192951,-0.33127462553013887,0.13604755978116012,-0.15281775963287236,0.26469864410289645,-0.1398266361132794,0.2509292540264323,-0.15236773229130396,23.601133253253163,2.6131113730567606,-12.317935708469864,2.789535090744564,-2.2082035567995635,-4.2372430430098795,-0.8711439570223276,1.4374353783072222,2.5428465414359627,-0.19621011636562358,0.23738382945947878,1.1768545889029283,1.4592339031581734,-0.07326948191892901,-0.4690522172795517,-0.23467308321163305,-0.4502208907274734,0.4764001719732667,-1.0898790224204808,-0.938290338682616,-2.9893292557750684,-18.660810242143206,61.330622712600004,-21.94657767037335,-12.992092962816317,-2.3028688015160115,-8.927729525065317,-0.6769661107039013,-17.267569408658012,15.621673304759646,5.647273258535137,-0.6628393451752852,-7.4301747068556185,-0.11121643370659218,1.7413464348920713,2.1986978078659454,-3.640626289923037,-5.7596111516769195,6.335250670569262,-5.3306079143057215,6.778231475984462,63.830360234146596,-1.9695361867694072,-2.622839680948263,0.9444170993717003,-0.690625211176116,0.2949410873346783,-0.2997275598403619,0.8474201368029459,0.4594977817441297,-0.054091528008502365,0.2619341326123932,0.33070795432388955,-0.23434893035060966,0.29688382469528474,0.4017521921101723,0.20522525874190745,-0.11483113163515046,0.033808898547664334,0.16767744823572195,23.601133253253163,11.763331930420549,-11.703002311800478,-3.8006044629083635,0.9047104749047352,0.8537566987300571,0.31653803412580217,1.6661695017527505,-1.1696908617088684,0.04897021564687165,-1.1486977406279282,-2.1840700296732924,-1.6851941564479085,-0.893072515197439,-0.21700592752820813,-0.056733037438421174,-0.7170909972828667,-0.8306375247877049,0.656543876505647,1.2755806816347284,-2.9893292557750684,-63.86477662762529,57.87311096953411,33.767420107162295,-12.786716726168283,12.157899484047515,3.8788847500288535,-16.956140794448356,3.0906444244186035,-9.515603387787609,4.40093869441808,11.233636768377208,-2.880730742350963,0.8559792467745253,-0.9182291867009322,1.7210955904328524,-4.0401481010725915,-8.991508433420202,-6.287732008062566,-4.720425741432471,6.778231475984462
60.20895746704744,-9.512106705924209,1.2124242520895754,-0.5305514501223221,-1.5834700687888086,-0.6750790476995059,-1.1125365046277493,0.6437761285562669,-0.29135138176635156,0.10412583218100746,0.4079716083642997,0.39806894120632696,0.37694553441868495,0.09007011979689095,-0.5584879086983974,0.3123148321810447,0.06360402713041413,-0.0882492623410247,-0.46706927719928815,22.647929921666535,8.542641808095546,5.867185541457,-4.9294153477873905,-2.8747275115671296,-3.2473423225446267,-2.4023164146972853,-0.5702944676166979,-0.6960085300361762,2.8246348524332734,0.18292511154431867,1.8749747588112484,-0.8648218410460506,0.32891460039382636,-0.6728261454037785,-0.13880548298719075,-0.6409163597946037,-1.145295463993201,0.7015127545770998,-1.829242019114285,1.9171674901484792,-30.807607038614137,127.36299265724796,-13.956021917247801,2.989162098655187,19.494777357809376,1.6956946297392546,-4.138405521227857,-21.51901062062123,5.985737679611743,-2.1132149449666513,-3.907712426856783,-10.101313222200602,-4.066138367822765,-0.2576370170284057,8.499501549497406,-0.029671917735586195,-9.89343772343711,8.508421286434517,0.9384646446012292,26.086582647026955,65.5940537000356,-4.587563238448841,-2.9550853455483854,1.2624454921479193,-0.4202557827438702,0.24149613802617687,0.12914356206309918,0.934930988579179,0.08367610180732488,-0.4509380025829617,0.03796571006026861,0.12636017389719267,-0.456212313081672,-0.10346744443625333,-0.10398518099543308,-0.4297734019965862,-0.2351372975293402,0.3114807453963768,0.3202079668829685,22.647929921666535,3.4143045756194965,7.982055756215377,3.175302224071866,-2.505204169952858,3.1262127286946035,-0.8849778012000349,-2.3842091238581875,2.2798565798006893,-1.9320099327379234,-0.4683701738752126,1.2296690784248732,-1.9959209009148995,-0.565070426430855,-0.40301505972430096,0.04324317518481302,-0.7574831216352942,-2.095209753343194,-0.6292462330272797,0.1747317114148299,1.9171674901484792,-121.62139098372938,103.31850803514206,50.06513945015741,-2.626658950899865,9.002382948534224,2.2246566659853833,-14.14236159469159,8.552718183386105,-7.001005080849997,10.457242617772996,15.001516815823361,3.210363562190869,1.9391736930708348,2.4627160622891804,7.686691482237791,6.263052575192445,-2.8464905298841634,-5.3200601522358415,-9.619835840744553,26.086582647026955
61.50636703459401,-4.372615394499729,1.0640016864713724,2.287186333047998,-0.6366020983787135,-0.8071053822964291,-1.6548204721402717,-0.5987908357599938,-0.3696950208593739,-0.34009527690359365,-0.12009504762381784,0.12096146942788666,0.05778860319352086,0.47410259398794663,-0.4085562282633308,-0.09567759516660335,0.29742506676046876,0.05162866931184329,-0.6072256478173146,24.47278452049994,1.0826605888770118,24.513016703372358,-5.618870234579365,-3.592332690781114,-1.5172813357252992,-1.4611187992893493,-1.068177810127572,-2.8020358149396274,2.586813627534572,2.319393649700724,0.5886838041008491,-3.0074449489175725,0.10042371464041899,0.17626572421362052,0.5637741585387595,-0.09486288971605061,-2.5721635350030754,1.9125441910668772,-1.047363836324368,5.058458529470318,-69.90908812510243,72.7321886524394,3.79034213402272,-4.754793298092958,21.248248223919916,12.041119589820074,3.4310631611076534,-4.909128336884843,-5.057575572731757,-9.507509639162503,-2.345661075693339,-2.159744144254213,-2.985662018001496,-4.246681817022241,12.45822109066045,4.617813182184145,-8.825719544910408,4.749348490050427,7.636541138949388,7.1481254333802156,63.00793083267938,0.22658058266581094,-2.6164107959658653,0.4996884879044301,0.16026820353638804,0.8910589753241673,0.21162033695594218,1.1314652292293719,1.0219604233286244,0.5332006349284923,0.2881625057243724,0.46879042962902817,0.03988040136035709,0.32226719722427477,0.28275040784110517,-0.49294947811428247,-0.8585598032001767,0.21594312879596322,0.6277056534107928,24.47278452049994,-17.34829348596425,22.723559103739486,9.205769775359197,1.0605775107902895,2.332588436333551,0.8026309596195502,-3.3443316643050593,2.609484606366681,-4.108854362104733,-0.16295891400509976,3.755990064377201,-0.700380061607627,0.5811990374780955,-0.7465141982865191,0.6842766903826121,-0.6388272575655614,-2.250264311885024,-1.1873304917684833,-1.7728660459685317,5.058458529470318,-117.67286038658864,44.33279315795047,35.00927952990326,9.456637084578745,0.17052492579043355,-5.093026454314934,-4.498031568474605,4.0229596111772,-6.79544608150778,6.637457463182467,4.328908200785026,2.1528940985019376,-4.285685126214537,2.6343714745806075,6.528365356134168,13.476460052098659,8.628618609714795,0.006037380826610317,-10.05565746163378,7.1481254333802156
63.829604213339785,-0.8921593446749094,-1.620673514248573,0.2113341696686457,-0.9535350681250008,-1.1349790903254373,-1.5358648604758551,-0.8407741593753939,0.5502140989438873,0.2342178080907642,0.5536280507830922,-0.9989127910195523,0.351812396303409,0.13599763713361268,-0.34192282287485565,0.03372050232198154,-0.6719183378367182,0.8670883513297343,-0.9792786745075839,25.203107065760996,-11.849268354673733,27.317404950096225,-1.715422916193221,-2.9557078842362015,3.6120305605257363,2.128330664548119,0.9377434520656527,-2.3649139712582112,-0.05573741836960444,-1.5270811436159053,0.3319662651046227,-1.3642454720674202,-1.5819646893844643,-1.122898838346576,3.2410734511665495,0.7546852589508233,-3.2022378333146047,1.8319874257226063,0.4612113068354853,4.268929115316141,-73.94019294949308,-19.683556530204843,25.501626695705806,16.62996166972589,14.292687749996475,9.959613743673726,7.237292412766463,7.621799698827907,-12.802545267410789,-13.221346562474714,-7.645274317610578,9.012557912363322,-2.1318791951452964,-0.7652807639379957,10.156707397169843,3.237074454920292,1.8670940325524135,-6.573538397154426,10.89018745935698,-13.183446528346309,62.38263693609548,4.47368610548542,-0.29824536788942124,-0.3599712767279435,0.6003473688261232,0.18615964823653774,-1.2156627202730501,2.424013538127238,-0.9151496900915301,-0.2283156466869123,1.6426088190212151,-0.03856537624462719,-0.16904314182399993,0.20000374898456874,0.14239163517349995,-0.43237389504077806,-0.8596495376443063,-0.37823508353265956,-0.18075445264673506,25.203107065760996,-30.946764038593436,19.87830000230711,12.163710504273325,2.194110728037196,1.6825128928076731,-0.6645836173151118,-2.8526524535257924,1.8220014956621595,-3.057164440818436,1.1717683122093556,2.0339772088238206,-0.7690037758110018,-0.7714159238488949,0.5030813121068587,2.652000128520063,3.1881009314239916,-0.0317222076482635,-0.5900791152035552,-2.6674098757419795,4.268929115316141,-52.88616042546463,-36.04067433488348,-9.28743442907151,5.697458600224003,-5.528834518379329,-0.8742220091772479,16.367475290125743,-10.623151219492405,12.427349251939878,6.192223331942975,-11.854999179402267,4.5185778497458795,-4.928317901620186,1.4515701099639415,2.776550778897623,10.88553532144571,13.887506936293622,3.8400604747594125,-0.5587500302831458,-13.183446528346309
59.50320750611095,1.413544717589958,-0.3756768530922905,-1.2357760728655576,-1.0702577562048363,-0.21388504907818806,-1.3190304349025466,-0.6385216890519656,0.2612539039485311,0.7700212413349972,0.21343098500197533,-0.6978032825439171,-0.2684961991522914,0.20121666321960952,0.0207867767247365,0.35656436417440274,-1.058147221131251,0.7295325427244914,-0.4199449517993401,24.85277394594109,-22.145477608109815,13.323048913430227,3.0777099419588394,-4.545110019511506,2.957194627414897,2.884092298265007,2.3989479990198737,0.9227350936045591,-1.284811767330063,-3.661367862541661,0.7755282979095717,0.6290736465417517,-0.6106608460305316,-2.3673567793192736,4.3044979950417215,1.1608848909918859,-2.9079884158212352,0.7195578870319794,1.7347535678171928,-0.5911473516687913,-12.53027621334477,-94.93336354189512,19.116468429298468,38.75870704871545,-0.41362840533950296,-3.3116560652300837,2.0060315907846507,10.926106786166377,-6.135065957713124,-9.440613901725303,-6.032697148919642,10.35513192004067,1.4917102360320689,3.5846811641832574,-2.1026655332990973,-1.42776512988249,14.139946298426667,-12.800444119492184,5.42304743194338,-21.33181455512195,56.76192187313453,4.861618693133206,0.6516252179018536,2.2859142392047764,-0.03463256879433718,0.723924812039273,-1.299490250824817,1.407621165212257,-1.0955165033588092,-0.24688216295907695,1.3376076103205203,0.06298069859098598,-0.08733399724039792,-0.22810887115838585,0.6207021292170118,-0.1128881235187773,-0.9277071675201796,-0.2149984328720591,-0.4682743649836921,24.85277394594109,-29.892563955767308,4.515272144128888,9.209831161942537,3.28337156819908,1.660869079568739,-2.3401722849741264,-0.3486246176507497,1.0707164859489966,-2.786175571066762,1.349961747921021,-0.4217699944802529,-1.2222056697488886,-2.9327423295956874,0.6471316238465159,1.9030711639610376,4.04834700223682,2.451928007222227,0.63997900800709,-2.331177255603757,-0.5911473516687913,57.183813150690646,-76.54388208274263,-50.944239747859854,-17.43653621758694,-2.111868650517798,1.2725947281418675,23.306188685901546,-11.530156088446313,26.566311327315706,2.6413059644967687,-16.48733683269127,4.703984933001463,0.054540145052993205,1.8776331429427027,-7.955893360692877,-1.167000041929081,10.335983210623795,2.7888727219377665,9.579256230520025,-21.33181455512195
55.285903053952104,1.2535157130790608,1.0745520637747963,-0.24692418928364512,0.439373040387121,0.09247611796543298,-0.8115597972137856,-0.5188154304268529,-0.6346945533551063,-1.2144729987462406,0.40719172460371444,0.12532858115851875,-0.2508944091006411,-0.33493633399222844,0.8473773143908438,0.4635364819859533,-0.8597287455810283,0.4887925138139544,-0.33010397179053275,24.59239976660403,-16.813385568157585,1.620391171325644,3.4731079117964097,5.916641987661011,1.6617635708835126,0.40488490836239954,1.314788834192811,1.2525058651056837,-1.6408250838398035,-3.4373674135718466,-2.041084646898402,1.8231978174059482,-0.38148271684334656,0.2163447243936707,3.069186297346249,0.349746977311574,-0.04383600730791426,-1.9887632919826643,2.2247930084934247,-1.8497528334551205,7.179945657474349,-109.10398439300346,-9.350301602049672,32.21702353272186,-17.239795162678462,-15.93977012947391,0.2633942507999758,6.90228998712984,4.269921801479418,12.711918123737167,-5.980449851707274,2.695667006415987,4.422567372070087,8.41262933954458,-16.73933796719335,-5.477812271005411,18.413641043615065,-10.333637661093377,-1.1692524501970638,-33.850418846752945,53.243676160511306,3.034067707471016,1.4927518996544178,1.4663879805163442,0.518451049825329,-0.007228588988931861,-0.5416273708094175,1.7078537684188162,-0.38616765525817653,0.5249875524655008,0.5302317621741048,-0.055236848489287116,-0.7783130757057419,0.4232612458085063,1.0530390225766453,0.9742463864176569,-0.2164247191934705,0.2319119686286104,-0.4655069617907788,24.59239976660403,-16.75664040221129,-0.9341379314210609,-1.470445683755559,-0.7678718985452515,0.6976551478873452,0.2493128165081795,4.301674997877528,-2.2623349697366706,3.62032529771303,1.8712811611332143,-2.6089504818475335,0.5242808280286713,-1.2722586937040565,-0.3740529158088477,0.8221213278444119,2.3416974091863705,2.497447555249991,0.37712925446463985,0.17451230109086968,-1.8497528334551205,78.67283103872413,-59.85399190201109,-62.42165735284634,-28.12601657171823,-8.086702657074257,10.581764566642986,16.73060015757907,-14.055676234143512,18.62201239584806,-5.502595522618449,-8.835291461527168,3.362851559047225,10.00236226864091,-2.4738285069027297,-16.370057640991686,-17.58538689604964,-0.14908980324441146,-0.7954645563879437,11.927572923535992,-33.850418846752945
54.70547881023294,1.2160715333384005,1.2552438684391074,0.24376050276839,0.145541161072674,0.02121316269063911,-0.8174990042613697,-0.2984026534319848,-0.4196465783749086,-1.4464338047559218,0.34088726442065687,-0.12662239339027304,0.053811582880280096,-0.4741088101087696,1.14904270062468,0.2698568604973537,-1.0626639372779938,0.600555531585723,-0.06443621526724375,24.482564494244027,-2.700418911053447,-10.105158178189907,1.3450985660750536,11.350845897628005,-0.7489620435739388,-2.2552239538115315,-0.25368470579882585,0.852307659961614,0.3118244814131095,-1.4457701661839564,-1.2411393143574592,0.576399366366078,0.24603784638589454,1.298984524935126,-0.401615031200639,-0.606276313837671,2.9186087012069133,-2.5773025098265787,0.7823690288183522,-2.548107773705027,42.00980371842697,-81.99395840319832,-29.91465910571246,2.2655666005843793,-16.99171919526266,-12.057762417544321,2.8327344940409076,-3.617913858600009,4.117393917518507,24.67721429582164,-1.6262705779234068,-1.1293678878752074,4.259233918061751,8.977198136650399,-20.662854282854546,-6.488236594844038,14.835736903794981,-2.154830924790853,-5.099779945346562,-32.14662180677381,52.63112924258781,3.2040258537374573,1.0930061512334834,1.2281946433818263,1.0316509028211547,-0.18233304855016108,-0.299709646601249,2.024903357058081,-0.6356183796214334,0.8315299093127964,0.6334660369078011,-0.13397666912308615,-1.1218557964966156,0.5342042607355639,0.7789622961200513,0.8279138822749101,0.045791791185519015,0.23085910671887322,-0.3955067198190638,24.482564494244027,4.148551271190001,-5.1421629707677425,-9.449272004556288,-6.176699284711956,1.7690829835348159,0.9819801067788383,4.731598952944054,-1.1134252051570606,5.835556432287387,0.8079376437813552,-2.1662145066327563,1.0049701029732678,0.858890494932173,0.6308694871426854,-2.378730589626001,-0.7991255174112912,1.6531424119777465,-0.27649831563369753,1.5958009808750564,-2.548107773705027,91.67105056216917,-31.816142884319145,-39.252686516762274,-22.270566078800627,-14.689400053870475,11.459048291363239,0.6802408403268201,-15.986092005501973,1.3402493526511683,-10.303292565984862,-2.6994297951555617,3.908218265701747,13.889256938976281,-2.406021168263562,-12.588140905311501,-17.621026466171575,-8.488647430998075,-2.3793516372408594,6.552431156043586,-32.14662180677381
57.821775777199996,0.016772833113691377,-0.6995799191160672,2.429886875682177,-0.7305527413219997,-1.0500857420286511,-1.1292361587000381,-0.38458074463254244,0.07025179818570537,-0.37623837564969964,-0.5306424123754496,-0.37290432689340025,-8.285313455003163e-05,0.5818327359946376,0.6285423638482972,0.25194774281629306,-0.6915779834173039,-0.06280478909221365,-0.04463653852691962,24.463335374881968,-17.981824874464742,-15.520483700595435,-5.524268029276165,5.204825923554974,-3.154788685319076,-3.271896274150567,2.3957569298749903,1.1214447391281812,1.2809053579985181,3.7210790700738254,-1.6499248546154988,0.009925171228410079,0.20096965044236592,1.2502451792985143,-2.775539019308945,-1.1006402741371037,3.0912841299788525,-1.686401206394803,0.35277735123637366,-11.677800097042212,34.475504722923596,-28.743327131915585,-19.173591820894796,-43.40783034942661,-5.285183289909267,4.916050475786761,5.364012087965785,-7.27754786603197,-1.9448049377546672,20.769225808181922,7.597732263559733,-2.8837712291028543,2.486374736864512,-1.9237207296282748,-11.95880211235828,-4.559135059319411,1.0483665290790576,7.099446701322796,-5.275460295945443,-17.227190480292535,56.069713050263196,4.835413559472764,-1.2541586764330157,-0.21504742808909416,0.4160332069620498,0.7639449867853445,0.4352844765539299,0.9842049573359906,0.665063896896297,0.1681188977437582,0.6902043648038079,0.3220537216267445,-0.28791158904791936,-0.36817927486683,0.4743222156441862,0.26807380665556346,-0.09767523937216005,-0.4125992260958058,-0.12988212468361438,24.463335374881968,-8.630906132710024,-5.219978391250119,-9.717566588900432,-7.1388621313664,-2.414945387712494,2.9652224701298993,2.972535839966341,-4.113765775856567,1.9429757554285199,-1.3085173970300361,-1.511446265863512,-0.20116588264846746,2.33394879820763,-0.7257018729925908,-3.3921278151822607,-3.180856256776773,0.293125688351771,-0.5295727315771332,1.3328874677866098,-11.677800097042212,52.64302692480036,-18.4721432059318,9.96062654574203,6.5802896944067015,-13.252296769612698,-0.576361105321459,-15.327075234020862,-8.225589864961538,-22.866149323767925,-8.264616193825972,2.403462039426065,1.5970057189200544,5.1155777078646105,2.6716953840559468,-2.437047421523168,-6.6100478939504,-8.984916359463767,0.737593337409503,-2.3113798031966954,-17.227190480292535
56.88506168896028,-3.0206629315223106,1.183938421390668,3.101241343465534,-0.8597758871372454,-0.7702160959869118,-1.2870346070588332,-0.27948520196831383,0.06469296888468001,-0.3719811533052515,0.06177839631282778,-0.1604871453349186,-0.27088305394238965,0.3923243906937395,-0.07060326360430969,0.15922057684039737,0.3170817483903434,-0.28332006073571403,-0.17149415402197055,23.64325225494961,-0.5563560957427498,-19.103492852208394,-7.380931640361103,-3.0564186871662984,-3.1303888421151402,-1.3063983192506707,3.2748311981992377,-0.8206912727066942,-0.6869800294899702,5.0980160435463215,-0.23318688719358338,0.9710260256929171,1.2277299293574875,1.604292061553504,-3.1045664880579547,-1.3580397807057938,2.942319967432873,-0.5090386181573776,0.12087142377243731,-11.750434623262151,48.2181601832481,52.86041558301064,-4.455547783343002,-53.62188072112044,0.1991071603896879,15.753803422473775,3.8699802428885253,-7.1927978833011075,-8.773826953717583,5.708483728342317,9.701754053310614,-2.060314382113835,-0.8724010415881236,-8.743749469552263,3.6159679156647018,-0.9328923472371546,-12.207299475776535,10.334195432120307,-2.446181221811568,20.256027548879597,57.42317906385359,1.3898642817484603,-2.6995554963325743,0.038282301151517206,0.9011178444047103,0.8293280775415539,0.5778533019655363,1.2127329681751395,1.2966459367076473,0.33552098629247196,0.1745140556892908,0.3768204650196041,0.09691050689677727,0.483046132750625,-0.2793047621297591,-0.1593645923433762,-0.16051070144196156,-0.030991993326699774,0.16181370690025387,23.64325225494961,11.880094190566645,-9.249879068116156,-6.292951643866164,-4.666416354790658,-4.127530679566579,2.0313970338966327,0.656065381468254,-5.996614113742042,-1.2773761235989227,-2.211785255989784,-2.3202370000500445,1.0946268184405543,2.2087823939366107,-0.3800544816933935,-2.2838747171813765,-2.000889397867395,-0.6902347748277007,-0.0963458175924532,0.3658507390701661,-11.750434623262151,14.503991039876524,25.798423081465085,44.82971064744431,30.942724435705415,-1.6264015138884536,-8.393480829023392,-15.65867021611955,-1.5022961816469236,-29.092742986065048,-3.0950026666242416,2.867393581542374,0.23433811470963506,-5.495811610109056,0.7517946493384602,14.142478565423689,5.941281994051116,-5.723347268923795,-0.0342768056175744,-5.48593111561479,20.256027548879597
45.205199177356064,-4.388358904788301,-1.6519292273390667,0.9267483521452697,-0.6353627781674573,-1.147757389771075,0.6210864691224414,0.03244821340540227,-0.23641164798564152,0.10884021056533699,-0.2782162686501204,0.14722354274504657,0.011937734531876742,-0.14303034474422582,0.06943078685086634,-0.03146551325412039,-0.003959523425770772,0.08752970677727134,-0.10018632679498252,19.173155837730132,-0.647664614351136,-8.252105057622904,-1.7506728954329103,-8.583640894655142,0.20988532519947967,2.3884973289753497,2.2325369261766714,-1.5497686015761474,-2.1138252972655973,3.675352385653975,1.2538052712995267,0.18399887319110153,0.37085861010311305,-0.8981694087296557,-1.558739030404233,-1.5539388189140704,0.46849162411863476,0.526828112844133,-0.08218833695633943,-5.862184648822826,91.6207061836781,91.8999358571774,27.377213920436525,-23.619210315111907,1.0783244486551529,15.683300413013583,-1.5503793387649178,-4.281800756002609,-8.391528922904932,-12.032207728154066,11.390244222780609,-5.092351178544534,-2.373727436131536,-10.39471748816511,10.068051373958902,1.9863116772544072,-12.518176892597841,7.72244516852396,-2.0524489228847935,61.059076630526626,46.532198183523406,1.331159297840455,-1.4697505710127694,-1.5080869140517015,-0.6237551148226959,0.9695520830301603,0.5058590748903604,0.05705607493200349,-0.38081193570845695,0.11873331546064492,0.003984619851604032,-0.41121835688486597,-0.2207218282986232,0.08598937330468037,-0.11389135588957999,-0.12254250466158645,0.03328937129615528,0.09805115286283028,-0.07772344125713271,19.173155837730132,5.699101600500569,-8.116351485712755,1.9317074087703947,1.76713148369745,-2.9801864053683067,-0.5635761997114472,-1.324095833395003,-3.9335354479249496,-4.256283086227777,-0.7511654858942025,-1.330208215425857,1.2779553297550552,0.6105842107260298,1.4672567606371651,-0.44383031913948434,-0.36244459756077707,-0.8233220310791685,0.6558496741487692,-0.36620247960503294,-5.862184648822826,34.80800988859393,39.51523706492633,46.010046196740596,34.4744670905902,22.27174888125967,-10.384054425755403,-5.6074393839484,14.47169272082831,-17.222548512648036,1.2683945975305235,2.8748968422408065,-0.3342225461477404,-8.656936313113727,3.1576093667031806,16.653016528210046,10.107390943668234,0.5446127156035896,-2.2267211731973777,-3.078497685568463,61.059076630526626
60.73558906228353,-6.1331090238148,-1.9590472976299447,-0.5328795790463055,-1.4672482415621673,-0.5831501730634843,-0.055244719072990556,-0.9172627688043042,-0.6098048700342202,0.8600349239097209,0.09808074896120056,0.09882668463696209,0.6616662537258104,0.6904687610374141,-0.12368475490558195,-0.2674564018203365,0.06468681644267615,0.27086897457229164,0.023774390753006358,21.25243695118887,12.741581050513801,12.690860291829148,-2.769472892518075,-8.565861053827156,-2.3317454686383727,2.791480955862397,1.7629154174945962,-1.4084846113367755,-2.3777236678136244,1.4313350401971277,2.157872649340335,-0.5407946756721853,-0.2751071542385408,-1.9986829158269213,0.7979689321793559,-0.846073215067765,-1.8736447837512453,1.483180546614107,-0.2232387379910752,4.6720982766250785,1.3895815620883951,67.56691383706223,22.77593242575395,3.6266326398347006,-0.27158848220151155,4.485276691264662,4.417756251278105,6.159589193876412,-3.3550674814505004,-18.554777687110782,5.941192103093562,-6.214579569450571,-2.407678265610403,-10.272395807332293,8.658743005415314,3.0711625630479182,-7.901551222526151,3.0381947647576517,-2.1751041072603634,38.15725429788672,63.33993377124103,0.33121345049553375,-1.9456737234097217,-0.4584937910321991,-0.5122202760697623,0.7305619202757474,-0.006964255035337263,-0.5098292586109463,-0.7513685251185178,-0.24966992754053896,-0.18354259064111922,0.7799727793529962,-0.05105947990295823,0.11709269580311199,-0.06886827670375384,0.022777338999787622,-0.364807901562489,-0.07263899155667142,-0.23866069199722162,21.25243695118887,4.235542924522967,9.205235117196118,7.140946320330455,4.841666125608827,1.2385027354184954,-1.4503609728121845,-0.9494203184350478,-1.9546884599463312,-5.611185639916989,-1.0182396450986824,-0.8231367410803967,0.382578554126324,-1.0273330163815548,-0.08971250500296235,3.218359945064455,0.7623096500062689,-0.6503073627686813,-0.8863479213054359,-0.29761960323651737,4.6720982766250785,-41.40169988152503,32.74691613920268,25.537338499357162,11.320280227703817,23.02952218737203,-7.235747205961622,4.5585999279007385,18.543498494365906,-8.394625214254898,0.15804520506397557,1.9865620766405891,-9.786119242092859,-5.967690211045253,0.32316965662074515,9.066725074515675,5.658715348053772,6.283545866778508,-2.8835039948020706,0.9186551545965675,38.15725429788672
55.5726797833628,-2.553056649551516,-0.0034235073222159684,-0.04487311038947395,-0.3218739015097989,0.050629960997309986,-0.6288626396046237,-0.8405762620026209,-0.6494119309876432,0.8454297785698017,0.07810904695012733,-0.4105618052837898,-0.28092820191709356,-0.016324153542027542,-0.12428640570318317,-0.3116831773103752,-0.3311347053841529,-0.07648525032414999,-0.1833649793925778,22.727650702350925,21.179559644246034,14.532307655974492,5.858609557020584,-3.850058050670549,-3.0149481477298834,2.520814294799691,2.376525150844852,-0.7255589695580826,-2.0694872842921206,-0.46168429232861063,2.849667488507847,-1.7803400673613057,-0.2344755258253879,-2.145626076093828,0.3072189575518509,-0.36346771832891456,-0.7598219407280091,1.1787117954814343,-0.5013920293242669,10.640471768277486,-24.641753935487657,-1.4587996813997464,-0.6907699571003176,12.973501109011051,-5.277169460418833,-8.47389859133008,6.508449683953861,9.791520284352206,0.8104977059674794,-12.434769666643989,-1.9227662055449097,-0.09015739604593254,-0.8524591725124901,-1.205120280391759,2.757171382126813,3.272703917027477,1.8197745003398373,-1.6142594148374663,-0.32311721076523114,-1.6655820527039396,55.96088649681976,1.3065632322428495,-0.6652458585092447,0.916906359851489,-0.36739093548486723,0.5315399655625241,0.06564533835686515,-0.12128165323344131,-0.4390704153045091,0.08513161171316241,0.20412858025608438,0.759455229337576,0.09136550971496327,0.5484258239255091,0.1471888133614414,-0.004219457796406978,-0.40718765485148056,-0.06385088990643539,-0.1127461650373931,22.727650702350925,12.59537444460878,5.310083048556909,6.570507527371557,5.344330173728958,6.037912345424802,-0.485925739393394,0.971558997943792,1.1011177576597322,-4.5013937427364645,-1.2710929037103251,-0.8225479742279327,-0.01225302356522251,-0.37646165319015035,0.7079318220137838,2.1832631177998474,0.49123969112051213,0.5454683401240561,-1.2479322663193306,0.1253737961557202,10.640471768277486,-24.588357023498666,4.463455449666192,-5.610710492686174,-11.365791787936594,6.128306668807347,1.53280478267093,6.234809856151222,8.499108094231389,3.197389241162724,-2.070360058737047,-3.992334318799826,-9.905216667733985,-1.0374048736715822,-4.366413749424697,-0.9916717639649719,1.5068849090909435,4.771205196169308,-0.20372082386419232,0.46955279832810615,-1.6655820527039396
58.07211191121381,2.4071160867738706,-1.0250508848767947,-0.6958784521806716,-2.182393059785261,0.026330706560094175,0.21939765605199746,-0.54721526993269,-0.9176687235211314,-0.02460841720892004,0.9625520631828715,-0.15199180915659305,-0.2620036628371749,-0.6703701628208203,0.42523979876239304,-0.12370719866535773,-0.4561530525060882,0.5402776911220502,-0.2415241967187105,24.20205396095175,-10.775177443997137,3.28775770952402,0.2023933462891243,-3.6098937892412444,-1.6537663467512145,0.8700815434694897,5.4117152115042,1.8469985082224794,-2.3866827767019587,-2.110854461017777,1.9394780557490376,-1.154094288756165,0.32655786451653634,-2.9081775084305566,0.29182602067166075,-0.4176940494744126,-0.39429886140688053,0.6841169229027975,-0.7570787836737807,-0.9231356828689457,-37.99142798053544,-49.92591812545568,-9.830089618909918,9.439940681370942,8.665983004373889,-9.188787473719309,-4.555475370387705,9.280070576142126,4.245149115954591,0.02723096713224349,-11.97697179299511,6.647472197085461,-5.625441819865422,6.56694160668329,-1.4763143202809728,1.5634703085303043,6.324778649382532,-6.072257508128458,0.9793926611948227,-27.125468443289513,54.826606369466894,6.004779873145322,0.4686653075808911,1.2466187270043356,1.3921871224450437,0.32315364986927975,0.32325001101476003,0.3245576022846963,-1.479817643452821,-0.15679798438312798,-0.33712629505314773,-0.0172270510284549,-0.5727996703007934,0.2069716549387295,1.1993351257769578,0.16262870922716854,-0.2654258697524843,-0.3932149325947849,0.030515267172125382,24.20205396095175,-12.268892172249977,0.4103617343503534,4.1563175465118345,-0.7948755859545034,2.8781810387228832,-1.6253017992432048,1.7875379297492255,0.7578085306485698,-5.3521334024720275,-1.8727989445497348,-1.580786082328712,-3.1533286259457367,-0.2815397796279262,0.16119281592866974,0.9359411016067956,0.401626131818847,1.7671429729599408,-0.5862068447594386,0.5793901784880733,-0.9231356828689457,-6.377673364496339,-27.125980519295247,-19.356912078754142,-11.255881204440172,-22.110494603005804,5.376731033919621,0.0774745230240792,-6.056465714178211,19.899699751310827,1.234886209206807,-2.033221375948271,-5.145551383866997,1.8590359825471845,0.47059863034929306,-10.75939743829424,-0.8635490254867935,-1.2362328610154443,5.333385972066717,-1.5794740847568045,-27.125468443289513
57.12671757501394,-1.39231763209539,0.8103773447946505,-0.9167812366228216,-1.7852644429208522,-0.19209068218301883,1.6720278569823734,-0.5153550208094462,-1.1172233633882462,0.32031973496035215,0.7143818184929676,-0.6175372440388287,0.3565349299006755,-0.5354239208620226,-0.051422011207195695,-0.28507397399606704,-0.12345055931539317,0.5421812462431093,-0.2182330477212575,23.018583216987434,-1.2101623348394952,-4.279953607170214,-3.5819909933866687,-4.574873972442572,-2.767688965953516,-0.8877522604932366,3.6623618711488,1.7182499808203282,-1.7040968898376905,-0.7709376970605666,0.4016194653227205,0.4455699817101251,-0.3562034855306706,-1.0459822526237175,0.07291811641302104,-0.1317764431970081,0.638705913116371,0.11923021728105465,0.023173080502397747,-3.8973586954277835,-50.76417672723882,-18.617214650177736,-16.537737326132856,7.369847545577068,12.069726218043627,-6.907749424142068,-19.42075138841159,4.666564963886077,10.493212539301018,6.246116388933167,-13.686854209203123,11.002850881174979,-10.728058931492674,9.52838044177011,1.3833679807834276,2.5210580789952006,3.0733540672718433,-5.242589527308615,3.3205312276696386,-18.837368971400778,57.08654910671486,1.1494176107940155,0.6083336771777028,0.3115219137945098,1.4429973586323022,0.9302933485366971,0.8265314408372078,0.19042152331404827,-2.267284247909538,-0.5632491079732231,-0.33049751505634806,-0.018744953476751647,-0.1480825596947808,0.3950158047437635,0.3436385017699879,0.05315165578497916,0.25633252545318097,-0.3656270097777783,-0.1496245227639461,23.018583216987434,1.657140637137708,-1.4871870694567768,0.6186665493366181,-1.0974935544891817,-0.7358722226168273,0.2902966048395279,0.4248299705884713,-1.0402298961067058,-2.7871145843688954,-1.3590658655371999,-2.9475507042016122,-1.906699414075907,-0.28101484448657565,-0.8414027745409995,0.20154322060685947,0.5713396160784057,0.3535553991411742,0.40391872394367434,-0.5699309713032752,-3.8973586954277835,-42.967554456345184,2.0020219826355543,-13.893803648153,1.0991292780218012,-28.186763541528936,5.861080335206776,-7.657547262448707,-10.047907236887024,30.091542998727117,6.660029128963924,2.4315845991189593,0.7250190592691932,-0.6166145632105924,-1.0562302582270542,-6.31918482285278,-0.5953819411436221,-7.4979729512436375,3.9390617864156985,-2.289907398107081,-18.837368971400778
54.57098144445939,-5.069599677780853,-2.2647510505438158,-1.9018724105502538,-1.5624361442322479,-0.026749079738574988,1.5001676383856106,-0.15637413528965194,-1.569240542184898,0.06716271520555717,0.7496833910642993,-0.37473274036360094,0.5062136200751941,-0.5040701095178666,-0.014203941817745314,-0.48960802821469684,-0.23630468729514398,0.30359418774006075,-0.3373309669195441,20.645402852436142,4.940728049788845,-2.8659681393263385,-2.964217426769408,-3.4834827522556737,1.8776164426603872,-0.0986295033507929,-1.15774062785123,2.009646201545082,-0.4378443070635436,1.5995772261292274,-2.6065892355646567,1.6699863983348298,-3.0269640843186107,0.7349659757796685,0.1769621926082845,-0.18018369836856607,0.5894806140178304,-1.023207418349932,0.004175037693003869,-1.6217207131670435,-65.61924573087357,8.240697825540234,16.064705155855666,21.36465790131338,15.722988668400815,-0.6939138682755401,-25.078445194158014,-3.1732549657855866,15.654152529830295,6.379910134472601,-9.073777641749615,6.402423123461666,-5.1217361854790235,10.27577514631769,-0.34368258167934207,4.2729402195581265,2.0899828000354095,-2.4950061274328856,3.755995518419192,-12.690147347242966,56.64265638016849,0.6149671283951275,-0.5043047179972779,-0.5532393609809612,0.021676096233094633,-0.2814656708329415,0.5063616585991042,-0.2867765815604062,-2.513328310052017,-0.8618790399722136,-0.706622584149259,-0.40759144221270827,-0.0721053350120493,0.27439411335831965,0.3008774298953707,0.19490484811851805,0.18700349476515066,-0.21485435400071928,0.06947357611009153,20.645402852436142,6.515823146010334,-0.9591200834446627,0.43841076997085393,2.434637387497811,-6.4298522820635915,0.8498933720311652,-0.6373185432453479,-3.9122474901522177,3.481524656554641,-0.35681005958184153,-0.7772460640676924,-1.2429739425518322,-0.14553842945974993,0.9202541084490758,-1.170478825486171,0.29048517478392544,-1.1724673227849625,0.9544195695964202,-0.7397042618854219,-1.6217207131670435,-71.87483673158222,-0.4715060472438637,-8.408214817706277,10.047197778902625,-9.48303703333952,6.564446579317167,-8.031779053292816,0.7202128974448816,29.903675188693896,10.876851676793672,10.450606160664869,9.53584378704048,1.1978647261573232,-0.9070757936683655,-3.691119430646922,-2.66021341447731,-5.857196206180088,1.6641535538966197,-0.7061659888327438,-12.690147347242966
56.71816384932026,-0.9546755708592607,-1.1745689211820398,-1.7293131174259688,-2.0156968422630634,-0.36670627609997375,0.5619333048029698,-0.17687183891397584,-1.175674466574605,0.41407536383227983,0.3853531156707737,-0.07640634882522335,-0.8431385861386134,-0.6224653065053631,0.13189452279339653,-0.1946209841342097,-0.12170593143143948,0.10147161000737204,-0.12387505404096211,22.557296908894838,-12.060481466266367,8.300563255310802,-0.8269537195165784,-0.2283397963748004,1.2542235665861292,-0.4487048938612017,-4.0491226236832265,1.5263996657236545,2.2026997505391805,0.806158058564471,-1.7207259704368671,2.309045029680687,-3.9217440171541513,0.7969924026861142,1.0563348619752528,0.7783061456157625,0.2849653551955571,-0.5889207975465085,0.7782466738271603,1.5710797977261457,-89.24791509596471,-23.044136330334304,15.735246204992627,22.97675903715023,11.618049415923899,1.3312610411626555,-14.21207049248694,-6.131480438422983,12.084395966137606,0.28666336654429436,0.5912687548765501,-1.183438068050981,8.5604870439082,5.324811402151305,-2.6924901341018126,3.74861706746057,1.0082823268566974,0.4281995307029418,2.0099762465492192,-31.17250699271728,55.88143181003782,3.2578760698895586,0.1305724289481489,1.2680886265995466,-0.050071533687306324,0.9789979283333987,0.1865044998589287,-0.33572950936424295,-1.3158723741893588,-0.2418607932608947,-1.084898627296666,0.001287717891749196,-0.2994890801726966,0.09401320744521424,0.6971892716056647,0.2653122807971211,-0.45662463753971094,0.048928182768368966,-0.41719080515801377,22.557296908894838,-18.280760442693968,6.9958349487721945,1.4825590915655473,4.279138326013701,-3.4014527649464283,1.2070168425728092,-1.644786396783275,-1.5878078503833857,6.12754872711376,1.3009272182876903,-0.008525683798962902,-0.6049208356275781,-0.7527696098795347,-0.19971395335994635,0.07688066991994114,0.24911919906616187,-1.733712987625311,-0.04871458028941089,-0.3600326827110727,1.5710797977261457,-72.09067974356032,-24.6210450207558,-14.812805448130177,-6.781061343401199,5.506287105644206,-4.346570937161957,-4.09417690136808,10.72685596520239,9.754309944317127,6.622261511994065,12.12062107111588,8.19433394979566,3.1946405550978607,-1.6918966298574065,-3.9849981117425717,-4.815958445887228,2.498777106038361,-1.2627841139049814,3.8236833116426237,-31.17250699271728
60.74675279895507,0.7553109864926366,-1.5146864652731535,-2.031353887906935,-1.1283686387839618,0.06432375184317518,0.19557461821608424,0.28836623989211585,-1.1073653254597238,0.7283023814197298,-0.17622820318835997,0.41243594240401915,-1.1756489469768359,-0.2593664821093158,0.4220626280662392,-0.25902554278056944,-0.16228505943914984,0.24902880006495276,-0.28661567471235627,23.621836758414528,-38.15964074372049,1.1178481910536293,6.857227287281912,4.899168073381561,4.1967717211793705,0.3036009260157022,-3.271765138158794,0.3562961828780229,3.4869951680247535,0.29055272840600477,-1.5362380472459756,1.1153797489893873,-0.45153996241123506,1.308222737073373,-0.3717236429491262,1.2637347658982656,0.8275628175712313,-0.20931063339986378,0.743382178873434,-10.002428603067393,-77.81030673548452,-56.592681344948204,0.2958951711130897,15.000457689582827,-1.943070085994243,1.5551229770918598,2.8921718482382843,-10.085522842656651,6.239062998707554,-3.8073839583429274,8.331377832743083,-6.9457601488850536,16.358043314260485,-0.4167238131162361,-4.114324243397138,1.730739880999513,0.4939754052484877,1.0263819250048207,0.11787111448706278,-43.20423927855416,58.687076590810584,4.4709906018752195,0.926751316681095,1.9856540643507228,-1.0762045724269478,0.7237480459865115,0.3246042098812256,-1.368490626452267,-0.21476125203558993,-0.49589717153021295,-0.3485487709668349,-0.6487303579886214,-0.5698656247917104,0.817600007812542,0.43732032811603383,0.2017909841130603,-0.49518094964851955,-0.12328274406964845,-0.20555372257355176,23.621836758414528,-38.23735999812525,-4.066902298386065,-0.4797361334557677,1.540407363245368,-0.5305472067820771,1.1985613715487378,-1.1935434132113096,1.3917039565093505,5.142372536133592,2.235630351934656,2.175004487802398,0.9637039783503385,0.5532699661472149,-0.6131894914960396,-0.8472873383732065,-0.7673703669136862,-0.11782093674686078,0.4721865843054138,0.12135803977560011,-10.002428603067393,-38.65142417419415,-37.98382357418174,-23.26721432321149,-24.898336035519627,16.56522225939061,-8.50312540529495,-3.8410728570139923,13.042512899462883,-13.808202459385907,2.195450607299646,4.190554949248668,7.354004953828808,3.9747918413175345,-4.272190256007751,-1.7669651228537289,-4.558603952116332,6.279396564307554,-0.7501233087808314,3.3929840651325485,-43.20423927855416
48.00859116463292,-0.1544913365767342,0.021868192401030218,-0.9662103961318813,-1.3751864123519306,-0.4619795449044948,0.29976305522552327,0.025474624461497175,-0.2468110964812431,0.3928289311355013,0.3169746304008636,0.14340092941770477,-0.7634057951503852,-0.25927953322324093,0.2586121348384385,-0.011212143905249494,-0.01797769564561169,0.275003541307409,0.1455326430887287,22.315906162861314,-24.283935486067186,-17.79392993752735,-0.6250902479160159,2.722180133313926,1.8817581027489414,-0.4232369545951564,-2.3866611199408885,-0.5208152290576336,2.375681355686964,0.026906235073191898,0.16207824860165498,0.13115427235735577,2.636327975469742,1.329795067805083,-0.9989840328591799,1.020572858399861,1.0238059747680193,-0.07361840984250856,0.6585576331867924,-15.293258246836249,80.20242981417688,-61.70858234847202,-25.646936723863433,5.4354502256340815,-8.282193729427991,-2.7060759514896713,7.35848787550276,-8.48672488465236,-3.3515668641598655,-2.46729950346487,8.243890075645222,-10.119439782813307,8.693874836824255,-0.7200100027503284,-2.253826796667958,-1.644051044362561,-0.06833961076868289,-0.8265813989679709,-3.312786104382159,-8.553328926806863,46.92395878004683,2.7193233484400667,0.63408520562129,1.181644364135518,0.2912113104891092,1.0311949114133752,0.09501696680450955,-0.0626253794317142,-0.35279341336087144,-0.0957764330503783,-0.5137972635470416,-0.20063591340258413,-0.27558721974471756,0.023555880836679144,0.3138573876196269,0.17426818732078897,-0.26943174615263943,-0.43577010488801915,-0.19212721477766082,22.315906162861314,-12.011607662574654,-12.243818472363976,-6.328662723015159,-4.04090921406356,-0.9323812074354816,-2.0573228635002367,-1.3441460451125877,1.671222363163705,1.2596164480001932,0.655844684701584,1.6366345554212822,1.0871286003708367,0.9669012352588724,-0.9206292894971451,-1.9525515788209087,-1.3077118360164024,1.0756207591413036,0.01364315963668683,0.9113795336875258,-15.293258246836249,117.72163971841391,-20.434586494821282,-25.898632446890048,-30.25684684811181,6.464979099169899,-9.461981822854288,-0.454734757527266,5.469360775721901,-17.47060159110033,-3.442159206606296,-4.550141568214645,4.349549356571522,4.011661092347406,0.785328176600339,-0.43971741030108324,-3.2198672969230415,4.087595164793801,-0.35420087913683984,-0.03293519177755333,-8.553328926806863
39.84594741494282,-4.9107676993953016,0.5656440363056054,0.16616026549348284,0.21569450140187119,0.17268801767153663,-0.004629805905063122,-0.079399275538377,-0.2901746432192023,0.2230622957569488,0.015753610076266522,0.07305349500962866,0.2405772433754625,-0.031551627622241174,-0.2634245693148294,0.05055493461995586,0.12561260359755777,0.11217290539011038,-0.1003437260476725,15.764883923919207,-27.852698308053007,-18.115062215381364,-2.9172015770131443,2.541486127691377,0.5923141315818596,0.6661980155621143,-0.542885455603257,-2.0095077723925994,2.5951963897163415,0.0855111587034032,0.6176975712876236,-0.7139482974460316,1.873021576499684,0.26020273666206606,-0.852540481673068,0.5640528857391411,0.46704800685584313,-0.7676676496995216,0.1229551152567192,-14.791671330162927,187.77407807329328,-6.0650267399205955,-21.209628812954747,11.77141515881122,-17.45549553687866,-4.775181297854241,6.838445479813158,-2.4741692741675396,-9.678314875758343,-4.77873028270065,6.621762747316417,-7.7354964309774665,-5.055031556492288,-2.0740545039238674,1.5355215209077149,-3.2117440998956486,-3.6498262190304867,-0.6230561793024239,-2.611448562291047,64.73239295182165,42.00271289610136,-1.1492076600731593,-0.9959291730617323,0.2601864518737371,-0.4142389292461517,0.29171652340143917,-0.04466628147934104,0.2725233317280047,-0.42368152239946477,0.18289395588985613,0.09532897787712757,0.17522236260962765,0.19257871784756864,0.003028030914567381,0.06889970270178636,-0.143258288600159,0.03449658069818451,0.2635880819801817,0.01762080080771511,15.764883923919207,-15.944465331146397,-10.33120515996745,-7.289585484344538,-5.8545068602233705,0.6182230688762393,-1.769499477579787,-2.7081751475876876,0.9794938528056787,-0.988610433581528,1.0634565108610345,0.4954512909465192,1.5880038163633643,0.9820220686298138,-0.8553833514862004,-1.0392452625426105,-1.2104012837329583,0.562564085985507,0.5481790452429556,0.32108166248155323,-14.791671330162927,184.7316525925813,23.889737963371076,-19.737095417077935,-14.768380228388363,8.014629776886345,0.3559691891385319,6.9998452789652905,3.0057231898914694,-6.801744076584118,-7.091450300393161,-8.62452715894142,0.9720558695591275,-0.3322093746469501,2.1589070174842537,6.294759755433334,2.978367269754465,-1.5483820846306289,-3.1346614824134678,-1.2633305726727753,64.73239295182165
55.026598798292795,-7.018601196678965,-2.5272792959294272,-1.4669801274692147,-1.7468493609815092,-0.6325068863117327,-0.5312950431069008,-0.2533966957275462,-0.3964291298513838,0.6801485242002663,0.37040133333928793,0.1588620110506498,-0.23308769357989156,-0.07147519984635897,-0.02485389494565915,0.16087520636545816,0.24624822443421635,0.13309035242353895,0.1122677882200922,18.839144202724373,22.887262222988333,-12.937272715707708,-8.763207649300766,3.6682262892873325,-1.0846445033291112,-1.9830414143792434,-1.7343185272096147,-1.5340607989672153,0.9728157076134538,-0.3249709083166632,1.3242512581189447,-1.8360108385082565,-0.7370873681974834,0.9609974015166034,0.16982988300324475,0.3061215635140442,0.43105295516890973,-0.723032988880665,-0.5679328465555618,-0.31096330212951884,130.08707610806118,61.71009612083505,27.718027059751087,37.11682493546592,-6.677692294213072,-3.8693064178587173,0.496540528784819,3.2504605171560392,-11.203883773513272,-8.815427933787259,0.36831910001621426,-3.4736210623192045,-7.718409202579006,-2.3583527676452873,2.56428967108372,-2.1461663432472458,-4.296006359995922,0.5649243485022433,-2.8953286622825622,86.22693732202242,58.2178098261051,-0.053934035318239815,-2.072418687688017,0.11036782580625948,-0.8472449589954452,0.16635225787581653,-0.30093327701708183,-0.3206253068725262,-0.5816040150073247,-0.25333401462013727,-0.4885202240080062,0.132875657778043,-0.19726063386289994,0.040984551145629045,-0.09487620509766592,-0.21601900085447046,-0.18365302314241116,-0.1376856504382027,-0.07308830000488431,18.839144202724373,29.43361208302356,-0.0893068678477551,-8.061832456435093,-7.1518279863078345,-0.7433483531906369,-2.0399436442900725,-1.114837908358719,1.3529775893294003,0.4577394164211559,0.1659345355213533,-1.443819869478346,1.2577039236516703,1.0386848850528692,0.31404706493530354,-0.04699907314589846,-1.1392989909857227,-0.03010791659459433,-0.2638112503266017,-0.4763620899528259,-0.31096330212951884,86.04400422532154,41.16731360448686,-4.4968487863177975,8.32852151361713,15.689429677824652,12.71754678092059,19.142111132428347,11.475212759818403,9.000656612946493,-0.9634983145236808,0.8445891167374138,-1.7729746491461553,-0.1810961775247517,2.5923557797278325,9.413426965713555,5.374408006236036,-3.216274479447419,-0.12601779569531368,-0.28355303991512326,86.22693732202242
43.31139982809863,-4.87016519114693,-1.698713509614497,-0.5102259583925797,-0.6463800986782426,0.4826864303278513,0.3396609395806678,-0.5769519862096621,0.2650418860835173,0.6273981642390489,0.10590723098623966,0.04773125286453084,-0.5042972095122407,-0.22316728046672374,0.13752540212175401,-0.0630427750463527,-0.06087401605114229,-0.06384843034287302,-0.20850568964967842,17.964382073401534,32.141799438398394,-4.3429937898164885,0.32147158149691446,10.311852574800467,-3.0477747442209346,-1.3040874930193749,-0.1787136946178518,-0.37416566925095607,-0.6507294458176629,-1.9228738412493924,1.1935568216535881,-1.7687859110665398,-1.2923480688237667,0.4555943182556792,-0.18836984042648108,0.015088363393349846,-0.7009737821444573,-0.19613143353199747,0.0509031375990876,14.872620400490064,84.99129857888602,73.00613739054455,47.043986770358174,36.67791918184455,-0.3279678344214392,-5.733592195301789,-9.079490905610125,8.276152717544583,-12.17135917400112,-8.010377673920082,-3.8400732170112244,2.874030344458213,1.3035143644747076,-1.651224882091499,2.9341103324916507,-1.8939993351558388,-2.391910339929227,2.4843804791367052,-1.612657391598033,69.75279954651432,45.06791840220825,0.6920167137706477,-1.3647894788365202,-0.40596109659633317,-0.19786490324655093,0.27141963396539737,-0.8315082420018225,-0.7497437363290216,-0.5946611680031273,0.1146098746851838,-0.11346164526309299,-0.02148423539725286,-0.11801788341771235,0.3811939969149669,0.12206449320337498,-0.20826606366578915,-0.2567882681608802,0.0017645513269211044,-0.10453234871916339,17.964382073401534,33.40585642536629,1.800710881041363,-9.481698975284768,-4.288323364826676,3.382251254538673,1.3678563565129216,2.1917251578944015,3.0536879383722377,2.1424390136310514,-1.065139723671809,-0.5970318792184983,1.3644442514894854,0.3512734539267415,-0.15107415997013707,1.3473162865059551,0.6376068454482064,-0.33914764119422625,-0.9564169519196757,0.18356356525938833,14.872620400490064,38.46082255552851,31.8999559561486,4.559605243524892,23.284149743282452,12.993250070700704,11.293696371059564,26.997012024446065,13.720253788714484,13.740762016941982,3.2328286416494176,10.511601383383786,-6.596338693185111,-0.5633270374293926,1.5992757565069176,5.082518291379316,4.1649065122217,-2.855874063120747,2.1016166921511115,3.4174986170456725,69.75279954651432
57.71949606954918,-6.6434289485547735,-3.2275568592893014,1.2060958604548162,-1.4864713639764293,-1.6084994584222738,-0.7395415811221495,-0.4927794196864679,-0.03801150732587599,0.028175542736119663,0.9340234490053494,-0.7619433687638746,-0.7595122528052753,0.31702699395730205,0.14305209062176916,0.19864749268492687,0.2907920917631932,0.0014977147335681895,-0.08435279838804921,21.06067543705539,10.762353694737712,6.1750839101077375,11.614586702704498,17.395409377492342,0.3629563935438025,-1.3727474092337704,-2.3204767360411815,0.2867439779495644,-1.60329761330267,-3.3766152318440397,0.05830817342677985,-1.0782374519919924,0.3598081968419642,0.0529228931856327,-0.048924517940613255,0.22197194794913377,-0.5401863107297915,-0.076924343675149,-0.753080709125673,12.98806454884847,-64.7074899746782,67.78705564443501,40.018013696330584,9.251686868974996,10.480843016581446,4.754111041618779,-8.551833777774098,4.936981798170866,-4.205406513110635,-0.4929765871709071,-7.886598070385956,9.557921004222532,9.244257002295186,-4.720770575847623,3.5715468762354643,-2.810342218939507,-1.920814841865085,2.067093562655319,-1.543920386296011,10.583630062098102,60.108162068505166,1.7540577275942857,-3.2124008697088624,-2.0611958547833638,-0.1886498791060096,0.021371533986359825,-0.06898100711360922,1.124996949261499,-0.038433882348462234,0.021332875312634503,-1.1313118867161043,0.5265693474266913,0.3990535234143575,-0.008503569695868851,0.26377545579588335,-0.3628774206392573,-0.13884328002040425,-0.4367639647246897,-0.3692316849906345,21.06067543705539,6.335233571829775,2.273880309375044,-7.481030370703943,-0.659740204953343,5.530319538645627,2.732772609913704,5.776959368360541,6.371731700289627,4.19442003086715,1.2383936447061654,2.605170698872498,0.31242105823469846,1.1917274538480327,0.023394004608739527,1.560881129511586,0.45548810251103333,-0.08166061699253913,0.7029322603703456,0.8383620623410466,12.98806454884847,-103.54794029905555,18.288352606294108,23.622478282913516,29.330194743844572,5.40293916694043,3.3324539870963226,14.601297602899034,1.3938381496925367,4.431490884891671,9.594330816610134,17.054963106299365,-9.467475098650509,-2.4982885601549425,0.9232649839356026,0.2651670453767556,2.512914849165715,-2.3535975230468704,3.9884787365409813,4.6131421176804395,10.583630062098102
54.570398498513825,-7.269850718365642,1.0765186087339997,3.9855485589317006,-1.438381869211136,0.00864055721711976,0.01013661579363534,-0.1467907481843942,-0.7947481773907876,-0.4123881341356741,0.33072096307002985,-0.35093677061637907,-0.142384511423729,0.001994434603767914,-0.4415624823117841,0.039212973156896425,-0.2471462211391593,0.07990350746909702,0.023418136055942007,22.09042850699873,20.705405245515315,8.831828166983193,10.415894632163312,14.016854174511147,-0.2954702340653168,-2.5057450846615166,-4.789551803992536,1.2181661979213025,-2.2024265368261573,-2.3938555164929496,-0.6693674948719062,0.3441801815249428,1.976330976217314,-0.11137245021819808,0.7238918850446865,-0.3408719740563231,-0.24328753015941995,0.151468267266073,-0.5907996492572416,13.435214517605239,-89.59187197169399,38.674771828288,-16.705231187183095,-51.487120764628884,13.915236707920133,2.8913835688828025,-3.081916331637695,-0.39523818685960155,8.926976744726982,9.624565827983432,-6.865741964587135,8.81230978566495,5.793929109615913,0.08031884004332568,6.1739828876632155,-2.1672075811544818,1.174976077512943,0.6947017594436118,-0.9771513662145885,-40.79944990209671,57.76046498758447,-1.1528481010087406,-5.166787569693693,-0.7981933902447893,0.947589158078467,1.0481350636026283,0.9352201625161234,1.076556172847111,0.3759529180866297,-0.48700935091243425,0.11820886962192745,0.6605976435300462,0.07005836617231065,-0.047764988649752205,0.5632320155079893,0.24897434401633767,-0.15748211145993207,-0.06508123683641265,0.2574742759302844,22.09042850699873,14.835135202214751,4.437179229495451,-5.300183905447667,2.5415241207406094,3.9780141583084587,1.4909905808481065,7.344432226275715,5.330243691682806,4.0134302676664655,2.1436412770933373,3.72675669846299,-1.2375240975207054,0.6238372655175357,0.08958105693054041,0.6980737818183052,0.07465842562951375,-0.8395965953758939,1.1156156359700375,1.3724688948574533,13.435214517605239,-110.47388921241472,16.144742854574655,51.31520053338706,16.04275614647659,-15.924564247431887,-9.90460377123675,-13.218897578699826,-16.6991115727486,-9.135176351207853,9.66192015651174,3.442531676412589,-9.219426996248883,-2.7036498310828643,1.0773724354205318,-6.520076941567024,-2.4942500386291315,-1.7342189752501538,2.2010357656537933,-2.216164897517888,-40.79944990209671
54.77827631045405,-2.73121647801574,1.8923979962485742,4.982837302614817,-1.1693702789431613,-1.081857654373252,-1.5267712492339753,-0.32510532576539797,-0.6681829047655663,-0.48826594253439204,0.28714855401078276,-0.18092270320489146,-0.2341399442031653,-0.15759461078878845,0.24022778830080327,0.22073330623840048,0.0692911716133291,0.02275221167997943,-0.38023447919555453,23.27015326035001,-3.7482856679092222,14.36884412810996,6.198587673531327,6.44156892391949,2.779624749883803,0.9948429022512169,-3.7048163614093212,0.13826416653208806,-0.3540390034376162,-0.33596836428033816,-1.687585618811286,1.8864666173072684,2.2507016104295694,-1.1159045021702694,1.4994724583853931,-0.9210693772308729,-0.7581975917561514,0.13671394204795928,-1.0190416462754026,5.699554670361945,-70.54204159527555,2.6965098113374157,-48.6494761969945,-86.26077717062611,12.274599869475821,11.341823296396708,14.427321254444564,-1.9747746277422187,9.289006520291764,10.92686734389451,-2.2967766435148436,4.1854377074969245,-1.053876924583414,2.0856505492146185,4.119391275672179,-3.5500299533913897,-2.657272078428899,1.9333671351218178,2.735569388780642,-50.64225567307605,55.03915331933188,2.0054385267589763,-3.9119348276114017,-0.023386129846183934,1.3451877796648593,1.1443808480140532,1.7041822049042155,1.952090588684221,1.030298957381372,0.6666724205317545,0.6982298679857326,-0.05195475256825732,0.3045649682661049,0.26716104623235837,0.46498059850581996,-0.2168951534400172,-0.2741364099891548,0.247203373828637,0.1650894188409151,23.27015326035001,-13.054997454928447,7.736635261072255,1.6586491501031149,4.098345642830809,1.6602397783946852,-0.43528376290950366,3.6094573589001415,0.9116187875203843,1.7379892318492847,3.3587094434438467,4.921767394830592,-2.1750494511684884,-0.3467413008199991,0.6553519484527661,0.41020570188630434,0.3986326435064811,-0.9566822010271956,0.6944118239990325,1.2357563040883615,5.699554670361945,-69.66041124475753,1.0740374878619257,57.52865738214831,5.0283168682969634,-26.705616277097718,-15.061000068499544,-32.4925977780057,-27.381047018461807,-22.34311242198475,-1.0762529873634281,-10.998531772275074,-3.3039764073921285,-5.306085238907569,1.2865410099089545,-4.213501683387321,1.4224301946089686,1.5847858651505928,-4.215678375857088,-6.082380467477972,-50.64225567307605
55.13471233040385,-2.41035734292485,0.9492563786982218,4.609830407782994,-0.9526657582275351,-1.0335070140274178,-1.661500128359687,-0.051705934209545834,-0.5210856836097162,-0.31130885137217,0.0946609310475699,-0.07068898915248933,0.22118212429536133,-0.04154270320277753,0.4508834958045802,-0.24452166885125104,-0.07176732105592021,0.0012584548169578547,-0.35596467387454656,23.577250420556844,-5.398816866125131,10.897512015326399,-5.323144497508046,-9.954787580727551,2.7015094315691317,-1.0421908643204671,-1.0275020477526295,-0.49754485697201867,3.1881296216133017,1.3690856389604726,-1.3663672645209464,1.1550169471163056,0.6591697791903872,1.080167435955293,2.1244231152421236,-0.4969947645938877,-0.004480102874805825,0.04440030332825429,-0.3046920769333419,-1.8828496113150308,-72.04319488718212,-10.563101915732727,-34.39123229612623,-70.97508443436956,14.313901644540216,16.62556556562319,21.662949592570033,-3.275577517724822,0.8905082641115043,3.486315758344401,4.726004472842584,-2.938320223366176,-6.635472884016801,0.7478048599427263,1.2978335714446056,0.6190951761343748,-4.294361091579752,2.179660545861404,1.809001265134716,-43.60171997624023,55.01999037790227,2.784915928936028,-3.665114452609084,-0.15410389869461838,1.0242233465222441,0.45541026737560397,1.9541262651271223,1.5018312898010202,0.8776875459651883,0.8637607406222925,0.8351458266174836,-0.35098423416013125,0.2411450269151818,0.2881522174161235,0.37049881275755925,-0.24392798445065234,-0.6089400008644519,0.21758870003527653,0.31454154679378843,23.577250420556844,-12.135972667461964,7.141704832480086,11.606061531005235,1.3540117845195434,-2.6449909890517995,-2.0004173426938494,-3.333972626725312,-2.565811391617442,-1.1969337624639427,2.7056624552152204,-0.03406438899125108,-2.0015339919333623,-0.23131708428067466,0.07163308581811556,-1.337384470464916,-0.5810904443640832,-0.7687463368019749,0.14836114909287756,-1.1232160043732131,-1.8828496113150308,-62.58484083922267,-14.11903621413858,46.22599370834246,0.31921719006501625,-20.72944005002337,-11.575518169478613,-32.62322776656927,-16.105182967934372,-23.555786656608834,-8.381311115701887,-14.23647335325413,3.0317835657430363,-3.9541714590688506,4.50870389644807,2.717291248426601,2.722882490084141,7.15919015306179,-4.76017915814798,-6.197009173386662,-43.60171997624023
55.563196319649556,-1.8887535722201894,-0.0646319075057491,4.114739397988915,-0.33951704452632825,-0.5900042216743966,-1.756131389750149,-0.471189743407848,-0.3518622559352198,-0.19034828078580146,0.20826065561093632,0.041166049157814744,0.1840552345499642,-0.21915668822455991,0.4465653307562836,-0.12001987492643584,-0.17599615415650205,0.10917721208361741,-0.40418221656050624,23.167041815457306,-11.456556047079843,6.490496891604843,-4.840631830957073,-13.749158330201363,5.001766495464489,3.5663871287940596,3.0121590130611473,0.15721219152511567,0.3459275676234821,0.2053478623765046,-0.7415802635061217,0.6090630189607884,0.49145033306372055,0.49997822470619635,1.3105055047967573,-1.4749816334777788,-1.9882260635865479,0.9432932058546692,0.471650199102698,-4.67403122322942,-21.27447024653071,-21.45926343691442,-7.589477490137696,-28.907120897708598,7.887963930462938,13.428753562286454,16.261771857268876,0.8815609722869939,-12.213781900734698,-3.4767248210630197,11.219584009034396,-8.43927063112743,-6.961666208680903,-0.7738829490150438,-2.3488202215231544,5.177923530056662,-1.4454239020346866,1.3654724007791021,1.2174998480777672,-16.384263775895523,54.950900645882044,3.653493343158029,-3.1339128531996097,-0.3340677791430444,0.6031529158694444,0.10009205064512017,1.226294621030962,1.3681687845447366,0.5796934196369008,1.0253025512671945,0.9711033322014138,-0.055164439312464175,0.1401395426329224,0.15121380149757635,0.5652449081142505,0.08289006534747823,-0.39145543583174214,-0.23089302116101806,0.22011283162179418,23.167041815457306,-15.00941811571063,1.4586362518136893,12.830175602143761,2.4481743973056718,-4.510986026223102,-3.0520234625650895,-5.130137094141798,-3.370764267291153,-4.37195416506002,0.4192565619635098,-1.0136846435379185,-0.9575621982550373,-1.0337379907066462,0.6756384951194292,0.471859413959536,1.494577634812316,0.6753071862957978,-0.9212796841196185,-0.9549857217826057,-4.67403122322942,-5.612356198752835,-22.476286741236876,13.44163611260368,1.102892141517176,-8.975738411442693,-6.720719173955787,-13.407021729178137,1.9846832784188826,-15.277848546293328,-14.578049529390317,-11.200047261005672,6.427842807082185,0.526229710556211,6.459522945560543,6.3363662741193085,1.252145071381284,8.38811928872161,-0.8617943929116516,-2.159899106886197,-16.384263775895523
51.47853006085351,-2.2423261636002176,-0.6065386881428618,-0.5577962791191244,-0.5025537706349867,-0.7583815912925416,-0.38893433782459264,-0.3225209678491785,0.64115630900069,0.12319585447026693,-0.3130187199905201,0.11552732676042066,-0.02189721120510013,0.5728591912993002,0.5174803040815377,-0.03890781855762926,-0.12674260969164663,0.058891158931405174,-0.11695403372825308,21.200559423787567,-11.462057008490433,7.489450827369389,-1.2601117636556043,-11.375324415613207,5.750409715414448,4.521265584878657,2.683435305057247,-0.4290965734376222,-2.1071556903009543,-0.9213557506491705,1.220632063896804,-0.48627813098490513,-0.46177982710816234,-0.5454113836850678,1.4672921475613072,0.24563174213431727,-1.7754538400340976,0.8380089082934199,-0.4316449393789339,-3.178852523719197,-11.152919192960255,-22.419896501389097,16.41609346159929,23.61572346408039,-2.911659522775662,9.740814458658596,3.705400617856096,3.010734059040356,-15.874993239346757,-3.8236180961210304,12.35483863764567,-3.8328332489943455,-2.438022822885845,-4.961398634575625,-5.593402487629404,8.176444894344199,1.8753847995287736,-1.5243681937071891,-0.5902070130936297,-0.3253231820982201,51.73660499057841,1.593976907031776,0.24723220860302852,0.03415332666341264,-0.003888904549725236,0.5700707909401701,-0.49282235890990567,0.0856113791081321,0.0027888057268938837,0.686506811327456,-0.03526005698153867,-0.3385645090645315,0.03661253684856458,0.046025176626696584,-0.15559237452868402,-0.19146348755945164,-0.48319576693962585,0.24814753520485366,-0.3316454326467617,21.200559423787567,-15.480074887005493,0.5166606270554435,12.22704972270324,3.5262183385356862,-3.301092964394333,-2.988398654063407,-4.597384430487952,-0.5811562648786106,-4.709491362183299,-0.5772878400174379,-0.4237539589798196,-0.3303759411059126,-1.009750119073566,2.3337897318212444,2.02589254999499,0.8881271750186668,1.9240037874935043,-0.4566281890446271,-0.6306646789003941,-3.178852523719197,2.8836479665122354,-16.88934611821565,-27.75667917989324,2.5311950431892223,6.066185714710251,-0.019144351272188942,8.579485684740725,11.224961158674084,-0.15514411083297386,-13.840044947105811,0.14885287096739241,6.537373185799815,2.7237279559496654,3.205051346033599,5.67678782804044,1.622074314481795,5.532165314670649,1.7077843512952218,4.435549685674438,-0.3253231820982201
50.8780894216893,0.4300163781243649,0.24997961419057946,0.6920714809651942,1.1064569749928088,0.5637731986563397,-0.6569746379709489,-0.1110917131830238,-1.0763401172590283,-0.6028443642673582,0.12019824777676691,0.030500648319047752,0.1331248900789257,-0.21480644568672913,0.8621821365607032,-0.6195644356472998,-0.8973342158620816,0.4655824625500904,-0.26391469971735226,22.12148314711994,-11.353900719991927,5.343243003631254,0.3723325615362576,-7.301723107491981,5.199156573192614,4.927491458794882,2.5706008908201783,0.5448205109083868,-3.813287297847838,-0.9291100800070264,2.628706721497036,-1.5125211592058414,-0.6696566907616073,-0.6900565668576109,0.6536278314642241,1.2965791344333557,-0.5954226741938489,0.42264583995492755,-0.346815291013723,-1.8445757613837337,-19.104275217475426,-38.994227090893,9.575801682653525,29.48464243520099,-22.959237040600115,-11.357398841552392,-6.529943618549726,-0.42953747211445403,2.2713906554012495,3.527870389319755,4.806148872005291,3.213389856359448,-0.21220615225851303,0.4137934297457997,-8.18557905681667,9.984133506604511,8.933948088632466,-6.119063732888026,0.8115231994344518,-16.423722823896938,49.176136955138496,3.330226163617947,0.5469796428544234,1.1065724561276364,-0.3962491079107071,-0.43896114505077466,0.36258796985183084,0.9748184103850885,-0.7182287550294912,0.9649276661609276,0.6265904880162845,-0.5369457142435758,-0.11003778205390957,0.7260438141867864,0.9639558991287096,0.5041614155205405,0.00064506619633109,-0.2287158858159608,0.010690047669887348,22.12148314711994,-14.1891244445331,-0.18898600683386313,8.068973110555952,3.5636884365813257,-2.499578439655395,-3.3016526942026188,-2.4623476038076064,0.9116328633604098,-4.144656241437701,-2.288840173634982,-0.483411450677959,0.20329292695887946,0.3055900718545521,2.7540350982314736,1.896750328716006,0.29009636950574813,1.8910023811858698,0.566009296611959,-0.09046891209114649,-1.8445757613837337,6.271416482540587,-18.823892069750514,-41.89924286007283,-7.397341938635179,13.10467042552725,10.892046850484391,10.25755985475989,4.018150708971175,14.879433754846476,-8.38374054078351,-0.7307889860090984,5.331776541551621,3.890458187000469,-7.2810710440976685,-6.960460181024778,-3.3599847719306015,-1.1466756582872428,4.527321844776263,2.530265593760576,-16.423722823896938
51.74623727513876,0.17498309558756686,0.16189473602225535,0.633502158488251,1.1995520897201204,0.6502370682465428,-0.8693608517206637,-0.44630323604076905,-1.212424598098289,-0.5657386849559769,0.7490081669130566,-0.3084953542255584,0.015757382976799406,-0.3164235163142268,0.976721166683024,0.12806648257633957,-0.5988252102201792,0.2420602837304313,-0.6419209019855905,22.51060349286593,-11.026604126149216,0.26119070861864424,0.27842003704493345,-1.3706434600420487,1.1469846313172383,3.1476642000084194,1.045977322295903,0.8140180128565238,-2.6697595653244175,0.024505562091722943,3.12590856180031,0.2993924117024478,0.020711879660128663,-0.8055144855506156,-0.34383929190631135,2.2054472986226443,0.23681060219323147,-0.4574601105754694,-0.1905628384219462,-3.460238933286984,-36.19438069810896,-49.58391465239117,1.3562441119592585,20.291720797728562,-30.542349428438953,-20.816394316145036,-8.04768586568952,-2.641712126841038,14.195220226865143,6.359042348711686,-6.688270176211906,9.678387393165394,2.8723505996435743,4.027845770350496,-9.500548276236742,2.0309215415073707,6.741459652846611,-5.724560559178183,4.486152489181844,-34.94863206512541,50.167334779771295,3.204879832233791,0.6079641607155191,0.8886851529378843,-0.1266221237848466,-0.7692624618081523,0.08728737547271193,1.407928344441539,-0.8280970477932654,0.6053042631667069,0.7955252692201384,-0.2752815672475317,-0.13864137027818524,1.1676320769821407,1.1840895922478247,-0.010500072027850083,0.15701164186826366,-0.01181396215956565,0.10392059931954478,22.51060349286593,-11.104295519794611,-0.47915709730396205,0.10832318685252051,2.0618522864763276,-0.6176019249805278,-1.8851749025111793,-0.37812452952204545,0.9054706223938185,-1.3881547796915892,-2.8603116505384394,-0.22477454993753465,0.6867250383595866,0.4608828624135588,0.6349604572788929,0.788563986177069,0.8321873455300983,1.3894887230883133,0.2586088343746997,0.6623004336182765,-3.460238933286984,-2.8457009518399303,-24.324770540466936,-40.17424383280116,-12.303982070655094,11.47438462225552,17.00002347500034,6.950647379709675,-7.387028694773192,19.40054593995194,-1.0739159518834018,-2.2732845447935808,3.0937728325814575,1.0706372953004577,-15.358209199664707,-13.491607453671737,-1.1595224500916694,-5.1678280517307815,2.0454884186102387,-0.026421071843392485,-34.94863206512541
49.75239235251097,-0.42578669999845475,-0.2626823388201789,-0.13177137456076293,1.4090083118924248,1.1694321779535022,-0.23061768739202426,-0.13688835385785936,-1.3317154513096492,-0.31043605107619276,0.991600572907666,-0.5030831899521164,-0.1696004079217892,-0.11954361784660184,0.5437588151876525,0.4447825417232576,-0.2376661909891602,0.22891556966156812,-0.31510642793869903,21.58973190022626,-21.226420096988164,-9.392486594466284,-0.8219968899805798,-4.009177590386447,-4.176139482786963,-1.4255115995470176,0.565916195166956,-0.6791138376791843,1.7629248328358385,1.4963524006659354,0.7088559235447707,1.822922675796836,0.14410140355031853,0.8369264905118701,-1.876718303877768,2.537177341580314,1.4726157596160205,-1.468504151154899,0.7568707483414301,-12.745199430393995,-25.710546110210295,-35.832437492407294,0.6173789020892935,11.8068238949498,-23.903782708200204,-21.897095370713924,-10.059334671985365,-7.023824376646724,15.849183357887988,3.34944555252029,-12.489692155344907,9.48938491050614,3.1437383710362043,3.0291396389105953,-5.2070207409533635,-4.316809176823771,1.3941792378078726,-3.0104998011339354,3.0987667026447694,-31.068860699446496,48.64097352901905,2.7535488771400902,0.7202077260221209,1.0205105260103826,-0.5852696943406923,-0.8810676700820281,-0.29493404806415,1.162826733558238,-1.0771917743218702,-0.07851626146992197,0.3140049437615957,0.014840553258475664,0.38056153212357335,0.967427900435591,0.8437790890839991,0.1374565423345515,0.23394205035724802,0.18209237582717108,-0.042904640406932315,21.58973190022626,-14.061599558045778,-7.455400920881864,-2.060082559967297,-0.5183135459822386,0.6996036668336201,1.8423880869009917,-2.1109871172448056,-2.10500235644178,1.4070944211173622,-2.631101803167745,-1.4785688410636102,1.1997755827880237,0.17617461205002605,-2.1154823896582293,-2.389706394643892,-0.15744483640870044,0.3692268893547719,0.9847627265588494,-0.336335481161653,-12.745199430393995,-0.934204836081129,-19.153474876072853,-24.071020813344617,-11.646045586358849,9.226693725950067,16.295270658102318,3.0548616128387374,-8.610420502994227,16.18779559852851,7.630750670089481,0.539945151745385,0.4728794212978362,-3.660431397978978,-12.624653243166714,-9.86086894543298,-0.9488490421291129,-4.898198701118651,-1.0759457551713563,-1.5953009786060237,-31.068860699446496
46.52807653236807,-1.6838292702294857,-0.21099769311501593,-0.8311965813771702,-0.0803371234261756,0.5126210190630869,-0.07912415196610345,0.09738635891650116,-0.5660358066362083,-0.010755521079454322,0.8142343983441855,0.5320154517472266,0.13982137762532165,0.12247053460392876,0.5047723188149074,0.5316423420684142,-0.3381713210314916,-0.0515054499120684,-0.1866395888285528,19.736315580590915,-24.622987669046793,-9.93464169977743,0.015175018082443703,-2.875736775301694,-4.83311697081524,-2.710430044022911,-0.3380652799609014,-1.1379854625643557,2.202348357789779,1.0454341833701912,-1.1635776252330159,2.685193648096453,0.5675164255576619,0.7050199728054398,-2.0178089228860676,0.6407934093145233,0.5612567694842732,-1.0786963757407586,1.2595882855344118,-15.202856721776772,-8.95331766165826,-13.55507343789407,2.7030903820771606,4.813171003308768,-9.405881719371258,-14.145844114109066,-7.959006271891066,-6.92219200714747,8.602345556430171,-0.8399183680077278,-11.374861835121653,3.6961045343489465,1.700905502552609,0.9818405508483388,-0.7742962828773483,-7.18656746679901,-2.1279053808087838,0.06746658821765084,1.0567324234939104,-14.8574143536183,46.452038943740824,1.6427370016187233,0.21477976044544,1.1081104349602033,-0.21817957382499653,-0.1514633977997928,-0.35312361471293796,0.4443425287184666,-0.5118070744727112,-0.22192705012633906,0.008645440177038388,-0.27109512363576393,0.02175431096660252,0.24281336214174076,0.29877802358220573,0.407982621798592,0.09490010252407233,0.17204782157063758,0.026302128200786368,19.736315580590915,-16.96668780616912,-8.012517186154025,-2.795544358435716,-0.5847717055100783,0.8365082934889192,2.9395926928849567,-1.2977409839145149,-2.7663530023641116,2.2149062765151393,-0.9431150011927574,-1.0628175361837844,0.718269147270244,-0.40972374152107416,-2.9105561240662574,-2.57668281516093,0.5321365529300564,0.10097750754366275,0.3567393052870471,-0.5209419302868371,-15.202856721776772,1.0950984394757697,-9.583415085845985,-5.700374384154459,-6.413458108785104,4.69574012538218,9.228758229572787,1.4419104657128874,-4.378935615619072,7.812348227435385,10.055535614455376,2.544865795892255,-1.3013439100497903,-4.3659073123800045,-4.511038222937479,-3.2406038077047015,-1.6098381204278582,-2.889728420334789,-1.5650668445979274,-1.8777600443997047,-14.8574143536183
42.87395974458057,-3.3368207362002504,0.02542738376892517,-0.5801679442953183,-0.34166815982752485,-0.08017457652544113,-0.769134890264751,-0.7224934295012511,-0.5180720965721495,-0.13215974587265178,0.4420130938335878,0.5217065832310732,0.14314359452982384,-0.01579022588987189,0.15979740855587754,0.44723630539682,-0.29135328064841515,-0.12188674620610929,-0.11311998212515606,17.136027388060448,-17.410982003648286,-7.475059538374356,0.8126445220621492,-0.6457645023872587,-3.7626839798412486,-3.0920091045464146,-1.767045144044101,-1.9910899397045356,1.6752504195390583,0.23514838561388451,-1.4713962626587542,2.039270677850226,0.6288102218077283,0.06924602341965924,-1.1128977235225797,-0.07949850932446934,-0.060556138935433435,-0.7719859280293957,0.4774924983304827,-11.507697216862088,14.842881852078264,6.294436273586932,4.066752328065164,8.95679844891281,1.8973439968654215,-3.714574070522297,-6.094902542505315,-3.4770566811908834,-0.7024467648442805,-3.3326938278604086,-4.668323009832789,-0.21322696613944725,1.0307114327648859,-2.1711348835702022,2.4325523600738648,-5.95364362044856,-3.6881567055226148,1.6997468939623694,-1.340852287225824,6.170163931978497,44.00298509413084,0.3835971184845488,-0.2864694369941856,0.7377030421253576,-0.0006685494738221109,0.17333336639554142,-0.472700093677747,0.40411014002573475,-0.17282653113108726,0.06299242122357818,0.2807459820060294,0.06084885534455209,-0.10214831665129043,0.13071197677787172,0.21175848613957293,0.21619765040296923,0.2163142805458127,0.1717345855983623,-0.11866845735155995,17.136027388060448,-11.72503071938641,-5.999043400445258,-2.5146035234722386,-0.9360223606048956,1.3867133140849148,2.4335988371504733,-0.47510857019200303,-1.5576655757577385,2.14771102972319,0.5679368367369175,0.2055826183178584,0.4239605831524689,-1.0893223251676205,-1.7855332326793076,-1.3510607433314852,-0.03430275525878734,0.08615863839886972,-0.02102881642989285,-0.2964982194416016,-11.507697216862088,9.914794764101444,4.926188826581981,-0.6281010920464052,-1.1866682843401315,1.9244243150985851,0.6764276447644799,4.094389507828117,2.303360987974456,1.414037970419706,7.909129117739,4.63670307326458,-1.8459385633888847,-3.2105924580818397,1.7849212053447934,3.302913374454259,-0.3201551458890175,-0.5809553710565973,-2.3893512076944248,0.30411823428533835,6.170163931978497
