39.60481804728764,-6.0377262564784,1.8031698185163227,0.02446207259718003,-0.8137874050010541,0.8165793725577526,-0.2807532631731,0.43816021033547026,-0.012480048170341096,0.4900554373572019,0.05645226024865879,0.49577912596775864,0.3118369410278996,0.11955978917730725,-0.04946412854313276,0.20463320085218695,0.2442629310995923,0.09795249975477627,0.43690466792242666,16.961250052901974,35.96861623688474,5.070122903975594,-5.35161077303535,-1.528119725381099,-1.0126350051239763,-2.9858781911165067,-2.7353632944174167,-0.9230079938587488,-2.093337475423338,-1.479017978286235,-1.5024490665038437,-2.8234438104947084,-0.7048564555279571,-1.111975138346309,-1.1797103526488966,-0.03351643901931145,-1.0587326836438569,0.9016292380683881,-0.6596048472287002,11.940397283490839,108.21164052737187,-0.7530559525933969,-13.925755287449784,-16.974947594956046,-11.536566660162508,-1.3437706929765039,-9.73693524715126,-5.350572630715586,5.73074733637422,3.326916498093729,-4.281253309327111,-3.185437040161373,1.5996410611759164,6.664509671597852,-4.1602412471548735,-2.7884586808831777,4.198675168507062,0.2022061853171293,6.917759929089847,41.48010051780477,42.43168753944562,-2.3187436712399943,-2.372743259745484,1.8464737901616775,-0.1125844356667951,0.5770717360418023,-0.15957371404915044,0.04702714309701639,-0.21040966345145073,0.38494192864313637,-0.5965844214395604,0.7189226326570182,-0.2576085041421212,-0.28394609139102056,0.03866023729221246,0.12301089710976676,-0.05294897874632998,0.1758023215838289,-0.052388167513894635,16.961250052901974,32.263351343028546,7.484734236646349,2.4304888336431016,-0.6749105718873838,-0.8919256858553997,-1.6228814292421792,1.2180728993627168,1.5256196771631445,-0.10158302132859687,-2.1581150060385044,3.424731603637648,-1.3808081661441598,-0.22767349758066757,0.8637860895725176,-0.8148966981470567,-0.19944494205628138,-0.04137920698274433,-0.5260565994743092,0.21388569629861087,11.940397283490839,107.94561444348555,12.04437577130555,1.1422790332563872,9.440300899673055,0.3703718776794558,-1.0475355648381277,-9.403676136523947,-3.9609575073312957,0.009789570324639785,3.0986109361551923,-5.919285033288021,4.600024295592608,5.897080157998893,-3.908058055589802,-8.464585800516607,-4.278270736123137,-4.021660217834296,0.47636648106562474,0.9159559545785272,41.48010051780477
37.93690312275302,-4.849333490607432,0.8326316254481991,-0.5963714409144929,-0.3666214252764095,0.20511672928419467,-0.41174943168386724,0.37022199709412185,-1.0203561120088973,-0.45711238827686884,-0.3979087786689255,-0.23276757311060292,-0.27859608599276964,0.143752776622599,0.012203023836323545,0.6628993146094797,0.40870969727218753,0.6350101567442095,0.34806875071560706,15.847418973938396,66.78332794091911,7.129850139783525,-9.237980707004274,-6.206044397269074,-3.25043959405452,-3.8598056611859706,-6.157070895549822,-1.8206667622759811,-0.7231085358095108,-0.6668251498834583,-2.524110688732453,-4.063247842273546,-0.8049195499468067,0.020122322396013637,-2.708818224996934,-1.2437102680796304,-0.8083319090067056,0.7994433445261941,0.6745353114832071,23.292415553749354,80.8032736988185,-12.464936992072506,-7.444142243504789,-15.116030500761628,-15.372077222449192,4.1818237040584565,-6.172610489609635,-7.94972442879868,6.975712176783756,5.08350445034832,-1.9336575205789601,-0.757820974390329,4.544339957399696,8.130129648565536,-2.338512957564604,-2.2199696370439597,7.642047312070076,-0.7247570785989694,9.423666216225449,32.59835181257684,40.11802517711998,-1.2124903132166103,-1.0281363193350121,1.5548903884171978,-0.6457467571910183,0.31362531009133354,0.01305649100838191,0.5158935133738556,0.018604737408486782,-0.48338731314261896,0.07327719551494072,0.07962128649206845,-0.1953233739779474,0.21979824544252424,0.19020751722758278,0.018030267865314142,0.1725641748994926,0.20041214470166335,0.14709023417906186,15.847418973938396,61.39918514134688,11.935955052505182,3.9149272513869544,2.1049903466394304,-1.5028279652398124,-2.7116208847073318,-0.762158042597092,1.0521854976724612,0.436150477721027,-1.6510756591082296,2.566219313731561,-0.09077122910948554,1.1304991563634346,0.27332948613464647,-3.1976092964658713,-0.9626079943365566,-1.1096951499839898,-0.7853794618634125,0.1483456980043656,23.292415553749354,88.80323761982908,0.7680558761580603,-6.47747613530438,10.292989343962702,6.369093419725721,1.0570296249716011,-10.940690590858779,-7.2010673648570505,-3.2090073550390876,6.810354807652334,-11.818907167472808,7.928691808275965,7.454403255232939,-6.271843647011735,-7.975272071152371,-3.6003617386907334,-3.7866752804272616,1.4265323658646663,0.4178798532860779,32.59835181257684
58.423083627997315,-4.096861187426088,-0.38736647146729064,-0.429181033337533,-1.5436878974253645,-0.37062840136372177,-1.5829368261264247,0.01062532002677008,-0.555210753962732,0.22413036103111983,-0.4675917535444709,-0.5516694297404148,0.2546252267742557,-0.4485242737184931,-0.6701528810573092,-0.04125807553611516,-0.36732679380863376,0.28023829029425373,0.15152020291148638,23.488364234129183,74.6670806485535,3.663731309774931,-10.37130344977578,-7.676631186915134,-5.6620160407399585,-3.2207998025700264,-5.892977117426844,-3.149464925007926,0.08692172295685818,-0.22165614344075868,-3.1322449100530947,-3.796260314685976,0.14499562226942597,1.6542309670814552,-2.4952770400523145,-0.8226488649307409,0.9154045132910986,1.0538252774980499,2.1322050379602695,27.00443840726397,-66.342605474641,-35.99265399433187,14.982569600026057,-4.728249664995579,2.0790913517370178,11.824311895691139,11.591984199616036,-2.9488582004337696,3.5487010434664454,0.6082038808890604,3.6619450859768534,5.774297444856476,2.818394455802555,3.500187642906723,4.575373533830762,1.4990112047619573,5.6367961532733535,-4.288223759266173,4.734726413021125,-29.388592931185862,59.72019439212271,0.8704967680714888,-1.8298023131291696,1.6548102050902251,-0.29196611783238335,-0.10264576560405292,0.3631476331034418,0.575403796540169,-0.3757083745457179,-0.25995095348323805,0.7808505719020129,0.3481692226674129,-0.4025878180145419,-0.10392521502153418,-0.44456175174900103,0.07577874070385238,-0.18639515906061344,-0.09953088971224289,-0.04518452021106745,23.488364234129183,71.66824166561216,11.281311714369707,2.259409141399369,2.655289418685737,-0.4012886073234654,-1.6022794839286667,-2.493649697919352,-0.21814198675716145,-0.3655549856910889,-0.8623292114260455,0.8943452319466809,0.274185513134807,2.041780254446728,-0.7950146365034481,-3.855833299245953,-1.9569987839777123,-1.5180513443992698,-0.15821192774694515,0.7046336727349971,27.00443840726397,-38.78660320110802,-40.70945000308518,-6.294813419510448,-1.1385277563059932,5.6155445243974125,2.8621840964472574,-8.021404684734623,-7.292652744533738,-5.659277570828026,7.965758742742406,-15.28820934915597,5.065333174751413,3.517266336179389,-4.678697479965467,2.198897654090373,1.3019780198324542,1.1387951953669955,3.612382087173894,-0.348460136588546,-29.388592931185862
63.58734922739235,-3.443233721112794,-1.7205523899940074,-2.8517385730700004,-2.074056955816159,-0.5197195710744955,-2.7081969294713484,-0.2584057256481702,-0.10266896317890106,0.2896054005785138,-0.9435810772210029,-1.0121205173149277,-0.06201697681868179,0.41366298182321426,-1.0935288647845116,-0.2942762949934772,0.14589183905035252,0.4065312767481346,0.9168645561695004,25.343900739163047,57.021020880459616,-0.45914979496032693,-6.56383555641753,-6.011879244994896,-6.373983098540581,-0.7775055333605185,-4.24286162771752,-3.7846417426835,0.30438901377844196,0.43405332946518715,-1.6543799050186982,-2.7159460455942392,1.1423874842731996,1.5699866332225771,-1.6911834877294898,-0.7489350445855765,1.7752223739237034,0.46315267905407254,2.656323318289539,20.707552627892692,-231.46929701816603,-65.25690938729225,34.91956960967259,19.65420376460906,23.741310165686933,13.292246317230997,33.402637501012066,8.085558669830755,2.454363628515259,0.13917896877960123,14.374286725190284,18.16816235364557,2.995682303327311,-6.165530471413126,11.757687913363565,5.395800256481342,-3.191727172332687,-8.531592879143453,-8.313411006087897,-96.31878031950632,64.48702668378051,2.0546136353568554,-0.6867501073601643,2.994800756017119,-0.7743075772039072,-0.438879955488936,-0.8020134089239925,0.30893156521167064,0.09031493095619636,-0.11814945984779124,-0.002192261244566396,0.858913723097078,0.3801307309758064,-0.23729178650844052,-1.3185334164201166,-0.33467702185555437,-0.5410734635811831,-0.07922080369984141,0.018182857836874566,25.343900739163047,56.96252499165128,5.9704734358637,-0.7227093878872219,2.8064841048074074,2.047302484741494,-1.1046675894131348,-2.3964110974256383,-1.203033173305228,-1.5741007166668948,0.599169500481433,-1.2195287942532733,1.7560408983543394,2.364801254022104,-1.4427353708953672,-3.282064433173794,-1.1208488904409326,-1.1963807784881124,0.0032872475943419577,0.1774516347234567,20.707552627892692,-182.10261219159705,-83.77944751739017,-11.967251589994033,-25.9773349772028,1.43665682879542,5.514954906003785,2.60186943810719,-4.4143927388999575,-5.923850957349246,4.723617828864528,-8.482838057046669,-2.5749466805139924,-7.748004651073387,-1.8557558115546848,17.239254618187317,6.364679053757996,7.600684178058959,3.596429609833433,-1.4738352032600481,-96.31878031950632
64.11313531924472,-4.908910486338254,-2.1058898986504646,-2.686169954782633,-2.7910776601011587,-0.4314023785479155,-2.0790180729927816,-0.8222583907973466,-0.4278627611069101,0.005868471209131254,-1.2368340455018498,-1.012674559273067,0.27604519757556867,0.8117201701177272,-0.7442367042588725,0.27189657318829497,0.8333741168560591,0.7391045785018386,1.2186092841756149,25.715228373921633,7.678467029793985,-9.131704125818413,0.8026014516843061,-3.9893271340159777,1.5886824229875631,1.3851276928163374,2.10352417147445,-1.415449603871874,-0.8327357284840917,-1.7253552775160275,-0.10634191537229443,-0.6099459864061236,-0.26931274473668276,-0.1368134723062293,0.5991590456327622,0.46860155161464023,0.46788825152761504,-1.0743373088286376,0.7168643558786965,-1.4614677191737613,-262.7221202532397,-48.742115326438935,39.10325105538358,37.0158698835217,35.10719173089582,6.662557158734405,30.873206328484365,14.895690243368605,0.6271485887883088,-3.0017664003605873,14.18370684603354,19.20284215528355,-3.331516401339599,-14.692334696893976,7.803465666768469,1.4873336045321865,-10.52309796628143,-10.910084054093044,-15.748047945378884,-105.29623271478374,66.08130761892143,1.6883602116581264,-1.4137317950332235,2.4541633157045855,-0.24894832932208333,0.1521846268676037,-0.9988636130426394,0.04143712379952813,-0.42904225307085,-0.22884160371730022,-0.11167707708646635,0.4663691709219169,0.4755545706043658,-0.4529083936672622,-1.1348859455069142,-0.6791348500186551,-0.455155831705627,0.23651283191110872,0.36438235702469757,25.715228373921633,15.088379817322334,-9.887249956575499,1.6019004435249657,-1.594921329124369,0.14078135135265324,-0.995266028665649,-1.9755029155903219,-0.9930973596148802,-1.926096209548649,0.6996417855378674,-2.3264990169479205,0.22845235749963422,0.9138086216796921,-0.6175302218952092,0.3267796972520911,0.5306645159121337,0.5713612049528147,0.8858010893837607,0.025102659644792302,-1.4614677191737613,-226.17339384401475,-74.55101501996245,-10.416325174499807,-32.317435461459056,-4.84616800757345,4.710444501197568,12.088159221698033,2.0333805928246718,3.781310866886041,3.685280810027568,-0.45337161062486997,-5.747763001496323,-10.755166121135794,2.897729103282529,19.171154256095267,9.145999915460983,9.941485171299849,2.349804862020573,-2.2429640449958903,-105.29623271478374
63.60238771735913,-4.672883738631512,-1.590024439168979,-2.4738166026893906,-2.929918093208803,-0.15324904880396772,-2.285139622109449,-1.1056570188355699,-0.9318356015475873,-0.13095477863328098,-0.8404775851995852,-1.3602380311413964,0.28188767074317367,0.2986238713157774,-0.7963468084276397,0.1318544679544864,0.6959704289016928,0.6371533521674533,1.1426858692283124,25.087763217988517,-15.457013758784157,-19.100886836065932,2.634851647101976,1.7774054585858794,4.994866256925185,0.4833537497363465,6.545997210505563,1.3551049120713703,0.9639020041685935,0.1546139015439767,3.150081176522289,3.427676170409314,0.9000757852199031,-2.167120693616707,1.6228076888423102,0.80856465188835,-2.1804373642913073,-2.402271801882188,-2.7744998505199554,-10.63402154278494,-181.79716494433967,13.582309869177273,18.426737018977438,38.398682912306825,27.778053700963522,-7.906883667211897,10.613120347257734,8.416826241591256,2.669194498381524,-2.3988211443485286,7.858411339904265,11.702590390110545,-5.944878686709282,-12.06128993490571,1.3904835699866873,-3.6818641249843758,-6.533162313065217,-2.1090776963947717,-12.225126591391263,-53.74869421464052,65.41873105954626,1.3638146829219209,-1.5975262723265962,2.5584558855137214,0.3563955909245786,-0.36612368085106217,-0.5041434346313967,0.18136026309156206,-0.7417786816623946,-0.19935723778487136,-0.09022337711745632,0.8985417615419862,0.5480060587236508,-0.32707785068229533,-1.1056626024803575,-0.1649373819938984,-0.2912458780220568,0.03403390768715853,0.03103261292290771,25.087763217988517,-1.362190030306735,-19.3694878707173,-1.73994419467286,-8.758571768056918,-1.0555345301801617,-0.257650159336948,0.27970328529198785,-0.7675331853486584,-1.7455043890248159,-0.07025224315792178,-0.06477759034447272,-1.3553779915488953,-2.179517352789741,-0.7432906269468154,3.3307115143787653,0.9758998825975185,1.6459406643694474,0.4908288344879512,-0.24880639708055607,-10.63402154278494,-191.0505715373013,-4.524658186640027,3.6502550617718574,-24.71003119151876,-4.547862651817086,5.695680332406329,13.478434135440553,8.732931810930651,11.562919513091074,5.833589930601272,7.350746613429706,-7.243667816019127,-6.875560976911068,6.850653973528571,10.995366770446017,4.191355339637178,3.685177486747173,-1.5312500358915553,-1.381920020846938,-53.74869421464052
62.25479789791092,-8.047888241575935,-0.051329721037651765,-2.6128055855358268,-0.32141611723526076,0.13870018390918304,-0.7427033940701495,-0.2734738353154671,-0.5569952990204348,-0.4282671881209965,-0.572314457241327,-0.6825836660302422,-0.051983469375013414,-0.45941145461788935,-0.519164386419364,-0.020022681202776837,-0.4084219629704964,-0.3722414018297244,0.3970417243214286,22.885699135129567,-20.454962158444474,-11.386457832891733,4.580978476156259,6.93666140305533,6.207155146975068,-0.5199508647512565,4.149196627703795,1.7285068692989412,0.07073952215593682,-1.582819629660447,1.5573779721931817,2.733349654954023,-1.3996067288737253,-3.823382717945891,-0.2505397949539798,-0.8577319109016108,-2.3683146007421105,-2.9685045090803417,-3.0264073503244253,-9.972890864789086,-38.197403155670784,92.16201356950648,-14.912578854852194,27.416650235860722,0.171266258588199,-23.341042266098675,-22.467282616549316,-4.975316382805881,0.9753674365376472,1.9987668989321081,-0.35046141747498716,-3.354853093723103,-4.859904171336051,-4.220375465338123,-7.686971659724613,-9.00790480868918,3.687688450693047,9.372167289901299,-0.4549152885309278,25.854818717475176,66.798532112901,-3.7277287339987923,-0.5734640088834708,1.0755219757797394,-0.7869270262202996,-0.6366569172558143,-0.7735388118380171,0.14264076779278323,-0.9227096730107469,0.1304738282542357,-0.3383833786355024,0.44258138219477594,-0.029621171048618056,-0.3677972938822114,-0.387607310092835,0.25624117872909125,-0.02562834936376923,0.2867422992861375,-0.03905806793168787,22.885699135129567,-12.256097745416213,-13.32421514232102,-2.4401360424577163,-7.72090037561163,-1.2729541036493628,0.329434051632024,2.2123727215708517,0.5807983156768897,1.6108022839308922,1.3150220654074158,0.09028382467984564,-1.0439865426617372,-1.0636435027152462,0.3041275431635406,2.4233558550254006,1.5676267872335543,2.0315305198218745,0.7729197098165368,-0.20371933386094176,-9.972890864789086,-106.6302880212175,94.57717603294391,13.837615801259645,-0.4352149977528894,1.1849529214683319,5.97204858323949,13.542106087481075,14.065706061871772,14.545571115069539,8.102434685120075,9.299071306579183,-0.3002042558709834,2.904065317035345,6.876983364712571,-6.765192130873334,0.20259911322311885,-6.105290620354654,-7.491380053641337,-2.744116333767578,25.854818717475176
56.78801105866717,-11.424188261526918,-1.430406655249426,-1.9997180284004639,-0.8114545987865149,-0.5630939774348716,-0.10335566367988314,0.14475445264657516,0.443848307862158,0.583980181015566,0.2991997169098801,0.536672121268317,0.5520352492665608,-0.034331552617330896,-0.39466117928311073,0.25596565814623373,-0.3234288031820234,-0.23893163402717787,-0.059601589163384316,21.44165458716661,-19.810846997590986,7.459381993164969,0.7603444408352122,7.72446794262286,5.205807389947427,-3.7784080881826703,0.04086231779667404,-1.1482068584732796,1.1872486376491898,-0.8366250666368673,1.4429658211506964,1.4637013287809602,-1.2649048670129206,-2.6173737114104476,-0.5710922824427751,-1.9267003758196388,-0.07325735647404219,0.3556974309825387,-1.5846041243045321,-1.9110829066199067,53.85205078315356,120.96028022389552,-24.58504100768387,6.331711716091565,-8.489081611687723,-23.598234682714278,-36.45974785390618,-10.018349692843627,-7.4945761378807045,-0.31055903207303537,-8.126621699196882,-15.42435378501554,-6.5588907290697325,3.2300900389991734,-9.892491955712268,-9.316578410175781,5.896562181970991,10.421454121429534,6.0030770174816634,57.68418411943471,63.44731942163736,-4.922085827173335,-1.9768560977714706,-0.6951644580489171,-1.03308549384488,-0.173284263095701,-0.7748241668803098,-0.12543684945928613,-0.5356035535862631,-0.3329332974125201,0.07877209435771526,0.19311862168620086,-0.45704007459257223,-0.6514926498743736,-0.026816976937773518,-0.3144150949306683,0.06713312743261168,0.14107887985661982,0.09549987177478925,21.44165458716661,-24.89052199563009,5.426626935416447,3.123436385990048,-6.4855419677083415,0.48023888633395906,1.0808225366411937,2.2488681517140514,2.376484894514213,2.4389097931388717,3.208274325847295,1.2474530916476967,-1.2295735595745385,-0.08425317223596052,1.5217627333395436,1.1673308731625598,0.456347643716946,-0.08387669254905572,-0.7058970805678237,-0.39909737894714525,-1.9110829066199067,-34.36949518253922,124.97581215526179,25.56022772601709,23.12702647073658,-2.7750188174670223,3.865563092131321,8.060525588939237,16.465056323355505,10.271251029031655,6.940133899200727,4.5337010308527095,2.9646099434915567,9.690349436886848,6.551827408624433,-15.242485406690871,-0.12379897973339049,-11.416783147723724,-7.920088507382647,-3.132274842480925,57.68418411943471
57.29284256936846,-7.226487141336417,0.10479044746788846,0.5451114596005691,-0.7467318338247688,-0.48645534660809187,-1.095311738355667,-0.5832106918889486,-1.0803349547338144,-1.1430088234455158,-1.0279837104599916,-0.5944548080009122,-0.5588319561229875,-0.933493476888664,-1.0703494163081269,-0.2190249773583841,0.15891643252686194,-0.3071051829410165,0.30654933820925057,22.551837256938043,-9.243317928637993,23.669168244319387,-5.7164343726084095,6.745466741895893,1.5688449857705415,-8.154512521273492,-5.877549690445763,-2.651451910002489,-0.4567253269555662,-0.2303523439595514,0.5719850535760083,-1.305385112453498,-1.6167745042882968,-2.0218746960784206,-2.147376798587002,-2.6677183388759556,1.258142472965506,2.2327617196896483,-0.10554115149447907,7.10447232148131,85.8787251439609,44.4310523307252,-10.987626268669787,-19.401911330601145,-10.176353584219642,-10.755681371122787,-21.32748169494988,-2.009630934031339,-6.103271139784593,3.808554242260055,-3.5681888150943335,-9.344716845888525,2.244747544565761,9.642891057214712,-2.250601299247272,-2.3775294461979724,-0.29401749085616546,1.294380437948885,0.14453997078910796,39.885864121055356,60.93896456516777,-1.8307971044547555,-2.4441349035396445,0.22052329968008966,-0.19068483876203546,0.2204819438059351,0.24266311386724304,0.48523483791339705,0.2732713248565304,0.49545745880023206,-0.15103290048412932,0.29708746951894094,0.4462558859048542,-0.13863722248945276,-0.46263083076550604,0.17941740006650697,0.381419925477976,0.5694502007346465,0.23028906066828592,22.551837256938043,-26.46259821062474,25.003280656829585,6.0890180538233345,-2.9490437281751016,-0.03462889617024123,1.3215219149650252,3.8109676949391837,4.46774663138957,3.254482256904277,3.1115958435952966,1.6669212953455865,0.015448013576964126,1.3182091899204744,1.688434780317897,-1.9741260475764733,0.8917401919639794,-1.6163754267652606,-2.2615259799090204,-1.2718100163057022,7.10447232148131,55.37889155243246,43.95538872790134,17.4038425541967,25.12077192025474,-6.51752957295051,-1.4285931112288277,0.6299362102419268,7.232621115470858,-1.767340624033332,-2.089954125955253,1.1939447680751523,0.8718701198670344,4.052569854654884,0.7333315475466329,-8.389247683299676,-5.081846307960802,-8.168410064189,-3.8589988525819496,-0.36638483959558865,39.885864121055356
56.177941882834865,-1.3538932921687863,-1.287912303004143,-0.19054115394615811,-0.11435653994033546,-1.7298753276366654,-2.088404291068353,-1.524892019785469,-0.0765414548663026,-0.191896494289455,0.10883995198509533,-0.6724517957655813,-0.09714051938929957,-0.7730219732540591,-0.8063004347046459,-0.7319945718775294,0.37567255291599255,0.7824339582143687,0.39563000013213534,24.299152703774325,5.863189517889381,23.851440237276275,-4.508962432357626,5.038858647211381,3.069480531683587,-7.498482763359674,-6.670503557372747,-1.4640905446997277,-2.5196536402160072,-0.6768992573429888,-0.4205332137675657,-2.265133338394696,-2.2707856916076774,-1.4528296850508553,-2.3750197871973127,-2.9447313392123684,-1.0453848101596204,0.2078221444475843,-1.2333944411940971,9.669388923797218,71.1197247547861,-70.16423377138244,33.14812911377003,-25.787624422587154,-8.947179875318795,16.97411420198304,4.627004219556543,9.94690801251572,-8.0237597532236,-2.702089842282814,-5.554879173324999,-1.1469228532742308,4.2391302454255815,6.981541741648551,2.0682974320501364,6.296671146742276,-5.70703952966079,-13.04625916232,-5.348274060064352,-4.106386126729486,55.90325383559783,3.128662335858126,0.8995273679965146,-0.25681576029062425,0.29839394036242606,-0.25428184306134005,0.11218967837299898,1.1983056752883616,-0.12031428402659738,1.222288109865778,0.4398279296307055,0.3565019380926344,0.26794094412893443,0.31922348029109715,-0.4844854055627421,0.10164832919586675,-0.5367083617174573,-0.46026858332100784,-0.3031896408506518,24.299152703774325,-11.44368738897208,23.9546703073383,6.775592620195159,0.4190131435931077,-3.0622065426532337,1.179087455062212,3.5106685930774404,5.521520818472753,2.5682811390043194,2.501527817348501,1.4137541897490113,-0.40279029792246757,1.4747310193358225,1.8404694587882233,-2.091790237665734,1.2519436903656107,-2.238497936198847,-1.9519925743405937,-1.2808984770986382,9.669388923797218,125.51594667643407,-86.18552312118413,-15.138171123928103,26.257581418630302,-3.4216902461749323,-3.103343939483638,-4.717039617455107,-6.338950026831232,-7.308637020278091,-10.46134617012506,-4.986625686460155,-0.3117109442393313,-0.6623896752284582,-3.858933331149081,0.17693985783759292,-5.888642674613271,4.6147548862864705,8.3719880746605,5.982918193930278,-4.106386126729486
57.93817352150808,-1.2484516040953082,-2.980794083464498,-0.14466065181503351,0.11445734622692028,-3.3551654016266665,-2.688953925598796,-0.7643765541006897,-0.5251630811339876,-0.1555050224482617,-0.19114204799093049,-0.7307142637400421,-0.5357828371912317,-1.1010035923387356,-1.3870331580020974,-0.859901735628873,-0.12890140453675136,0.23345666189432634,0.11665535392642923,25.009186237566364,9.647382155795796,2.6330392104152156,1.7218187784177843,-1.4214896145395022,2.1871417839971667,-4.037754212724148,-3.1588612821864355,0.8816332453964957,-1.1274449088037612,0.24159458682264123,0.705033082105146,-0.07459143440241145,0.22570745570653372,0.4157907974816686,-0.473876692200347,-1.5374811523042322,-2.029259619327404,-2.247376646838422,-3.129742206485089,4.179805280530029,23.499177740798686,-114.19649959274025,58.93324323688733,-17.320622509797595,-8.244803612160384,34.11802829649833,22.71737739304197,9.958756358798752,-3.3563272619084796,-6.762259245813826,-1.1277984716484362,6.5321513821098325,8.0098921573336,7.550072228416418,9.211104319916661,12.21338897551207,-4.955558413078142,-14.11590611928278,-2.1785108813820857,-30.61378169043407,57.339265800608395,4.748537512900269,1.0328532851442036,-0.6181742371869579,-1.4699811914090732,0.06460283020951785,0.6884381130049204,1.714642821113744,0.49688682066155865,0.9086610464127349,0.31454935140079576,0.3686137307800412,0.2669929145508658,-0.008937968805998286,-1.1458361195685873,0.4940795626478134,-0.531895318171365,-0.5433469590795588,-0.47561831977181845,25.009186237566364,8.709930727471011,-0.6105424643312798,4.435707117538079,1.387208028865015,-2.7604961756310216,-0.433994963192899,1.8964406060101207,2.6245909114330486,0.6624462989815023,0.6234182566791864,0.6041056596667644,-1.0214431135542554,0.1831493288263042,0.5114399542125172,-0.14170743121029017,-1.371094390071179,-0.9753638904477306,-0.5335319695880532,0.053988795417010405,4.179805280530029,111.61358146456071,-141.82903080537892,-31.212162178691884,18.082434685405232,11.565786192524225,-2.6213375709765057,-8.34120764147406,-12.923743478548147,-9.312467896887739,-11.829997711424113,-7.87247889349348,0.19002971356638065,-4.368119532624885,-5.449469168611182,9.782800944766736,-7.02317348804837,11.402619819427397,13.863694702126125,7.991820526981829,-30.61378169043407
59.396940341542056,-2.4874859115093355,-2.1420956059620453,0.8645973509130278,0.292691077029434,-2.8779803316054213,-2.641786348744692,-0.4967078885974181,-1.093564449045759,-0.24822134815455543,-0.3294877212084333,-0.527764820059466,-0.5948821560031559,-0.6769913374177228,-1.4238292020347818,-0.8959616323247062,-0.7022122897300269,-0.40530148422105716,-0.5813518176190222,25.04767455875106,6.303665337585173,-17.104670375574166,13.61528242220713,-1.0858660904530177,0.423069053174717,2.6502698585341764,0.9950202234452816,2.0587045700850886,-2.489271448038512,-2.4236434531693707,-1.4009977797763722,0.2748430631183014,-0.06658072429754514,-0.3454355873662174,-0.3736936196110343,0.6565166042656372,-1.2830760751579817,-3.9273629669134262,-2.746640626841403,-2.5019424495090092,-11.037204923632082,-65.76810657765213,26.702996771802887,-3.430317456567512,-17.56254005656002,21.697240951531967,20.81473766271614,1.3024788241772265,4.277353948846464,-7.552132884403552,6.017228463318716,5.599376663408742,9.236000114323346,7.226459788671887,8.628710363275566,12.765176940364253,1.021008401166466,-2.9971420383614467,7.067516310176235,-22.79865810154736,59.52532510943101,3.765582017818303,-0.3275538820158155,-0.06630911781883952,-1.9245405888479779,0.4941990212336136,0.7576226300895719,2.020619568176917,0.6367292680133825,0.7112288174554791,0.5528580632897584,-0.04403965790558306,0.3699569207523332,0.20389245267801082,-0.7311094513690999,0.15422566896148382,-0.5954582188421413,-0.2785188274065744,-0.1919956765544777,25.04767455875106,20.28118687353907,-24.85922306459519,-3.6189937078313767,4.475122863086751,0.13232740297688306,0.4069090059783367,0.8476118874510294,0.12858774107685766,0.0806092619612131,-0.7783099657571793,-0.7144519337429693,-0.8669834681285944,0.15208192069689552,0.18079348081769298,0.3395914938982647,-1.3565564025721102,1.9029949824354144,2.6160999516019423,1.9294623121566372,-2.5019424495090092,37.95432682151266,-72.66057461867544,-26.550916729719283,-2.379965724206596,24.705804268093118,-1.4097498842762133,-7.622630790813674,-8.441723419979162,-4.337313155138943,-12.38574552190308,-7.870199471920865,6.203824578391854,-6.595146156079095,-5.704368886153427,7.283639971134998,-1.9200637125267976,8.853564279030216,8.56620537006906,3.946985661774138,-22.79865810154736
60.50703441791276,-5.3431712264585345,1.3927914881557317,-0.693202600098775,0.14331524968892984,-1.9312799509857879,-2.3980513506107153,-0.6564861347847262,-1.1355459120459668,-0.994049103101645,-0.45630333281065427,-0.7040940130551756,-0.19710740996279252,-0.7736133960659979,-0.9985233787432324,-0.9057820232869118,-0.3167709558138303,-0.8369257851425145,-0.769830856157715,24.26747896971469,2.2860330319134547,-12.951026245625524,14.688064818552878,1.1475178558292947,-1.2303510810552156,3.830125316028747,1.6483771156662077,0.5665287120044789,-2.1500800539985536,-2.7381098689532735,0.4983181007561934,0.6907023778449197,1.2860690907234371,1.1994643692874698,1.4575122775781892,1.6383521771410758,-1.1007911010743845,-2.757598784271236,-0.4381734993618689,-2.116752837082611,-5.273614650181429,29.96302332888942,-39.99928694477086,7.498861184392708,-18.87026312575688,0.49709725422570594,9.028825665109665,-3.7330446051577812,9.468285850715437,-1.5360151626759406,4.009194915166523,-3.437099294427641,1.2916538091138672,4.789181402137905,0.5077448211515194,6.334999337238622,4.492452197906107,8.20896349945264,12.180895175952731,2.3347199668980636,63.48289429198669,-2.454528177600484,0.3872592802355599,0.8188739928767048,-0.4594656619723443,-0.3707559699379912,0.8681669410140169,1.3863733471856436,0.2259726983272916,1.0626962333449748,0.09450486251972645,-0.013363289259078037,0.4868225620063069,0.174748268423349,-0.41017252346747224,-0.532418464851891,-0.07688709118354731,0.21180933798340318,0.20168647622870406,24.26747896971469,13.48175539040004,-21.504288059893128,-4.31976987150934,4.064118754780692,4.150997227276813,0.39694235401871003,0.9718922270153592,0.7023414308134446,-0.15791575301803995,-1.1634841205639197,-1.2052150896551632,0.34255945546321787,-0.20452602707250467,-0.20646181500242866,1.701583559024895,-1.315596505591345,2.0141880236313066,2.3862751081827747,1.1189198525575748,-2.116752837082611,-35.153093167298486,62.37171923959232,-10.394684528693833,-18.575983172435137,14.074180802666309,0.8796388380187321,-7.72359905962602,-2.5178198358460926,1.2689145904980936,-9.953114244899455,-5.690352905205158,8.975536866213185,-4.577755668513714,-5.838451664050528,-1.607609509592166,6.287805327226581,-3.5276212073898554,-2.6116078025131517,-2.816490886007188,2.3347199668980636
58.04534410342511,-7.858868668774256,3.332936122289307,-0.45920322503079625,0.08274903491601826,-1.1166831236900165,-1.7363454668397527,-0.5494849444009064,-1.015985763429569,-0.9844461805474487,-0.45907829549322887,-0.5483403895488639,-0.2997685951522917,-1.1094348650735366,-1.1874021341395955,-0.38079612591569134,-0.17193070902445884,-0.646056301723924,-0.5344472082464939,23.419035112945657,4.025261618014511,-1.2405803235294162,2.359412933476271,2.0391961837432264,-4.003043064070233,-0.5838020519701379,1.333246075059002,-0.655298865915106,0.13034090680462107,-2.9631134716568073,2.691438508566269,0.15190808718600923,1.8170335480455435,1.7685634233821874,0.973640909551202,1.8499404662471033,-0.9991148687028972,-1.035637806016732,0.9545793603324106,1.418338931829858,15.411247748442129,83.08193092293722,-87.9844354624656,-7.804129624986035,-12.009805350753648,-7.490488350268797,2.0232843691630147,-4.180971385107085,15.854206347541952,10.02633587165963,1.073748030683976,-10.435661111684501,-6.129001937698591,5.323899941124855,-3.035060262663349,-4.028548843351469,6.926825266414454,13.038627151420988,8.952520837795639,15.568834687689503,62.97203302667822,-5.699416351189093,-0.587172483464852,1.2622215562209198,-0.1407001228674969,0.1668520600015828,0.44613120809396545,1.4267342827908407,0.05544740812114268,0.7561155335210685,0.19262420719975548,0.11399871404789685,0.23406708074966165,0.31777710208527,-0.6825214566641673,-0.06338085834033613,0.18728501600634107,0.47020324394848245,0.32288911722740554,23.419035112945657,5.1475636903197355,-1.9287442042184986,-2.1221272501407724,-2.1094250814680287,5.834948889939408,0.05874385431830076,0.1616273871679843,2.261783848792974,0.8098055874346186,-2.7978937549814864,-1.6166851715504578,2.017120706764723,-1.6290043807543206,-0.6527640996810176,0.6283842527841728,0.2641628918622949,0.6935082462767423,0.8712065718085231,0.16012882521814853,1.418338931829858,-57.58340813212648,134.77900978513708,14.05712939195093,-23.620295004906392,-2.727719555390793,-5.17861845200492,-12.386936247945604,-9.477137112363055,0.6281116827952742,-6.12266213665321,-5.375811386833413,5.98802885494676,1.185035271387942,-4.502744969682849,-5.918403698922093,4.855329554647925,-13.916044248798936,-12.108608054498582,-6.226721511447232,15.568834687689503
59.75698815652328,-5.03827334827561,1.6257224616862653,1.0909985640715258,-0.3957471732439797,-2.3207513475699955,-2.317485808718162,-0.4547236701967061,-1.6389924509413594,-1.1564475407284518,0.12281228952956402,-0.3750752900728833,-0.04030507225494517,-0.28504964386709375,-0.7764905531605959,-0.29830840026284244,-0.9444377454267276,-1.0249653214898582,-0.12588370044076935,24.76512954192776,8.149776690490413,9.68250584883755,-12.649889949602215,0.7654098405587297,-5.034933720258799,-2.172169630359138,1.1864386245615357,0.37211266081770233,2.296891839132391,-0.2566779852716108,0.6634123955170868,-1.7316735936500858,-0.07027277590807701,1.753381993176419,-0.8936715462057054,1.0333065853243455,0.07498587639810661,0.41124252243955084,1.1100953879043696,3.3870245733096276,-6.711402544568337,57.847494441460505,-59.58024725785109,-24.3100183120737,5.398497081919169,6.263439757883268,-1.3360673172204862,-0.6069204093664706,8.119923942967658,13.335182758264727,-7.7895945083528515,-8.708143961904998,-17.953944493387656,-1.019033502749438,-7.38550553306473,-7.655338150591946,7.269969241839158,11.299943027333637,1.4332921821550362,2.843751624272077,62.35678953718481,-1.2711073325425977,-0.9972223498859485,0.7496198031835086,-0.28640281076090757,0.42674748783488825,1.3301299375104032,2.3627561792135046,0.7085698740986586,0.30447562809798034,-0.10794126538178439,0.4608742725349102,0.23267482101594927,-0.1691112010108422,-0.31933833740860607,-0.05491542649694914,0.08382707622004704,0.27542955933430013,-0.1736007903839727,24.76512954192776,-1.2998042645685643,19.110077725276533,-1.5100683756541402,-4.608509585075163,1.4252834822208702,0.17990703164648503,-1.6223666736613667,0.2990829396519441,0.9323054314938464,-3.3433469711583874,-1.7899541740320704,2.024273232105678,-1.215185354704945,-1.9910070875633918,-1.0899085654493272,0.9624486263249086,-2.134431126063322,-0.9668891809479194,-0.46958990411733925,3.3870245733096276,-57.8981351701273,85.34849517900024,19.74406336783066,1.8399557102447996,-22.171470005059543,-3.6597143598961073,-19.145988947540275,-16.696981181152424,0.08241749485995387,-2.1059923947629295,-1.602047389950152,-1.1547861835697346,6.061151929034176,1.7070609150452352,-1.7559132672553608,1.8777961040723008,-9.56861270074803,-9.423343831379398,-3.666711969126018,2.843751624272077
61.784594281244054,-3.2602250123655057,-1.0788546259891767,0.9920948606994906,-1.4392992435392276,-2.9751456592983865,-2.0154460821614677,-0.9252385538489811,-0.7766707261957522,-1.6485788651695557,0.726673721904592,-0.6163201379576075,0.23523344916569222,-0.03699150182608113,-1.048025160050499,-0.2747282107131892,-0.8879363292750269,-0.8291006190557513,-0.4260357153112897,25.508018738559453,11.077417382517758,13.119529038662902,-16.70795792494812,-4.796876895310753,-3.6795423026003147,1.90617315659372,2.237631653579125,0.06542690312493393,3.2143457791669916,1.348808540819613,-0.9466709118148309,-3.7317995069764462,-2.4529107598310835,2.0395555712517357,-0.7156318390507614,-1.0552350215017325,1.5924480693129996,1.0075299554416746,0.9554853484232975,2.5305861891396226,-43.47931390979165,13.48665239666764,6.698771599019253,-20.297164146321215,24.57163585131125,16.123134775949914,-5.966562190761413,2.4051608396782567,-6.081747804259983,12.890298217545933,-11.55395456579359,0.9268862813871346,-16.621497962217973,-4.975004063810333,-4.457779072851357,-5.2987684099478525,3.2182726316816375,5.993744729901794,-2.5085735852940436,-11.714238410678234,62.662159331991816,2.2094994931801106,-0.6963766920254475,-1.0863945637062558,0.9064024305160077,0.12481921950632424,0.6074548254253709,2.6633200765594736,0.8003334738450083,-0.30860775741176694,-0.15426145853471507,0.7274019145797843,-0.3174713991296483,0.04944013755459764,-0.4623344180064466,0.047555595715160326,-0.32906117940556734,0.12527434782223867,0.07571236936093495,25.508018738559453,-1.1197373650398674,22.22309893538852,2.0047202402164888,-2.9987104694385174,0.13132449780945787,-2.0738825588380108,-4.048726786183409,-4.40835156952392,-0.15044548889709297,-2.7497096087865502,-3.1099880849712225,1.2861740710235559,1.2499292202070866,-1.1783063677432504,-1.223864293325671,-0.06791419120627418,-2.980717567116739,-1.7616219310820014,-0.3896435652295216,2.5305861891396226,-52.246868867987295,-3.6336861801413693,16.769664333113468,29.011313919986673,-31.109997323736273,1.7344450046085829,-10.732152527673614,-13.230773981009136,-0.21332801210512597,5.236960671922702,5.970914936149514,-5.6358520655307105,6.9201547781915576,5.602526985046943,6.546095725869954,-2.005578761697349,0.6545426127478506,-2.3447853060890598,-2.495739121841355,-11.714238410678234
62.7122976742485,-2.801240130244134,-2.7262581125061343,-1.0361467226845535,-1.613127471212847,-2.088133498361172,-1.66528173066909,-0.28255299965183767,-0.10675751109667964,-0.7903217534263969,-0.7174731437510213,-1.5359409356758467,-0.499744820075823,-0.43314408110151614,-1.5150476388906333,-0.44216268822599014,0.07872479251050701,-0.5397823652568254,-0.2689889086731323,24.916499443562607,-4.595746122622337,8.79266629400857,-5.568373381160472,-7.5894547606805665,1.3071470791694102,5.716857590688452,0.5281506677959031,-0.09729437719877643,0.3678794813040902,1.7735205039408797,-1.5774244432296824,-1.721515806026352,-5.555931002032077,0.5544515439779767,-1.3906041146531942,-0.736729154280479,1.2384120508372463,1.8707888486663795,0.2780195976702058,-1.251000653601455,-56.63258116981342,-22.48400630114631,51.23504232648022,7.100256546389422,23.376351999074934,0.280708409931695,-10.634517299329499,-0.27013719431641503,-12.146965036637441,2.2273031343972445,-0.41138750337395,12.175225548551701,0.49443755065089423,-8.261293290798593,-0.8503045244155447,0.05372644967029472,-4.851777630282542,-0.34609373075924865,-4.219808289863557,-13.954415734641596,62.98792900704561,3.1460527628531794,-0.31317280331121244,-0.311072739697289,-0.27037519755366146,-0.2597860338671194,-0.023678204482369125,0.9176219201272993,0.319682381212282,-0.07661560676780121,-0.6270293916290735,0.6920717265278173,0.1549991245934894,-0.6865867930930107,-1.0652203255209962,-0.10666237871718498,-0.8859295565092542,-0.09917080442743464,0.09047989810326973,24.916499443562607,-12.333661666983808,9.094037959803481,3.4888380672273596,5.428739303888336,-4.082925579187984,-0.36660161935118785,-6.495925160079081,-4.311081450604319,0.3634185325777928,-2.2405723910428526,-1.2595873279198568,0.13063968154893413,1.3865831369638801,0.9098397765513053,1.7497511984521366,-0.21065991202091006,-0.9330054200459681,-1.0089825560616614,-0.43954993678159915,-1.251000653601455,-31.636610505103803,-58.97708012651087,5.095174036169013,20.936228247087882,-13.34518811602041,6.477214862628719,7.473507062676635,8.770775446746018,1.0774415186958748,9.047628987991768,13.88843311834923,-4.638494473152224,-2.4673862971339124,7.398468022678852,8.656411837066031,-2.9922550601231914,9.81235431512037,4.785550515690906,-1.2658363239542416,-13.954415734641596
62.10639803582138,-2.417620758458542,-2.8450525530885526,-1.7940690293081327,-1.1483319673997054,-0.27990546999756827,-0.9436316790747261,-0.6028568281108737,-0.1749303437684131,-0.4931048037886696,-0.5122710347603516,-1.8338073202356053,-1.2965041011573946,-0.015609860830457567,-1.1759395107999575,-0.8364864926849838,0.11271205666342365,-0.38488280211960313,0.014848070081336262,24.608643256698045,-11.341633930324939,5.947665652218895,2.1680404487650256,-3.9319535887977324,5.111734461871287,3.533251725481024,-1.320891041938888,0.7819850729322617,-1.9460268164112198,2.466936392509914,-1.9651203549571417,0.6102723340677096,-3.7508863200014435,-0.11947338392375784,-1.0067823426507325,0.08557413107558909,0.02830835991835179,1.231461395820751,0.11633046280247061,-2.119767660053718,-59.583197253849356,-33.816511885136194,47.494697589151784,38.40382810277982,10.519449635723833,-17.755409357222447,-6.177061925386905,-0.6224695567480163,-6.970022522943685,-5.128767401915221,4.233316131106875,16.562129247209917,18.549973604063197,-8.90374859463189,4.948947037569275,5.611099371228796,-5.980750568184284,-3.14940480601919,-3.3524588539573807,-16.79994320982843,62.096594609227886,3.203553068807279,0.0731628633560244,0.2932125929420599,-0.083051680566391,-0.5268224585664187,-0.9013281140013532,-0.05487437242801674,0.1746684101157845,-0.4281936534393158,-1.1028257721622112,0.6414870225632212,0.8978695390644349,-0.012638285745270927,-0.9215126092708077,-0.0714644778333553,-0.8181954511873779,-0.22330753971165085,-0.003973009630976465,24.608643256698045,-15.45894204246629,1.2624325884473424,3.763251694975213,7.377607434043558,-6.9659452412243,1.1992206821214286,-2.7676696334599655,-2.048520946583463,0.9875850308400824,-0.7308007090779025,1.1035888734681927,0.1460114492777398,0.5301887625070456,0.6980759607851055,2.4816022337684176,-0.1520722198134703,0.4200666996419906,-0.2801393936791359,-1.1027607193703992,-2.119767660053718,-27.742170702798852,-53.683121024154815,-14.107851157385952,-8.500444311215269,5.518049303141541,9.155901444375786,23.79249729814191,20.508805632382398,-0.2566974420456831,14.378046550928289,16.16041377887387,-3.6760177103188236,-10.119951006370634,2.426310642386185,2.6473463685502314,0.5012125146640323,10.913641459089101,7.390756508768176,1.0424639688737336,-16.79994320982843
57.29821321792345,-1.063242328224808,-0.27536526534428285,-1.3106468712649457,0.11234272827096436,-0.8099426468761783,-2.589317676363581,-0.664561721665148,-1.7559229015029838,-0.847424319448455,-0.046427553752805384,-0.6270896019470604,-2.0524017981094405,-0.018514692375917186,-1.4078354351124638,-0.3857938364171847,-0.8255559129773298,-0.3116798056247425,-0.20731579430197944,24.589316956057736,-8.956988237994949,2.0264343914863985,3.529632026781323,3.8830764604969303,2.257603897042867,-2.8453547098369425,-2.3515586773442076,-0.12123502124416907,-1.1964043813972238,0.29790965608186104,0.9669433654012671,2.1849032601036873,0.8259337795025501,-1.2977501746351305,-1.1732485566134923,0.48976523387083204,-1.5688330840458404,0.1262299368703883,-0.5802313142169953,-1.2650063694145004,-19.386323395180554,-53.12712140160526,6.244426287524022,39.32987125444085,-9.527436524336537,-12.187989380288194,11.852955218963661,-1.0414361405122055,9.858679997070547,-5.69172394575406,3.276148608603177,7.3873828983551375,28.345208909414477,-2.2412897848006095,11.214576347953896,2.4853390806672895,2.2267259457593385,-3.6890429250731342,-0.9325983565758289,-23.001850100208824,56.47274106507487,2.778884859545559,0.36242690603699534,2.774185876803519,-1.8331385448137003,0.5692675171956658,-1.1634411728157752,1.5663126784050903,1.2031116722521669,-0.7560176194096715,-0.26345277252796473,0.5691515593176588,0.31829592040084775,0.31684789891474474,0.7851263574496428,-0.10073534573314635,-0.13810849791203172,-0.05477077492958582,-0.35353306927881656,24.589316956057736,-9.948507178407255,0.1018708354916833,0.15825291505100436,0.6714455867277396,-1.6986757062724553,1.7819628424811245,1.4738582813152288,3.504555351554725,0.9020109309731961,0.17101307298317314,3.0474739059228377,0.27510730640247427,-2.0890082744218805,0.7700357595118559,1.3855640895366437,-0.4915998894330891,1.0713538981174984,0.6851448081961007,-0.7459494890240213,-1.2650063694145004,19.5868449465967,-35.625333857103335,-30.91706753092889,-41.66993756284371,26.13318503186843,-2.4167606768067293,22.09660037485387,5.468961936930496,-9.045473478117461,15.303370761130173,4.421715546362998,-3.669285507992297,-5.123716986345047,-2.7984154698111245,-10.511246003872754,0.4362980685150759,3.7727851074571856,4.651735757928273,4.884698970300714,-23.001850100208824
58.82081954424411,-1.1553910872657216,-1.2202808251875896,-0.8366318594091795,0.2538328876545104,-1.8476152223003712,-2.213873630283666,-0.3432416563761951,-0.92510143919821,-0.38655938590356964,-0.5914092505730868,-0.7656096377881458,-0.8638812218182208,-0.3040428881507595,-1.60502243326495,-0.2601255710797974,-0.42164179657193257,-0.32742120096141725,-0.3987070410956308,24.61172615228503,-16.533560186720614,-0.40561095264410874,2.4903881656568743,8.668771545490408,1.1049541063248736,-2.6904253717548055,0.5889553634557281,-0.2338375532263779,0.5114764490458064,-0.4777697362084883,-0.10219675057686839,2.5960555835634933,3.6311436514332014,-1.4862178667576555,1.6501639007140252,1.1370674700370103,0.005695352662401287,0.3051070083300751,-0.2916186226117925,-5.86238255786807,1.362975115518097,-36.157917029894,-6.974458241304568,4.170738172752283,-19.977518643116923,9.11723854887276,18.382479715367218,-4.660772724094262,9.00051766362926,-3.8773357902473267,5.169734240642933,-2.599248749305414,14.060397701611503,1.844654534637024,11.40262475008176,-1.9891767769732294,6.740891323324057,-1.5115628046380154,0.03855758743433313,-15.935817454514009,58.19028228174404,3.024299739057592,0.847449300788055,1.0597798450651195,-1.7951885164661228,0.30990278503564594,-0.20649850713790885,1.3147142241288465,0.8524113437451071,-0.33430710562978305,0.2157446686488269,0.8618677228237335,-0.13402541577980465,-0.10323922805672736,-0.1467066426075574,-0.03144403068359414,-0.49293835888318327,-0.036995363766253675,-0.2536615066332215,24.61172615228503,-16.18339996072757,-0.12237801453298758,-3.38391276238831,-4.870285766465853,1.6982242129224638,1.4297859324337265,3.8626301421903904,1.9382328455877564,-0.5480904091176362,3.233520934664582,2.816688187544366,-0.624068596562626,-2.0722505772853506,0.10475096196956701,0.2819024454071912,0.32316205483183147,1.473923503346078,1.0866926411732052,0.28478819532855626,-5.86238255786807,26.47008796015392,-20.760365042652147,-19.042804308940365,-23.31599225538952,30.61291508441826,-8.8899646379793,3.7599908753405074,-9.432956596742603,-15.552619025668545,6.978309283238007,-9.036388010143668,-5.39523402382677,5.594660752532086,-0.12761867662541726,-9.55094170909863,0.9520078741271623,0.7425404292456663,-0.8101538405781155,6.298799723245403,-15.935817454514009
59.876592801039656,-2.419137770097345,-1.7738279630659544,0.426672922614435,-1.1854079502185213,-2.7269559771282417,-2.2059400937367237,-0.4729780961412615,-0.3298741540803931,-0.6946396343280163,-0.1944323531440202,-0.9775881468477328,-0.3030893699941348,-0.9378026547589304,-1.8871304559648832,-0.4854605320931673,-0.4385148228947351,-0.5053981974007242,-0.3523270101931464,24.282454811061864,-11.692944692014777,-14.594256104362557,-2.6073340958443856,5.775118299395791,-1.4531810052256509,2.73470144916227,5.499705074580426,-0.11010113437555935,4.068467847110851,0.4000115954230512,-0.8708119411182307,0.9792840184033249,4.92565846695784,0.1171788929946207,2.888210937641375,-0.019806283427544757,2.3630815273448906,0.48944457987515033,0.015694962089422893,-10.88061825479869,26.04023770861611,7.054901944905512,-0.5161307824777968,-40.51538983238461,-19.889223319964213,22.199387862629195,17.182431581360635,-3.665374990564147,-3.92966790359904,1.6223837747229743,2.836917825226662,-7.566133741201478,-4.9488261341216235,2.8910586154248117,6.543736852648058,-5.730249689113085,9.325018060931702,-2.1564979801589796,0.3879802954135898,6.560475285245779,59.966831581583904,3.2866148454738644,-0.6211895645017256,-0.358633572394949,-0.26364463274002325,0.2128327655724105,0.3658361327435231,1.9851052976262302,0.4318163798842187,-0.038052344180981024,0.23742234092682635,0.7194350295987983,-0.3735575351953311,-0.2562684421813546,-0.7598412640842995,-0.3724725470086101,-0.5128811536026023,0.1502455116979171,-0.15765059790761837,24.282454811061864,-2.1780102345548187,-8.026223667258021,-8.396113469555324,-9.282282877278812,4.651582209672847,-1.6902645829107015,1.237225139522677,-3.5699773782246806,-3.3914804865020782,3.428952167650992,0.09472078822355545,-1.3189630495270315,0.12594431368755465,-0.1927054589464876,-2.4060219093036275,-0.23012801508602299,0.42645873183058103,0.6334693054763045,1.30902509101928,-10.88061825479869,24.825129484428153,-6.318546782068349,15.376333914588656,17.09591964891089,18.242953290776764,-8.553443550272844,-4.979283211395388,-25.354882381208103,-13.453005491541798,-5.723003747093079,-20.14671985379836,-2.7359190779970444,10.798959848877491,3.5650917886521,-3.3011518804299245,2.1813893736335492,-1.1959054163978993,-4.781460093231481,3.725429796215444,6.560475285245779
52.55042815090297,-1.942478513844328,-0.8506271213992798,1.6716568464973807,0.05302042500747417,-0.6666114907489393,-0.8408427886602907,-0.8155674174860059,-0.6322164929568053,-0.8083820144531331,-0.4893670103531784,-0.3605302560035226,-0.3555884894984467,-0.2990748130177787,-0.11121005001673523,-0.21811940982848732,-0.07796081204667304,-0.13547010206657473,-0.058455633278976515,21.830883050261946,-9.292168145555976,-3.820947614803628,1.7492943894255957,-2.7926054218710212,-3.021632408552916,5.301842920417798,3.9447169397824036,-1.553968232549174,-0.07820409885062762,0.4772175277156556,1.5386244186240736,-0.08654241973481613,1.2294501870766634,0.09538934957987855,2.663800285262713,-0.6542284987618372,1.432796715885015,0.29407267199936227,-0.1623538816335719,-5.279870444618627,58.71017399354734,27.365777045585475,4.926305161064289,-50.6276304233526,-17.13861154888224,12.73544065159435,7.175171415334393,-3.645215738586004,-11.868818874712684,4.420129354093783,3.5465689305873718,-4.3778235258904035,-15.835250345984237,1.3503514475630563,-7.447964142866239,-5.983537645991077,1.1946018194401922,-4.036431733725031,-1.2657460598619648,29.939512786690926,52.257849370609584,2.8884990685766323,-1.12698528256877,-0.5755205656916331,-0.018686530141997615,0.3662878834620722,0.2653483043141929,0.7048457407552915,0.28627085174094047,0.82958417627863,0.05508076488257618,0.25431098914133843,0.20767097821984892,0.32629536578756224,-0.008077575800240933,0.2259851502202923,0.10615262833094641,0.21753063756120028,0.04047985234770257,21.830883050261946,-6.109146534315549,-5.0537026815038795,-1.4809672671918053,0.6964755383520735,5.165383343012177,-1.509647924172309,-0.769357624893436,-3.227732880065061,-4.641978773256552,1.1293843852071914,-1.9382285727539998,-1.7545703846708922,2.220042844718371,1.1156372317015686,-0.3980756213607619,0.19319578007657778,1.1137844974082824,-0.6593785626082955,1.019151852230652,-5.279870444618627,44.55679009539146,4.673959065858118,30.34506871081926,33.72916292236329,4.394961662923459,1.6375039369355675,-8.03179038169324,-20.895100682156063,-0.8735732919974346,-20.866241771087516,-13.635974461383547,-0.25910506487088814,5.922772295675426,4.918417337430348,0.8056577572267285,1.6889164202750275,-4.426224514716312,-3.0189561008720034,0.3944311644267269,29.939512786690926
54.58693656858663,-7.966826667116783,-1.7638591651606306,0.3227679254796696,-0.513841543018343,-0.033093788070759356,-0.5259805598850558,-0.4834494082980223,0.13186854893173905,-0.43650720746214766,-0.5328546444218749,-0.3399872836377096,0.15628106920959262,0.03759071655490276,-0.7106361579158835,-0.4167000587566121,0.18414435843248578,-0.1629330651345886,-0.36959401716559515,20.539429379669933,0.4424345957307878,7.261553695018915,3.6421135236580637,-10.643929972014657,-5.623714505500344,4.258205075391354,4.561776325172772,-1.2938571768648446,-2.8663980592485268,0.6316079114812763,1.564991693414127,-0.2568646088478965,-0.4476325553799927,-0.6430244750914917,1.591801677436193,-1.4797116262862868,2.3801252648087043,-0.9465018850437452,-0.45087353699931065,1.7239752165836677,46.10904634539497,52.32687322894978,7.217316886970448,-26.470683438483864,-9.800146879747766,-5.46291348215453,-4.928329833050331,-0.6702009465038992,-16.183357039333814,3.0490082010461226,-2.0021127604365017,0.7815146004615066,-19.58171647283566,0.5782660955209187,-10.5588752092484,0.32590692722960646,-7.314883340752243,-3.659855713745147,-2.8059098425377975,35.236220305874895,58.34995240336469,-1.1663266388429716,-2.848412537062254,-1.0493053564575106,-0.3955984331393392,-0.30405732347289804,-0.7807520087804876,0.08625823097952745,-0.20955832499678895,0.37651282346161796,-0.13576042653306164,0.2134484013953406,0.2104198802447983,0.005727872519356136,-0.4871991306058292,-0.34451394372810107,-0.22442462560380605,0.13470087714483947,0.1539087967403614,20.539429379669933,-2.5730691493991884,-0.5917402220570454,6.89494712474708,6.436024758774221,5.68922137407107,-1.0250420043522794,1.300210559159448,-6.589902976222917,-3.7775476327282447,-1.6384205258346713,-4.64842764082716,-0.5276013385419147,1.1643249390150046,2.047138518971905,0.07497718270565801,0.6640779347613124,0.6534706928874465,-0.8325496365288896,0.7495835806326527,1.7239752165836677,12.24487839434584,30.81772281567655,27.61615334757985,33.14209423668696,-9.878421012865605,16.046900509117748,-1.2581887527043822,-6.0469206098332045,12.822417253416607,-22.045444482025886,0.8485029186833062,-1.8135452369498841,-0.046889614337672914,2.278708729200961,6.159083072085212,1.8528147337150707,-4.226609677066895,1.8194409870736705,-2.8818218656976997,35.236220305874895
56.819563587692635,-0.2920204461578164,-0.3506180294274537,-2.1809820717773074,-1.5927665202220367,-0.5436248566202133,-1.0814949273182983,-1.1149901165724017,-1.1950748401295899,-0.27701683547867617,0.3471141043778774,-1.1276812792605655,-0.4788413478817528,-0.7440448990177368,-0.8613694396580933,-0.6216200571289936,-0.0165730292930355,-0.3516174310948039,-0.4712504784261924,23.843303645671682,6.753837166180276,2.3493726704578917,1.8288169364377942,-8.43551953048067,-5.379084917978899,2.9155431409278276,4.6455054458267515,-1.4645674012747372,-1.955500035130847,1.6164967828092904,0.45318589745063864,1.0252181342439024,-1.5998360103900007,-0.4309404589330712,-1.425613540616503,-1.124748681529157,0.5944743936505905,-0.9951356260729927,-0.6912074029984081,2.805077099786214,34.080541261518846,2.887226094712531,-16.827282107429006,3.654336212864024,7.483742925093916,-9.573094723191891,-7.609657828269015,9.451425152532572,-1.863720693247478,2.866834078216243,-7.8801144025993235,1.7968622570850217,-9.150238184851387,9.219513725144362,-7.416058483744984,8.264414923195531,-7.967113663362624,-0.4137385218334386,-0.8568482355974505,10.23999286906237,55.94414860369587,2.7239191404640706,1.2205771534724166,1.753353506272437,0.8534800552396238,-0.18647613252785433,-0.01788324882262149,0.6502713174196675,-1.1478906904426651,0.023102503152513165,-0.566778233998229,0.23757584459001624,0.6840072988593162,0.3235812304437016,-0.4820655200271735,0.05117455771444024,-0.08027437417844019,-0.3589123277938626,0.10013472215811459,23.843303645671682,6.292524544390346,-1.5026402042044165,4.143091295870118,4.135141876689275,3.376885462185082,1.9159266116222993,-0.18475775847461517,-6.999354696491156,-0.7918434820032703,-4.665913604136344,-1.62972482862205,-1.1493019844906285,0.3699452578886375,1.444037641725545,-0.5557682219840872,0.7205172900456775,-0.8526947345405107,0.31022406173980044,0.7617245327352333,2.805077099786214,26.542003171273905,19.465166197875323,-4.390376110207034,3.4480592711277804,-29.052366279781243,11.750198030399128,-7.406576394220724,6.919970354443446,16.10644927217793,-14.58019059143919,9.253411630498288,-0.03594705656626074,-2.530519540872806,-5.750046952046516,2.9876049201302672,-2.2434656226060716,-5.81265278808749,5.5880785124195835,-3.9129010301503433,10.23999286906237
57.963242380510216,0.3864100435688562,-0.20277574722283553,-2.968972604255549,-3.174371730353938,-0.6593467564969275,0.19527413817866623,-0.9701953350304859,-1.4816440101182642,-0.6445182680746067,0.16982293619751543,-0.7224449396431596,-0.4652792184924781,-1.0368298493046972,-0.7161499224261076,-1.0235660215860576,0.7208539181327984,-0.8705754754084822,-0.3713663561191938,24.13823212164883,3.3385758248145834,8.484020367481573,0.9615630741347387,-4.638766365541316,-5.1745281903865425,1.1963945978299901,2.6851459050330866,-0.4899020232647273,-3.0845627044159465,1.354876068399295,-1.329149060749764,0.8141610416447189,-3.450556670726657,0.6694768450115549,-0.346519754043217,0.37840727157091836,-0.8751989819140187,-0.6958791279612455,-1.1228331984970579,2.695018125936336,21.43212442016536,-19.543951178057778,-25.594868088435106,15.403828929116049,24.054475189713102,-4.758902459314413,-19.7356016428605,13.25995739598226,6.959342644740394,0.7194356608790606,-2.665561294070454,-3.7180714861722355,-1.8937304157739905,13.538380898784807,-1.5924597608195612,11.719784935911981,-8.800031015819727,4.134707958510962,0.6389346366581408,-1.2795757660702733,56.837147390341165,3.0730346985016226,1.6525027798512215,1.6949417710101264,2.144882761604701,-0.023306228608765966,1.1575571888916543,-1.282558978817416,-0.7398766653881008,-0.4540217705352583,-1.775861980046351,0.4640019326035021,-0.02956322600756245,0.7686578849765282,-0.48535870061800424,0.046971716624972126,-0.09293230590418577,0.02219217611100377,0.187313757503502,24.13823212164883,-2.2564065767348467,5.607106501930522,2.59993392270364,5.569431071896066,0.6066206436535921,4.620398403750867,0.3158308299610755,-4.707626774928236,1.094660494579585,-4.696121078690183,0.36472037549923364,-2.5283698680921054,1.027548299933585,0.7824487006420047,0.7523659270506411,0.43261859678696246,-0.70360649072847,1.0583884868390918,-0.0031721820818606528,2.695018125936336,25.70459910355668,10.884521557885193,-18.402628740254166,-3.4514441384846113,-37.36762807124653,-3.098791446687995,-18.441987386560402,29.070234153988192,7.816992622460471,-0.542377905698527,10.745132403438156,2.7081032176887323,1.0651107101046746,-9.88713571511073,2.7427607416622433,-4.58675736985278,-4.3254715614947585,2.367518527986043,-5.719625735879315,-1.2795757660702733
54.23919382803131,-4.944410533958202,-0.7167603621492802,-0.9002326538753453,-1.306256940314178,1.1042865639280586,1.1212825852212243,-1.3044781547571427,-0.8032102309972271,0.10387190725774165,-0.6141128519375543,0.3433076391211536,-0.8447263508424117,0.02266524044548568,-0.8212599380698746,-0.47706076917834306,-0.04907839507153411,-0.27921670996612424,-0.40317316530138125,21.434020229165604,6.300031870661549,-2.9885679036786916,-5.324071439527246,-3.96801911867568,0.4956458964371411,2.046200797602534,1.0782032357177394,2.7697667669170527,-0.9009821228906567,1.5490004883647677,-0.9543624055936424,0.276375883561387,-1.8442068476756979,4.048895552100536,-0.0750682408700738,2.548919513907326,-0.9230979924349356,-0.038107967458606895,-0.25479816868342353,-0.6453954647637765,17.424729805823873,8.037762954698838,-13.680219101258658,5.2483680841813,23.124097554850984,-5.9687398488549634,-24.610997123543626,10.395544230099468,9.905963087872507,-4.760426136987231,6.988327790831898,-10.123059051567829,4.765173113517362,6.786854336542715,4.209394016641611,6.003267882443698,-0.7151999052079343,4.705564028063312,2.77584539193714,4.972854437026676,56.16051414931652,0.017498297802127194,-1.305897293090449,0.11992680891918583,0.3995156035785232,1.1838756418411558,-0.7961851737591856,-2.1104230025918147,0.15550828093496127,-1.0881053287911042,0.06026912732819589,-0.44561676870805655,0.5126351602903481,0.6668491804217487,-0.286881901786197,0.3905009650665945,-0.3859408987891191,0.42889701894801835,0.40463963833374894,21.434020229165604,7.003523764989232,1.579457055439999,-1.5286487212736022,2.8538020173550414,-6.819499431669706,1.5427308869756815,-3.9804559574046117,-0.7088858034906786,0.9751417991784983,-4.6318606340846475,0.18190323433194688,-0.7721596481789272,1.0231713938226779,-1.1270413351567392,0.7570324665318802,-0.8128073622392831,-1.1140033048275044,1.1891916319175053,-0.560920781487263,-0.6453954647637765,8.281076947543596,14.966355568002616,2.627858833521007,1.60307248031992,-18.727013973884127,-19.140450645934582,-12.202973842761642,35.67634631746324,-2.650880776360361,14.49707999988854,-3.0976283304578667,10.994219425254453,-0.42782329234844907,-7.3987656148388155,2.5510886657114824,-4.343811592414629,-1.0436995714515904,-4.476244462212121,-6.864558565224952,4.972854437026676
57.54640936082458,-1.398621439475805,-1.100006461732348,-2.6369899662419694,-3.2443604281655434,-0.25885219942990023,-0.28479636363827376,-0.6336564008380154,-1.6063451078424156,0.05048645536929097,-0.7168156966390411,-0.6684012220062097,-1.3860547646734065,-0.01102593067093105,-0.9039507857316014,-0.2997760669464782,-0.23720244963527426,-0.5470729896795512,-0.9650492729765296,23.09158015089114,11.38539945357283,0.15854839305831714,-5.578876332576968,-5.175765713359128,3.466157682148186,2.3134250173967943,-3.5223733912029713,3.2189544370303906,0.08601430700157486,1.025073889143068,0.9359851979010405,-1.7414792265927566,-1.2723123446241393,3.8862479687841085,0.12029914715319778,2.543346743951462,-1.2611040500583963,0.6423382649045426,-0.34961083582773256,2.809423615823526,-80.7353411950319,-1.1564516536876752,13.84453532397551,16.80899935391907,22.316518350663955,-2.7065827255101205,-10.273816829120264,0.9981673799488582,15.525113682173895,-5.611202926745389,9.496029518229946,-3.5316826178300853,11.147384466518007,-5.100489010356105,5.786848792183225,-0.7383539857479902,5.285929612191436,6.993508832105954,7.507197081383585,-17.575479396715142,57.11356634218694,2.9904370334532615,-0.285208352429001,2.552123528167148,0.13469411451800717,1.3209659912180305,-0.23368563133166775,-0.8872079964788493,-0.31392756339580963,-1.415943799911665,-0.2669239194466573,-0.7091402260016757,0.8098800994960749,0.22531824785133492,-0.20860797620099691,-0.29786784901069696,-0.4233946086627016,0.2699904471934449,7.024761161389392e-05,23.09158015089114,9.92373079207971,3.3094719270633437,0.5295027631918581,5.350972619199032,-7.896400214624803,-2.387839865372968,-6.022934034655755,4.799979654270942,-0.7525439620888936,-1.9266359637097832,-0.1816754705850805,0.6378791021466008,1.3702672261003217,-1.610889850142318,0.7899572092787959,-0.8626384240225973,-1.3786108027164354,-0.08827415762472057,-1.448906630195757,2.809423615823526,-76.74982857654253,-14.95989402255543,6.360260946688352,-13.31603612449954,8.239674764158456,-17.790164448685303,-0.025300293150210873,21.30236979948357,-3.4153296871132173,22.386181396408574,-2.9888966402650405,11.82093671114238,-6.895362992321658,-0.554214001015569,-0.06749125949697987,1.0215384098281133,2.5976684445429,-6.784523667833105,-2.4797462555925933,-17.575479396715142
60.177996032866226,-0.8937886564748316,-2.5640383919363203,-4.330982950121937,-1.3099492230976635,0.27922826364754005,-0.30235805855095865,0.10162379978988945,-1.5832153527128425,0.14998104698175885,0.31325221799933445,-1.016515196298347,-0.9405569986291376,0.767500917715648,-0.8050031284403834,0.2909447225048798,0.0009061583735330281,-0.5324226576885729,-0.3018081043392362,24.04393189866864,11.442790254713088,10.53099013501894,-1.741072910835681,-5.542835814481114,1.8626209231792292,-0.6273419932830562,-4.556233467827034,1.8787764836274379,1.4121930030966463,-0.5988151960562114,2.8147826635411852,-2.7584912574212748,-0.30637161668257873,1.3541011474520097,0.44567401710609533,0.7944155235024202,0.4298269751188122,0.6885376915257693,0.3101041116354992,5.234301573355957,-165.33028163371512,-16.26098736124432,30.234670833830798,36.09853758585912,6.537642460908831,-3.9546724174510506,5.03393016559564,-9.035327570601309,12.598275214292343,-3.333718193743548,0.3684632247798456,6.537722917368723,11.456430535580065,-16.002864603370714,5.439167452620022,-6.81216738166169,5.061114742522973,6.439627927988722,7.604671313386384,-47.906348941989094,59.3077010102676,3.5549465007082506,1.4251083589757267,2.751663636371447,-1.5511753370518822,-0.08724679895341181,-1.3124898174132662,0.09815292450504476,-0.8732943418495616,-1.8118667992016073,-1.2302956471321025,0.4380670998031415,0.7758713330188365,0.03173038142792861,-0.2419246489697371,-0.18280934058736675,-0.4720448752129345,0.11178435262366948,-0.08670391363957286,24.04393189866864,4.342994333754866,7.1293548672304805,6.4922362923865125,5.045907343197752,-1.7351110956177846,-4.150179576783074,-3.116862247547021,6.085015247640875,-1.1936816418492113,1.1978838383177257,-2.9053410708088263,2.764683243017245,-0.015325851368955368,-1.0586758903017015,0.7009804697575766,-0.8037599957568571,-1.0370423642723232,-1.354566847134354,-1.9476875258202944,5.234301573355957,-148.6921550654803,-31.302936680670697,-9.05721117093464,-26.825060313730724,28.056967256376524,-0.9182452787723037,17.301021575562167,-2.7605491893766154,0.6854010048353638,22.14922654251593,6.6475743318649165,1.2033706504573791,-9.423798170586855,4.684215624660674,-2.6069400569257146,4.626091108147442,8.12986584139785,-4.509176362282048,2.538692614972918,-47.906348941989094
60.686541004879174,-1.5596266986436702,-2.068574898617799,-3.841480312811817,-1.4394467478881023,0.9098949023417289,-0.854092235536728,-0.06376909378880669,-1.048634295759669,-0.15503589336508128,0.17413300017959132,-0.9132731352297876,-1.0535200669111848,0.5338762964522759,-0.6641287536642544,-0.13589539545193818,0.06530961638106669,-0.4228033690949866,-0.5968543045141326,24.237988094809076,-39.600473964727136,1.1460155212889194,6.092331471776712,4.553141659320937,5.30024347157439,1.179874630517725,0.36545584224534133,0.4546768083545092,3.5214065736773494,-0.37681755276291007,1.5342931637977957,0.5657533032210071,1.354217947035787,-0.5333704578422345,2.286533513060311,0.8864822738993763,1.0913033404048251,2.437552458599544,2.348314202035273,-9.032570091481102,-168.81106672979007,-55.303672888655726,8.08769015342272,38.725185150119614,4.646467753626965,-1.2392403892280432,15.9360910308915,-7.48847770868718,8.08748054051296,1.7482816646798294,-9.47355506392448,14.312248091914824,12.918978638318478,-11.931492776366916,2.1104674294168166,-4.377737124144191,3.3984508196343937,2.6596240942184055,7.9153370067901525,-67.38605990346318,60.22541935590548,2.9590465605802327,0.5517513354140626,3.054559666883512,-0.8279718753924978,-0.5816649408979662,-1.595757506609183,0.01314288476962533,-0.6017473350402862,-1.0554590171848983,-1.2214173281087422,0.34109954942120346,0.5239523006783542,0.2807723594022793,-0.11285872238683625,-0.09769234255934589,-0.7391857190504958,0.13661143046081792,-0.2914677816077156,24.237988094809076,-39.30105614938893,-4.647789415242434,1.7696218892177589,-2.1846396532750596,2.18426385770686,-1.4282285887124075,-0.12861617154282534,2.546607599247773,0.4714073715368312,3.582097383312918,0.41389420793709997,1.6136770418809983,-1.900884573631427,0.47115897770670134,0.746646295689303,0.9388641184598061,0.5567472612653892,-1.0619941075515316,-0.5496619377116416,-9.032570091481102,-130.80452481630994,-39.01432653726987,-29.796317793092573,-39.71073545157482,12.363361755694775,6.904264357834244,17.028954344044614,-21.21984729761994,4.372091934989873,10.700474781845665,12.561648369363564,-4.291087392818091,-8.425965269791625,3.6351655219887773,-7.269454855215686,3.9634083255082446,11.44147246736798,0.05187749329885338,7.076937195233468,-67.38605990346318
58.39052313336056,0.40158716313520015,-1.103012599124395,-3.0694053878309786,-1.2774033188632838,0.20624201640071593,-0.8721862127430655,-0.6500335664680281,-0.3759691354902772,-0.09277451640317791,0.34780413142372213,-0.9135020329776948,-1.1641795080648119,0.4272647006098871,-0.7183339455505005,-0.16179334317440297,0.014579059479701506,0.0029173255044780966,-0.4322185937148302,23.477967043884615,-50.87217223704603,-11.612795148416152,3.9576600752113134,9.21679598791385,2.8474242321784544,0.6356397823165434,1.6512537017914033,-0.3657582040456613,3.6804593509176273,0.5830871124459827,-1.0692847761520972,2.3916210773388666,2.5707432742843714,-1.74272753627165,1.5613983024863805,-0.028731941897476077,0.43125568359494015,2.284098899688254,2.1985749690782654,-18.677573082106008,-11.870108493229942,-75.54118645584067,-28.544208193153118,28.17175695111988,-9.075092229041097,-2.8255797894489407,8.328775679972539,-3.7653202096462453,-2.2922733040325696,2.8024164476103754,-11.487445793206174,9.046321864510396,11.014043037187381,-2.310451413820449,-2.19802512276942,-1.3349011165838778,-2.491513521288284,-3.3405429191263707,1.5465295188296437,-33.436843851673586,56.776084809334684,3.597870967853882,1.5217410091812753,2.3916624111598797,0.013293050724883404,0.06010131950761721,-1.6735803598939385,0.4819091806043856,-0.2974226541674061,-0.6694058009956247,-0.9151547037451748,0.4116049650891265,0.6479361340147307,0.10978417949542574,0.015733706185510954,-0.11146678603750959,-0.7465665257313836,-0.18169689625284513,-0.4234351099667335,23.477967043884615,-42.7301602970166,-10.093380613742461,-6.677313869753872,-6.790922003273274,2.168652160352723,0.6038026092592494,1.7228958988200065,-0.9624743706674019,0.7058666347833178,3.6883859636619665,3.207905561003315,-0.6583732928174364,-2.0531517916048747,0.17404206324908844,-0.5247821051362307,0.5994869205932363,1.9832505838805077,-0.5785365742601131,0.2588031797571384,-18.677573082106008,30.745080200670486,-18.347643243214335,-50.906945702215246,-34.1177733107758,-5.751776759879099,5.615859420312664,9.626947565343505,-17.517984557543013,0.6812149240739034,-2.191106630311648,11.239973369990283,-5.820074270582836,-2.155064526521765,-1.0148961684555986,-8.693448848866122,1.1633143513941437,7.054518680413069,3.765017099386406,7.613790175110605,-33.436843851673586
38.63990882821385,-1.4733015886363612,1.2156463777500455,-0.9912079177269804,-0.6105116444955381,0.36757823945237433,0.18284563458045033,-0.030489313531802065,-0.4492649296150235,-0.016544539319695684,0.0330549285476629,-0.43703115205603216,-0.5971345364376759,-0.10759305103916783,0.1959813793536127,0.36983410284285134,0.30161277001405407,0.4040332480236952,0.2743130727289038,18.8582775325426,-41.86265266544265,-16.421395409551998,-4.384397748889105,6.807010960503197,5.296989904462055,1.0623139349829729,1.3419285394335603,0.5969829265233506,2.9956214033475645,1.3082635672318856,-1.8587586142145573,2.8395886519845854,3.7486195290516244,-0.5310840775375198,0.6176707191714634,0.7660519145793145,0.4374070055207364,1.174369707932503,2.6638222388459605,-18.927669008177077,226.4613844581811,-17.109864519748946,-25.77499276980814,6.509302889188291,-23.699996970026955,-17.931049371078856,-9.866782116871429,-8.443474657351434,-13.629311900328752,-3.378478121971471,-2.9130929669065178,-3.488735277892685,1.060980647079913,1.8735593386283127,-6.876058373579109,-3.784920676863147,-7.456419475066893,-10.179846686193011,-8.943392422796979,52.01477387518773,38.72884636795894,0.6450800922592288,0.5512862670771042,1.639804314135402,0.4445918494830543,0.5331776376313122,-0.11744844586274428,0.1942176750953668,-0.36615972146847175,-0.1961256073581974,-0.21754728717157112,0.11092936229583095,-0.07659458781758577,0.421870837670937,0.03588599406603055,0.1358929329442775,-0.007760152770782458,-0.11426598214406358,-0.1063951230806266,18.8582775325426,-31.94195430068953,-7.586323601085121,-7.7838810522842365,-8.585980433352866,-3.6666009647626696,-1.3126987794770075,0.07166406418303817,-2.286199185384889,0.4837278670897782,2.1783503645409295,3.042525398190631,0.203863673654896,-1.8238024386775313,-0.4096660659233242,-2.2318889308821435,0.41744228055647836,2.8319789568911395,-0.4503505474124143,0.9863166146322607,-18.927669008177077,230.38630349035893,22.06230278768782,-24.523700726801376,-6.648263105301383,-2.5818083485969723,8.071697839792389,6.311207734275397,4.00747901058519,-1.4069817250969257,-5.4228364079158755,-1.0727897348316773,0.5558599725166438,4.238587363119529,-2.3076190921164903,-3.4020086266762046,-1.5224944724435534,-2.410117082166526,3.2360324245167993,1.5831769575088301,52.01477387518773
45.765226002675874,-6.743348785686562,-2.227318992514586,-1.1477211537074306,-0.3007046587047184,0.868206486250489,0.004799857286153841,-0.0978951923614435,-0.04267036032635163,0.3722789261820574,-0.15085113426074992,-0.058825649215791476,0.11662187327629381,0.2168718233255449,-0.4543590437061267,0.023714002408746993,0.09838242335450942,0.196208483596213,0.3618956915783782,17.395000638748872,6.638825358455875,-18.455897627480937,-10.774812397079332,7.416108010487697,-2.6732984077851514,-1.9813515402401505,-0.8800819764348735,-0.07503668028010546,0.528948936245254,-0.04014753224842149,-1.2324143440557254,0.6277520004521342,4.003449110903193,0.19773225038942788,0.1810928526658091,0.18718014487051216,-0.48898161808328533,-0.3501423927038956,0.9256148526449774,-6.536570894132847,236.09866830316952,54.40820140032365,30.59902436470872,4.388169408855589,-20.4909597979176,-29.918974210469376,-10.96051770287396,-10.292802185322593,-21.975443202153308,-8.614761146523028,5.471048281685771,-9.102068681867522,-9.452874810567796,-0.7641300796480031,-2.7175541473935665,-5.380573412029918,-7.948835365831143,-8.124261051189865,-12.699200080171636,100.45121868006618,48.69090735573257,-0.33476057200247844,-1.9133160417327302,0.06358031110886486,-1.1031311193132969,-0.34276678358842627,-1.1901963983764823,-0.47362165599152695,-0.6381548312438099,-0.39734052228397454,-0.12827788709903043,0.22396554695710957,0.04956888146436911,0.048202173918143965,-0.5786880597642858,0.00014148195743968195,0.1538676335874627,-0.0520452282039463,-0.04983865302454815,17.395000638748872,16.03598350974041,-0.5751996614553438,-14.184485087970112,-8.81230892215125,-1.6855670643225693,-1.400014771244442,1.5964714172618002,-0.2575736388143004,-0.8592344275887331,0.8042040325478959,1.40033001905955,0.5595527918388785,-1.1313991821067857,-1.125711452714488,-2.1564763413897614,0.03860809889187866,1.352601128121336,0.22211992248929058,1.0912182855630572,-6.536570894132847,203.41997079725053,24.310652809234654,20.174479867742154,17.611447885255654,13.358839976958334,22.221229897893842,18.52982771006075,21.986621602601197,0.7121260608725337,-0.669451111705325,-6.346320759807483,1.573865481276529,4.183361330805599,5.324354069276887,6.070915805619815,-0.8323329852716281,-7.942151786976805,2.6994599600322964,-3.606958706433269,100.45121868006618
46.06786323750019,-6.197856429008787,-3.698620576367256,-1.3988169496219927,0.7206988742636429,1.1100696349083288,-0.6216210008345575,-0.04134681758042369,0.28252701833215044,0.2665691689582439,-0.5059186740854513,0.07918299888155333,0.18038900694407456,0.37353069632568703,-0.48728084500070956,0.1543768890461441,0.24211143720403094,0.06773590582539746,0.3379996722622436,17.81563679328841,44.87471946661245,-3.987365499053161,0.5710713230179638,8.708137092628158,-3.7893936934572845,-6.477154393743357,-3.302267377077235,-3.9124212822039848,-1.7174941691508403,-1.7544392914014435,0.1593114642963509,-0.29667979728196925,1.1683553522663326,-0.566820681858617,-0.46134294881895754,-1.1139341079161913,-2.1767877462895084,-1.335250238300887,-1.4869019511465726,10.90431575212618,120.63623424073349,79.31923753119729,75.87196102915871,6.120205092887726,-12.35588210747931,-30.684024969651542,-2.625302395995276,-7.522731152479139,-22.752578486095558,-7.347777393516568,7.237930310305583,-6.242206563785525,-15.144129480370381,-5.715338171684833,0.36391860103335283,-8.767636620867831,-7.503193815631141,-3.1004596956979706,-12.285942166006897,87.90915130282315,48.29703093236177,1.1322005299658522,-1.6226606652710531,-0.07438949976741371,-2.1030602727547425,-1.0365802790884482,-1.801617455276392,-0.652191289624863,-0.1895173129571952,-0.1023164742702587,-0.09359303733649882,0.5368510953146599,-0.08876529238523068,0.10673032922925807,-0.9315923048530095,0.055224663721418654,0.22658667973565083,-0.15338967726983865,0.014892297237322105,17.81563679328841,46.50902369241202,1.6242715024579164,-6.73864286507481,-4.498077746486763,2.82046929574602,3.609529021435633,3.0901999363739763,4.197896738613817,0.5504670401743939,2.3127701449120153,0.7812871114931439,1.2826439858111627,-0.24246719682070705,-0.032773810369755685,-0.13851089952203388,0.4580562930887082,-0.33298655193828797,0.15569385633216637,-0.17428101186018596,10.90431575212618,81.44280274440882,-0.5944659360486093,44.94114936903532,28.735057845874238,21.94602296333677,33.094330493581026,28.326056260457943,23.05780304807466,2.7047335966222574,3.092386570822234,-4.064655671112876,-5.235340595596839,1.886268019639246,11.603077376204933,11.636664781822681,-0.9592579819100726,-8.346897624079439,2.675866730395006,-6.487594403195903,87.90915130282315
57.995958607945326,-6.464084230419054,-4.03328532060541,0.842453133360376,-3.27965778213545,-1.1556794514473365,-0.9099938832529983,-0.68212315458377,-0.4773906413412372,-0.25440513666635844,0.0010837607124165594,-0.8577331082204205,0.44878327569590937,0.2855689521221736,-0.28615640704043477,0.039525336159206725,-0.2001610831569296,-0.004005199748320809,-0.001254467159011341,20.731001966445287,23.80847584851118,9.374290596496254,16.779437721612137,10.460317626279164,-2.854863867820676,-10.55411315855498,-1.5069071913901788,-3.2574571923432902,-4.950704463909826,-2.192942031498867,0.6572043254353344,-0.5912790389616163,-0.86556204260688,-2.106924273935103,0.7421280627848077,-1.779025636664682,-2.2360646234155093,-0.5232216527899833,-2.0756629760112864,16.632043877775452,-68.5974610605249,67.72508117651368,64.80754396935012,-11.894492641703215,19.22332222276084,-9.380281625881317,7.1266317630676745,3.475378566811992,-10.856554207005207,0.5175851121571333,3.527047940953863,3.1405314475803325,-13.140845248586338,-3.352739471796422,-0.4050293389530124,-7.626025374468558,-1.0361894042538067,0.5407504422142,-4.770203960714436,27.172372878035542,60.00998428200347,3.066710918272898,-4.4835280686297025,-1.1573951429643374,0.44433557968249726,0.14497289224527643,-0.033260146556214565,0.7763268435573503,-0.8153610722174109,-0.31420835126564617,-0.27696681913293597,0.47842049449915125,0.08832189524516032,-0.2955012926409788,-0.5787653150498497,-0.05182860198014083,-0.18743937792393228,-0.051075087445312306,0.06153032265582081,20.731001966445287,19.754336105057874,-2.5433517608966545,2.887306970512491,-0.029149404078497643,5.604537018577545,9.25330365774985,9.478541817754913,6.788788468633844,1.0285600786772768,3.286450517623761,1.1653643244483176,-0.4108307082573053,-0.7521387471304877,2.647772970110748,1.4639867819936219,0.16301342169130728,-0.4053425551931811,0.46817120388374467,-0.9643773602132729,16.632043877775452,-98.72272397050682,-17.122374773953883,61.72862856494375,27.047559204008678,-0.7366506774633557,19.834679923768956,14.073802484069507,5.822261606778105,5.134205960300521,2.429963519866842,-1.6346232889306562,-9.240606153557392,0.11663788767591643,13.682877636088783,6.477675556863833,-3.215760709511732,-2.8208661836739632,1.6211867761888612,-4.864078763240251,27.172372878035542
54.961902258885345,-3.6066166157966957,2.4041652033044394,2.3677734850531955,-1.0157319295088145,-1.8590559885703914,-1.010891183688591,-1.6945859735226312,-1.0906518736830009,-0.5804221535962095,0.03674321320925511,-0.18591732119470228,-0.17903756151431738,-0.4253519563667907,-0.11879141338871202,-0.19503861799047417,-0.6375093498749806,-0.1634850294544814,-0.28756282347568773,22.642434744757484,9.870639209896439,9.323129244058052,19.774457706344513,8.345008699051327,-0.7901684192598375,-9.993317740685384,0.34268994891357485,-1.5731723936846262,-5.640841139622674,-1.2892278799011754,0.8153972061927046,0.32800088979869835,-1.3889396343785303,-2.2364249012176707,0.5191124146286406,-2.634663505087004,-2.440648399628722,-0.2893205098734384,-1.978509929829356,13.442599257280353,-136.36294568669928,23.914302125626058,-14.890121112654004,-29.720823896956652,20.60774466388655,15.422112492831157,8.612321196249606,16.33262913470608,4.673398694339285,8.139993952997544,-0.6964704320799875,5.270264953060755,-3.0864136219784966,5.893909385077423,-3.009793766972183,-2.5600679723809874,8.308829453103487,1.3603955136562225,3.5822560975876474,-32.18605285111485,56.3238197510295,-0.24351990164950132,-1.5329291520118145,0.0012531679286214015,1.0810931478581671,2.0940723104322774,0.84918339641411,1.6681917946278366,-0.0023230808944743053,0.918693379588646,0.2474407345919536,0.6250238814303914,-0.2172046931183349,0.5773356657656206,-0.03333082805220444,0.3909061214574219,-0.0035999229842289537,-0.036904124357297396,-0.24922011685090406,22.642434744757484,6.920270773856153,-6.899480519388771,6.150797602992123,1.389968730547877,3.661358475455658,9.907807252816362,10.293656994165453,5.719521284928367,0.892197412267902,2.4834204074141137,1.1276804099398094,-1.9286148740954316,-1.0702986463460573,3.505130410766524,1.7762118983375046,-0.12438937179827225,-0.4624980134913219,0.7645571770878616,-1.2296827640775259,13.442599257280353,-151.24747756648452,11.062011992575577,30.12681328212065,11.262753503721115,-22.115668248878315,-12.098891066150706,-8.381524460622082,-15.839692923707798,3.57266266407659,-7.687701445091545,-5.691528805506593,-5.260993221968413,0.7698074079722965,2.1426400695759336,-0.41154067032618236,-6.650930627507701,-1.9434114517618053,0.3976508673146528,2.169766279989886,-32.18605285111485
53.222444416238886,-3.3518233940444815,3.111006978455635,2.1991424420945567,-0.8599211907288278,-2.9242872812876413,-0.5540186469819188,-0.9000042105619848,-1.8314331462736888,-0.3006964282901494,-0.09357991519043596,-0.2219150086584718,-0.1364458637979502,-0.4371489872957677,-0.2675397281197216,-0.6910910624052848,-0.5798394948137393,0.05020812484116077,-0.36315454855829943,23.29762360190206,-10.157865043448574,8.751395589220298,12.027266395932454,1.6504258864245056,5.438750066496544,-4.913410679709795,0.8607552421035591,0.4930281588662113,-2.937654682021432,-0.013960681919988893,0.20306675547302921,1.8856773807019667,-1.288326020067545,-0.6438353758292563,-0.5116494985344961,-2.8654678437783603,-0.8751459935405819,-0.6027320358105199,-1.2136831383708488,5.780473792307838,-83.31276292711588,3.7796938877382367,-63.26960536604507,-41.15281316707975,17.06292390494244,37.987383140341876,0.42429119844205054,11.329795624401914,13.85504495980851,6.158792795213245,-2.048138902208719,2.726344648540149,1.315644859192802,13.714028755628865,-7.9849800742823165,6.413501944853674,9.747596724489775,0.07423100467390364,7.627472801550929,-47.76411852118659,54.554680998927644,-0.9185762366431289,-0.514528313106104,0.011184275221598483,0.10706067966902122,2.7185587505261357,2.223674084655723,1.7605810361990453,-0.21747190793653193,0.7353798095984536,0.28388738916090217,-0.025536200229408834,-0.2622807917343226,1.1367859907053368,-0.2958254071678774,-0.08619253606490829,0.06628965735081205,0.1237975972816554,-0.3999711260870715,23.29762360190206,-13.531002016235064,-4.874511037508942,10.235108960468294,1.767447441335769,-2.474336992909066,5.368186074949671,5.0316441304008155,1.8927448914174771,1.537003366514773,1.9338606612302676,0.4098217253708891,-2.4551208549865207,-0.6591645135061523,3.946775254761764,0.1250000381123857,-1.278049423420497,0.006923767060871278,0.7282816502058735,-0.813120219948398,5.780473792307838,-95.25309055533597,38.36906278547081,4.085991172481543,9.608488919861717,-25.433548904162397,-32.50339709049585,-37.96597235206217,-21.635503831379946,4.231921027283576,-16.736761194707952,-7.340821276935886,7.817904498691693,6.775936085148224,-13.952658823079917,1.5188113468164914,-2.652306179902646,-1.8055797153343565,-1.408742431047683,7.153107536824718,-47.76411852118659
53.38993993830163,-3.092422225167048,2.6164621272744792,2.0953427455365805,-0.884253631069587,-3.0022853205142113,-0.6282636445133098,-0.7189924864336295,-1.8608722990129611,-0.3548991251804483,-0.05088823303767276,-0.07472560600007183,-0.2214662404982608,-0.3833227845741778,-0.23703297714674587,-0.7976466642151121,-0.7883735567819252,-0.10403101140606252,-0.4703052519527904,23.2536256042002,-6.323582930757311,8.281233067397846,-4.497903570469197,-1.7473289859228407,2.36767167132738,-1.5864493867503708,-0.17993799569930014,2.3786506095443043,-0.38731971292539447,1.2260670103078897,0.03814503323750973,1.0999744694166167,-0.16346946999258316,1.648589561627171,-1.339351051645397,-1.8507469905498457,1.2971676653247715,-0.6152972899625075,-0.12676382117296758,0.23707436930256165,-44.517056249452565,6.220566042370644,-54.3795588635498,-34.43929830142528,12.860902965094978,39.94454764356432,-3.686566563349615,3.381544306459225,8.519980706482581,2.5217147295884734,-3.865655444481826,-2.620691882698577,1.9108579881118342,12.971115118391438,-8.007682893420206,14.27660838278784,7.719772654789625,1.7473154081013167,8.449990493855294,-32.48375149412441,54.48481796082776,-0.3248961522705196,-0.531761741536791,0.036305156413556805,-0.10374358502017555,2.6305304181793026,2.2167439262003654,1.7154422565184735,-0.04236318896368374,0.6145996490047483,0.18982006348648683,-0.17547799436877587,-0.44861327206851787,1.1431518929393625,-0.18495630962524334,0.010211944864666256,-0.1315268446473823,0.1414525689106083,-0.36919836042999465,23.2536256042002,-12.472046030183762,8.32085713705185,4.650862781007612,0.23500058266666057,-4.197927822949833,-0.49735772023963065,1.122886549739984,-1.2739279346318977,2.0825767282939407,-0.8547856494370105,-1.6867059917214382,-0.3257075518084358,0.09594939035327354,0.38904508209270316,0.32521213725549303,-2.1468775981092403,-1.5108254389462168,0.22446406682842834,0.8349735580023194,0.23707436930256165,-58.71325514345952,39.47132498287836,-4.082183121429341,15.131370430833162,-18.289429835961773,-29.02640706982738,-40.48425973592243,-14.152535675384186,2.1798976779052355,-18.726851624520734,-2.331096259271124,15.01610041970147,12.012167805834698,-19.633886257935806,5.117725140521262,2.133833368160543,1.0191822807215427,-0.014945238108864833,7.684929628723623,-32.48375149412441
53.7030072465129,-2.345483631123729,1.8741994153757964,1.8038814463309363,-0.6260218981067918,-3.040770125330324,-0.6709300317888593,-0.9234058186951652,-1.561107769686973,-0.3741469918342335,0.1464328615723951,0.029509724533247628,-0.17416539484589144,-0.057363321688761015,-0.4828603744286659,-1.0919045626176545,-0.5623019764737482,-0.3350982266777902,-0.5167248221058844,23.31564343287785,-9.750794544719888,11.785085628695475,-2.719184323003541,-5.069920114773626,4.097678039356936,4.2361442346484495,-1.033447619862716,0.4315291182432013,-0.6499426973542115,-0.371193078996777,0.02176096080857226,0.38590649549949907,-0.8204746952034525,2.8075828724569085,-2.3211302412193318,1.0357670784935755,0.7688257063526311,-0.32311776040849693,0.8122003704359841,-0.6472529388289487,-11.027847304672939,-4.1894224050922375,-16.656932417431833,-11.639671867595357,6.669526733578001,28.34051197079505,-4.471761613629225,-4.709700327939231,-1.6843994881958757,1.7984763111429554,-6.212990581466529,-7.239404380880263,0.4639098002830373,4.855314253456286,-1.5327514016537145,16.131591177051156,0.8842796469493144,3.868664915611583,5.115477406290261,-10.723636777327876,54.16398416898681,0.6701435248289362,0.13344270636693256,-0.2911974165389206,-0.20041455033286448,2.5608368758465994,1.7987816537510652,1.6990740583207704,-0.026839334925419678,0.8047688446414365,-0.04324562089475803,-0.34888899509452553,-0.12555607203282437,1.3949782211530322,-0.44045255520713744,-0.5005062253940116,-0.12001403356191997,0.2238873910236716,-0.2850406655288329,23.31564343287785,-18.17605077059015,9.03101080361844,5.6802699677455175,5.352579129792969,-3.182594284300909,-1.7958124009700809,-4.919059136063435,-0.532238837275997,2.5493309343060453,-3.4128270513046535,-1.0978531131890015,2.6966678799450436,2.052705277093959,-2.7705137770923005,2.9488923359428734,-0.15189555510453157,-0.7839687001329119,0.033846543489619796,1.5798482471591635,-0.6472529388289487,-13.148626519704997,10.895726349588115,-13.404695550863742,15.614110754825692,-6.857051671103624,-12.486990005115468,-22.76360334709952,-4.590267297397538,-2.422992090945926,-11.60091789294806,7.802207655429365,13.29500599010521,12.388249444134779,-15.353746495564295,7.6749728952766345,7.761472401902283,3.71202255583332,1.4953293140306751,3.041327464194932,-10.723636777327876
51.559829378369685,0.030830036441851227,0.77361719960976,1.6917394899735854,0.051154259843857464,-2.5940392599242355,-1.0424044891347708,-0.4935598646838888,-1.419474418439056,0.06933663332977735,-0.06419065855340556,0.23835754691774635,-0.24191253098663834,0.20904999164329152,-0.6808066160569384,-0.9200053631592122,0.0023057236174095497,-0.2784804986762597,-0.274159597288379,22.75196201392087,-12.591424164194187,10.916567245505785,-0.042096365962390525,-5.514467451062249,6.310819076857455,5.404178623917655,-0.553491901778095,0.14834927985649116,-2.5247067787149944,0.1502456834314554,-1.0267776187159798,-0.23245960894935624,-0.6674363027546595,2.5234235338349658,-2.5799886607390445,2.553023225170948,0.5972520778194836,0.44453005647620847,1.2335435626948745,0.4145868757865401,-3.563543459629642,-25.1641197870159,16.13619750010283,7.89962277966007,8.33241007492203,12.29921055900029,-2.1899866858320585,-9.504350497140377,-4.467343212115353,3.0473477840719805,-7.1279260905872395,-6.297032402963511,-0.6781857161066918,-4.156722853215901,6.061132633565899,9.285351523265305,-4.463393465469478,3.1883587694312387,-0.36600333176439115,1.6659626457668857,50.283145150908034,3.1225487861403907,0.46851672875547345,0.26994430514221124,-0.8641331486158061,1.9242543876522302,1.6230728867364308,1.0619813162510252,0.9436489967469399,0.45660603734864935,-0.4323457562409354,0.6238465029587319,-0.23759235779244725,0.6427620915881245,0.20158881459517208,-0.4753758329326465,-0.6658607970009713,0.02528301218590867,0.11080143187113634,22.75196201392087,-20.113832420696063,5.883421051486719,6.38712553863884,7.163088101735858,-5.129227796829308,-1.023397044137452,-4.973121240563635,-0.1442546884169884,1.4759824673248836,-4.2066615485787935,0.7159696995841927,3.0035409682895207,3.579850361271236,-2.9531682022743473,2.923128319682892,0.3794503781240164,0.442539360466341,1.104302111391556,1.4162978167305047,0.4145868757865401,14.369786856429222,-27.398393750260432,-13.089637656139937,4.900048507441083,-1.6510404731197745,2.497491361486158,-3.2849239361953355,-0.04549564960007446,-7.632670455976764,4.436822601991862,15.480919777526621,1.4314865479885213,8.246808447714642,0.3905327363360116,0.5486740046715797,7.386701538217908,7.2364631565947475,2.463331012519159,-4.067582453251531,1.6659626457668857
49.262102423844915,0.9790932894988069,2.672837280786224,-0.13401598751075872,0.721213883492918,-1.0103381942584044,-0.8636720346025464,-0.7969559623152545,-2.377103435237747,-0.6984108470436508,-0.07604822202828343,-0.18550333736763136,-0.5364600661554877,0.6704560608239518,-1.2062180292742912,-0.11202817368644702,-0.5907662818370911,-0.024126011727989116,-0.05512719067251304,23.22482892762725,-12.537868079066605,5.3390172976202095,1.4708965849631337,-2.2858408148034695,6.801939730520507,5.761531300353717,-1.188348611671656,-0.746671340259498,-2.71116089322457,1.423188137089706,-2.3709672092834904,-1.067807770555178,-0.8043877035449882,1.3464047647949893,-0.6577063948145296,2.9984426368868213,-0.08304837631328077,0.8016867487759134,0.6639018728403607,0.32989915040191065,21.043311704149467,-40.96212879239351,3.2625334024565658,24.5065104034391,-3.393824326680476,-8.19973671652058,-1.7970520859720138,-5.328922730380866,3.5602104181891536,8.059248296590448,-5.2036992728978095,-3.013072557708174,1.6299123423420878,-8.769808449446877,11.820665723490903,-2.626603019573018,-1.5188933802309363,0.4599791948601626,-4.38251245350331,0.16989555557452718,47.56749201859243,1.8732066959606355,1.8254674356205225,2.5706542657537557,-1.104041680683618,2.1737905653046314,0.06098003635597271,1.821192087694771,0.5641874663611788,-0.8920369102258237,0.046043742430112555,0.923135491079359,0.6585613896746214,0.0017240028348055603,0.9853481986933517,0.08065357528148231,-0.05852771653884936,0.19880564738881512,0.14995310134194473,23.22482892762725,-16.284422080831412,1.7920701800676802,2.664629806220808,6.1104590592140156,-5.4372128415211405,-0.6122892656591516,-3.302153647997134,-0.9672253803887463,0.6288044515263387,-2.190660335672871,3.1095877074327563,2.5277578800171057,3.7930097231022555,-2.0589913508368585,2.6635283945370034,1.3395227894140163,0.8862526452712525,1.0360272849396472,0.41688138278497533,0.32989915040191065,48.31233403642421,-24.508834760806252,-24.314518655560697,-19.38536978950072,2.990638626155228,3.818627341858101,15.999318270519591,-4.587785806289098,-7.049138344696254,18.18109699796547,10.502046013930528,-7.704850025432101,-1.8036553077856015,11.021057026618195,-8.885975746223917,0.4451077788349591,2.2778973306720136,-0.015645830163437457,-6.5276048245569696,0.16989555557452718
49.31468026753853,0.7035729372745769,2.19609501158807,0.30705773692630345,1.5975380165592856,-1.3154119740913435,-0.8086385939955139,-0.7080427746953393,-2.7152278555950713,-0.11764435586001198,-0.4530365005953234,-0.08344887952431046,-0.3740370562207924,0.5144792910869487,-1.1653484800934555,-0.011073246095241629,-0.47551536519051196,-0.03725209064285884,-0.08433228632203882,23.506326294718768,-6.7118178933987735,-1.0777926605724701,1.4751547255988804,0.810442753922116,5.18174586320661,3.80046235989714,-1.1974808427108594,-1.7844244097745348,-1.590382221047892,1.8525502943006384,-2.329453927010079,-1.3216845990378003,-0.5106058238751612,0.3008171888501803,0.8595033419351514,1.8105909918861842,-0.5085920260770116,0.41647984016090667,-0.23561623825735145,0.5814796475705748,31.213890923326396,-35.26854823201823,-6.926333355706034,25.377415670289192,-10.527670435709055,-13.755486522993777,-2.5346051619191763,-3.349663425848641,9.749575149375001,6.6981567876389505,-1.3617291177643995,-0.19532487647720687,1.887459018637834,-7.791306371787332,11.426053573859683,-7.823444031180372,0.5754474252305453,-1.9280560261906246,-5.0644168657487825,-3.0963275427760983,47.72614782567692,2.0152827879069903,1.8157886631558342,2.1869233661351477,-2.2165439182594526,2.3123550513815605,0.5990841146160943,1.582255897622979,0.4001146440554588,-0.6403282478510182,0.5031602316161479,0.6902802466890423,0.9492531777133772,0.363194900961302,0.5637074732659579,-0.0906427664110725,0.05899967707425291,0.7061444964238146,0.12145366449986894,23.506326294718768,-6.232966946848521,-1.7588694263029874,-0.3861359663000008,2.3060848716766786,-3.896138780899604,0.15962639284798374,-1.3280281623908343,-1.0791824878755603,-0.773495258304588,0.7525422937430291,3.9500334867309936,0.4744907221497938,3.349201391206446,0.22855023713298794,0.7422311102942178,0.8007639987404394,1.2722954666490744,0.9550392023629943,-0.617334236436352,0.5814796475705748,53.631137454318086,-11.765696296710614,-24.70995670619472,-26.17144771246914,8.784209997615315,1.2250520083328111,17.022556509454283,-5.820268764851056,-3.132267511858143,20.198342012381968,3.066886894007446,-8.208535845699577,-7.154104120944068,11.41279430492494,-9.72072583132703,-2.5184189736478393,-1.9510256298687498,-2.942666258956214,-5.250891431853663,-3.0963275427760983
48.55664776239517,-0.012346432729986923,1.8984088018682082,1.3533019154528425,2.0017560887957475,-0.7993181180699118,-1.3819872851943158,-1.189500033819189,-2.2688114977212503,0.43093757130551413,-0.8446278220483912,-0.343490947523313,-0.5102969840013085,0.46312441098690504,-0.5694426398176722,-0.04714930270622908,-0.3649156202264279,-0.054869056306533937,-0.2796875411688742,23.103410867679855,-2.168941828042861,-2.6987988144621515,-1.8465431675558936,4.0208799844537415,2.9653024828421204,0.9381340083984167,-1.6099791923823408,-1.2665454021317188,0.6630002329068141,2.807278763863856,-1.9287505214932832,-0.5760172883103658,-0.08393376347215775,-0.4660181797741372,1.8694566191890214,0.09368168534944843,0.5623010681854106,-0.07910305482076474,-0.6444759558395576,-0.6457515469337025,25.2807285674034,-17.696638378054402,-9.95657739819283,15.823878829046047,-9.889717875721262,-12.509122935409323,-1.2557595110928514,-0.5218691161016258,9.001704706217474,3.722909723111518,1.28513678109721,1.729248275217059,1.8675799405486644,-4.391681257762571,6.064279305260972,-7.526431209611482,2.361591983259805,-2.257162502175028,-3.025615374942043,-3.1785325891755036,47.30027179118666,2.1198116139794765,0.7921216422771562,1.805542582571619,-2.2428155862716115,2.0606419111523584,0.6596992158126667,0.9553240774404204,0.5593300671834902,0.2579058194048347,1.0437952388930785,0.8817730730488722,1.1775260217653911,0.5052661410480142,0.7102523127259712,-0.023111363947790453,-0.039317947963905864,0.40147029137454227,-0.08192609045071153,23.103410867679855,-0.9603164893018175,0.5977386621101681,-3.0903586075654106,-1.9116041499278018,-2.303819479188147,-0.4780104485337482,1.2580534601099602,-2.35866784069126,0.14950062477265424,3.1981195265171696,2.5361380002028624,0.10876799029885631,1.266202108233553,1.1491555165131293,-0.40364693247474737,-0.1399984759952635,-0.05989808788827178,0.10065508292218195,-0.667138138535893,-0.6457515469337025,35.92086164060589,-0.03205494750186855,-14.214199468837847,-20.261815439888114,7.859106026377445,-0.369079207130925,11.706495838714982,-4.062370273420727,-0.035611770430126644,13.223136957154223,-2.5607949009879194,-5.203702511287436,-7.136614512710298,7.3368990140801165,-7.2802286967924665,-3.8998050055542626,-3.224495020856395,-2.725128523475743,-2.2178429447412777,-3.1785325891755036
