39.82069919967748,-4.184328970371446,0.9783483660242447,0.2948852124227459,-0.550898587808335,0.15016743660968013,-0.45210872955724835,0.27264660248837025,0.01730025360211629,0.2875730667586742,-0.19467000987738592,-0.18659333494067099,-0.2550402401633358,-0.252998457392523,-0.18734834233788455,-0.25473225220281304,-0.08022000160133058,0.5152396672190238,0.33910837595185717,16.641882417637184,60.791159266964826,0.43687278445767763,-10.758418824438525,-2.101534403492558,-3.3825806974070565,-5.610744827469041,-2.420935282956869,-3.49132537649338,-0.5629009913091254,-0.7094073377615198,-1.703476372611667,-1.381436024386426,1.4141659648294758,0.6293934632449834,-2.9207703635788578,1.6099658990047667,-0.6323038771044902,-2.0178422409849053,-0.9423885394507401,20.73561197119434,9.712930629001178,-14.884840900585843,16.744953621340265,-4.562891742532476,6.796004663465699,4.560126564492792,3.7790909334346674,1.2782627045492756,0.2155341729921112,-6.667345998966805,-0.07602750980848505,-4.84432231152201,-2.72074024517966,-6.545280379376779,1.3849908986996624,-3.471294873435651,-0.7904378102607177,6.436942649176329,2.6014075962088548,2.5844180494670113,41.430191557773114,-0.5082791753495339,-1.4867451577445396,1.1481179674816113,-0.08478674271561992,0.43839426778396673,0.07239115120875717,0.3852632022000002,-0.19472693494605897,0.387701694728773,0.09964284464919837,0.00507542858908705,-0.01701000464819269,-0.058416545062971226,0.05901330528951365,-0.030910427044886557,-0.11969729519467176,-0.16512787006272556,-0.23793421589578823,16.641882417637184,58.8264130346128,9.661720785107736,0.29413908836973013,-4.447918446395485,-1.3809445959041105,1.3563450844703362,-1.8626052429852153,1.2932367154098083,0.009755123129887355,-2.134882268319096,1.386303112930227,2.694418951933843,-0.612902489605679,-1.56976006362951,-1.090432579276613,-1.980239881642015,0.1398963976367369,1.1556845379026086,0.4338391232323877,20.73561197119434,24.52812728974925,-29.904949483894903,7.664770146315478,0.013869937905759855,6.179194336054612,-6.01427438957389,0.4271579231665039,3.744273988387034,-4.630415763868614,2.2055512950691183,1.9559708743152542,-3.9458916153162393,-3.38400106323735,4.262038530485716,-0.7564820444275251,6.214192846277513,-1.3565754591177055,-2.1909216471438038,1.8268118655288057,2.5844180494670113
49.12814797868426,-6.298722099606479,-0.19621983107092555,0.983168885909151,-0.8528128573115432,-0.6541781956782335,0.09457012374603879,-0.9283067399550906,0.04311279752002539,0.039516123588867025,-0.2981877588645738,0.11197456964876107,0.1596868033905543,0.3093958547012332,-0.2091392412192432,0.5732974786588774,0.08071985472212595,-0.10274562203616533,-0.1763418522700666,19.768137741430525,74.14323412578631,1.191250398462465,-10.768300626188871,-4.647877274972274,-4.359634818021351,-6.778652139802812,-2.6592653149628767,-3.5845713815510867,-0.7934220538361663,-2.2960991016817416,-2.5479241032757214,-2.609193534967885,1.7374536229940245,-0.2642460048823476,-2.5400808403059765,1.8321656974010683,-0.5119509542754999,0.4238363240691889,-0.0709653656081708,25.897276002685864,-89.44424349734193,-31.42558071927953,44.584432979202255,-1.650200105700331,21.20750000018316,18.90722883364309,12.590515154729406,8.600388782964735,0.22190849971973137,-5.854778355117267,4.508964487389253,-2.7946755699301287,-8.221496633584394,-10.239423382268091,5.161914781185862,-8.954278111085653,-0.861066355348777,4.7759852109321805,2.9812851586214486,-32.651224610082004,51.794800544113144,-0.7333632770961556,-2.4241848859547575,-0.8379629469333709,-0.07654535365959969,1.561570332544897,-0.8196041364587927,0.5789396346941933,-0.3618751236685691,0.18559576774127873,0.16630817527171549,0.5282479331649865,-0.15481243487269625,0.03961222210209092,-0.03462611427449369,-0.2521071467637128,0.13460312539646258,0.1540788278200882,-0.06307544536571252,19.768137741430525,71.69524704918854,9.904060214363613,2.592622527311583,-3.8441626392053974,-0.7621409057449373,1.219407030248874,-2.4457972219095185,3.2888670951614953,-2.1721721508089056,-2.0322352193325592,2.4959953755138145,1.9620955844049894,-2.4207193530228803,-1.1961976025604353,-1.7291729119773416,-0.8661302506730162,-0.5660901248830446,0.4577599868963794,0.7909058477945496,25.897276002685864,-56.20066903888811,-71.86320470614604,10.49598244417086,4.221390474063937,9.037850293789447,-13.22334489686747,7.15652508067505,-4.253444598420852,-0.4577828202588705,4.308693133858296,-3.3196846613700246,-7.665009323676528,-0.019545980504278804,7.553729099863716,2.2812893623091757,10.570566755634847,0.3130756914080608,-3.127913994239429,1.4930771584419242,-32.651224610082004
65.5625544436565,-2.9086960135250908,-3.813576947647433,-1.1000238260667357,-2.091231801760259,-2.253032160980884,-1.9359157976873265,-0.8725394145365892,-0.27705651401140097,0.05689786946281794,-0.9946493216896255,-1.0265952994286,0.244679220474457,-0.21949888181690946,-1.6368380746866342,0.13623583186872512,-0.47684186831530395,-0.18468880864583426,0.125639220337449,25.446560741337684,58.971587152054674,-7.382736472837637,-2.3810011128932205,-3.1098088390189385,0.5039486946329408,-2.7467278890557596,-0.41222480023653185,-2.8055710216898886,-0.3398733735495494,-3.2497344552848113,-1.3192662621838824,-3.189718424856702,-0.10784798684262853,-2.196426992379741,-2.4186196758654677,-0.23678143691120934,-1.0876992436493442,-0.020210198923787948,-0.07739632826759735,19.446988980182084,-210.8431215501493,-39.699893833324154,65.82415226897088,16.38470709176144,28.49676106094646,30.68463415615357,16.319277663995514,11.454505961591803,-0.9809567663187919,-1.7021985776684057,7.265179785533432,5.521711732129319,-11.258364518097764,-7.53482073464934,10.813489815242841,-12.473104214160488,1.0040971867234838,-0.8174894958455092,-0.15854407285019656,-72.91177920641444,65.6610935819095,4.4351232680776445,-0.8709557494545654,-0.08280079850863986,-0.7793797351956853,0.5549787776386697,-0.41291382645007557,0.9350433436578078,-0.10627527901986022,-0.5786864759370278,0.7594617358030533,1.0906986522680588,-0.2545600343387804,-0.8923109604602573,-0.43938327456678916,-0.9104320080064809,-0.17689930667187048,0.2531110499471718,-0.10844403954463222,25.446560741337684,64.65605967219955,-5.411923671467655,2.9772824420565427,-4.742861381037649,1.3992507270436092,-1.5823230832058774,-1.3574302919398118,2.167558519727482,-1.2144891218350229,-1.0834301452778052,1.8094424187960605,1.0876348280401502,-1.4009945895157534,0.37447797107881087,-1.149303435140011,0.5698017260122423,-0.18539807066222513,0.40918598983382126,1.1687116937157096,19.446988980182084,-170.3551335859168,-90.47839482391379,-4.25400357199193,9.808487895492439,8.932166482223778,-9.70281079976045,12.544864577105193,-12.24914997599731,6.176228778443756,12.18530257903734,-9.775723020788124,-10.473319852692935,7.623401460127111,10.563284291248625,5.780532720327677,11.500167806629715,2.6287139291502575,-2.79498325828328,0.1255161522446706,-72.91177920641444
64.02138864058112,-4.226520249563391,-2.009839290234352,-1.33159890581865,-1.9605493898430484,-2.037558834496444,-1.0398378529736476,-0.9470460797746934,-0.23223238950920821,-0.7451388854342684,-1.0686424056091268,-1.071189120180649,0.36382684101478,-0.4018712476215036,-0.7326438963164978,0.465866554461952,-0.13788454538209383,1.0771220671860473,0.41036027095497585,25.188181257129866,16.97882357574894,-11.36611294653443,7.345088809389949,-2.4224972385795334,5.277904606664524,2.4108611201458614,2.869967053047665,0.4659918375872416,-0.5634605503290477,-2.3666329565585076,0.3589008158690672,-1.8746326091163525,-1.9355753761266685,-3.0774080000767006,-0.590888316842622,-1.9437994885800722,-0.8351393715064517,-0.6286656565493738,0.11575793426841297,5.0543111616594665,-235.76279358004055,-4.1053685819192065,36.73654503271348,27.415845697550097,21.65060561905284,19.47229065151472,4.141160381350913,12.399115724389354,-3.922555759502216,7.989713725754577,7.097809418394206,12.753938296352931,-10.113568528701894,0.7300436149896821,7.320913372025091,-13.308288337829893,1.5798794924887944,-9.0757413815594,-3.426865798591872,-76.89430587604147,65.16236407029919,1.9720497101186831,-0.4983285982337353,-0.15850396912596176,-0.11856069934805591,0.9898055279810523,-0.9078549709165857,1.754806679051844,-1.3250388383136111,-0.14522182960460617,1.017731086829178,0.44331160895209587,-1.108594666314339,-0.23956813864454585,-0.5563748607710057,-0.02421476190059746,-0.3741413518975947,-0.14536733661948453,0.0927736198259086,25.188181257129866,27.81125519637537,-18.73305933967759,4.200558633611753,-2.1897517420424344,1.7478828895167529,-3.785993280125292,1.4630698218296079,-1.2706464859594546,0.3929858354829072,-0.5062617629105932,-0.48510887068770203,-0.3346936479575744,-0.22862942990278112,1.2349854689481878,0.07964752980967393,2.03002269234828,0.4590814774902483,-0.03502318518271208,0.8129414172116889,5.0543111616594665,-228.01119540407,-29.740501788581664,-14.73576567637223,13.742528370895585,-6.948932662949755,-0.9830869094026928,15.740576108178436,-13.658303460783431,14.970249240041781,14.638186620687431,-14.202686344944258,-7.991759864452183,14.942119218616536,6.324385654086013,5.8823409801234225,2.990104444709085,2.1501454663633828,-1.1338123457414537,-1.9758536678862375,-76.89430587604147
61.859872444756384,-8.911798131811809,0.6946575391593477,-0.10263531122282288,0.254944025773888,-0.5315061885090944,-0.09101714131567107,-1.1207692384467727,-0.0149638396580416,-0.9449666563721637,-0.46907581759705064,-1.189870702454317,-0.41103425239676294,-0.995578402421025,-1.134905852721991,-0.31940750855995503,-0.5147674233738928,-0.08479927685397648,0.007059150205537268,23.655355149878556,-16.048196233091147,-13.134392459705953,13.0969625922575,4.978129124191793,6.047030120723235,5.1368156206334055,2.9740873650356168,0.210645994733357,-1.1683601262220806,-1.5252396991573396,0.4757010605826548,1.012139378752467,-2.3785017946590594,-1.7314359064825107,1.5113782823108854,-2.738603615084907,0.0313389248727276,-1.9003359985983785,-1.1150222258141302,-5.298795211499677,-125.96536313337525,59.240457837404534,-20.12800748447539,15.743528365796909,-6.367333469631006,-15.72663684695318,-16.12291038509227,7.8391363875547695,-7.61225447730118,12.563712483891015,1.4700478997514992,15.914551022259786,-1.5681669782316283,11.3698396008155,3.231816748725683,-3.2980982300742854,6.1798408418727355,-3.263808184870307,1.2962161352367445,-31.977200773837048,67.07443963077986,-4.566947504690781,-0.9610320805767794,-1.5630422119409175,0.6358462936504128,-0.06688487153704958,-0.5621985775322522,0.8811089398849159,-0.3203896385410494,0.011395420762812858,0.5786525982684974,0.5913610047156075,-0.24061618368524806,0.2684126208497526,-0.2547640390322359,0.14004424352967693,0.0419759081212443,0.18918820707397144,0.268497098366256,23.655355149878556,-4.409157831939012,-21.25891684982855,-2.63683075077632,-0.3708799472307467,1.8301267475769332,-0.9923601602228063,2.455393523697818,-2.551581482028372,1.8152905192058588,3.1947822929885916,-2.0110062743630768,-1.3938463582313432,2.1027532788978274,2.4962905462404907,0.8954235599937175,2.3217675501621953,0.9416675610252192,0.0045844948005144825,0.4855794146461534,-5.298795211499677,-176.02828076254207,75.92637673071293,-8.627540609211488,18.39780619830014,-25.22303915120179,17.12501692921789,10.050544730572408,0.17287776631972163,11.157405985966449,11.536983360079855,-11.820175326364808,-5.3365740440653315,10.931018485703998,-1.7893291882431681,-1.890026764227318,-5.629885568202928,-0.7168587584384425,-1.5707358905632096,-4.219591152177293,-31.977200773837048
59.46890076600879,-8.980227513730336,1.2222073302206589,-0.7267739908025721,0.6130515322536456,-0.3095106218411976,0.6071043220840435,-0.5711959092063781,-0.36966381482117816,-0.6428680917728959,-0.38152410297632766,-0.7437040333965568,-0.48024414823717,-0.8412683850350593,-0.7555495106228758,-0.17078059541681867,-0.31788705350180546,-0.4670232162067811,-0.05917285006990425,23.190896117989823,-6.228270971661054,2.01439410093702,-0.1390099624074912,5.016076592197409,3.6941272784599226,-0.9842785688900348,-2.281841206923495,1.1068779724319673,-2.3404565572510085,0.8365103831318113,0.10349694453811287,1.6668467114039962,-2.1840037374487067,-0.13171974033612166,-0.8446231333816079,-3.57106738242703,-0.28153029229213855,-3.1739714668732155,-1.2655853161308404,-0.17698483949399346,8.736277956754542,74.28770133427003,-50.52479754240194,0.04104131056418492,-22.834085534083137,-38.41540425290166,-24.63827342366934,-0.7738425923681378,-5.588999553854009,6.923515385722874,-3.596442618953411,8.807736305587293,5.400709318728538,16.113237379810737,-0.7401691574807838,9.809556942168053,8.921218856626083,6.350880660707574,9.882231847104375,13.375917089612134,64.99375511786565,-5.598857560550739,-0.27886740358777384,-1.1927181112384493,0.08978307667572771,-0.0204944829298892,-0.013426850002900448,-0.029416406399088046,-0.05832502616652091,-0.3625760620639382,0.014158308695142452,0.610569932962425,-0.27609907515085297,0.07674316592117991,-0.08711196713693337,0.23766607364234815,0.25470625674502934,0.16852865666533234,0.1549246942846878,23.190896117989823,-7.777741900777187,2.957305909253229,-1.9682037144581006,0.8411108293389438,-4.452045247486477,0.432882114055992,3.5180789243608848,-1.1807146343522934,3.7980626486915434,3.1477518718779582,-2.695123450378746,-0.7930437546853555,3.2984663220785984,0.9050889369017314,0.1896340805175054,-0.24706094039345006,-0.054550207545075446,0.09315456154230595,0.144545153386209,-0.17698483949399346,-56.81423542396869,112.85798241357163,3.3573310228561395,9.399541792493931,-25.098246517873076,23.416363408607292,-0.8233750452221931,15.449917387645897,5.192952241925438,2.94886699656427,-4.585126810825756,-0.5487912868163556,5.328678840202224,-8.07928522960038,-9.465383289687484,-8.702128691410856,-0.5437212319636617,-1.0056971953451375,-3.7365624429753437,13.375917089612134
59.81470026439709,-7.099038611294596,1.1188810382538117,1.0866282785211219,-0.3545172024469885,-0.5486484569918044,-1.2723432026983637,-0.9551415024540684,-0.7925208644664563,-0.7568573769465381,-1.1003579427146977,-0.6842681534444126,-0.5225361822290977,-0.865518266351387,-0.8696961263780025,-0.914742400734343,-0.37117115181908433,-0.3627841662486093,-0.19710533205717606,23.795805705157868,7.592452859072047,15.547238922128901,-8.702955469232196,1.0426684284910444,-1.8878293760802616,-8.912476468014402,-5.897775862797087,0.7935541046651333,-3.2575026087391588,1.4305501168155361,-0.4565403766426557,2.9968174260130165,-0.7677172952974236,2.01564867815772,-0.6758438932331332,-1.0721966050248732,1.725416637679867,-0.37946138619702063,1.2613833645504016,6.07403659384029,44.82853105191139,33.23447540816285,-21.614670360151237,-23.865655133118338,-18.116155103282814,-26.799699562335384,-6.607264348007165,-2.386293809149076,5.046676016478138,-0.30387858131822787,-2.2301326737798752,-2.2084596375657655,7.113453065105132,8.401316683896605,-1.4523261384464878,15.646236390091659,4.586957500911611,9.765807911761462,11.797752350166178,16.987200647924634,63.540819142156764,-2.40888152150192,-2.299101722165706,0.24886629893223056,0.03151175058088951,0.5639487029827372,0.36756887494199075,0.5513641453690878,0.16801307450952407,1.127381786786934,0.2557449876885327,0.3101463111472227,0.38056880952839034,0.19767866037712523,-0.2263029413869666,0.11951134930314389,-0.020489330480572887,0.09845530070502062,0.10327013054905487,23.795805705157868,-5.5635821604952085,21.7060820694234,1.7478933114857256,2.9406104324217326,-8.11230478005567,4.870747684312425,2.6403375220807535,2.2090314770837622,2.6616754645438836,2.858054717367846,-2.9956379545408223,-1.3514771406286248,2.300966777345556,-0.355238357019545,-2.149310092607586,-1.1065992417183568,-0.2870116073637845,-0.44027082881029256,-0.606885750460197,6.07403659384029,20.017113043362585,38.19890586757796,25.10050135132775,-1.0189669936560821,-1.391164025480097,9.966173521939918,-7.960127090688293,12.435230096795516,-2.169381216101642,-11.014348712266314,2.89264167881466,3.3451665125887424,-5.713196928246095,-10.587635793047827,-7.312225092311262,-4.522269241263227,0.25317766324824054,0.06813651837159762,-1.988544706928736,16.987200647924634
61.92983924493024,-4.125702959353488,-2.2914560209853296,0.5818075954080824,0.19124486349735115,-2.5211269847001065,-1.5900954257440487,-0.47642096155506186,-1.0136821557305051,-0.4209383335811756,-0.7012528707812469,-0.490567038983603,-0.6724240627934059,-0.5327611858243835,-1.287560326179296,-1.021999690664369,-0.35044782730556734,-0.3708712215532439,-0.12035014597908766,25.029463559743213,9.526638008044614,11.436922029683158,-7.017350931066176,-0.43424623544706664,-2.1717084119752945,-9.772194961981064,-5.0132380448706515,-0.21238351356271545,-2.3133890859975135,-0.3827701716835086,-0.973199774994983,1.5368965200470193,-0.040612966443217324,3.1056683975085533,0.13263819218899542,2.127775477473937,2.7784312004030203,1.7863373676037342,3.868671062638335,6.05585380379555,-20.03569986162649,-41.10458783053196,42.71534192484335,-16.16347052438653,-4.367656301464381,10.830476356298872,16.596539340792155,-5.409224178001544,11.702572142913759,-8.5906416805234,3.3051507560817734,-8.940871269133801,4.666486331192611,-2.861148359211037,3.304306310189231,11.281427299625356,-2.950369217001174,6.29484723449939,4.227432709012301,-15.907652553083622,63.04030336422215,2.3716696731508673,-0.8133956346683222,-0.6439028098930639,-2.0424160515565326,0.8908297977491548,0.38630076502673516,1.3293217591336113,0.32979112950687384,0.8706609233223124,-0.16837683307021267,0.18739707839361053,0.23004599811814108,0.24834331004263355,-0.47578836933488766,-0.13747878498405597,-0.3701838363692238,-0.05342360266385615,0.24765968042761366,25.029463559743213,-0.018650351330876447,16.213432407482248,3.6868621139088003,0.8542739643782915,-5.830024605603484,4.990634501910738,0.9589103000270436,4.0740057283074265,2.566269483776614,1.1365355231819145,-2.2853564360117073,-0.6302739001671114,2.3366032409744664,-1.3788926942219848,-3.130677288733416,-0.6068582574168715,0.8015604457029193,-0.3154441210498773,-0.5091072217228079,6.05585380379555,20.988402791638308,-79.08914777453283,13.61525596799665,-6.818089751325096,33.57840462674854,-6.239353483541139,-9.123497525697523,3.3940617438561547,-8.23213486720789,-13.131823237607192,8.141626290549565,4.146641714688437,-9.455553897640158,-3.6083519760018437,2.4626408545463354,3.558645647955969,2.1930566791229964,1.9775376673223135,-0.6356507009183339,-15.907652553083622
64.42562963483168,-3.5654409479357825,-1.8999885198537556,-0.23559189008262793,-0.4780673278880956,-3.8819362410868408,-1.9413051988001686,-0.7713796599398641,-1.3217059735729575,-0.3406564770602558,-0.5374816220159189,0.18196951334571443,-0.6988029427673568,-0.1420076629475031,-1.2068223915603475,-0.42989626344861653,0.3642212823679216,-0.3226059672792554,0.6683394804353298,25.773089725922006,-1.5113851969882859,-1.2284187199975953,5.728797896511223,-4.229537028545137,-0.07812958570056372,-3.8690759639887733,1.0361536100056123,-0.3228701668438396,1.341444146390241,-1.0675387124087936,-0.10101691654073486,-0.027115344351927195,0.10652935239076156,0.8505283665434542,0.2965845503023399,2.2350931500104383,0.7948369289809538,0.5024135400438776,2.2167257598843717,0.0783857908178689,-60.31505182906102,-64.04078152866795,48.07920535231589,7.366895388198847,5.262443362224927,34.54595975669359,21.777973018831627,-3.358741162746919,12.649974477039247,-8.363726301422508,9.07209436500887,-11.115284736681854,-0.013525398797145094,-10.375831968202618,-1.062077235998311,-2.198548291265131,-15.040485517240445,-4.814203338606648,-9.014018729175763,-30.99421171646845,65.26937442735401,2.300829913170116,0.1801786907063576,-0.3671446464027439,-2.3542065322612924,1.912826830279641,0.5581063759933067,1.3062555956604474,0.816390015894195,0.8238042867536106,-0.8278988081192362,0.12720886168570233,0.656794668353033,0.004993370279253284,-1.1350808842370517,-0.2256829480162994,0.21091515099647862,0.0800289223334194,-0.08131326993530541,25.773089725922006,1.7198529150191249,-8.787527165154081,7.085887010704104,-0.8869450115784616,1.8235344138953882,1.7118504068197797,-0.2450857094794081,1.0386733850395262,1.3464964936125026,-1.3067838887965433,-0.7695689421392662,0.19735197080390599,-0.2729136446731544,-1.6555365347215647,-1.1005333015364531,0.24053158804229247,0.6402010660253421,0.2429520952824049,-0.18186675126370622,0.0783857908178689,-4.7049133458531,-93.72535264463855,-13.709474024922766,-11.267806672051218,40.66582687839611,-18.444615406835325,-7.1397027937618,-1.8601493628800463,-6.850308832636911,-10.61037314340701,9.252158094009678,5.409123948962537,-8.209183052106276,1.8444659792003009,10.559858015551454,6.068546446897719,-0.09004247673618981,1.3233154634380384,0.0041927148015834526,-30.99421171646845
61.9267550848138,-5.0285653305681635,-0.7770333562586451,-0.2827870242242305,-0.4110276110134481,-3.5289642107842116,-1.5650337023003797,-0.7692685872448379,-1.2617658032666843,-1.0423536275577914,-1.1495621508232086,-0.40837460676811066,-0.4124172511896491,0.3498105120172754,-0.5206672819372056,0.6506840746772866,0.7036323296062017,0.406056368110409,1.4424402750030103,25.23018100950553,-11.694201874444133,-10.150070993265713,14.002784317142476,-0.42955594147776477,0.6054492325378833,1.909259357246587,2.5494637270712333,-1.0395219808143183,1.2113561366411711,-2.2097660425177232,1.5783105925280392,-1.291622537980433,-0.28788389569649375,-0.9797337641345072,0.32131579994527115,0.4160013898679922,-1.291425046443269,-0.46748531274396954,0.37045984070832483,-5.132985714524594,-24.72770858701093,-17.36589432114058,-2.616464716033823,15.384277350596259,-5.249393118549022,25.957786539503523,6.980084334902432,3.3362188475051306,8.119130002437688,2.8794762929041937,10.872331428742047,-1.957124288859149,-1.514009953369003,-8.65552641041104,-5.5340504441504565,-10.994757841686422,-14.267464809947045,-10.71436853694558,-17.88953720888209,-14.729356031366557,64.12015229960159,0.15300292585436726,0.3249234469305944,-0.4575756563818163,-1.6323700847049234,1.8003837043770279,0.37075954948496337,1.6301407326089454,0.9006212450294506,0.35748044954368074,-0.5866980114068268,0.3869017076096295,0.7540896159240589,-0.5163605361408765,-1.198061640078599,0.10683409359363405,0.5397842388579632,0.020019785326194306,-0.00733721633453599,25.23018100950553,-0.9252580427151997,-21.34046336072445,2.170427419931035,-0.6541563243235071,7.369237468912262,-1.1073459889682549,0.39904177729220347,1.101495283597902,0.3395847005532886,-1.3357404438434424,0.2626551886952586,0.5058625469425975,-0.14237041573212483,-0.24893796224818043,0.8965661122551067,0.85869646870421,0.5783717953218594,0.740311933157114,-0.38578969667120333,-5.132985714524594,-17.325200126414728,-2.2222651560708213,-32.00903280226876,-1.9937838424523875,15.28029030046548,-13.831977221814235,-4.837683981018936,-3.236607210254721,-6.238043439706011,-2.786439644547983,3.727782689575272,1.2406745702620534,-5.5279903363931595,5.227924824765916,6.295603888946854,1.8569544042490087,-4.221501362272079,-1.294320611262163,-1.421352366558754,-14.729356031366557
59.06054974596117,-7.261816785686055,3.226068654146081,-0.59584292593529,-0.09244575804187072,-1.9792678259441385,-0.766797259417392,-0.9701527730311001,0.0022430324967537274,-0.979919086162627,-0.9267117609640843,-0.7389220417281224,-0.5992749118355953,-0.8815399320004893,-1.1048503733478778,-0.6335377083999516,-0.5007927657844919,-0.500041191058497,0.1298623373939607,23.734639875685644,-11.95465311421409,-5.6796553307306406,4.826579582821422,4.723770975605817,-0.6451865172243871,2.519776250718567,1.2098597606477832,-0.47224724308252464,1.3051120184611218,-1.8378150984786106,2.8037516221002683,-1.1465654133141836,-0.6508445300693579,-1.1295662251220593,-1.3012213151104266,-1.3155837068544662,-3.759897997517211,-1.6596517153264927,-1.4965203890724752,-3.8286495052338623,33.76351330213986,46.79107817470555,-67.2771709461067,6.563003216071596,-14.79056595099707,6.8347156066915735,-10.132638524248428,5.969990015081773,-0.08518758244719837,12.810577247011526,4.007960849767819,0.2548790894673689,-1.076099463380094,4.8159255728257815,-2.7086996639252514,-5.773942012394573,1.3054978938465545,-2.1381855919535213,-10.259295275979142,12.135449104365026,63.86082113197661,-5.693311730430711,0.6746822423868872,-0.28776978361262406,0.738255974102779,0.9650969530786906,0.2527966279731726,0.9202913511511839,0.555846263554487,0.7305800792779782,0.08012110578720666,0.3090699819411662,-0.017909821711145746,-0.2477376838919021,-0.41543295678333747,0.11762070403544511,-0.15537283508149535,0.18320965435119785,0.1398352032982766,23.734639875685644,-7.462734987729597,-6.379646368792524,-4.348626353986775,-1.939077759252977,5.6209776218845136,-1.3025697736657404,-0.6495796134327265,2.7652120179985014,0.3498634398370908,-1.2109938708229806,0.3564352801105337,0.7850166102977894,-0.5641379203542862,0.0020172665937032708,1.1169972146738796,1.194896618669962,-0.2204385205413495,-0.306491124194769,-0.6664481555852075,-3.8286495052338623,-19.85892862104746,107.67396276013443,-29.529657784062362,7.975864396823877,-19.895840212785743,-4.274606886152442,-7.924345957122108,-1.9934913772577367,-7.891834848623243,1.77864577751058,-4.170309149383412,-0.7147199251387444,3.8271278249797045,4.624026897006492,-4.22052136160968,-5.400889128211307,-4.741869548356094,-5.2223025055902434,-2.501952719785406,12.135449104365026
58.76527825214343,-7.352550537111208,2.1469075505859903,0.547155142595531,0.30115869484318036,-2.517831513648164,-0.9026175318998204,-0.896795395416603,-1.0699785904447752,-1.2061900502888516,0.2825174949568554,-0.675932530436901,-0.8661300261075335,-0.652861933365144,-1.1778884353128953,-0.7121782732547053,-0.5636533264509951,-0.5158962660356079,0.3341183458957593,23.482195627599097,2.3844176731520506,4.979593174479391,-7.874474132238187,2.781238437775586,-4.512876505487894,0.012272200417027701,-1.610048952740521,1.5304144483091924,1.76434197918589,1.4421061678034968,3.0105816700555392,1.118059410098573,-0.4189310018976591,-0.23204751186421024,-1.8354840971798496,-1.5942650149368212,-2.0779337413214196,-2.48981427318387,-3.219474467324286,0.6446934361381373,28.8403525245595,70.37935262358684,-60.5535440719165,-16.499298569061146,-5.924262977570078,3.8466797210785972,-10.082942654840927,4.349418077459514,-5.0102747793365605,15.632623396705771,-7.5371260248339915,-2.501759818499542,-3.06780529635696,9.680784424622328,2.0413595609972313,0.15027630377562096,9.58650143158273,3.542585283692467,-4.982041494336372,19.724213546975914,63.28195099055325,-4.301491185410945,0.02456629945693045,-1.0106684034498774,0.09597142971756245,0.8110217418655026,0.738476527682904,2.073051523187194,0.6298553559533722,0.2494028051384074,-0.4910591956758048,0.34939779173717733,0.49621303528416805,0.250239856004121,-0.3873292769341914,0.12021762334217678,0.1021460543306929,0.2651419979058116,-0.055809404524779005,23.482195627599097,-4.08995646316388,13.898359431266059,-6.60039760488014,0.3834484169893555,-0.08860105936530571,-0.41814401875361895,-1.2576847385057648,1.5924328067005784,-0.054435709188685566,-0.30457930807885836,-0.9844672023489713,-0.30376893478302636,-0.28177978938154746,0.4062928175033391,-1.091640602365156,-0.15556357060620196,-0.8788704421497742,-0.6878828169423719,-0.9774927028414342,0.6446934361381373,-36.53417375925788,106.80303225232183,0.9304936921080817,20.73454866842459,-31.78494600940829,1.2908510534384745,-9.692880276279274,-10.170847180668,-8.415100315970541,1.0957925420996677,-2.233142933242759,-1.3279247754407097,5.926815421959025,5.192695715727432,-2.4772189844172647,-8.527703660489669,-5.987705010815455,-3.0928177443846367,0.7848029086368407,19.724213546975914
60.02904149405982,-5.2432760100295805,-0.9486691818653625,1.7113225143103996,-1.1567537394286034,-3.127614464295581,-1.6675834036765567,-0.9437398773952439,-0.7650435707533512,-1.177645814934031,0.1483543661441833,-0.2575342314769822,-0.7973688203430935,-0.20545455281732306,-1.528822472427716,-0.4062569429098537,-0.8820848883620855,-0.6914555078694933,0.47424025045271767,24.73275766425829,8.331061680283554,14.602288283482626,-16.97115835185179,-2.5534326101360136,-4.91424969218621,0.4967754177717931,-1.9504093122127237,1.3771566261352914,1.0223574338942822,3.5118138059363595,1.1868279695794248,-1.1045167736577457,-0.3659968261987028,2.8846480268211963,0.020634666902274557,0.3532553462155583,1.8408402233433063,0.4444852242870674,-1.117954724088894,3.2572707676690165,-18.496563467209995,42.49760477132387,-2.693004072665942,-26.013842380920778,19.28011556803635,8.590767831612485,0.7622641233318364,-5.037865953722225,-11.41301152080623,7.417866112289367,-15.74514900776576,-6.132812227231744,-6.113670449733506,5.2972365786201,7.79636126761904,0.21333268594060595,8.604547398062675,7.501933205425182,0.1117671858423348,5.570297917797415,61.95710758801338,1.3382537844065103,-1.8439559125501979,-1.060137152495202,-0.4078884785302783,1.7562229247025334,0.04945808017797315,2.4674062093705738,1.1267046803507796,0.272346173544757,-0.6975005759294803,0.5384691247708231,0.5036639984958353,-0.37729819249639385,-0.9819484584723157,0.3650735964444103,0.31951498298943903,-0.19577774605377374,-0.39030125363278767,24.73275766425829,-6.627262185280266,27.430042818917876,-3.2935293689214906,2.5821848161770458,-4.395466428358699,-0.7700540213637592,-3.378895430141478,-0.20354106514068038,-2.402410725828132,-0.9330415679235453,-2.231162321308857,0.2448077490973457,1.7103549546414092,0.3288615239059214,-2.2166906250311618,-1.952782956408155,-1.002112589416888,-1.654101782462974,-1.1369916080712938,3.2572707676690165,-45.549946721294496,18.592757850909045,34.85748916180814,18.035757622917327,-21.042706734296218,1.8851500893856148,-3.930096252211339,-16.61567056643038,-5.720287895769902,1.3089266228302665,5.708815246695671,-1.1736296961424206,4.416472732684408,8.907469992774537,8.565723041732753,-5.570205331137363,-3.2677996772894304,0.44587189112242576,4.820144263916366,5.570297917797415
62.6347180473405,-3.548039131156705,-2.6269015043720167,-0.045750525459282265,-2.1353118730640284,-2.9486547913999765,-1.919665106541058,-0.017267810908169867,0.004048487951313184,-0.222437179270341,-0.18180437934957272,-0.09003880684439425,-0.5228357978847296,-0.10425593350641282,-1.2264232809872113,-0.2600888155361729,-0.1446884797657113,-0.7431436100760278,-0.33948591518851123,25.053468833288274,-7.416883009413205,14.898633511421076,-5.375118751479167,-5.040603433137424,-0.2221506687662438,4.844099634259273,-0.9118730639189767,0.21048512330653057,-1.1524039607436896,2.9317312036276775,-1.3817905936285348,-2.563526767058423,-1.9642103958103014,1.8535513222050284,0.6810675894375362,-0.3432799847792096,0.7014565589178379,0.2517388592954841,-2.3098437389516513,1.1861609225119238,-53.830864641560616,-3.221419557330522,30.78056123549402,0.8184964207204946,29.965679600826178,1.803822345546263,9.372269091128118,-13.005305853584307,-10.590651072094706,-7.949907898068584,-13.856588963811388,-3.0012334394343125,-4.269462881467939,-3.9257871161838143,4.5172904198577495,-0.9283618062323029,-0.874759094905436,8.50031428504034,6.734101450212324,-8.947047672828102,63.02703084000126,3.5863998840687854,-1.7159562780409332,0.12033223655415037,-1.1035983880710476,1.195748709188297,-0.1564135458703193,1.6527997068495397,0.5879741820369615,0.43430774837086217,-0.6901207717229689,0.12031766880328787,0.3524128111297946,-0.24843387308696108,-1.460624190416688,-0.09467413791394952,-0.13709489125239105,-0.13442792294250583,-0.23101533928972096,25.053468833288274,-19.610081323568807,15.156208171581266,2.1081257734524335,7.452486722173777,-3.515013510670277,-0.7281783384000082,-3.0827404524930575,-2.499551765166507,-2.491828374599371,-0.9268203242433262,0.43988252278357454,0.11200458982246442,1.6837908577495402,2.1839877669594263,1.324800539898995,-1.8313155740015659,-2.0246436756480986,-0.132291609901102,0.24188348389026015,1.1861609225119238,-39.2485901762839,-42.2244038232635,32.41411031938944,-11.056891608118967,0.28995408405770995,5.802627175016966,4.58290689819056,-8.287210638302266,4.221994889442174,1.9580299158922905,12.664073188690718,-1.31894473688974,-0.42489776546211444,3.3569208198022333,14.36405507129182,3.500805389668192,1.9231584448839933,0.8602990211515051,7.519382681311601,-8.947047672828102
61.29136068850441,-1.8629283469219935,-2.8726059943008107,-1.5761063969758902,-1.3313353201813714,-1.5154684781823358,-1.233478128203135,-0.721338252217671,-0.023591789754149328,0.2841113812962974,-0.10113683902115778,-1.5841272903532486,-0.9539204390463487,0.28648108148074325,-1.0702656170595826,-0.6829547641514386,0.21014492254451933,-0.16417490689475334,-0.09231289410835108,24.577638656675564,-16.30228450653646,10.609626886460454,2.2303998561089413,-4.3722292793980655,6.849508348432962,4.399246449603687,1.2419038779029292,-2.331215557442306,-2.9430207719772024,1.126305439753983,-2.8726367499405745,-2.3721784383515576,-2.9350400579797897,0.47625264715337146,1.3386834753904002,-1.834409878962969,-0.8473194486055033,0.7205383211464211,-1.895452160337625,-1.314234289522048,-60.94602218242249,-31.824999372437855,35.77501717459709,31.61813644056902,16.087799778614567,-18.50576829053711,10.611018883687075,-6.103427528196237,-1.9047898603856726,-14.677836804451076,-5.1036891215708,10.019167589567594,5.065207926109249,-12.876188842561604,-2.9496595193606385,0.3506856167905159,-5.409806174376382,0.358939755757711,6.162504668047282,-17.863233288956636,60.67465011461247,4.077764144288361,-0.10182115332492625,0.4378223044738849,-0.8596923311822651,0.38770645873541376,-0.9892060503209548,1.0286467267496708,-0.6244185124013737,0.17160682369997815,-0.9359292668436399,0.5460139179567838,0.9091677676867456,0.16602994260659965,-0.9871308125576701,-0.7513248935405692,-0.5368086569983974,-0.44405627645613044,-0.34105763335489936,24.577638656675564,-22.47764591817438,2.287808186504395,8.725856537751007,3.5442818996134764,-3.1871695196111087,-0.20497756914973841,-1.7020998825447498,-3.496630979283147,-1.291584175342517,-0.24541005132561344,2.4986680408920967,-0.00968500007616635,0.6613131224223741,3.566904788252928,4.191638164408181,-0.7523300452010377,-1.2814517424369025,-0.36135078215419103,1.1339358830071284,-1.314234289522048,-26.886482596269246,-55.934986338975534,8.445675871953958,-35.72275217528018,14.944129146148857,11.228788663945696,19.42385770439791,3.3401813861522616,14.273012520607242,4.168568396863569,10.640834378970826,-2.6121212065306136,-8.234063970253498,-6.671119522297795,5.461699577459735,9.58669264259494,6.5080943091017165,2.8890765433581334,6.403868273615461,-17.863233288956636
54.42567715021453,-1.5934076129544636,0.4213165810641306,-0.32943211833003616,0.27737415083644246,-0.9018546895751505,-1.5756067015960196,-0.9027536463521242,-2.016906461316221,-0.4712030465901771,-0.2836321992747415,-1.2943993845279793,-1.7699594146610567,0.027945910588337064,-1.066633068278194,-0.7454693550235176,-0.7590399524453786,-0.6536671368752358,-0.537526951299532,24.152835592646422,-12.214341554218251,5.365214094325216,-2.0849726184715442,4.099884982766859,4.588084274615609,-1.037052142725788,1.4799289977657115,-3.118052386694163,-1.5482944539257208,-1.3400935981396067,-1.8879804520901557,0.2512735227283227,-1.2691408267410855,-0.990743380122205,-0.2358632914950376,-0.9646133054637089,-1.1712334527997328,1.6223163209066223,0.5363249759062414,-1.5430778716803815,-11.94647038818296,-49.9907279310118,3.3785086321235003,28.866164541728416,-15.350998759480857,-20.128118572874744,9.479661413518132,7.449041198623664,13.00529890618827,-8.10652564351281,6.711514813754874,17.143547079465968,18.1671670174896,-6.599794337870197,-0.024862725157090093,8.744370750614209,4.186406306958971,1.4328042868913147,9.386960837848605,-33.63323987400907,54.1181390654693,1.9068577204387624,0.20756180657051138,1.9665952291524675,-1.4356333992915826,1.1311908056490583,-0.28356163331416084,1.542655381914392,0.2595027650297632,-0.16363768206086626,-0.15190358882693777,0.4016276900554292,1.135356579563483,1.0705696719323374,0.2776621700579833,-0.2372409186661164,-0.48201396349943826,0.32313545815643896,0.040510527281406916,24.152835592646422,-15.78905968485877,5.35727483584105,3.59696460147833,-5.6260459287883435,-0.5477724717102457,2.2006313426478536,0.19537093679115092,-0.9046275553793213,1.501148460289594,0.33061989156832094,2.9826542108959107,-0.8359949286411403,0.030292243996912882,0.4657315952309524,2.886222538561083,0.9946126686243355,0.22237835680222973,-0.9041088065210108,1.646734892275155,-1.5430778716803815,24.49052763131659,-32.92883384092235,-24.6862904326917,-36.91741049065952,19.710288903704328,3.2469212692696447,16.226603026997385,5.416515735473959,7.434526937322772,2.2475492346921775,-2.505816348914266,-3.206076347128751,-11.349664253134794,-16.674194037546126,-9.676879929260046,6.93128458586318,8.452152428326457,0.8350682762849824,0.12703040874279647,-33.63323987400907
55.98241968935457,-0.9157783259004737,-1.3575782965289656,-0.3329513289532562,1.061657422837642,-1.9513912904061501,-1.2186606671976112,-1.6666047383944198,-1.2260764821081853,-0.4901101613971215,-1.2370500988635196,-0.8414431618109686,-1.6413270409448248,-0.03342915128801227,-0.9393758410870245,-1.0807716126476659,-0.9985688763250036,-0.3759245838966787,-0.3744653116605845,24.525957139818193,-19.743220138525167,3.4564983058116283,-0.7287228310570582,8.685391402196355,0.7245327254301483,-5.815532839004231,2.15919909878847,-0.010288382962480025,0.2679077502924616,-1.6911921954055358,-1.1119216619751646,2.497666876232678,1.8190723523213137,-2.131299043295989,-0.9957296523117578,0.8392648149530659,0.07228214201390037,-0.0613336286396462,0.5402132525058005,-4.309726479713149,10.613103761114488,-49.69749374624764,4.95632472697976,0.9141002887893945,-35.476496359069806,4.708788316295983,4.607929643087365,17.55886084731674,11.71435086689628,1.079854783336046,14.820362249987703,11.14300456839583,17.206736885586096,-0.7346598398163429,5.281066774667789,13.270397485224684,9.882489555512496,-0.6764905421189582,4.704758839683929,-31.4912951497443,55.17273051619217,3.3219289594737194,1.5572133140195827,-0.2111276989876223,-1.8354557327255652,1.6860130918972835,-0.738017817372481,0.774162882196574,0.6451483011831203,0.4486138630978145,0.28272485306855244,0.39297161410666925,0.44284867549017815,0.7466524291204208,0.2447274434944391,0.06019196421997486,-0.14875135210548862,-0.6052348276803416,0.04090375458521267,24.525957139818193,-21.981014302769907,4.362016317300218,0.18488915304254006,-8.739924945981983,1.5929776252357142,3.3799354700851585,4.693977727415373,0.6690875230418576,2.7376071170310077,0.5225225226024157,1.8178690241203879,-0.5872530949361587,-1.5799277236090261,-2.1475701513787393,-0.266551835632338,1.4275992435763645,1.1284235489088061,0.17634508752604705,1.3625168245439894,-4.309726479713149,43.582051543696046,-32.23035871073234,-39.28709374688267,4.953748838654138,20.29763565682071,-9.48579368901542,7.020815924976797,1.6423767528475959,-7.195895698004698,-3.4612058325202546,-12.507694657099613,-2.3448919201505616,-7.282900343870628,-12.53448627760377,-11.332543387618792,1.0880099227195283,3.9163159446774207,4.872199526900132,-3.8072564313307886,-31.4912951497443
59.18201776980629,-1.3390070945048573,-4.426901662493711,1.3826144319128302,-1.037766107265731,-3.2492194566509633,-1.187109338160964,-1.103660761166877,-0.16885639283452925,-0.5053732069934349,-0.5578379754734697,-0.3357441097513729,-0.8137029103060343,-0.43967250718313755,-1.4097998147210091,-0.5434870440199138,-0.12594830673081625,0.173889388878246,0.06975278154072617,24.30777065587677,-11.66965038751033,-6.52016616376041,-2.2063030918344175,2.8636684969295727,-4.835162237005266,-0.11257000787414007,3.3693100323973195,2.77454213537845,3.744781231215612,0.28721719945103175,1.0936092692661972,3.5733241153824435,4.742316907783946,-0.14257000150539012,1.83584279071007,2.6920680435698774,2.3348589170876215,1.3590769776341751,1.1658039735509385,-14.132712919397061,34.67153222372207,-25.394780965370806,16.084454693160403,-42.39899776658996,-26.64677622182296,27.3142717269398,6.2826365349081215,9.701096088778016,-0.8389368366580183,5.762213174563211,10.469603584739062,-1.593914394382586,1.8478616077627192,2.2552698294051763,10.46764827996299,3.1972773390001676,7.513176877777898,-4.896704159009012,-3.472613871085924,-7.063439602317871,57.883460796782025,6.642954894396631,-0.7469912109740227,-2.3682157261092676,-0.8896029231545204,1.646911063931289,-0.18432219394898075,1.3277278514364275,0.7037650053895115,0.4611141744561045,0.19187927376889036,-0.22115864359222503,0.6007184792265348,-0.30587931872839547,-0.633442049162201,-0.0031262324820537923,-0.21993436529773058,-0.5058930505909056,0.40137141287780054,24.30777065587677,-7.61313331561275,-2.3453128142778223,-5.9645357505391825,-4.864115100358253,3.9500573687584755,-0.8971742233826343,1.8325222560255732,-1.87415314859203,-0.7891605521247469,-0.187011993861252,-0.47262614328770414,-1.2022495363119148,-2.8704208458021565,-3.2958717819978034,-1.2845444247107685,0.5443620745413229,0.9964948928422761,0.01639459340127014,0.19110821749322793,-14.132712919397061,56.637839921212105,-38.79182422473244,-6.762715947983125,39.256660819339615,13.866537076920512,-16.157868077679165,-4.75176075928477,-12.783684492378216,-19.480481402054334,-5.03790296544592,-17.292785192748923,-2.261961486738724,-0.6400715295583486,4.532972844025741,-1.1946784898516931,-3.1622869920379895,-2.3582680989632143,7.01837270802887,-5.034534240691784,-7.063439602317871
49.04158030944595,-0.2618794532409825,-0.8128582880504189,1.9105660290008544,-0.3114988284152105,-3.2495525141465444,-0.34812726052642784,-0.6260288862915346,-0.8136629488487643,-0.5443996362048416,-0.519994781909376,-0.8146214896252129,-0.5225125150632031,-0.5453592312815139,-1.3965470699940539,-0.3643135121767076,-0.07025982930581165,-0.6086199840913173,-0.1258461342755799,22.345307885203816,-11.268078209333176,-8.29642985762055,4.769227456280258,-3.297070892084725,-6.177116575291504,6.291399540325855,2.6011781821308078,3.5019176051797576,0.26761681890027145,0.8525774326266866,3.046749514375101,1.5382985495192965,2.662599517550742,-0.3151639620632074,2.9433638216217406,2.9724481891325794,2.3408791442070678,0.5139127217231656,0.1421877606819908,-10.765064340535858,74.06825888386786,-4.3530010924220734,-1.6782667660255992,-46.39474384067078,-9.938496933153365,31.4410327040298,2.851882841162643,-10.897247643991323,-4.999679445710546,1.3751610698011487,2.6073184581192,-7.477852872031988,-12.534782553682398,2.969305591822155,5.830182214513251,-7.223706862377216,-0.6637242237895102,-3.6132164981336516,-4.144995070541944,27.019039460646166,47.80148209757115,3.8907237159595356,0.4678999319686108,-1.7647346908862387,-0.3362187566329391,1.8198140646368777,1.3081630937041417,1.470654253509582,0.522253925934256,0.12049215674270064,-0.19888618608136,0.5637805373125315,0.38652295605070663,-0.21953063775240356,-0.6648546207637469,-0.15458261484441826,-0.10363668164484818,0.05863052168056537,0.15977033611889846,22.345307885203816,-4.774583330949369,-9.976077343802338,-6.13694015968157,5.6401909047255,4.712733388564885,-3.3989716306422046,0.9897324203264377,-2.190679806252995,-3.7443775181376955,-1.7171970248709543,-2.0275391105659017,-0.99900365631606,-1.5297805046134054,-0.8195366619345792,0.6107499522347102,0.016800213200232728,0.28964796188178465,1.6144972813347342,-0.04187899526730221,-10.765064340535858,79.25931820286596,-11.545459704897514,11.305499060469039,30.802000718471156,7.785828051436651,-11.971007961000367,-21.65322314998916,-17.745952417044123,-14.38299696275859,-2.7732628549655973,-9.276986752726842,-4.299712616028486,6.98793819354995,14.812466522143403,3.956620832389305,-1.5505119342304923,-4.377378883194108,3.6504183467613434,-2.9678557380066573,27.019039460646166
52.06127164641368,-5.180440131164414,-0.9541949690923515,-0.019356548842305088,-1.4536288420397643,-0.30905908164202334,-0.3262183887329515,-0.03577050471434173,-0.3507226123381253,-0.3004497094608012,-0.0953552231187147,0.4788518370703647,0.041791776290105886,0.2126259498323928,0.07987394153035576,0.24233561652594204,-0.055765017411163686,0.14221905203917107,-0.07893455321656506,18.17680376025508,0.883853593046787,-1.4557123066440987,3.208279584439999,-11.108382753387577,-5.284479185935044,6.5666175310790695,4.400257723548603,-0.023607336376274102,-1.967617406558635,0.2691281751258878,1.2674857521042426,-0.06599951110627944,-0.76697360547444,-0.7711760060360076,3.0284141115197087,-0.43256632305338183,1.4510564849926326,-1.1136589337792895,-1.0009692137248156,-1.8471287424279623,68.18948109232781,32.07960011641964,-16.76527122407795,-19.521028439511152,7.134397117410921,2.2732044234960083,-2.638178623338397,-21.013680337474334,-4.1402934225373595,-2.9451107384829753,-8.029843196573681,-10.550587005080938,-19.718921543512877,1.0464908230236145,-7.872480949218187,-13.83196168960038,-8.12710728134652,-6.0937415124454875,-3.3461301249067397,59.27537494912221,53.99719661697343,0.44980393505694316,-2.230049377673594,0.31134117492264934,-0.21022320295865793,0.6157032075879441,-0.3903909608396856,0.2573331219618731,-0.0736303234081781,-0.09308282581393534,-0.14741114089583363,-0.28490153970345933,-0.27169098361785937,-0.09427468563015218,0.0901809898316921,0.1423274081367416,-0.006323852308620426,-0.00059991982337948,0.07663134526117799,18.17680376025508,3.926644789837013,-6.869590445973893,3.376521283848823,6.812226555527722,4.825618185085425,-2.488849145828047,-0.3283867893067667,-5.866586136921003,-4.998099923153221,-1.0684718174179544,-3.741034318135407,-1.7611003913205516,-0.31481713028007174,2.0682012725217427,1.8502323997017123,0.11886868779340665,-0.5373678991658666,1.8860014505890805,-0.16833431816509115,-1.8471287424279623,44.65376906749411,31.839667641937076,26.760171480440544,1.9090034684796464,-3.952953294898406,6.615446255188315,-18.86142532255706,-7.687868642416631,2.7793382240918896,0.8517165905706028,-0.9582591983366746,0.8686684461334664,8.068280091116675,14.510957859762392,-2.00949538857627,-0.32515393465547926,-5.5931850867371775,-0.7225156139562317,-1.491622213616059,59.27537494912221
53.90875364638429,-3.14327673638097,-0.7093179150895166,-1.280501284618051,-1.8189694974210933,-0.2757717077476922,-0.34851705084621365,-0.4495910640308085,-1.0013349629062516,-0.16628319385009505,0.05508328214665337,-0.47959186046218916,-0.7377746254675239,-0.5171603608273811,-0.2125308084018367,0.012541151645695914,0.13677905111870414,-0.10313305461555844,-0.22902776394094349,22.20890841736111,11.014157313130198,-1.2522291689575642,-4.275147552207066,-7.525954892980458,-4.020057266681644,6.565389743534064,3.0696666737941496,-4.0598374690807795,0.624267346324312,-0.9945671483423895,0.10479932566541272,0.5784022534610456,-1.6936736678906916,-0.33234324511960267,1.3230757945400489,-1.2102714329239126,0.1823212461666397,-0.6315739219997396,-0.44889768912729444,3.0570011621253848,63.28597458104423,20.81723935796035,-30.326481397518116,6.128986449751845,13.975873313970956,-10.069716506582406,-7.49392587830674,-15.238825965173824,9.754976296487904,0.23918668176787428,-13.884851906482808,-2.3708350557114137,-7.977169808706973,7.119215342076874,-9.726407725387968,-6.853468734159748,-10.552792209616427,0.5011006381088818,2.414659995689915,36.23037714803414,54.72857094062178,1.4304657672423944,-0.7697276824714168,1.2691893028591692,0.181221101458946,0.5021312047478537,-0.14011722376390967,0.2140203438073538,-0.8383427934868828,-0.13288614920264274,-0.5613994948820364,-0.07465876599574361,0.1141631546056725,0.2310817816040096,0.18829090011484761,-0.004134749489306477,-0.11073262765915137,-0.05063275239673759,0.18233429075987284,22.20890841736111,11.878755745938193,0.8514252806994964,1.1671101660830572,0.8229045853106078,5.048111242790565,-1.8097310491923189,-5.052179324913037,-6.207672191315716,-2.34942167883405,-0.42337899310203175,-1.1864202648191813,-2.4576839754460833,0.6362395154049068,2.5766265824331893,0.14437016835607408,0.8650899698350765,-0.29333449668417666,1.0667508323128136,0.05831022336982028,3.0570011621253848,40.8721629083518,42.080958251764585,8.201415863461706,-17.887826200449346,-15.903834285543459,13.397893155934756,-21.447596449310875,-0.6916525949670409,13.417357505026432,3.34985429925078,8.361689397704591,6.107284792784519,0.5819072337982509,0.3233469015557833,-7.941855245047824,1.0620402831840468,-2.9747903033146823,-7.86976085087849,-3.0224074951994386,36.23037714803414
57.190357897860515,-0.6261646062569128,-2.874532056754163,-2.576043287971506,-2.9262703657303115,-1.4528010943108547,1.0132144187732304,-1.203683340485377,-1.058829089085103,-0.5598673406078643,-0.21163413144936305,-0.5362586798860245,-1.0895586578410938,-0.8393599454282077,-0.48760088975726346,-0.9481975374578064,0.49606049555324216,-0.6356835427492782,-0.37914101048899984,23.452406018584142,11.283972397421884,5.997533550117918,-6.06675119962973,-4.782403722378136,-2.346493332604735,0.8870371022697596,1.8159764748964502,-3.951420496228448,1.496309256234912,-0.2617658793059179,-1.4503372346657994,-1.2220212391289,-2.939007271251776,0.38926505153461477,-1.2902536703581775,-2.1325529902020666,-0.6494157745654245,-1.1150504567271162,-0.21171836399778887,8.59394180383342,24.274528596759886,1.0219763762154757,-10.52951847745275,22.10129057610468,14.652128126536777,-7.348446901960209,-18.011470643627227,3.938376601940115,12.22675156785602,5.5500780216357954,-5.437783774786471,-0.13105310583679586,3.702050179177957,10.806954307559469,-4.955003843946267,4.98262965895122,-6.3200870661153505,6.528985158829853,5.528200019083661,4.643930404824495,56.38323877017522,4.438288645768255,1.5600832381704026,-0.4790644452181101,1.2644862403422494,1.0613279209617774,0.3756245701316616,-0.9772482621729601,-1.1149865964765295,0.053567418719798976,-1.4973812308984749,-0.7824891875983633,0.579489814809016,0.5029151078542693,-0.13489860975064216,-0.018915821262906363,-0.4850703418735123,0.49173931174228613,0.3059222764747678,23.452406018584142,6.3870816796905245,8.1607696944398,3.763524826798775,-1.500970206410984,1.8058917941964325,1.6159286134865805,-4.57723453263322,-3.7095912772689847,-0.09696935973062493,-0.40806271446041187,-1.3723151653294017,-0.03857515368016995,0.08070918974702512,2.2615255256995086,-2.0561022270595855,-0.042359771103838595,-1.5086064212433317,-0.07098998906588538,-0.6047974986333629,8.59394180383342,14.80233837550054,19.10242308857371,-17.269203004932034,-2.8539723251309845,-21.8796079477415,5.318384332475654,-12.615954308326323,14.828813498226747,13.67374095196968,2.4643959654503824,9.273204809955583,12.759119621405688,-3.8232436538830084,-9.558327211537064,-6.064248956014282,-1.3086915762617282,-0.4780043436507282,-10.831179620156503,-3.424082969495209,4.643930404824495
51.98411584028763,-3.165131800173515,-1.990263520323046,-0.5740680479247744,-1.585206699910759,0.6050133639549036,0.516989672617556,-2.071991202946407,-0.14747603731311942,-0.9119743948025048,-0.40945566491134544,-0.01786510441649547,-0.803674131942949,-0.18553790621101496,-0.4512717570802198,-0.37418265164678965,-0.25501196270469473,-0.5354556476969625,-0.20019175020300972,21.236007337101977,15.17484967900139,-1.6144331070213842,-5.756497850443937,-3.3955671827135228,-0.6581728449711806,4.096331501439307,0.14635586730351413,-2.1535887974810675,3.4131416357474493,1.2376178007265266,-2.536764945481283,0.9308918856749,-0.239968553914077,2.6642231801899183,0.2394938498666992,0.3957071556270477,-1.8852808308221178,0.7651588022515199,0.954892333663435,2.129588960350521,-52.206150064309625,1.8389212872489438,22.73693760551072,21.40096535306863,12.396151467595942,-10.223983882790808,-15.712535975381888,19.26687240305404,-1.8814629360202937,7.176290303589511,4.3531873576011595,-3.1088840822494093,7.732932561287833,4.022334625148384,2.920749021949403,5.891883438275621,0.07421365293605864,7.724499560065601,4.248355094719774,-19.978109815519023,52.54783889393936,2.322194000953628,-0.8436112929118589,-0.958079588160555,1.45048214311189,0.6921361833538016,-1.6009343342380502,-1.0158911500808592,-0.1317787769485932,-0.1645224620751824,-0.11711127348963002,-0.41626762646305804,0.27905231453972235,0.7701877567219804,-0.48012973679454274,0.35858398477294395,-0.010930685204490587,0.3458363220541394,0.0742799821970137,21.236007337101977,14.431279678299774,3.549221711873109,-2.2297339994256933,0.852876185470179,-1.729320558762348,1.2475860676678598,-7.609641932665772,-3.6150035335625246,0.5137359526642227,-0.3724744267243356,0.968946011883391,1.1933761212560088,-1.4365900477278284,-0.7545253377455705,-1.4070103569085533,0.6284345842408787,-0.7121279287368241,-1.3418874242770276,-1.3348511526328857,2.129588960350521,-53.480335267467176,-9.094304203841498,-11.41381899460989,14.477925723440983,-17.081554951434832,-1.6680842667462028,15.378840593734566,23.081669999201207,3.213920486494287,3.7463140371220613,2.160077994814245,10.795080298628495,-1.9996207854686536,-10.83672276349186,5.279903257074904,-2.39424275130295,0.9463547082380737,-8.11337635043523,-1.4847438793900558,-19.978109815519023
58.66557674817295,-2.170745824209183,-3.3470977662904513,-2.763775028378012,-2.743756907097299,-0.3059330663584414,0.14901648698338876,-1.2002806833707664,-0.029497447017235334,-0.05848704863755527,-0.588254366922615,-0.36302216051693215,-1.3947621060980695,0.2414472482915171,-0.4458824193095414,-0.6305789769288483,-0.18457739778217652,-0.199144879783685,-0.19921174208442638,22.960225202301356,10.940771708491134,-0.7636221495044508,-1.3158045051679408,-2.1229313204687057,0.36064266647811216,4.126923201146344,-3.1438221950196925,0.9924566287939274,2.751321232657806,1.9280747114093275,-0.1306239997156453,-0.3077708801316046,0.35719892712623125,3.1340179350889663,1.09270316188325,1.255759212146748,-0.6751860095706637,1.4524672835100074,1.0612357844216502,0.9385425608717171,-166.72710769440005,-13.13041752608263,45.742918446263715,29.777569315115308,20.659268005428245,-7.516790227439491,-7.221496010266586,22.10134381805204,-8.823870212811833,2.4066713877212575,12.800533535635608,3.1567430820247235,12.33745124801052,-4.338385902830016,6.3411795735499314,6.336346353348735,4.317173811661563,5.5765817581270145,1.8665557085704951,-45.38414960338548,58.281103480159906,4.084324665421226,-0.3113451590539853,0.6744905172270195,0.05809217331308636,1.3286650250282603,-1.9485996719192253,-0.9825067697285128,-0.47539701154263536,-0.28129602660787145,-1.0557128342567377,-0.1333846863098871,-0.31378096871137173,0.7669350896606166,-0.6036598052434055,-0.060211844546302906,-0.8105280341576167,-0.23432945158176066,-0.17174024977407387,22.960225202301356,10.051552011406493,1.3327228827261544,-3.559658135862819,5.3702545928824446,-2.7254698880088695,-1.3583155380203094,-5.357632639593561,0.2514862833157747,0.40719173708248224,0.13827388211838887,-0.18211505150890162,2.7929293710312466,-1.1900241756552083,-1.045386373157409,-0.4062018156731151,-0.41714940754035856,-0.566973354964907,-2.325269231194251,-1.1837951149113426,0.9385425608717171,-149.88976571506325,-43.62759899858982,-5.733219085206052,6.679295052364414,-5.959760010661974,-9.460787636249616,32.277884013452855,23.402608449048966,1.2463397099278373,4.338816696035197,5.283130599437179,0.04482453720384916,3.1716679543046182,-6.752405896474834,11.241550377854407,0.13748822241331693,6.910689758079626,0.1127060123324557,2.715101390811206,-45.38414960338548
60.75856906072877,-3.1782026809155273,-3.3512839855433407,-2.8844190057715595,-2.23931264922319,1.1989600289957547,0.15675984870046422,-1.5280867913286476,0.19057003393353922,0.20183556052801377,-1.024989072857362,-0.10076417730928533,-0.7051571782960746,0.2745476324077156,-0.11364311869234811,0.05158544919474073,-0.46554241762464543,0.06117701502740491,0.15845376868848726,23.519793305677762,-14.91731737455924,3.0478093244780924,4.7178479033174,1.8447915825991434,0.8244504675749029,-0.1665452472996316,-2.306701978938723,3.101660169935054,-0.9439701098972817,1.4986577080947434,1.6215363869909156,-1.4331649671623068,0.5246895135642213,0.30644762567741335,1.5919718893940367,0.04151418503949067,0.23231319013728857,1.9469169879144987,1.038802784022873,-3.104354124153275,-180.97467267438287,-11.218204389916387,39.724381189402806,20.62478853942709,19.658893250059947,-23.02784277178249,2.5361659321330303,15.483189513277413,-13.250213865274903,-3.461924138902608,12.699152191438326,1.9959205019795374,7.63701824480099,-10.96878769759916,-0.13246703409520522,1.6516419596467702,6.771349937755611,-0.40563900923334506,-1.2354096080062518,-42.85099845352614,60.99527842477932,3.3820586133524633,-0.9488804835720694,1.118849914371694,-0.08024214440764643,0.9922556865485421,-2.782826069071352,-1.5908521691961321,-0.9012696096217185,-0.15169163990097534,-0.2977606872612095,0.19747704398802268,-0.15749647749804785,-0.2781908781719493,-0.28083368059304736,0.33073055427283116,-0.3040677458855112,-0.358542082873228,-0.24626002243214917,23.519793305677762,-16.69364705365338,-0.28170341536442933,-0.8782078498910906,4.626255047384385,-1.2269853918241993,-1.1566511068119754,3.0274400254344176,3.3526240279925084,-0.9945419839934599,1.1766097271695986,-0.7014813243223088,1.5241039115124557,0.2717958053716967,-1.188278849884282,1.9593715912002907,-0.14463658759813836,-0.2909736757043522,-1.8627977218406186,-0.39456290818621775,-3.104354124153275,-160.6955246286613,-47.72086313381507,16.778988814207366,-12.584510196418051,-0.1164744589530784,-6.367054303470637,39.90106395309441,19.293622212545728,1.978273362607009,-0.2758574669570262,3.5285689863171883,-7.249099450684305,4.3862500259222035,1.2384970148041632,5.9340658383015334,-0.6162820284245247,5.986551100376083,6.818921679299996,4.722977028684671,-42.85099845352614
58.27351714188551,-1.0014402406381322,-2.851924076727986,-2.4823334692824663,-2.41889605783504,0.31368717374189137,-0.37858176677807,-0.9794072318972931,0.1478084916204705,-0.15273496256845975,0.03082057266582261,-0.6486945835054319,-0.9602176711014154,0.4976062528069103,-0.11006362800957437,-0.5332019818051976,0.2637327182278857,-0.2077662323564582,-0.027845877723923218,22.779784314732108,-57.03349792299784,-2.898796428673135,11.567535146621461,7.486201552523184,7.241829013836345,-0.7399196370805163,-0.5682426071157245,4.471626929089512,-0.7370699773486384,0.8110498608706025,2.8707788669159053,1.5383787283020651,2.847389319014336,-0.6010401226241409,1.2040970966531197,1.2127166717660796,0.45037412078565375,1.0823613295049017,0.6796042651077396,-11.48116145560742,-94.31435667009868,-32.6204586545186,2.6187398368811827,17.03362203852737,10.592100014049322,-14.404303235779803,13.667664553389491,3.7206847937560115,-9.375239736644103,-6.857680855316181,2.9822315829906403,5.679179518924599,7.7223534477023925,-9.19535768624572,-2.393461257469904,2.475760126204226,2.3165535253291893,-3.0699122515055666,-3.947403374716016,-26.565718152506246,57.18529501045848,4.574717780931914,-0.1671112344309016,1.1675980999569875,0.6671134400975829,0.23211040035425246,-1.7122458822484679,-0.5640246109574363,-0.5266453115987257,0.11628894869188988,-1.498114049767136,0.30710316269171956,0.20275212300029688,0.5044112387225297,-0.4376475456879474,-0.21356380978302925,-0.6219884890154554,-0.3187061013911556,-0.12570527866632208,22.779784314732108,-52.99533781186452,-11.737567241236343,0.2211522094284475,-0.04801211118588,-1.4251557946036284,-1.9123466173983101,6.243166495043113,4.507899166477982,1.280339463562135,0.9868035566102193,2.1044638024920377,-0.18152678020646884,0.8123502403495717,-0.8978006664685529,1.8814819878131963,0.4129199260223284,1.7361613312802457,0.245818165882138,0.28260907454890605,-11.48116145560742,-67.81606452012954,-30.730103894902534,1.0761286462339221,-31.69728437958331,0.03761065800881225,-1.22316650079087,21.282958874060895,3.4079866627486513,-0.31442238149028867,-6.03350265269507,7.635154889980516,-10.404130104225226,-1.0073481719356177,2.9900260389534616,1.0576601274143016,0.8974036345077634,6.127048738723886,9.76220919538204,4.350465700524301,-26.565718152506246
44.72148695615173,-2.2258799297199943,0.12107358655442146,0.2076069638270246,-1.335411890754437,0.21193062025492138,-0.37256218997107604,-0.6315978437156167,-0.7081140615806132,-0.1155215837896808,0.09177505878989356,-0.591611376503399,-0.7586015926591654,-0.16039359563000488,0.17680479196681498,-0.4021140566888697,-0.36301042564108155,0.44231352254667344,0.23352670962817523,19.774050718809963,-41.325351842445556,-6.1559481623952355,7.664022918362765,2.1122606505040777,5.730680606379677,-4.984168465338506,0.12664903941804528,3.848420809009847,-1.46776969188678,0.06516815654458519,2.312109716922105,1.0057773324478338,2.3334453725423656,-0.9526416397531074,0.11756336543416168,1.243049405640767,0.9376140728775284,0.7473922746374002,0.5280032893172644,-13.08605825817298,111.2864929752852,-26.211682200939947,-33.81479622971703,12.003088679038502,-10.101070236967656,-2.1411220504852877,7.745330486849442,-12.459487151297868,-4.392508564396699,-10.628362968716425,-3.176124019226571,1.1490512057137403,3.429969224419125,-3.5528721790779048,-5.4007592761816,0.1926555789404265,-1.0167109927853524,-7.932377413792317,-7.552313065650699,19.54026806040271,44.74891960196338,1.9361457355160692,-1.354832180168946,1.1084941441666532,0.532478813807542,0.6620879422848178,-0.20539121635622015,0.45117978452985663,-0.603425618917278,0.2249899138597362,-0.2466513278955853,0.1255404047923665,0.15668367136973638,0.30731025724888283,0.4165499290278736,0.36294167359223795,-0.2506872956277473,-0.5433742139614725,-0.14601895744997107,19.774050718809963,-34.39303772439538,-13.77606479305318,4.269355235032356,-2.7302455607046845,-2.4377148349415076,-1.6589255443784579,6.540490476563096,3.9036011311292356,1.0662987707279008,-0.9346679974487639,1.5899410780415155,-0.943945528467286,-0.24465224276911646,-0.2090696836879169,0.41618066049905766,-0.09474109675272713,1.1295802783286413,0.7820297168347761,0.2934352669793252,-13.08605825817298,122.10730475996387,14.547034776305548,-20.585646695498347,-30.552037713108366,7.784704785806531,-0.02968581288695127,-3.2304902400445035,-6.00239169447271,-1.3201354497468953,-6.618219920070315,2.5994984125968,-2.7286834683555417,-4.137784090094661,5.498123625469918,-4.762972181179164,-0.535947272535584,2.344397840039124,7.990822167140624,1.9241607128189158,19.54026806040271
38.16736883896255,-4.096305414143517,0.7004910209713984,-0.5666872369157119,0.42520722058649696,-0.18237818052828292,0.12955620276129665,0.5872883073674737,0.05130961206552165,0.5057164539565933,0.28875300071170984,0.6515908032311573,0.05565476059064389,0.15839780099830691,0.010942173687436885,0.20262911189599664,-0.010656333381131589,0.1514675312091316,0.10305391999959945,19.092515767931545,-23.01238939261505,-12.471972733327085,-1.4795220942500316,6.260145164842513,3.203577604100386,-0.6664168077241213,2.473334572496668,2.4794187061345365,-1.6743988446694962,-0.7840209404736838,1.01520512681408,1.3123477295256243,3.3139977214883554,-0.8341162753186326,0.6331767951282354,1.8928716649482227,0.1304403117238111,0.5172735143957734,-0.6570661555835533,-7.353464448371554,243.97213267815442,8.761460604985238,-37.23595769870252,18.01436625997826,-30.238248572981277,-4.110580323011739,-7.303787734152623,-26.201311217030003,-5.4925504199391355,-15.855381119466374,-5.582030797311621,-7.032171230857455,-8.168230846986678,-1.5754507172990675,-6.948482044410495,-9.583218427602967,-6.53021120968354,-7.724380472964816,-6.45831802950857,60.74420282742197,39.906613985635616,-1.0615025162787481,0.0022067939586767338,0.6556623467365998,-0.9608462030963221,0.5375755884609674,-0.11573385075523523,0.2504268366474838,0.015850724886211864,0.023764974816882445,-0.029035612693530943,-0.18817975681529342,-0.06469592297047799,0.025284188715924083,-0.011610616147267772,0.1301425588051579,0.03086240635362425,-0.01900430309656942,-0.0805562449907099,19.092515767931545,-15.006784913287284,-7.285148375880737,-5.595375355207581,-6.800137292864676,-2.101299837445809,-1.7187615696325032,3.5273215718725486,1.6799910631217367,-0.7804398310233425,-1.822838581919965,2.489751192299444,-1.1751109610914952,-1.4354742375526106,-0.039977936778860634,0.8942237133846522,0.006604664290817519,1.786274037380539,1.2334216471590715,0.6474386477680363,-7.353464448371554,226.08044339602287,59.11809937068294,-29.404535350979927,-16.354051536301903,21.238154375853057,9.074576649191773,-10.703611463610315,-1.5828869531639098,1.9714662022332192,3.3923178368214835,-7.0795202847880665,4.5142478114133295,0.3047492554675615,3.25691382839556,-2.680261229329395,2.376087215024334,-4.802475762236409,0.27357157347053884,-2.0347093515128267,60.74420282742197
50.14896729096747,-4.708744175360453,-1.2954800752116507,-2.786111796702898,-0.79602398524412,-1.0450915265384109,-0.03398461636019645,-0.3872241564561074,-0.49506537223237634,-0.09480606946222014,0.0020995715807470283,-0.24801820445366296,-0.04637070787092146,-0.032168961564536414,-0.1153643368237729,0.3051946051645271,0.1404591446186274,0.25525627056331013,0.3570055144853581,18.820398449991554,23.715374847891965,-5.271443623664906,-5.66602159110537,8.45936411595873,-2.206958946040946,-1.273857687220473,0.04517467467980163,-2.131979294236392,-2.671559958435202,-3.017988375591326,0.9612612474285427,-0.7456238649172162,2.006369924536774,-1.3534503875142931,-0.8229475979343213,-0.20223552208136764,-0.11607540172446629,-1.7367278114270952,-2.06901853845683,4.6019314024301465,163.25745749417882,35.10331259166461,-1.1029444416783418,30.12831197321678,-18.645657267147776,-6.6101001264625046,-18.49844629244165,-21.851451373715857,-0.025703870578931642,-13.403095846980865,-2.154344514064941,-1.6046835983538075,-12.254082666473332,1.5924150306306684,-7.665887474049435,-12.725101618705159,-9.092027018378285,-6.464320879521916,-2.398716790191044,64.51777766802712,52.438100074993066,-0.687863634568795,1.1011381197493195,0.009695010629545475,-0.4851197402814478,0.010060320305955717,-0.31083684653642063,-0.0462773274339745,-0.6393682425002369,-0.5727636516878536,-0.23732936677725425,-0.026854260492113813,-0.14609857589721864,-0.14316219501260496,-0.28576181511385834,0.11150682160237402,-0.06570305440573043,-0.11737812360313304,-0.12211690578029266,18.820398449991554,25.365728877039935,4.765604540110541,-8.26276741532225,-7.2737012183304,3.003439022500156,-1.2682865371383545,2.770117366997448,1.765382232434276,-0.6242200615741689,-0.7276791636004669,0.405624187072388,0.656554267777198,-0.6731840007245429,1.131871598005831,0.07151463782498113,-0.20945259300017494,0.8561688912650631,1.638811621091226,0.385102661613675,4.6019314024301465,132.38333937354514,52.97709398773961,-19.616353035140435,1.5848749612301418,21.036449973032184,16.275687295567444,-8.154156390116212,8.52143273958038,15.009596031768274,14.194821206501445,-9.068517130450639,6.679019616495799,6.792129124681631,-1.494587405100064,-0.5302947237847886,5.837294573460218,-6.345420215278174,-3.1088492602339453,-4.907326932887294,64.51777766802712
44.05358227817012,-5.995994484481446,-2.883408292969966,2.144598493403751,-1.0868012085400056,0.6089898432764969,0.6887967326648243,0.13811527754022057,-0.795915275388396,-0.555103189969032,0.5832608796774359,-0.16431730476748774,0.3406657472486403,0.016435798114859734,0.3526093339498373,0.059579519742215314,0.07721808895993676,0.14439915083311017,-0.4181183579442913,19.579878224955536,32.43220507091061,1.039681604454319,-0.38542144799572986,13.319832949784988,-3.9084754964439825,-4.650365187645402,-4.179399291822914,-5.638828627802371,-2.881450054043995,-5.575062432794629,0.7551877030068761,-1.1020062884441373,-1.0731883804762066,-1.1883611073930818,-1.7998884438678862,-2.8562500781743365,-2.2878867467551194,-1.5377688639452587,-1.2510438357594984,10.046945127802001,61.11959126879672,56.23030423237653,22.20355366455607,-5.419639334988242,2.0361117843653096,-16.10896137621407,-26.50463708623264,-11.000286796681552,8.30868361269552,-1.835529777182523,-1.952886765553002,2.812171826331952,-14.34593244106099,4.186487200407129,-6.816098148685216,-10.265248690162071,-4.131192195653723,-2.5325241860521235,4.637206415343329,31.783130149277866,45.8373123173,2.244148278033978,-4.192784061993825,-1.6830709797067966,0.1252627984191732,-0.30125657347256807,0.10413771877790667,0.5246994765853477,-0.8988939153189175,-0.39625355949429775,-0.25789943417657946,-0.20425498521178787,-0.3635938721425309,0.7096584964638433,0.3606201830752447,-0.08454405164268852,0.17865640906380564,0.0850066770092105,0.18606301938285685,19.579878224955536,30.16550058542925,8.550647777523267,-8.215054140884213,-5.953310050523973,6.473344464602068,2.429622203577524,2.7765473180207794,4.785565139243507,3.1113319808297795,2.5794680580968126,-0.8431378944174317,1.2753472273779538,1.1789907470610657,0.06018560688235319,0.7136843844855372,1.6583192816582193,-0.5283708563061702,-0.04578699951081755,-0.7805792985246822,10.046945127802001,27.717158141482294,25.269574565045318,29.371646535683226,22.883544279565392,3.563004561623253,12.201492538424741,-7.4497130418482715,7.879889041460711,21.097961907822373,18.251684827460437,-9.13894230759616,5.110279894577979,10.019117168033251,-6.622888323293185,-2.498926537132328,4.127740367241476,-8.883469878294354,-5.872521443035909,-5.762415460637013,31.783130149277866
53.63606766049393,-3.911757206383483,-0.9199875520275813,3.081646156646658,-1.6828871492116586,-0.820682235257705,-0.6295951175829391,-1.473000975920186,-1.6202815970712554,-1.0941059496225312,0.4251517430213019,-0.5564692549626846,0.10207787628022347,-0.7661377879454279,-0.40550258713154586,-0.43170702165266284,-0.46498533767384886,-0.42251619297886345,-0.5403964206282943,21.83133519151304,12.581079672881025,4.639880964546368,6.565500374396443,13.64657274464123,-0.036121476922027274,-6.297244338609118,-5.796207174642987,-3.0181812108796278,-0.8770960224889963,-4.240859020785374,1.3649461717932367,1.410612542255811,-1.6000029097120194,0.02068829159945129,-2.498847752092495,-2.7449405321505322,-2.3992359070721485,-1.457246975953042,-0.3743662656902851,10.472625787753806,-116.01344143528779,45.21329945633532,20.166828893157795,-41.88461010550652,21.213389997906614,7.421216045045835,-5.491338001473136,7.866175952153321,14.79096768978871,18.16234772541049,-4.603336800507851,5.960261662246953,-7.777273537803177,5.671555021318005,3.3432007029491455,1.570745882254255,3.831053414234951,5.1982042227590615,6.009444855021456,-22.044099499604112,54.466434874651156,2.6661226084149767,-3.38872045985382,-1.3589898017768487,1.4911438242998725,0.4473607546824083,1.0697316823759329,1.1967345807780627,-0.45816332960179773,0.07115959921509285,0.07059267638213296,0.46185515287921275,-0.0304593544065086,0.5310589023778387,0.2661918483291079,0.3655586823160737,0.10350014864969359,0.22402610653125055,-0.08677725882991694,21.83133519151304,9.212489213018927,4.794584124114623,-4.228981889699545,-2.3612217012599652,3.793188000550647,4.404726216800251,2.8387994084308747,6.611530462858541,6.625210880685477,3.9615892857935697,-1.277872943825366,1.170335185545889,1.844179827264861,-1.0064451580685558,0.2413029630562209,1.9980488812936812,-0.8858073824670913,-0.132790589947252,-1.4462192263179627,10.472625787753806,-138.00657783355763,-5.910075287582797,50.46075044362585,35.099367320841225,-19.025488786100077,0.6428657405646292,-14.052609784000282,-11.191470186194376,5.142765972005984,7.763769202742193,0.051621988409922714,-0.8159046920088451,4.397607394710876,-4.27771980273478,0.21664856013410327,-1.6926145832539279,-4.635174550354033,-5.809236297182543,-1.0626081214308887,-22.044099499604112
52.63992118965463,-3.9749580964048423,0.32003403538149877,3.159350261302005,-1.085598945651725,-2.619765419991337,-1.6623381925387894,-1.6892375968016722,-0.8268073025370364,-1.7821648223605657,0.45482076649487047,0.25481318426359945,-0.5551637217230319,-0.06879833950778824,-0.7439329230926197,-0.8570451137825765,-0.8518774656124533,-0.27853066899241097,-0.07376703032332355,22.6105199610718,13.11455382928878,10.687517088755545,3.5064937552770967,0.9567211830071414,3.1362147617235814,-6.209204170136832,-7.858293045958257,-2.5776237338846215,1.5827109937051609,-1.0903505064679213,-0.163080718144768,1.6403154391050867,-2.0557820819177435,0.5720579853280594,-1.936922202135286,-1.9684001750982305,-0.793575533429209,-0.8887289963673151,0.8142109157048387,5.60275343360555,-161.36402926291657,28.337413656159995,9.654580052271157,-63.6531095057918,18.552185826551018,38.61282521191887,16.576693273982322,19.03329516257939,5.310441288137488,27.91946067769163,-6.162871156637352,-2.40503618288282,1.10110692146122,1.3952813033678744,8.225827380031625,10.420959626984848,11.456368821844311,4.945042503631647,2.5470658428546447,-48.920896486149445,53.975196878521196,1.536828250990999,-1.86039098668186,-1.6366502723221896,1.287694246914052,1.533736473061503,0.5822555437989778,2.0217034521632185,1.480914258851882,0.9915373784138155,-0.6045655814819404,0.2051391501880202,0.4669798398146998,-0.28173355653812115,0.06925474437401768,0.8322762692774177,-0.31792462332717286,-0.21259991791917,-0.4885157177282389,22.6105199610718,6.928413989464367,5.335149114639881,7.07355514982268,2.1853950883828035,-0.714672045659428,1.5454783226105646,-0.23187596976830016,3.1968614686399595,6.1438256517580205,4.958369607113234,-1.2379713960497596,1.1231385273131491,2.3154024324693134,-2.2822637203882596,-0.4401337177971316,0.9667241107646274,-1.7844727649005612,-0.8170379688396441,-1.3181081385846511,5.60275343360555,-173.31685188590333,-20.14048651694234,42.563346159391855,45.630635134545074,-23.302893457045244,-15.911978121657393,-12.191634415982707,-28.74754970870341,-19.709141873631758,-11.558832458858321,6.397704183686963,-0.44657659438960096,-2.1377596283045674,5.416569348341339,1.5142211677933382,-8.14457855052246,2.2618926668939903,0.6121586633014594,5.85709797133556,-48.920896486149445
52.14633767166573,-3.3993218871255704,0.38554894781083826,3.5297986916685895,-0.8146858551492739,-2.579336064209053,-1.7565207410798829,-0.982638324724975,-0.9181673699025543,-1.6017047636591402,0.7487927140686481,0.2477228221586989,-0.3984574282410951,0.02079225304651322,-0.8165170843487919,-0.6089633441483431,-0.5946110316312518,-0.2619023075004503,-0.0023532821702683115,22.541390475810324,-24.632520248941013,12.511288362352142,2.471435253837114,-6.301385053405605,4.87739092382858,3.2161698265481595,-0.8610474489890949,0.2705062348813938,2.491843362584575,3.8208295239505645,-0.8812729422495607,0.8633461024316484,-1.3909699936440458,0.6021175767841389,0.9171696326739516,0.13921246750770688,1.052295698730054,0.5378543661634634,-0.09692348667827089,-4.198022500273684,-127.03122271945611,4.5381521812000685,8.770264397453214,-52.29971496987217,4.207043736303511,40.95311173627462,25.39666920528952,14.801615030325717,-8.021695954343809,21.64089990553535,-6.770893516028515,-12.003005104685762,0.901776055762715,-2.1468429216623726,6.599152857381016,11.072680487467373,9.191310749805556,2.4391738158158476,-1.8169504820633386,-44.80020765242616,52.97540240089193,2.063088441010006,-2.1795493627564353,-1.1941261936927408,0.8302585357464363,1.2949269054390458,0.8695039451684812,2.5109859162063604,1.4833331107571017,0.7141355222548746,-0.7029327650372568,0.35361626458092665,0.36070448175659653,-0.15068874754590067,-0.019427614235134394,0.6521211017891615,-0.26031622944378685,-0.03497012111256881,-0.5079371503837262,22.541390475810324,-32.01901674175644,3.4183162277608354,9.323303161137225,6.206629872636826,-2.9152971154191345,-0.5047817263725602,-2.751975881108153,-3.0360010253611383,0.43091608896470257,1.9647546632624187,0.6288519320935133,0.32470627180517786,0.9574138539267711,0.1642363602737471,0.7567479690333672,-0.7099622991803429,-0.8333674296147577,-0.8801810428356323,0.12256302092821514,-4.198022500273684,-124.74527383648078,-28.76846838311004,21.158665635228836,37.40473416120829,-13.301403335178655,-13.028952539555114,-4.512535614574672,-27.95117681636415,-27.490692026336085,-22.873993776293773,8.04559412672827,1.3943932475634715,-3.9002062020880595,10.640880132584321,2.1799548740980104,-7.4466776121790765,4.822845254427275,2.6917455237300763,7.830934319731046,-44.80020765242616
51.35572418722861,-0.9084535997326295,-1.7829296652506272,2.398882817396356,0.04720552529059274,-1.6162853273162456,-2.6768869785658325,-1.3958779149996956,-0.3556168921201661,-0.8464790361846881,0.3399000350813788,0.25374437622436385,-0.43695764144957217,-0.0910002297170811,-0.41034451850918274,-0.8359924065590598,-0.2547568307759662,-0.38027229008975394,-0.28003446932088494,22.02622729960967,-29.643009599636663,11.27268473363143,6.488901138419513,-8.532742904087492,2.9108612164562238,9.899340335735392,1.641367482341301,2.233475230606812,-1.9106991025120368,4.353823633683218,-1.2031383182904012,-2.030891159973466,-0.6271513777795834,-0.7814350983014884,0.6050165537647025,0.9121532354889677,1.7145318612659348,-0.06279828318768765,-0.11623230383818317,-7.078178971258978,-80.94952872302511,-28.84656078207256,22.760852484372442,-6.415812565494287,-5.5881599622990805,21.30690420025619,25.905384811028405,10.671924026955672,-15.93866449215789,3.085422963813791,-2.559403896053679,-11.23307419234191,0.24217758514763466,-2.9318149108595675,-0.5659356642225954,7.389237253419813,1.8334061020388108,0.30470170334496416,-2.0270477907795357,-20.885916580088935,50.04703554891179,5.213239919056404,-1.260592035631177,-0.6728052395574489,0.09836941986617731,0.04769951245439552,0.08831360249748244,1.4660045431911786,1.2022706903806428,1.7614432825424282,-0.4901224114917644,0.41143372259392974,0.5985254260105732,-0.09059953876841687,0.28336305545880003,0.25553679400308127,-0.5316717843397347,-0.19401419358870187,-0.2624111041325641,22.02622729960967,-35.87717238013472,-0.8314615327710082,6.29047641339333,12.578081729800168,-1.8238597059356652,-3.0716128856647678,-0.5238822452010596,-4.76444397099836,-3.6460915601257127,-2.2015308600667725,1.40235175946661,1.474873387053509,0.5534939195778268,2.183129521881871,1.2130724653936331,-1.0599644033659992,0.5763555007146581,0.6339875585841023,1.3635785635200088,-7.078178971258978,-57.41718367117913,-42.62803073128498,-11.353111275542492,12.904324193865602,0.9621448905407708,3.6611999544590095,7.647643840157339,-6.630677813006475,-16.09534385807434,-23.422921237368595,4.741013596498494,1.6161641667802429,-3.2094488218664354,9.33617592490279,1.5892188762955899,-1.399867422947975,6.830744206418146,5.335218658790199,5.15418701742014,-20.885916580088935
41.96190603723643,0.8106347264564815,1.3672119252070387,0.3111873518966801,0.1894060772314723,0.2856626316788291,-0.552844449063965,-1.4844276993804775,-0.609955120987403,0.3484659192648123,0.04197563760326739,-0.1242617997272426,-0.6525101606785293,-0.453978054448712,-0.11371197308628855,-0.37262714151056775,-0.23739780572706537,-0.10271819934846027,-0.48572444446864904,20.024470272107266,-29.555749972384305,6.61637323270846,9.459428881551842,-7.7585526967475404,2.180077163863407,6.125039276592082,2.152297163851994,1.9770768220375141,-3.1412389515523023,3.8575038619067294,-1.5004717861482044,-2.755286710547794,-1.863430233899742,-0.375986627416961,-0.47024070135198137,1.3511230062895554,0.9423657704830568,-0.6506254246349319,-0.8176198969504435,-5.58701183602701,22.00536302277606,-53.65793209740404,2.0749797930540383,24.01629470302837,-6.346868765529478,-11.300353163868031,10.088431942380458,5.301740984514807,-3.9168801102002875,-11.761121036141121,1.4828165145180179,-0.8716917526876911,3.953035533284824,1.5700273423734867,-3.316056378330784,1.4412195915108361,-2.88831075834527,0.6765836441543083,1.9891148082548682,0.6271484541049119,40.42100716857764,2.537074888262692,0.9730316451894505,1.2624026181591939,0.6281576801142426,0.937988371799682,-0.059285287527395925,-0.043416477416486465,-0.10338350088382686,0.6685839787819958,0.3277970574338016,0.5210610025788469,0.38247477945894026,0.5176100736298601,0.5375116773034003,0.29894727036307045,-0.20630998565140435,-0.22535727705179964,-0.13854805516364677,20.024470272107266,-31.75735452042192,-6.506344743734951,6.741890296129547,11.144802058635499,-2.3029198369005615,0.19879555116036096,0.7285347388599186,-3.383405225504373,-2.225176526540699,-3.8954573687633145,1.424762541780584,1.6916643794574449,0.7750309826665747,2.08129828708854,0.5046773085098437,-0.7119456677305442,0.34520111193893643,0.487569408205913,1.1284045824952302,-5.58701183602701,57.36890949224956,-30.716114881880436,-27.48463576651756,-23.692795748842087,4.264808103884353,7.921689833405056,7.915598612894993,12.53692008786329,2.656017021732793,-7.04566428188463,-1.3490181991195147,-2.0133537682539586,-2.1472966474862645,-0.9948192471474993,-2.9969566978975757,2.401936771948973,3.4076928604056542,3.4273856894672448,0.573000924168479,0.6271484541049119
42.910632207050945,-0.44359403638015404,3.0736531158931553,0.5022844791442131,-0.13221430361398623,0.8974053999324183,-1.443492597376098,-0.32160529417051475,-1.9362629782506304,-0.5803383469809327,0.20666014558236023,-0.5746400847801627,-0.7417130443941065,-0.22213073491091984,-0.7928272018415201,-0.5191365973569804,-0.17321814793157908,-0.3895218646622498,0.10980239890677523,20.329890577293842,-24.898595670502132,-0.7883057374588947,11.392923183605955,-1.5226012780690343,1.6907916605566276,2.9898132049693023,3.5877270531354,1.9050529860151546,-3.570080095305345,0.43402380646089167,-1.1331832442222856,-2.1669052505761472,-1.698463169216078,-0.4047973680011745,-1.5261848672336173,1.1202631822207512,0.17809248171369507,-0.14213824929563534,0.16103522545115712,-4.145710188562255,33.2367479299758,-54.14942026614584,-28.214855878433184,29.316705758414816,-0.6216280568897652,-20.70164919618834,9.658220426138774,1.1356771394824927,18.877680026533287,-9.024627480119356,3.8370961364801763,11.661549000556466,9.85543008569827,5.844350490380084,4.790808435863957,-0.4365485379707772,-3.1818309198576706,6.0120960042614,2.6921141189946654,-2.0372783080075365,42.31380830461098,0.8841042609791518,-0.291443283958138,3.4241261866519266,0.47681482176231627,0.17639929704880108,0.7847090375463865,0.9166826634754619,0.45122678460948995,-0.08645227988313131,-0.4187546129841646,0.8588534747158145,0.7328416507524413,0.47568179381493403,0.3973213313015669,0.47888098330746365,-0.05674999486603505,0.19958743934249656,0.008579016421725871,20.329890577293842,-21.911008956792458,-11.016535765254718,2.687705944555273,6.168471092316269,-0.5397882396483291,3.0242896610736087,1.8516906403263336,0.05522466220833899,-0.5757999695264484,-3.8229849955581967,0.734580097355952,1.247741556877137,0.801869457166194,1.4272932786557393,0.48051105061242505,0.2677820835657405,1.0416150675316642,1.1666961350346827,0.7560645893419113,-4.145710188562255,64.06558581250619,-8.288973900647903,-25.726468901090936,-52.183326136402684,3.3706049427410822,6.27690584072745,-4.145378716093823,10.062912418978012,6.379776809292862,9.009167969729248,-0.8010952497794448,-9.022891697831776,-5.1943243135921024,-6.587565526612298,-4.069961406176882,1.7462659871082868,0.3770208506120193,-1.8746181618072262,-1.9435737056959175,-2.0372783080075365
41.591008675562406,-0.32356505244757816,2.6869719980148683,0.5988215124208907,0.3650626412347191,-0.7736617895373437,-1.297069349748753,-0.5312362241208084,-1.6984638026134733,0.19397682269234684,0.06517676574405518,-0.7157283026129346,-1.177794843718699,-0.1016358080650479,-0.8603960933586139,-0.0918297456046051,-0.164197487811917,-0.5825902325316683,-0.6060816647593201,20.596052918954733,-16.00204570212025,-8.287182450804716,1.0569141277709124,2.2016914850993516,2.313991319013639,1.0207568099971893,3.209988736804085,3.0855878494346265,1.3630938038810854,-0.09983108050883294,-0.17484222202460953,0.4955072713891435,1.1212036687166136,1.1988123828207253,0.32474215400771933,0.7557672898972332,0.3763600093335391,0.9158161712945914,0.7590001528044931,-5.3506826645695895,34.88239371737822,-37.151416283618104,-40.15022453118347,18.300135019689133,-1.3202043010347149,-4.617542638086086,7.774564659269129,2.497913820661787,24.52516248766772,-4.293361299752792,5.464783073224009,14.401783981027577,15.285895057235708,5.470681298449645,10.425127465318877,-1.9082065921160216,-0.8028222952933302,7.953379664206524,4.728798178840456,-8.532919564901803,40.96333876283138,0.9744838981811563,0.7068214094718188,2.3298091225203215,-0.510424083651914,1.3299747887220235,0.8855735970739884,1.093944243312032,0.7462668003723287,-0.30964538091400295,-0.02623539340076464,0.9757385782487067,0.6810618607189498,0.606819729706694,0.17593190209840404,0.18447617327169819,-0.32517656821116847,0.012013766524788472,-0.07922991941325608,20.596052918954733,-10.317643707302793,-6.84720409693753,-2.617629487702526,-2.434962683042269,-1.4249287966206259,0.4081119169607794,0.018036982575646565,0.8226247019671578,0.22377880453146703,-0.7473504099341843,0.28822866358908494,-0.5684046972336154,-0.2404222386105448,0.04474485831306341,-0.37544967252481665,-0.17286715667172636,0.6378492171795661,0.5671575136726997,0.7128204701015034,-5.3506826645695895,51.4208385023165,10.22758301785828,-24.862629036309407,-43.34773971954731,5.545544739837087,-8.217389866306988,-9.748498298046021,0.8325467524806567,-0.6826070127236286,13.396249382307506,-0.6048073502413274,-10.482678770371866,-7.0908466485938035,-6.334816263138161,-2.806795324890107,0.4402420738947368,0.4498234043377596,-2.938156156565503,-1.1932707945386078,-8.532919564901803
39.091875032814556,-0.735506579010047,3.2536518901484355,1.4937650980997335,0.8047730735672831,0.4082834857764919,-0.5109110016557383,-0.9199471596219528,-1.5964025989598034,-0.5522225846680096,-0.2382921511001579,-0.5339749976208636,-1.0235468845375264,-0.4695700369095004,-0.8000948919898287,-0.41625951340166556,-0.20231074887669287,-0.2114053981459676,-0.13933824644997084,19.667580881904808,-19.801487769780792,-8.350247557684904,-3.4172694239066144,1.1454878841964704,2.533090110436225,2.100656970938668,5.941631908934642,2.2470582866495024,5.275974533037912,1.8201773648313213,0.05259496788788942,2.174486349336299,2.808246713761374,1.3533406417697105,2.6029293440168306,0.9915568246997402,0.40661928191185837,2.1600289209782506,0.44151473078168124,-8.214982710991457,21.80991585095692,-14.671298071240255,-33.47452173583365,1.0159217669315348,-2.399097274908142,5.782155003757276,4.2024383536859276,2.2693994246887654,19.87201132105939,2.2850227661224056,4.358300643695319,10.663031669792465,12.854209729403701,4.051637403948881,10.760925357506215,-1.6121749873625852,0.547528695451001,5.89340279429084,3.1385477157067605,-9.814403030095832,38.820365273388695,0.48626753146981305,0.21636605450527524,1.8777270544201214,0.39776618192509106,1.363851134530029,0.541729480359957,0.9249365139310888,0.4895455549893408,0.33906546461132914,0.054183862603494726,0.8079657131975684,0.8501666139636654,0.5784422725210359,0.7044084683675107,0.44666338433163766,0.04856904070597945,0.27064835214034544,0.08596212266319625,19.667580881904808,-14.564234880441191,-4.80551880649367,-1.8929981452361,-6.723698967562289,-0.5775527547050918,-0.03781814820125251,-2.241322725105835,-1.836002725245119,-1.680680821015365,0.7289996453832859,1.570071073672637,-1.906537923516849,-1.535941626579665,-0.09237652703653931,-0.3818447471774775,-0.4563706653412647,0.6185418734003529,-0.34311557505290424,0.5995837668689136,-8.214982710991457,24.978694698569797,15.386090484887958,-12.95499893279643,-22.150927815186904,3.9707096475563755,-13.593227671175104,-10.019041445569336,-6.9976284929957835,-5.114297686952735,9.973345406809669,0.3564512772037445,-7.844684213115144,-6.167777074994035,-3.878156240527745,-1.988199793820809,-0.7519417794487744,-0.37613111872247895,-3.5803582288412,-0.39492085939805066,-9.814403030095832
35.8702617732945,-3.18700022763093,1.8056696019648548,0.9162927849685958,0.8779080481476573,1.040601993755387,0.5858591214778976,0.3575371580625548,-0.09833840869227384,0.28449249785393427,0.1770306749322217,0.10315929238767962,0.04900859375148747,0.26914778796094097,0.05229294899172543,-0.04618203853960856,-0.034671500587738935,0.2661316530406943,0.018345954611970527,17.680283787516988,-14.663107064055865,-8.178363998987587,-3.2105870802836076,0.05747023196427259,1.098825788406251,4.260846074564356,4.8626270655869375,3.055031082051234,4.698314978109929,1.0177464328451187,0.6390306444087126,2.2749094800097716,3.5261623532293864,1.480285016922419,2.677765925682233,0.4613728889920501,0.4266912227373101,2.174980822331387,1.4065394398045226,-7.8188353572633105,7.8162579818536955,0.38952046233157134,-8.328320072486033,-5.376460158502356,-3.864595383244751,8.640367632760022,2.2262718142179994,0.7468592606349471,6.092782793529704,1.4327240947217006,2.2141814093874674,3.659227547914729,5.527833008493558,0.6898896433560959,4.780884125014429,-1.1189727375180563,0.12073436763299372,2.5332812034267285,2.260103283022901,-4.5401580316592955,37.008906830537384,-0.6876087954514034,-0.5896877678935191,0.8181208427539619,-0.04478239827745778,0.5483184115394577,0.0712229823536421,0.363768948339279,-0.010653483808018782,0.08214990156767343,0.2354421514345144,0.2623025347211623,0.20360117854805582,0.4886022634333409,0.1962432725080201,0.22862249151512026,0.05995510515237146,0.022691023385625786,0.17917062676636974,17.680283787516988,-9.720322307439304,-4.498061714186336,-3.39907217712947,-4.082982771198878,0.4887347905463637,-2.3788454773557026,-2.0992077274470073,-2.021518155537316,-2.014039607158055,0.5266750019196971,0.7046133785015778,-1.972535265531495,-1.6014867997573976,-0.32627494163440107,-0.4675424550402585,-0.12974825632967324,0.7816494111734719,-0.22660281503304502,0.6100095964624251,-7.8188353572633105,6.038555372728865,5.005741857809721,-3.068959410747259,-0.6553239799498085,4.893614719585434,-7.9149421177874135,-4.09237442238648,-5.873801145301144,-4.808995609521734,2.3457261802441742,-0.03268826534607361,-2.874258478610405,-2.7876742954714384,-0.9759380144927907,-0.26988327289366465,0.4128602096956977,0.45070792576093033,-1.4710078973916303,-0.19519591768464495,-4.5401580316592955
