29.12049907077214,-6.154330801054746,0.2885930514823769,1.089964376111955,-0.5863971080599633,0.7788166665596079,-0.2944851591252151,-0.3684342654477164,0.06192059932931726,-0.2236571053423786,0.31390844117247796,0.22939556144305273,-0.044640250994906205,0.4413867991474174,0.07497889643737365,0.4855980899439465,0.2142128685537772,0.32319808181996634,0.2917441988380929,12.292189828902515,63.754220679342275,-0.9132244539869507,-0.4939987760391673,-0.25515794934841063,-1.0351142622452219,-7.0738151775170035,-1.1672729849164298,-2.296835565198146,-1.5725343598210066,-1.4820805532389927,-0.5740341762563868,-1.7615097256888994,-2.0497708080946113,-0.9875804046046779,0.7819615050899218,1.9215256320068446,0.4916778363051464,0.39541578283936707,-0.5724472090472277,24.265004235039086,93.71676120938831,0.2810149104551325,-41.12909628113668,-13.036301972155567,-8.585550117342873,-4.743812699902048,-1.9470176612813979,17.150594870022584,-3.302171132486296,2.262622776306882,-5.93086080667582,-0.12554591876067533,3.2761027803778564,-1.9641376491087579,-3.217099270582997,-0.5420382586537391,6.484712225043554,2.1567776608320637,3.836053509112683,24.469792129521217,31.791177521777275,-1.032929564498638,-2.902374752996818,0.15762727072729987,0.36678400781601694,0.33086144956423214,-0.8359348707719483,0.46375600006071327,0.18339521388630065,0.011131177833336281,-0.09515391479630564,0.361282988084775,0.11906289015544491,0.10735555618884196,0.2955341851448322,0.026104704324594996,0.03209848910157864,0.2061900313626438,0.004417190555141226,12.292189828902515,64.88554738440436,-0.13412734867472986,3.113394398606303,-3.2572544145727163,-0.14364756737993445,2.9745558900546474,1.4707150356745733,3.03615175871254,0.24555412702963775,0.5339189032680285,0.14443765120729402,0.32257139241796606,-0.16658148028753628,0.419653165833747,-1.243251509373247,2.0719636564836934,-0.4884107312244875,-0.9731295692510502,-1.2929267893429035,24.265004235039086,86.42159634774785,34.61445993373712,-8.302689849066944,3.5379009653796167,-20.607004622535047,-8.935914281776494,5.38377631755091,-5.029310279943518,-3.5675062302601903,-5.3179425739804635,-4.773878663328699,-4.97215709743991,-6.513125623922406,-3.1946462871587347,-3.825528170868712,-10.744307949542033,2.2979547266952913,0.44593393168838147,2.318884501761853,24.469792129521217
37.80756497443243,-6.476044658395876,0.9682641843568027,0.36506721581001633,-0.4349144409743966,0.7441597935724475,0.11662250071622182,-1.3964550155597153,0.12051731967616108,-0.8923408837846609,-0.27222870593797355,-0.4464124839934871,-0.6138539015665083,0.20487553214542498,0.024309032727318547,0.3501202627818554,0.004318108806403265,0.010684760343000255,-0.0510232951519205,16.35253353747948,93.67862911121439,-0.8367422719612136,-10.355246622007893,-2.6140397826676813,-4.582511601653453,-10.624873981404615,-1.6417939096541025,1.49086139966274,-2.974609226265901,-0.5033000259255176,-2.3123550283999563,-2.342838892609853,-2.0693402182934673,-2.5387416728203034,0.6537101181902985,2.5016542471081715,2.4151623025542266,1.496990828413975,0.5427315936504291,33.577094280081845,17.676552889042597,1.7548175034996323,-43.93679079400005,-17.53766432103768,-6.726559866171328,4.193053476683604,-7.047266841250449,20.601324347442706,-2.976327357766011,6.794210019739342,-7.102040844980749,2.968369910407601,8.963651173778377,-2.304565825211159,-4.902163460215144,-3.686865221119225,5.820093688233531,0.0848089810209488,4.345495977809281,-7.591614547895368,40.911593757040144,-2.161422974935244,-1.82919057303973,-0.2556594544566142,1.0948196488461686,0.738183248913487,-1.5674293221082856,0.4770077961162793,-0.3417241955556385,0.6700288899445497,-0.3231219487429573,0.3069058427301141,0.7047452193552455,-0.0198337692659305,-0.023409627389716636,0.6327408653210043,-0.3017481274807665,0.3729522250698566,-0.04168179611615552,16.35253353747948,93.34918012776438,8.608990375727082,1.3351912041509157,-3.4973176843250653,-4.470733008806382,1.935183563473263,4.965641697337103,1.6444523575308332,-0.45347982144736143,-0.8108302618630656,-0.6281057783127406,-0.6633726957173751,-2.5523424428233445,-0.26316006202795905,-2.34444735674459,0.1605953655116079,0.021553924398439395,-1.5276676401815958,-1.4910389588136823,33.577094280081845,8.183937235310978,36.69003370948403,-11.952606187474643,13.25574894898655,-25.63381808181719,-17.021492143549494,5.974978340978411,-11.821845014604765,-4.232230874034152,-4.12870397670544,-3.0790200027174945,-3.6127380477512667,-8.095144633318272,-3.391906003321718,-2.9377221244275478,-15.89147846025858,2.937782814095545,3.7874985741329996,4.982025931024523,-7.591614547895368
56.65407645861313,-6.450086099377655,-0.29824190297441966,1.3248339815887191,-1.1796955727253575,-2.740762485705314,-1.0836754815041485,-1.0028416729907899,-0.753644940754608,-0.6303554927407338,0.31995992659951034,-0.31345527868312706,-0.7849188297564109,0.06585223034607468,0.4912945808373621,1.5140998195284143,0.5649991665800373,0.6771626339781329,0.17690434130948574,22.394520092133575,95.65039706810038,-0.810958089772253,-16.127922993623145,-5.593868018766559,-3.554190651212543,-7.6701921255242205,-1.9035213531882924,4.384613387382704,-2.5225824928417073,-0.8401594287422895,-2.6703041535225123,-1.5336181016087602,-0.40193471280625515,-1.194068595051244,-0.762462436751765,1.3604421951293117,2.772291715702383,0.923017090468095,0.7879901441602855,31.843855277278315,-152.60094628440055,0.8051557253846795,-8.634676931881948,-16.72753239761383,5.551285214605084,24.504443642831497,-11.244095741826104,11.687900668957255,1.4980053813606053,9.766782138530433,-6.602390312334968,3.3143537263357374,15.766399598339097,-0.8785979161613358,-4.345405132688285,-6.98308539351985,-0.07692226841875449,-5.473183770826951,1.21834457376192,-63.01147067664558,59.673743096348026,-0.5357465336176999,-1.8822696436722106,-1.2643565739671012,-0.06905759638902609,1.6144784949169284,0.265169872733507,1.9752059813892004,0.5687319821220891,-0.05135822658825617,0.0910489277806672,0.5497572569710885,-0.2570690145882235,0.3807768018331017,-0.16661966327451694,0.7587684520682372,-0.04518356821949254,-0.3637558501164877,-0.6189967107806622,22.394520092133575,93.86452918659828,12.801543755992924,-0.14884892869947608,-1.3682722970067331,-8.283607157934235,-0.9737150875429079,2.4151398636187635,1.2173463193316352,-1.1886820138619578,-1.4526778011566563,-1.8562299656970385,-1.670535112234318,-2.230263810980835,-0.8362633638147672,-2.6054176711219315,-2.344506172801281,0.4055843043116947,-0.47289356794158677,-0.03442845372658754,31.843855277278315,-156.13478887458825,2.926630678890894,-6.463729294620228,26.026968588563502,-12.971673693872136,-24.78480353040599,2.1276807894008507,-17.98970566680155,-4.795275261427076,3.1100670024117063,3.2828577461418376,4.008123994410436,-2.847786863129651,-3.461862169844873,-0.8513337622319983,-13.16118095426705,2.5552342955375407,7.201499771556426,7.36960592662302,-63.01147067664558
62.19302493245884,-6.424824287873898,-4.595612782293172,-0.3344903179602676,-2.5810036765539923,-2.7738307480102384,-0.7207869527627997,0.6942001381551903,-1.0176012437616708,-0.2719579246059598,-0.8452948157410165,-0.6705984647987839,-0.7091710707608874,-0.640216752862063,0.19367611333252865,1.2221743487057983,1.2464008708177603,0.8947112199478706,0.620529924427611,24.029571837327907,56.64440892948453,-0.08694888434448345,-14.645432064247204,-6.354635075158177,-3.138856000847225,-4.679099965171593,-4.322782221405723,4.663102132232782,-2.585673972193662,1.5940638943823267,-3.0769196101136984,-0.39127058252516855,1.6081367311503985,-2.0366192219869745,-0.896908254096807,0.35863473988599814,2.261417740723293,0.1740196195354775,0.9200821032536564,16.679771439971788,-275.5956128060161,-5.6719389135137614,34.50981568514528,-2.2403715688940746,12.552567238785304,38.63726061284503,-3.507577170571377,-12.686550126692897,6.105653464407442,10.767191415025485,0.8904128555528019,3.6719001767889554,15.467516808659909,6.705332182134029,0.8182786928664474,-8.02903353763018,-7.024300244403708,-7.530192130351775,-3.8680680432697803,-95.97350807806279,64.52448479837409,3.022974107924434,-2.7448317055836635,-0.8800396490880322,-1.6506616944846528,0.6566447086245155,1.0963336061438755,0.5302571881618863,-0.2360130809552743,-0.3630392508874003,-0.5023082252411624,-0.0646404942170693,-0.9690423788843932,-0.16093509764726743,-0.6456125690177883,-0.25992948679142214,0.08151647996133393,-0.2726708479885884,-0.42939533818379827,24.029571837327907,54.48802510096289,11.743053953733458,-1.2317870314781287,2.426129001137568,-8.890576813011378,-3.5620546929213224,3.9859917921916836,-1.9653680288993893,-1.1534432395416405,-0.537134732872349,-0.394738541699287,-0.4872443791315253,-3.182312631600023,-0.6483415710028548,-2.0310294907126787,-3.66554065900311,0.533483158055194,0.6705017171607179,0.5688370083612004,16.679771439971788,-267.3865716695765,-37.083248725122886,-2.5471413056554733,20.0350335772717,15.00604615340294,-13.644640950859024,-8.491045823208431,-18.182804611671934,-5.619570956520075,8.09771807310127,7.627742231425113,10.726479458764794,8.574550010525833,-0.907900616057163,5.382716324445711,-2.11552556575163,-0.7065870132118641,5.759738773962809,4.977826661577057,-95.97350807806279
64.75296762580912,-6.585420031201862,-4.993429962004207,-1.3571908663861825,-1.290447815876437,-1.2972841254111596,-0.8275411089798506,0.7785448513861826,-0.6303113653726204,-0.9539282993028739,-0.7347105806872567,-0.42532049895867896,-0.19794902280084425,0.26689864412553943,-0.3909358622411139,0.7297921445466309,0.9793173453992903,0.34269339725157866,0.34996266112846985,24.37559831761746,5.970857628006932,-0.8855432851029761,-2.666244520860486,-6.748626501910078,1.0187005446542061,2.2055196357822333,-5.448826699953671,1.9609944029954605,-1.0179992961768236,2.3526285558723012,-3.4929470415669996,-1.080117017563373,3.994690516353004,-1.6779405881020102,-0.615431875110668,-0.49850731114199354,0.5300889830112359,-1.6796904981348597,-0.15195017696788127,1.207930316771325,-231.05880030365924,-14.97690120842606,39.514998703819955,12.217696908270957,7.481035645208902,28.910960091777866,11.580551657131979,-27.22417996542655,6.075323856511915,7.102142048508134,10.75701048664411,5.64376561380225,7.3850822926131015,9.503875423488235,6.731014454534196,-2.7769149639417368,-10.977567046925987,-6.536501158901505,-8.63102050201739,-71.78906715919716,66.91699659440944,2.7756437720679856,-2.518978651074589,-0.21431878046035768,-2.40227889948569,-0.1152268240627361,-0.9602464030886471,1.0458044637037274,-0.46380135034486036,-0.1986736523290169,-0.9336757593957223,-0.28821139955879227,-0.15917521621515318,-0.24022546152787316,-0.6960731796020976,-0.6998132060198321,0.04325833753637576,0.2925547839210729,0.18105973472566883,24.37559831761746,6.248730460510984,-0.23784379823247104,1.1650188691107117,6.794506536977718,-4.4195625122135045,-6.669226746951056,3.0243803829477085,-4.153790881473125,-1.8021017946367608,1.9521046399785233,1.669182905971486,2.2385692313302594,-1.2754898174640226,-1.1186871646012415,-1.8256273235052018,-2.595558808392473,0.5332417997159054,1.5285356378560058,1.361938190381165,1.207930316771325,-212.72747643469816,-45.598871357429125,-0.7367302906694526,-5.68151155277322,32.672925568482725,3.940898800618558,-11.988818481197153,-12.471776464322655,-3.802815144835682,2.222052171734031,7.047708934785851,9.651993713499973,11.015152971502186,1.641137735843033,9.781432030602442,9.930844727234486,-1.2927665257910452,-0.26080580542225706,-1.3170012866247114,-71.78906715919716
62.0803238555767,-6.451852134656015,-4.0068578182519055,-1.471237897781621,-1.9489663198224694,-2.3171293691604262,-2.1728357962487888,0.04440278836818967,-1.2339864541116636,0.06647746668757248,-1.2833532573514392,-0.5861151651182954,-0.10327043946909242,-0.9139572857377947,0.016970127218153053,0.9215914702157462,0.9278678897584234,0.26492918847401614,0.3224885965654156,23.701880144723432,0.720592428253056,-3.635419131052733,0.1688219841834151,-3.156846325542959,-0.5926735801941745,3.755900444364674,-1.6229298215571015,-3.6406041714900867,-0.6740740923946222,3.2839016892799293,-1.4558271566013117,-0.733639346238069,3.466105571456857,1.0558604147720938,0.9893341838029737,-0.5833877685712663,0.024113546697946076,-0.9667514424604353,-0.9213322674203777,0.9083027213039472,-96.07308503575082,-9.850433161619705,13.014128184616839,18.549966834786428,4.438844064295495,16.630126736653736,29.46027784094879,-22.83731683106302,8.381326880687148,-6.657398612060549,19.182949640747275,10.82683739126493,-1.6444289865870125,16.956523823652113,5.861490906058778,-4.412257850612172,-14.927605750459142,-5.474109995829938,-7.6334140356507625,-22.755176448144628,64.53397955849088,2.054408849088642,-2.126729585077605,0.43238614935879793,-2.1838581061111886,-0.17799143805734197,1.0382747118986333,-0.04097545949067882,-0.402179149092984,0.4751192363787555,-0.008128876004406038,0.48226798142929184,-0.9353579956313012,-0.03350342308687049,-0.7741976145822658,-0.4707386351365159,-0.07922750133110368,0.38004776663143525,-0.15729151468872082,23.701880144723432,3.4637936560197886,-3.4129402097216603,-0.5953133475819148,2.4388096873185603,1.100267745034722,-2.039381082252175,0.41549852606841586,-4.761381347902754,-2.9565554093199977,1.5356375541199796,1.423058901565554,2.745314861882733,1.2575455656811658,-0.5758984696633034,-0.042984368330099665,-0.7716410995686109,-0.395568329909598,0.3514871439010123,0.2996910499209702,0.9083027213039472,-85.35745457659084,-18.081647360019197,-0.3949972406859801,-30.540922107389008,31.08934227886937,16.9933666849145,-25.75697032350999,2.9982193229867424,-1.298478495555051,-6.44466177488443,-4.409674504401106,-4.811870914271383,14.236410744286214,2.133398293959252,10.289586630359372,16.182894723708877,-0.7683358809454468,-4.688789815035395,-2.974632676266178,-22.755176448144628
59.69585581105767,-6.879343818538085,-1.9257416454252958,-1.481105479455643,-0.9863639787640159,-1.8663533572391033,-3.0820644097379897,0.3025542034004407,-1.1544519836680234,0.3767410895486507,-1.2074843733787781,-0.8957554373050578,0.9094761127741937,-0.6362477972670646,0.2719316363392159,1.4151376032024436,0.9893101486153237,0.1522084006476303,0.2499499167566428,23.162331096821475,8.082905166886498,-6.525173570631159,-3.7775506659284783,-1.0839139394386885,-1.0867640389346178,2.56778771559658,2.5368282754533857,-5.075623443469138,-0.4407205044852698,1.8659926980629762,1.8976548630433485,1.459449087148815,2.3616220133470662,2.0116292983133395,1.659923571565443,0.4429959673870756,-1.5978397107479372,-1.7748479579847012,-2.6068129215113927,3.835056057013656,-91.34229800040534,18.27834962058933,-6.9802883210088735,25.563645145347714,1.7365908395532523,0.5644296023662934,30.810879171551314,-4.220409813262061,3.6102574203617492,-13.760712968850953,16.782131741610243,14.860658025392329,-10.886364148325312,12.410538942235217,0.05360901178750099,-5.935913987919738,-13.783493700174542,-0.7659562616593298,-0.5029026502650298,-29.082771654191525,62.79336094654512,-0.17038580331603947,-1.608811269369884,1.4766837952983427,-2.0122406466825105,-1.3028168052176707,1.8063895113299824,0.18392686447892093,-0.24923588112743644,0.5056148497679276,0.678550706148032,1.3955876348130376,-0.9116561149467808,-0.24228261774771753,-1.0151408022448791,-0.4336063779554524,0.30180932228467894,0.07415266150150335,-0.07407952733761847,23.162331096821475,13.012906691720744,-2.41989484099408,-0.8354509159823094,-4.215368416483839,3.0574333472840793,0.23539750743179733,-1.7940227439181795,-3.62053525332801,-2.18853350139062,-1.378037858785805,0.7587257800634668,1.5391821240085388,1.0573835761296637,-0.0519160465630264,1.2912757829880002,1.1739664110987131,0.22372678539856805,-0.4437891840228625,-0.5583561178188281,3.835056057013656,-105.84613997248859,23.354751505327112,-2.661015825440998,-31.548744669698472,12.388003883067132,24.07626360638659,-20.69351048861774,13.233164497644495,6.976721109151457,-12.42132735319651,-9.602168333565112,-16.05328425225391,6.900899453207223,3.2826918749158027,9.63282278952998,13.56667552160774,0.7771087728199266,-3.8171534274376198,-2.3647187691846043,-29.082771654191525
65.0818770539611,-8.095571959732153,-6.04504594849092,-1.8509561741970169,-3.02938238520729,-0.6113459099139296,-0.4049902131622809,-0.8881066235969821,-1.0925679808112805,0.7046582256082425,-1.3368214976959116,-0.802200668744629,0.47016914718002223,0.3392866752202859,0.3569094559438506,0.5878077350922588,1.2534612425587166,0.5065779970196271,0.2098701629033357,25.090356808377873,7.551842642169333,-2.1923503223902445,-7.582714899404789,0.0879920609993432,0.13329832309493428,3.4548293632481024,6.414529211365143,-3.237247360066428,1.316350072304135,-1.491317482743285,3.8192542579547664,3.752365060751202,1.6024564893598612,4.5968577466314064,0.8961594755945268,-2.3182458246846225,-4.138420787626691,-2.515456648454571,-1.6691935422999693,3.9886203457783083,-167.33815501998157,50.21855508618487,25.698387606790664,20.63213844599881,10.586359877262906,-4.887654276270659,2.2539671999455053,18.75330343503543,-3.245608528860734,-15.763993526141363,2.7763878847195236,7.210801392095496,-12.863373557190435,-1.0782930221306657,-7.69977941525283,-3.3728201377684868,-10.310427537159123,1.0130544066786373,5.42518842350891,-63.778028096361275,68.31819945031614,2.7895187907556163,-3.4975720702269735,-0.5061360933081023,-1.2955469483688815,0.23074915807589536,-0.07923508803123136,-1.4194946861770874,-1.821573520223985,0.05263527512411725,-0.5968920072302626,0.46611741953838237,0.03597085332200356,-0.44785575436899694,-0.5075709418614474,-0.7788534506079174,-0.24554317736761666,0.012273785171702523,-0.15198018219166953,25.090356808377873,8.427209697062594,3.793255795104665,-0.42905075927460823,-7.339394575826157,2.915596396674515,1.4823165223445014,-6.483291806130367,-0.7328861814785754,-1.6094666339422363,-2.0943943709324,-2.1443472309458302,-2.5434862826063567,2.7694560437462408,-0.11502798304233619,1.5553122712204064,2.5411440931057347,0.3040727247411392,-0.6877307794175451,0.041667824328107894,3.9886203457783083,-202.825907170422,21.29225554219902,5.615261304079306,12.148294422834184,-7.206884489372861,11.43308538237716,-0.6424107647941764,22.01182290130103,17.971320033664295,-7.078317022001711,-1.7577388591946956,-11.739951563293191,-2.6007133670049782,1.788000999260954,3.842216884729635,6.9976174677246705,3.5371962896891853,0.7166232613507828,1.2316199753938502,-63.778028096361275
67.29364361006017,-9.026146903979372,-5.863111229848939,-1.7092886978978288,-1.2936218026513355,-0.866281997236118,-0.4430497627964116,-1.2930121643658006,-0.9213808542654469,-0.34002232973172086,0.24085097100665376,0.41244679642889537,0.6961421905481315,0.6460913128031689,0.26905625917875886,1.1181819958019124,0.01760081362517507,-0.6655549860135774,-0.8971345827961865,25.598888014297067,-43.115916479153874,7.5320971208604455,-2.280620239570821,4.410776877492628,1.524010012786278,2.6382699775236658,5.937883369360865,-0.35088890934739947,-0.20808266834532763,-2.1401183425415686,2.2605781219600836,4.107209791638157,-0.5166670167611533,2.7568302170859424,-0.5420400151126941,-2.5990352770451848,-4.280390699913717,-1.2883160259674569,-0.029470864660600338,-14.873614322561618,-170.93462135621692,56.08528696576965,54.15437080773758,7.2887279727016985,2.9219890554200623,-6.235550768755333,-20.520498807655677,22.13388148408715,-9.35555606431144,-2.230584819600442,-10.968838588446111,-3.9295363460738355,-9.125980752156536,-4.0916838814790655,-7.107134172400096,-0.027675667789584857,-3.0689323736686434,1.831444624789576,7.637639649948488,-61.03436057017576,71.53133999435718,1.1981413807374586,-2.2512828664910596,-1.8527418673688274,-1.3177178047148037,-0.2018983684134561,-1.2985028750828045,-0.07520354961707332,-0.8483709154746699,-0.6764506010946003,-0.25993130375106066,0.4894549433909319,-0.11614785262697369,-0.059007319168323136,-0.1837486244685067,0.041227407265225224,0.23827956825391627,0.25454718263950804,-0.10077399043227087,25.598888014297067,-49.15604754625471,7.836433952017923,-0.2486203377634406,-4.090763666299159,0.8667751035001645,3.6080562539439027,-3.87297969526177,0.44854378413703344,1.012714372250087,-2.4435430740935415,-1.348198194555378,-3.14367232255215,1.4190046701070513,0.29222352954617614,2.1916357514845353,2.5313863560742247,0.5719756588005,0.1395678857964746,0.3085904185852939,-14.873614322561618,-206.74319396484515,7.07913328737704,8.821653644056676,51.97288614634343,-11.960674804820865,8.95895054862524,17.33780610208202,15.32306115060051,16.634616984786184,-0.9336210453209137,4.925020388028322,-1.3715685425567345,-2.731125523198136,-1.2912164486848154,-2.1053450571575762,-2.460890169995036,2.5250278541585107,1.4508906838869895,2.032058115363052,-61.03436057017576
62.057351277160116,-6.474625753130494,-5.829530475742478,-1.3131502580608565,-1.7286882463313424,-1.0897503675378677,-0.28507851403700624,-0.7764377077819038,-0.6923469826608843,-0.3207995650438842,-0.097893800566772,0.635966248390329,0.8046247663238693,0.7433020325427919,0.466487553595645,-0.08905363842629943,-0.655487836559848,-0.5839174424226654,0.06143407519184563,24.47791185887479,-57.34907425871755,14.4452230662939,12.269550574399918,4.411877488990786,3.3951193325768307,1.2768321752658016,-2.1964737685380884,3.3736802789667593,-2.4131972748949604,-2.59503955348848,-0.2490948436999174,1.5478809975650076,-1.5264366920842514,0.14411344432045947,-1.7595737304843726,-0.7487822152393795,-3.7898247272987255,-0.7034902051297388,0.502590915908681,-21.626376137089053,-17.782238810041157,13.672874456597102,49.80963954884396,-5.057308291829308,-3.1450687966020987,-8.270370839035259,-32.04288584900106,11.005669703403758,-7.679486860391394,7.449924420983887,-8.751625187796735,-9.646063663384407,-2.6101317646963107,-4.856545443492838,-1.5775539638909388,11.708085271596754,5.916453705065706,-0.776546394841225,-2.37356849584748,-4.635707105371097,64.37859488311615,3.2667731546142256,-2.0200191661543214,-1.5725983072206953,-1.0733213287577845,0.012707604712801412,-0.650924997960157,-0.2778533431819694,-0.9073449488904854,0.01895477634381937,-0.6110614865277748,-0.33640881416283364,0.051615895081915664,-0.18265506389773578,-0.4122375678602488,0.5624165188060126,0.10457373805484727,-0.05401488364633966,-0.12311037097734068,24.47791185887479,-66.86468281020348,2.1050231648718474,1.918902015348304,8.450654523643312,-1.4078453777597508,1.990832235680352,1.1337716193431229,4.209990584015238,4.428480670691796,-1.4707683492270074,1.5976514592776285,-0.783233696483518,-0.2236216648100171,0.14603224191257236,1.4279440897864504,2.0484576618059687,1.1989053782340287,0.41812023966673517,0.48202776941583425,-21.626376137089053,-20.690567260171242,-22.321184921306273,5.131642354540807,50.57022130619836,-7.019085239566895,0.39323650809192,20.053976027513563,9.174512742718866,11.512530008200292,1.0557878635531162,11.257487180977394,10.245691376388086,-3.2951327665435857,-1.947243955313379,-4.435331645294896,-7.483178910997889,-0.08012720555517072,1.2714881941402933,0.9076593525739572,-4.635707105371097
39.65016045988122,-3.923768361408692,-3.173809501584927,0.4553800012225908,-0.8747060418088508,-0.3080161396653014,-0.17307857462019482,0.07127529081920181,-1.4586038169158853,-0.18058918639607024,-0.6966591609633062,0.43876599994654164,0.48391479482169353,0.5401596326146536,-0.05387742004302831,0.45405065143913026,-0.1964106617822523,0.053298107385048143,0.30943252828208767,16.031746410292207,-44.93394706077852,13.198683217911592,13.373502001037957,0.39850733291643925,-1.256680015965535,0.5390109252100639,-3.4179196384228363,2.685853479057844,-3.2537248630414424,1.3025613236353526,-1.552589880352365,0.5969229457049945,-0.6369217720091453,2.1921595087292802,-0.5657769115951554,-0.35557367123033834,-3.3066039277462416,-1.7651088672523292,0.12611467435852597,-13.874625986640542,235.51885196279522,-54.77649809146192,2.124123159934811,-18.588070880192518,-10.64146410182425,-14.714130041179708,-24.62681373456952,-5.7441087528717,6.721276130026313,5.747814803052076,8.488618538513348,-6.5533110103372785,8.139794051827625,4.198562210752618,7.384124123459628,11.409734410913721,4.480741061485331,-5.982915554298657,-10.06663872481812,90.06818177693138,40.18513945701776,3.509203990763617,-2.4718978902879303,-0.03546693089494046,-1.6899659047379767,0.6102320984358276,0.15574461866356026,-0.16262191495012135,-0.19999298066914273,-0.6993164378886942,0.011536348519099127,0.22501459038757066,-0.20997630077321117,-0.22877119821026004,0.033010386496789224,0.161451815374695,0.412738693973697,0.17708093880876175,0.06578077634786406,16.031746410292207,-52.71274403706878,1.9637881178108487,2.4013995187345722,13.876050106953137,-0.7611831679092202,4.4606149250764915,3.0663485943860858,1.5695569392253383,3.1098013386854557,-2.1566613922989584,1.350236628965899,-0.02672844033124777,1.1883596688087246,-0.8280543833828884,0.30228734512619004,0.18986454175107825,1.0388243857313788,-0.2712693516215079,0.23749296731883474,-13.874625986640542,279.3590546219874,-39.900273275513484,0.5151001944205977,5.307426408526691,7.0711141002051985,-11.172224114355918,1.309115059891571,11.227045173498528,-0.7907372372313612,3.0112477651449447,5.427008548979465,8.003117386863677,0.33502808322802147,-0.2634248524031375,-5.851462874060011,-7.158277198775864,-2.9238267981641632,-0.7428995401906491,-2.084775613720677,90.06818177693138
50.229081499691794,-3.4241496978705426,-1.2549215254229673,-0.7273517792618338,-1.541280599340117,-0.25206275106643705,-1.6382126915194335,0.11658978829389621,-2.0305551369335415,-0.6725781228038228,-0.9926138535608904,-0.04141977172094835,-0.18693550099888445,0.46430923747477326,-0.3614105696874421,0.5454822996539601,-0.5344453833869325,-0.20459365224455506,-0.14211793468146094,19.060739541835776,-0.4302614720389215,1.8107938573827331,9.495043754712803,-0.43452731262721667,-0.048891060830208666,0.3692734698872737,-4.9290122092435364,0.7472162974328291,-1.0005722605435046,0.512304894660198,1.3500256652126228,0.6844766520255798,0.3575179846357017,2.4509203790633185,0.11925094189028806,2.414066008206332,-1.6670873211775756,-2.665333425232747,-2.9337705597332726,1.1712726251322216,250.85805187558435,-85.84226298907589,-44.978819047547994,-11.122984293275238,-14.580964710198657,-21.68559803022279,0.9047519787255003,-16.946891451450966,13.101061122789599,-1.965178470730188,20.509795149376025,-5.132620191575098,9.418688893070566,8.329786525980255,7.392479131879719,6.405458367206528,10.228452049845817,0.030077877802609843,-7.766468077750383,96.389456208805,50.55895831388411,2.6864990681784606,-2.427813550654386,2.81055370027661,-1.8133455872371704,0.8201000424914295,-0.2394730252328523,0.7292097884970556,0.06847784771914944,-0.6713159810923395,0.06619989627347178,0.20672074779830396,-0.028925755009886256,-0.2899576938917423,0.09802159754912987,0.18526317624033206,0.2666799488895073,0.26006702692044326,0.005756319126180132,19.060739541835776,-0.1397256876159929,-4.431013748444934,0.8117604897467889,8.962309190646877,0.22003291259575986,1.252655440824167,0.07403206280248664,3.2938636123367058,3.098254886940225,-1.7099412800531337,2.1351789477822285,1.0208874644772352,1.2372121611236113,-0.5285110042344934,0.28232065175213084,-0.02968445523163632,0.030584758498114484,0.1534319363615928,0.5310462262483161,1.1712726251322216,311.2365921960731,-31.559893182022464,-6.7395035069402525,-52.22967781522734,17.121956950251228,-12.052237380812416,-10.30756441230923,10.447885065224906,-9.563403399344875,-0.2085659086494247,-6.124914993687419,3.505248071783163,2.626905436014945,3.536146973270324,-2.400897000098243,-6.142142970379679,-6.947336034877042,-0.569292803893942,-2.225841702631002,96.389456208805
50.74080496840507,-3.952043322653552,-1.463664704489716,-1.8029342708391205,-2.0156656341297157,-1.0156203428668014,-1.4754424932666161,-0.39659917287477864,-1.8791392086498395,0.48714761096592474,-0.08808394267246955,1.0496012793370313,0.8734614382049357,1.8816674647018183,0.4001168650227247,0.6231271911466134,-1.6962223768344034,-1.7377713147287972,-0.7323012406802702,21.370161179496304,46.18410310890443,-13.53893732041493,0.16869475024014235,-2.4600561617946286,-2.0747168414223274,-4.265015690376924,-5.009254277571172,-1.9097112950162844,2.4462428894921007,-0.8198831650898692,5.705327136760488,1.2622564592392318,2.611252670792683,3.702707855090822,2.2106097104297895,1.5244078166888195,-3.1013888722316265,-3.298852193065281,-3.3446094892486835,18.761652184793437,119.73226718147689,-60.8849303063574,-36.35820426766229,7.10165220786405,-3.3441030907819207,-12.736094034288271,12.172167206866948,-9.593238292104695,10.873642334663588,-10.164397468562626,11.075234005241208,-10.061170677736744,-1.4186228212207033,-8.452027254345538,-1.5255266664497609,-0.6057598933297728,16.963655642227074,13.618183419887472,4.987560426135252,35.27631655881275,52.08478626043881,2.4701724828607654,-0.8466859148737411,2.8937071823590883,-1.3282972594297209,1.6247128752354758,0.028945435746586146,0.20604335415608332,0.2186183555632406,-1.409645918526,0.0765563193312655,0.2045259422447392,0.5183028068232896,-0.41938319586276407,-0.287734534610101,0.32473634942360463,0.6766386557022757,-0.038128448454637365,-0.0464608518246139,21.370161179496304,57.16100120344525,-8.845684229080431,0.5625005222476158,-1.692877795537596,3.588393008425008,-1.6089674058059642,-2.6885523870456662,6.520129856725564,1.2824586455101918,-0.818332726108006,1.0965423356820545,-0.0441742096006883,0.8561017987542479,0.49778272641814025,-0.16128396652831056,-0.008681184794905095,-0.3057774304136245,-0.09953773264627874,-0.7583066166912856,18.761652184793437,158.08047237613386,-25.143308785759604,-14.397293667267276,-59.219922826993866,12.323620846708298,-14.96838150911552,-6.068133135865123,6.6145925556676906,-9.906907335673905,5.772060824387468,-9.002947109829648,0.9258039379415743,-2.0121939026900524,4.91601558331188,-0.2949784908260078,-2.4504478970656067,-6.327141437951585,0.6480643498271741,-1.6344845833551904,35.27631655881275
56.29689828687873,-5.555091343816697,-1.9370809969336826,-0.4012567783436092,-1.1826539805860143,-0.5513115309934808,-2.098402659335564,-0.168892327218499,-0.9823654170656595,-0.39851551639478267,0.2728314228941211,0.6727869347078741,0.788610436950099,1.298008306030869,0.2991158820079125,1.033441095823125,-0.7391256396225603,-1.0210494439821163,-0.8845843201936117,22.394340786838853,22.520926594233146,-15.107098159080786,-3.61745532397517,0.2796670897087008,-3.4863446097941018,-7.163953532052098,-0.9484304596011706,-2.8019830597216586,1.287349410233067,-2.516406544490963,6.37684422243167,-1.3510958549896603,1.5588205330501181,3.553732534129816,0.5484725244430146,1.5139562244043057,1.221793769866876,0.07842039667804213,-1.6452810411629057,10.250212881596461,-35.45148195592808,-5.881155975818709,-23.79496488374136,1.4089014851093404,-4.377626836962892,3.6481908832097303,16.23080056972718,4.955767863282119,6.6438970559454456,-1.8130790710906677,-11.800564344489711,-6.404529647898903,-8.495714441990472,-14.574256725546993,-2.3885228455964405,-9.041997349638983,13.964819796172115,13.210327142578372,12.024762500445098,-22.997226982183474,58.35890863759763,1.5707820343431846,-2.4267449089880215,1.4439692314757284,-1.1441391951140325,0.13179493672506082,-0.5505093751004266,1.184745828433281,0.4324768264634353,-0.48085112336409463,0.42401800195725614,0.1842792421471997,0.30608242184547096,-0.35160456718873045,-0.11070478143073825,0.46593202416573964,-0.012083863560384822,0.1303057781661563,0.19853355623305635,22.394340786838853,33.81674066757605,-8.270187252693745,-0.531400239878344,-9.879720432724989,4.978345009198749,-1.0004952892846282,-1.142560096095616,6.958646657877578,0.560450317606991,-2.244215636647196,-1.3379588909241589,0.9781132240427837,1.2559599882246937,1.25118717364722,0.45928124556457917,-0.9233409601108791,-1.6024617311319909,0.0476080282321496,-0.13299328989460646,10.250212881596461,-37.198144782957705,7.480656882391677,-11.656902819578146,-20.710007984409977,-1.5452786395977283,-6.324329699761053,2.177708131998044,-17.081148650010608,-8.32575157411345,10.839805398080408,-11.577475967531093,-5.357398426732214,-5.312252617130774,0.2043948215118394,-2.9991319463772728,-2.157542538876666,-2.976252793804906,-0.2732748729594794,-0.9455627861108101,-22.997226982183474
59.70830362073997,-9.62776619864308,-2.748382390709498,-0.9376955801338358,-2.091377771897066,-2.2908995948902415,-2.4476107294977156,-0.7408392989327428,-0.7595772321037759,-0.7275620721455249,1.5232817691894323,0.7127908763517463,1.3017681612435434,1.9746640258820167,0.721164209324189,0.9722751616989576,-1.6447649697802516,-1.187900093278812,-0.9916390235861787,23.745771880187387,3.4565924968238875,-8.784835927035349,1.750649406550802,3.5922362356805055,-1.2100047868745487,-2.062422590964386,0.6778730901894545,-0.33616598841725986,1.039135468902066,-2.2652816910703804,1.4716178436587157,-3.415876139655757,-1.9468844568267052,-2.585260195976738,-1.5431510360963991,-0.2083987259942115,3.7307833478450707,3.6721059317360125,1.9756501281409682,-0.7759378354662871,-93.76831969412251,53.68373188562132,-17.979820474643383,1.7186407090024183,2.060812673301071,35.22896782220677,15.99453006558629,14.975735060781654,4.155906135260718,9.582484186353895,-33.17561791716312,-1.783109940367631,-10.417157869350515,-21.38679278056615,-0.1965595511577467,-8.535871557837943,13.922605593704523,9.487870290415957,10.804252066846953,-48.09044083365458,64.86566489688363,-0.3557796068589605,-2.1911819499973046,-0.1986135942632976,-0.23037259658704157,0.14990094841602986,-1.0330133999254856,2.8696749934445482,0.25923685271381025,-1.2037152298068197,0.3808984635182342,0.21414823841277864,0.05057051017623415,0.05094360164730416,0.056731592722568,0.016776799014538657,0.3992318849918308,0.19219269686276585,-0.40976115055121687,23.745771880187387,9.349258973402122,-8.688279522944548,-4.125666950086499,-6.312896494857864,3.0214712071434344,-1.8970004644268714,0.6405781059025757,3.0444616942887475,-0.5747500444848797,0.9965061981918073,-1.4146680065957316,0.4575606488567652,0.1728888039131573,0.7401043193321952,0.06631780280696198,-0.5885311543421037,-1.308223088429361,0.10567477735680075,-0.24772956628729914,-0.7759378354662871,-141.6210251205282,51.48522315247059,-16.42163099307655,19.40099861571348,-14.330341744376577,-6.324478834435803,6.859004209168782,-45.46784452455752,-7.688831900158328,17.031396876759857,-5.484710637624472,-4.819874538827235,-10.51162172380716,-5.7196876014230975,-3.726062308043452,-0.07660309985756464,-1.8133453206892778,-1.642621394327545,2.3673511655296213,-48.09044083365458
57.00579547064092,-8.139837339416172,-2.4212903443006613,-1.0201375797601258,-3.246596835353493,-3.196399891080766,-1.626343803204469,-1.112281678537951,-1.9466614200900398,-1.3234265534935794,1.3901254017239937,-0.548562497723136,0.37832140400687075,2.194677223949582,-0.24769797961666695,1.1278864265799409,0.05072279801942958,-0.4403190646305266,-0.8350895638099596,22.998040632288465,3.2077528560373096,-3.5068348272164123,-3.1934160153132085,-2.7562227688101135,-2.670060506585544,1.09207236178587,0.34282439173974,2.4383275757743763,3.0249299777242356,0.32846462210511973,-2.4334018604813465,-0.17872187247637727,-1.6112706725498405,-1.692223958176398,0.8018698923551622,-1.2405293952716434,1.8992364668701327,0.4543510836557918,0.41848088179445053,-0.558545855829653,-30.70850598574291,60.39474278411954,-14.239830654808914,-5.499122516607324,13.311737082986996,41.21442681875918,6.3590998646148105,7.646511765809427,5.285231131622147,13.145287100879418,-31.382305666607458,6.7245284867968955,-2.4445590875645284,-18.693598263096,6.108898521259318,-6.9250470895459,0.06521186840081494,2.308352223254708,6.349383110411456,-22.504761216559764,61.07688932944973,-0.03561851330854848,-2.0212656530317763,-0.5831461277746914,0.12686458594086458,1.0572583612588384,-0.2797736554446244,2.8767172977916124,0.32839375794736014,-1.8963891437755276,-0.754950621282092,0.6909662117356761,0.8329203874259883,0.10047249417683357,0.15542915666508494,-0.12242752861057449,-0.3958475313212657,0.16871046837781645,0.12090982354217839,22.998040632288465,5.16707303592672,-0.7693876603170371,-2.672607183875227,0.917314548102024,-0.2691455065623174,-1.765492879745906,-0.5016791176726123,-3.50887663145019,-0.1360165551189647,2.802541956837164,-2.3979538648444256,-1.9086791781175982,-1.0773076500212304,-0.5474743899356012,-1.331046206104142,-0.8185307398963699,-0.9563188093964703,-0.08581175511968664,-0.1970236920090822,-0.558545855829653,-79.58872161455619,54.85282591030564,-2.0044337933205503,29.98912179581491,-15.217023296299129,-8.186418352430852,-0.2187241248730376,-44.63593608005711,-8.215234292862608,18.66484297743612,6.547183974554763,-4.629009610219365,-11.650207741037818,-5.59105581071133,-1.8751449866836825,3.4272696359975274,3.296963860800677,-1.5313277895594832,1.3165434215961092,-22.504761216559764
52.11465262493592,-7.05208828837149,-0.34623532753082564,0.30262424770939056,-1.5886966001832508,-0.7242874583053518,-1.3725353762374364,-0.09298749142368257,-0.8774234726866164,-0.18303771601986707,0.08907798974195202,-0.04766207427534219,0.10516372626319725,0.1407029077540929,-0.09805172221318514,0.47170516277109975,-0.22575492173286293,-0.19208353853658577,0.2307764451983878,20.680342339038354,8.956530130941097,7.502796956463541,-9.03323514141253,-0.0827908780340123,-1.4524525563760706,9.221455273807479,2.3423833295515175,2.9580009176265243,3.655405673376875,2.5489233447890367,-6.477358780364565,-0.2154855022012252,-1.012280661082595,-4.367710289039147,1.9856312508948424,-1.366285152392178,3.521192576119007,1.2571176086538225,1.025635582696115,0.12081113667920107,-0.08922078308121684,34.75215157144238,-12.796158707764139,-11.372942478280669,9.863889898689424,8.837053080043406,-1.6776343094063022,-11.243632807768355,-3.4580379691168726,3.783282342926714,-6.519243591328529,8.986911653939416,7.183758127757397,3.371835329189839,4.156543127998182,-2.531711719740678,-6.72896476726788,-4.891518840467207,-1.4801737117142721,3.1386864668431826,55.40042540121382,-1.0707670047856417,-3.1122590178951133,0.7508166145553661,-0.4530635463854522,0.2134809307551513,0.21386662886997287,0.8822884666212913,-0.016715132421161627,-0.20362380922437984,-0.041293372346926205,0.1799627818788836,0.34132822598960955,-0.27536956687944847,-0.3876426022545316,0.32465054864070986,0.21440894536803556,-0.004493404882067065,-0.1315137686228245,20.680342339038354,0.6753224590058124,13.146527550966509,-6.577711502292218,2.6091040219056376,-0.9530326058827474,-4.388708027793227,0.42050922832722293,-10.980030760889312,-2.213723868205994,5.173986915529742,-1.1158154961700482,-1.0107152779341146,-3.2330752440263706,-1.4627302925019978,-1.129151394715676,-0.09938784483094198,-1.5355215516260237,-0.8541385381341331,0.4573841671307628,0.12081113667920107,-23.027775461744667,33.533305701312194,21.09672358029892,8.072441975013001,-3.7762769268273573,1.7933840846205196,-4.4671822303078645,-14.325583225305664,-1.4251880866249307,3.432957668139847,6.378977297144939,2.3718741338415823,-1.8399523481421078,0.4425247298870807,3.4533260588682526,1.925606470139931,3.4503222793491166,0.40669150590241054,1.8348486373962403,3.1386864668431826
61.69760021279941,-8.596347712560698,-4.734862536179623,-2.399528076670279,-2.769024819735694,-0.7885814183929907,-2.4645281400958337,0.726345556914159,0.5890226920878785,-0.5065453834050517,-0.22676761762281217,0.9636524737832297,0.5812773181653519,1.3688768860066318,1.1096587939541807,0.6634613976512322,-0.49901243021118824,-1.2917821795253335,-1.2865516136886697,23.647782629498543,4.416704784303086,6.946456791229537,-5.345428377397961,-0.6323806117377022,3.290747816450158,7.801320944941559,1.3988643530252034,-0.6258106298388371,2.6218298738067363,1.6491344880190382,-5.339820298860419,0.4109730696815217,-0.1307609086042012,-4.90184155088698,1.8385306415770528,-1.3696241071696609,1.3591950899303153,2.440090669846491,2.004417786765249,-1.4505422127561651,-35.55804317254041,3.9572491046071807,14.465674214463998,3.534372626962216,9.09839886265274,-18.396028904489263,-10.494477616058607,-24.012421090273683,-14.361839479321002,-6.151579525153261,17.40179580188189,5.0019852286144975,8.30949767728431,8.886736943159327,-11.867306965488499,-5.38759698350928,-8.510794747446637,-3.8222496506082786,1.6604772821045637,-0.7076693277940294,65.67506490339589,1.5435819031480067,-3.302509966976731,1.4279114011174086,-1.1673664734959859,-0.7827414943174529,-1.424788948334462,0.42400077611981457,0.5024445414714389,0.4203741447632674,-0.5638630125323765,-0.7529676186446519,-0.37795026107183194,-0.4621851778931547,-0.5540407869942594,-0.09727022059553092,-0.39783179844672234,0.18574295147872943,-0.03910198073568094,23.647782629498543,-1.6406518825038887,8.238822165503546,-0.30759486043575945,0.6538402068007145,-0.642914732437724,-3.8478506838168762,-1.1418877197444584,-8.347075154561947,-2.727679916963756,4.999465493401897,1.7862068411403809,-0.602253617671459,-2.8661618583244506,-0.44292342579134814,0.1194433509840569,0.5457222031323037,0.15966943086667884,-0.2381492088021251,0.17272155419441715,-1.4505422127561651,-29.758377778258605,-9.983995684883869,24.530643469345943,-10.988152827062144,8.57056264004543,9.110325973918314,0.5076148798058919,19.084654810413998,6.9391413479193655,-8.371136644628963,7.346565899312479,7.918265479385367,10.516197317796754,7.506349680347755,4.129956972455528,1.2531579926590874,4.809685857001988,4.055326653144096,1.5801905171476656,-0.7076693277940294
61.84066631513127,-5.648112533839046,-6.108213865476282,-0.2893957706957653,-3.0563900578940006,1.1159188056696103,-0.8573268962762746,-0.18115245784553569,-0.1997164515042975,0.13845901520472959,-0.9069511113194473,-0.15105936050204916,0.6941498736230054,0.20370905033391828,1.0353014479861864,0.5213450999672229,0.3906989323945609,-0.1336097315044973,-0.2530902072987662,23.48130644992195,2.807506141150391,3.3645940494628697,-3.5714237662888912,-3.156156081996035,0.7415360009523124,-0.998520342520528,-0.6889640451564283,-4.425913289494831,-0.48833346369762065,-1.0339754525639826,-0.33479473281601235,0.7827322162350012,0.9047397250791738,0.7054662649734724,0.01679015329174649,-1.4097072299155418,0.6363216526810394,0.2334767184070592,0.44259481979843285,1.2394035764185602,-58.48226438888285,-15.588710044517011,33.146483563639265,-4.199249512511129,3.3652259079281035,-33.06229053689303,-15.486552336474755,-15.064343994518605,-12.238955312658764,-5.380823788097134,29.377376311692544,10.642026120885472,2.3432879748418136,22.243304605096675,-15.21757409148956,-5.214861930488408,-16.936614224135617,-14.56275543272185,-4.538932093698058,0.572209464112067,62.90423833941345,5.4278839603960165,-4.839415544170937,0.1004096522434712,-0.05977336980999004,-1.124453137692438,-0.2502511393169553,-1.393982126164209,-0.9346504731512262,0.22489658368865362,-0.27255308894164765,0.4307575146358853,-0.960531787588041,-0.3990927085687006,-0.1531091328055978,-0.04549577740845412,-0.3675367572584527,-0.2433928137547572,-0.1010631648469058,23.48130644992195,1.2392337017450927,3.5742684148012582,5.240188678343227,-2.1449383367007093,1.320217356667459,0.04087047991887349,-1.2729087082154336,-1.6992306568082056,0.008487593125050541,1.6145232639793643,-0.31725971101566586,0.9902849355544867,0.14733973399371347,0.9090912022036091,1.0677360536969889,-0.30785439078647503,-0.14105606888637734,0.38518925714922525,0.4848221293090713,1.2394035764185602,-34.916517883835354,-37.796765343547676,27.155671294665396,0.4340694412947057,2.691239308371235,20.564762593651736,-5.9752159351407546,35.779547290684995,18.65461129866236,-17.90196583841861,1.1087391084898455,2.1825556016049688,18.016971734039725,9.397504918965296,2.9589197321025993,-3.1954483221940153,4.774289148218562,6.066344549970954,-1.2069609926862268,0.572209464112067
54.351141017694786,-5.368596821067625,-2.2130152640269136,-1.040317876426399,-0.867376198273039,-0.2158425505974675,-1.1845158666724482,-1.381104510246443,-0.9745999937778311,-0.6596076750963586,-0.7817701971755162,-0.2913773197690217,0.018447876024866083,-0.2877466227838208,0.10489075607217369,0.41825440439704886,0.42209341592087535,0.7504893667766745,0.40905265582124195,20.872287470468585,-11.496756735337541,0.5408911785875139,1.3085154043569722,0.547646146652006,0.7821446460766341,-2.995954282294757,-3.388740728935591,-5.875925865801786,-2.0841201933990177,-0.9558757417950012,3.196214016685322,1.8231618826127582,1.5849679730114303,0.21455623639695665,-4.147363041587539,-3.9126168482646015,-0.9137254451342023,-0.9449532965249658,1.5402399042955734,-1.4716767395963473,5.581478132703971,-13.683953575818645,4.759618123442288,1.2456326655897194,-8.447527949180447,-6.6762656642483496,-1.418255145074181,6.374194545904954,-3.010165575189179,6.4356045775986335,19.502134612590176,6.515612083535963,-2.5298389851201244,18.907970097388752,-6.307907469930015,-2.707455010979052,-11.783156227592096,-16.614268198003877,-6.636271114575884,17.869067476546746,56.50465691909797,0.8344670868523956,-1.3114848201117444,0.06897745678161327,-0.3912378685657285,-0.1976999464258049,-0.6186586312233895,-0.15868498309661128,-0.5764785301694855,0.38908340646890416,0.25378265758545915,0.2644420365214457,0.05076946505258828,-0.05912764787421443,0.09788409743264648,0.33550673598015934,-0.02503996457468216,0.16908556841309896,0.19204529875142762,20.872287470468585,-9.994071474572223,-0.9752559346763467,3.6837644604800226,-2.199740686125875,2.879510832185295,0.5748808533572014,0.5988372905016619,1.3930507217162564,2.222448388175196,0.3967054602978708,0.8760511922346228,1.0499534548307845,2.4905835198671045,2.019789702885473,-0.3645114440827104,-0.08771847058905968,0.7512913777347006,1.3221876738106824,0.5793525854755963,-1.4716767395963473,13.801209314848471,-4.87358415078236,-9.673955474712734,8.414470014796752,-5.4550719017006415,10.674699851217698,-5.1828862837890926,13.614261453639092,9.590612438875217,-17.43510313983847,-7.199368648280602,-0.2382674494125463,9.483950162424273,5.250772181624885,0.0736686022276205,-5.362918517318972,-0.21755896165264965,0.44744642219452957,-2.276329871980723,17.869067476546746
57.19163529306343,-6.983666709386592,-3.392870846751626,-1.955058893410567,-2.168752910438422,-1.5099170634633774,-2.3570235355273432,-1.252219102590797,-0.33977886160257187,-0.6234942964562049,0.19918191311029787,0.9712189306182841,0.838948309873027,1.3217477946360554,0.4127273733736916,-0.11054495555957944,-0.36814701845837505,-1.0964809524840602,-0.3957282796573516,22.687791706762614,-12.327871303680013,2.9112247405260474,4.213034749529636,-2.7724290134844307,1.484461982774743,-1.91105238102088,-3.0070902977054623,-1.9491134616513033,-0.11109694934962944,1.1610165656474893,3.9433122177088373,4.399433151775892,-0.6985011144695039,4.195743119867221,-2.6302089532676414,-2.7022197470889116,-3.8106542684165428,-4.331738124521374,-1.0117415229180762,0.4174831321553256,65.57916794078926,-11.213362380915285,-13.094680319093005,12.535558873899483,7.610727399429601,21.141577514471653,18.10003399979774,19.73056216088725,3.0488957534763936,13.404157860677289,0.6638487681837604,-6.431649592788847,-9.609995786506584,-2.3538121940709993,4.121274107659506,7.080267848678639,-4.136375624398186,-0.7694796895760923,0.6495371185107026,21.30494812786258,60.60524624423533,1.070924610762793,-1.4876772521559931,0.35781441837290906,-0.18101917051685135,-0.05860460323123595,-0.8256528837932802,0.32401601782540146,0.5269901999618258,0.6192831919124839,-0.6087460629136769,0.16640042207307815,0.20063822992425617,-0.022352730787114083,-0.17973701761949012,-0.04566512504037279,-0.042515006011173195,0.1964299152253608,-0.004676343711843112,22.687791706762614,-12.606226686877697,-1.1448160707173813,5.004444484582588,4.252929189016285,-1.3686257340086394,3.682307500445603,-3.4374612443662147,2.0396799463140822,4.63851762855571,-1.4756159871275507,-0.10636811747224639,-0.745541013382752,3.0970379338977145,2.0046656026422403,0.5922858688690074,-1.380391669067268,0.5558120490492462,1.3988652955449403,-0.3494118448529402,0.4174831321553256,61.34256190736567,7.520304538284377,-28.40837387662546,-0.8888063598063805,-19.334836860008608,-4.067759281299899,-5.015796470997736,-6.203601813486358,-10.01871516797829,-11.366844235059013,-2.5385375403092887,0.12915495660302234,-2.348760185577686,-1.0818471479191072,1.2711351234652613,0.3609837733564212,-0.01684117798460094,-5.042230088970873,-2.8943248114674756,21.30494812786258
58.27373735616456,-7.6581250354931685,-5.438276343363465,-1.2928734419868753,-2.821771070425166,-0.9736406249738754,-3.4090501849380948,-1.676084053614103,-0.38300619956249315,-0.6035065984720851,0.8182728785049762,1.3140942695294422,1.3013620865460562,0.9171356320540416,-0.6527356895333414,-0.9769019987176675,-0.5764521773518214,-1.282823217298035,-0.44511262536159024,23.308701631280037,14.775132573070273,0.33116465778862647,-6.857848573586081,-0.20142781319864467,-1.3044791490512808,4.91945413206756,1.84879990676263,1.3228867291918764,0.9281288290381511,3.7694407677126187,2.272193532172246,1.8604286436790578,-0.5940599813899246,2.807005070360522,0.00807645989173933,-2.077095354072502,-2.3088950633169416,-3.58443600769123,-0.5865495991644385,7.894951747648825,110.29364762121054,-21.83158152186488,-22.37483980204983,9.899435343027811,8.280481010140054,17.399097236468375,29.953360912311652,20.53818753991903,4.63096117528694,3.7653575474636796,-11.499421621902364,-13.830869478239517,-7.609842160366448,-13.112356578499327,10.42119751367314,12.953433861772272,4.422695341294672,13.12567797298604,3.7788118583017343,22.7372125815181,61.82752521369884,3.234433610626445,-3.1364968827441913,0.1993386749897521,0.33301184295009234,-1.0282253348694532,-0.8376694308454686,0.2615270649831376,0.8828483990025109,0.42153357080028764,0.042259070570949575,-0.09581234494785607,0.2867564901055717,0.3593396846587886,-0.7229825666286684,-0.14104478207410143,-0.1846969852030118,0.6269254238940116,0.20238090143458587,23.308701631280037,12.182682969231742,8.161572332871685,-5.026700500911808,1.6621414513405925,-2.0260291379499957,-0.33121926847139216,-2.651054593563614,-3.409399729303545,-0.24738871524147643,-2.173016450963882,-1.9189232797716296,0.1465256320908872,0.40096412293568595,1.6346754648017792,0.3940027445118579,-1.599468416386786,-0.29754410892745775,-0.5212640169027178,-0.5483263947149386,7.894951747648825,112.66777776510553,-2.030382454580389,-24.57093146003126,-19.860442437872386,-16.82058009962785,-8.16922894281426,-1.7828382486330834,-9.796315318837442,-21.80934420899591,-4.8152424687270265,-4.254783323164606,0.5429014922523363,-12.10684818074321,-8.317446055703732,3.1934477064335463,5.135002079436049,-0.034304661504887646,-7.301350320340485,0.6501885427009144,22.7372125815181
53.71543249405638,-3.0477360563632505,-2.389065951043188,-1.5493324946577425,-1.3369616304305656,0.5392916523473743,-1.2486048859961825,-1.0082194169873573,-0.5510618232867812,0.6909167597163375,0.2646834596947252,1.2459214207366647,-0.29655778887234163,1.6991394828485977,0.09901019415512313,-0.13218657201987472,-1.0153554051773621,-1.2828225017278294,-0.3318783281663882,22.471840935593885,22.46114545734111,-2.1372238805953296,-6.035581936863867,3.4861603348790324,5.59021159823107,5.614564207534139,5.742282636893332,1.8399614934519624,-0.4700100981780082,3.3054452230208526,0.4591398935324058,-2.451725960692572,-2.8107441909734403,-1.76766424904381,-0.00029254361814023966,1.2126659473277277,-0.7342813504266841,1.1684782292021452,1.8307581307837901,7.208563396727264,74.2194150934208,-37.65938750935763,-11.459428939271417,17.986303564971823,-5.110832371829971,-8.284124137622705,15.482225821439425,8.198873085143065,0.9646989388521949,-6.767148126246819,-10.129623877890886,-8.070597178194514,5.11908101189037,-22.057526368927753,-2.045887640483314,-0.6920747471231898,11.227975428121201,24.154142896915015,9.065324253473353,4.79810365102535,53.93969084867417,3.655492663150301,-1.4246872705634193,2.161693637647544,-1.1062110925722202,1.1319633067521875,-1.859476361689023,-0.5842481770470422,0.6549448765406305,-0.5291364920408135,-0.21997535417051606,0.23811419867916017,0.46999366683432453,0.394006426485918,0.5534671336595633,-0.4974158529149577,-0.009802222419664774,0.22711990627725664,-0.280936888614955,22.471840935593885,20.822137433525945,2.7660065501694304,-4.608765779273588,-4.520282585337133,-5.894431088269199,-1.539959099816779,-2.1558610016816635,-2.399806338041484,-3.7659514391557583,-2.7840378979192666,-0.1890412451671839,1.5065763252259465,0.017769339670579587,0.5607247472859025,1.3240465211323353,0.6285124687905987,0.37494108545240135,-1.2141999419795113,-0.398500786329399,7.208563396727264,96.28789156894258,-18.434790870246445,-20.508192726872583,-30.713069059421457,3.069955292743663,-4.275503992460294,16.433812709159035,-0.8631778882661507,-15.863187769371997,7.702779336787087,-1.0899790226400494,-1.6451681326352685,-12.014331307588439,-9.092500988463337,-5.162582946130891,8.919657918158173,-1.2829738264066979,-4.298060889561977,4.067696663728109,4.79810365102535
63.47680870373345,-7.170979818684982,-6.143841998674173,-1.3438949824021336,-1.9355114128026076,1.219280157530937,-0.8143252380567136,-0.8416609884522246,-0.4048940984166509,0.5679071806736795,0.3215757956183931,0.5014857570113169,0.28917093470258814,0.9270600682901691,0.2657875756273276,-0.6094724644090546,-0.4087499223781019,-0.9485578624470559,0.083852880493541,24.927738729877362,26.255558694757163,-7.8506752717842385,-4.754596153471191,2.36806914398418,2.8695103434184976,1.9407860416619207,7.213253259920837,2.4986304266060957,0.41081696865864137,-0.1454112967498431,-0.8114106321776449,-1.666693300272768,-1.163831568919825,-3.3599183683971905,-0.2517224895757193,0.6066572354132143,-0.24056423348179545,2.8677775131062946,2.0083960065955075,6.501389418876734,-75.3066167713591,-13.694682618700657,46.24260654891297,6.255048727562626,-8.938914191639267,-33.5042706047088,-5.8061483262600255,-2.513914344419529,-3.975848175149026,-13.488189714515519,-7.356318742987266,5.212847683358318,9.926659683158967,-9.961115387552987,-5.850232856396184,-4.315064539215711,7.64043100863651,16.672515355648756,1.4015185832944719,-36.06901286564896,65.92877610149442,3.622969227094484,-3.856330061363935,-0.0018914271854080233,-0.941656476513042,-0.9585935356532127,-1.427274189057325,-1.4092527503121621,-0.764150226079626,-0.12321497703638817,-0.9000643366719361,0.3018479642638483,0.11657380806539708,0.5500305058901591,-0.0717166059509513,-0.23835210827594122,-0.19016841083416525,-0.10689143556420788,0.056012373845514274,24.927738729877362,29.62563534777872,-3.945858472409947,-3.7950961376075205,-7.743356017885358,-3.2678765404983507,-0.8986003179187381,-0.9333819551571554,-1.2853637955246813,-4.479989182467024,-1.3567048186697843,-1.2100039055002114,0.19534553165260338,-2.023206273390934,-1.4169628972882233,0.8663320830023986,1.4753305002000314,0.8245745287806792,-1.0219548675973344,0.9289913275642829,6.501389418876734,-51.62712490900352,-49.71576803180143,17.083826500339946,-3.166085866910171,16.123652458843225,16.711445608738245,22.680738173199543,14.564928005366768,5.244095330088724,12.642401588083352,5.849792768109803,-7.81877021204555,-3.462155566235882,-6.856977766398954,-5.263275043334232,5.880888313195556,-1.4813392334507691,2.746061327075413,3.1284991420231014,-36.06901286564896
65.82067234794954,-8.29585125808835,-6.0578789875282055,-0.18646795576342168,0.18322305986583398,0.20090464905128602,-0.7832446905213675,-0.749449888445755,-0.5638399612644971,0.4435214254813391,0.6771004013197923,0.15166020653106083,-0.06032820969195907,0.4329534519960867,-0.04668053101571301,0.31207325094997795,-0.8191388211585768,-0.6793745153084771,0.25516803280697786,25.482554855827583,19.041623182186946,-11.827549049366334,-2.5683059301635174,4.935974290410069,-3.1579489493751316,-4.563780404629412,2.0517959364351457,1.5624512322131197,0.6299084502662229,-0.2651314652446892,0.42030236093834006,2.1276955346545474,2.1459251852406314,-3.7495583452177983,-3.523253298775569,-4.390133415393365,0.7691680307264848,4.519226563537371,2.2234478009386276,3.5133161220540465,-183.2890037948208,-2.638489218092756,61.445282471559906,-11.782802461929519,-12.982120909009806,-23.849807468915337,-18.655721445404986,-4.933323652233428,-1.7424461572507228,-10.783006827714,-4.474570055620484,6.490874179369049,9.763111682853435,4.110468053080435,0.39849693678791653,-4.088476082250125,6.100166539379575,1.4612478167412348,-7.30055752764043,-64.6917628839536,68.96568951710051,2.2596600776134887,-3.432143552482915,-1.8017118232080778,-2.4909005549198837,-0.8634000527477457,-1.6087810055281837,-0.04049724354769069,-0.5324862070749847,-0.5003614831288115,-0.23210498187582607,0.7208584300801992,0.2946142407796333,0.16266423224015192,0.15665326260781898,0.3172447724558465,0.1476912495306042,-0.043761626035285106,-0.13074247308200682,25.482554855827583,26.816242908320106,-4.308496103199788,-5.865454060505848,-6.400856606081469,0.7872756136373695,1.8282460289391291,3.9206087910100735,0.5460730352915748,-1.1767760225175152,1.9676178651189438,-1.0058173159279802,-1.5925350294812444,-1.698042521733195,-1.0157657105444273,-2.2251702734417087,1.54203783171841,-0.6467341830081712,-0.49981972388873985,0.9457776258715034,3.5133161220540465,-161.94490821377028,-55.15657820836766,27.174753288317866,23.44105480426129,23.70885823055491,10.970018055841015,17.43680908756146,11.247005457371436,13.444214954425746,11.619673958499869,5.413437943236573,-8.811460743630438,1.7684159107730721,-1.2625129728442894,-4.275549541798385,-2.298191612674136,-3.8468111899116657,4.401902256776438,0.40062619412010014,-64.6917628839536
65.34889677659656,-8.959405070522738,-5.981167901856551,-0.7902711394419457,-2.147108243864117,0.16594589750512911,-0.035103652715083644,-0.5561536045818563,-0.17120864624431453,-0.5525145797295075,0.2063590916036202,1.0278782264958601,0.6013315124959524,-0.12973053671829815,-0.705751571735783,-0.8957032924959867,-0.7948425861021118,-0.15065845395456368,0.2655621974494806,25.054039380601555,-21.168414675032196,-1.6710140671762002,14.529816697520229,2.2011895728171496,-1.3998559710678142,-6.743508864205064,0.7909690938617104,0.20468468760153335,-1.6097545327584775,-1.1893657454123705,-1.3865470730243543,2.177141737684657,1.8909351720825236,-1.1826055753289766,-1.1555595907276381,-1.433227942319811,0.7595957504247288,3.076447502965534,-0.08213514259462129,-8.291931047839046,-201.8317591565723,1.3648691880356605,49.751316826718195,-22.499922861686258,10.97693757828711,2.067969425665306,-17.977777450713447,-5.0114655067076495,-0.4721591614599898,-3.3157042016803833,-0.21676512999184805,-9.238304997419386,-2.564677430556115,8.731212002251528,8.703058657725222,11.789992323717394,5.404503534044601,-7.892808448614081,-8.94903649639172,-68.74052878623851,69.12734355337503,1.9594206671898777,-4.030316810588204,-1.6906366035251161,-0.6085816961252513,-0.4798438140788557,-1.429708086504466,-0.6530302995288788,-0.7634306504231936,-0.27120634299060553,-0.5566780683265011,-0.2395116948220739,-0.6371569335625495,-0.23347066686244,-0.09140958960159695,0.1892901553405122,0.14884354321219329,0.2513887562516153,0.5917793574502532,25.054039380601555,-16.6279322226671,-13.159060356344419,4.143556889874295,1.0193855282576747,2.6949437405183314,6.340400971519777,5.65107959669029,2.40012458671331,1.0800712414837643,1.7723564615586893,1.4143611396636704,-2.213303796578292,-0.4722077294803677,-1.005568189482533,-0.46302637986823636,0.8842130587470864,-0.527376091422556,0.49457653758960296,0.3437839701961609,-8.291931047839046,-188.10378308999236,-53.01631043797085,30.138035058944563,27.38024878835872,8.78656027999948,-8.794150940037762,-0.9985768792405127,8.169979834346503,8.3213820019842,0.8431659744280848,7.1932148162566385,0.165385038598429,8.393095096385707,3.7961550720683714,-0.10840993516784225,-4.572135526876503,-1.9948496596409342,2.4452209168233257,-4.901672831658127,-68.74052878623851
62.300200048718295,-8.06729795512754,-3.7545559645337576,0.6418427290671982,-2.8101376895873766,-1.215931419954428,-0.6123177104494246,-0.3697474928159816,-0.35295032423983796,1.1185619072955864,0.5324429921712817,2.0465729533216668,0.6203245148512919,0.3527556127439322,-1.1768468815511062,-2.184137865673091,-0.4377250579521148,0.57784107579461,0.6889909138249559,24.165348671258812,-45.47136975517459,-6.546299091945727,15.04485287342038,-2.321801110502212,1.2338343009693231,-1.9681920739900378,-0.37443600277959677,0.5202725368375298,-0.3309474260948102,-1.5640809665048843,-1.4905769138544818,-1.1282063899867598,0.5434282799521024,-0.8010866190376995,0.6508744753517774,0.18837049506917802,1.8157219273098415,1.7947671426431429,-0.7742550584413606,-17.740657811891644,-90.06379614583894,9.930963338690338,10.808263631835612,-38.2808028415774,17.788588824781073,22.805903305011782,-9.536025193022153,-7.770012628384203,1.9065346709516198,-4.462501887782196,2.42108223163245,-18.474923019553312,-8.944041902573407,10.197623365368528,15.53584631948891,24.152286075125385,-1.6616410395064938,-16.400148196446693,-8.538996358214362,-29.22909239781079,65.74852857689392,2.33301889150271,-4.270420926204209,-0.1943620772233361,-0.8791106759474308,1.8067114604345735,0.10204498253958416,-0.6893228847928965,0.06619707745365666,0.5286681234957671,-0.8945771463072236,-0.2874734865185009,-0.0021622232182996193,0.2778741575900039,-0.5492715112359681,0.059781931136020594,-0.5026752909469296,-0.20193005157502486,-0.07593156748157281,24.165348671258812,-37.02353288813629,-20.205681612047165,5.009284351144437,2.8188740437219955,2.978587886499914,0.32554928338447064,3.270312766175344,1.3809521995252392,0.17612582608172067,1.461268441216431,1.205495203869162,-1.694829382473824,0.12647802310183254,-0.2762290930390874,-0.1490490183315396,-0.22502461681999675,-0.872489199401814,0.2284854838152388,0.09441598941471208,-17.740657811891644,-91.26921662173719,-24.274287277647254,29.23131480289699,19.454889710410093,0.9334606846337223,-24.75640152464908,-24.3725302983175,3.0215176490607583,-3.0768132761021016,-10.806530755467975,4.846083964826569,8.501201992883257,5.478971361337343,3.263846989188317,5.540909681577839,-3.4812720061465017,5.584807450491259,-0.9664724913059135,-4.197132271327004,-29.22909239781079
54.65283751583297,-8.120763503753487,-0.030595161411282934,-0.6574555384088687,-1.1387590236099094,-1.444056240068738,-0.5043041811618298,-0.9291698424663446,-1.3152161833082192,-0.36429593293962936,-0.2993690363195287,0.6426002524583425,0.8943121584722244,0.37585620025175803,0.2530909555312051,-0.07798087725742553,-0.21965892876896853,-0.038941906515832514,-0.17412613131275867,21.440376298242224,-42.403824414848216,-9.808865656476712,11.314482858095955,-5.253004586402809,6.162087507389825,1.6769765891748865,-0.562519495828516,0.5139870209400659,0.655165326109163,-1.1537886469599372,0.035646440222842024,-4.657894836661807,-1.644921831553618,-0.46854823036147586,2.0127429522232183,4.21240144204064,1.9384105852488265,0.2836029992463682,-0.9672708119103584,-17.241888007269676,113.30095372008316,24.116559172381542,-51.076275751502216,-23.79626380667715,-6.0513183665482515,23.167783451369864,-4.11715123820291,-4.485155430095086,4.302158730743374,6.507004723291343,7.24335478449505,-4.005498155450633,-6.86063404840347,11.374220233287929,5.870027407694754,7.061872131236377,-6.776577260587539,-16.248485503173935,-3.29063538689101,43.6575248074393,59.22339046026417,-2.9932403580223363,-1.3654129295661406,-0.2958735360489415,-0.40007954574010274,0.8765511935155166,0.5428526152539361,0.1152223636670957,-0.5234562476020646,0.2484484504306672,0.1383523153755979,-0.30063797572594764,0.02885817532417967,-0.010358551526033377,0.049732591036824036,0.33248584175751494,-0.12867318630667635,0.21948104600046348,0.20049890614337773,21.440376298242224,-32.50636829898927,-22.505420936971685,5.836552186039619,1.3369030513922704,0.029747463070116886,-4.544327415160289,-1.107522382360047,2.3821865395317383,-0.9957491057745425,-0.6819471195044855,1.2809472427295368,0.32918522744810774,1.2610810023844063,0.11134632999329241,-0.22593351213660706,0.07279396103098357,-0.05997279284296653,-0.16349701303766095,-1.096164270036385,-17.241888007269676,86.73352466468455,59.14399570472371,-2.8861590585775945,10.260742322223814,-5.21646603578786,-14.688780988448679,-25.660618888239558,-10.109539718907675,-2.847145578677518,-12.000863902869774,-6.1473146234667695,7.806497682333993,3.82306388671132,4.347006257273882,-0.40947859660412034,-2.7236981896892583,5.555456987976876,-3.6817546265699352,-2.8655924229805225,43.6575248074393
48.43301710074404,-11.988321587445839,-1.5107389210406499,-1.4137763115310662,0.2959656002233917,0.021809680843200674,-0.7358624276877928,-0.3028055010847459,-0.15730990577994985,-0.4326283811660421,0.1846760083541259,-0.21980400144356027,0.06489560729595611,-0.22038322600779114,-0.2006645569733183,-0.00260270913471361,-0.1988696861702277,0.1621507822937287,0.08788466796741723,18.419057491061427,-15.372570020824512,-2.7931415853709094,4.443492805466425,-10.47733005076865,1.9553737237865856,2.6289285211865048,-2.039472365230818,-2.477206248648248,0.45071585630821254,-2.5141709583620035,0.9197467201309668,-3.692247687948877,-0.5581672642280009,0.9922246649827153,2.6605185894934573,4.863194929989103,-0.651059906438811,-2.284425282826392,-1.6034825435106854,-6.626251597136033,231.7969363768281,61.9730237830517,-60.93177324140436,3.3687658846855975,-25.6251351608368,10.384178942855332,2.675939654153885,-1.2383558640936094,-4.612424707624312,14.194410400080315,-2.317658702291239,14.320491386865086,-0.12643621296776875,15.301792462295642,2.6700038227721015,-4.06325442438635,-7.058849525241981,-14.196730275643471,-7.05520219212421,96.41505469918589,55.4058996195878,-5.366850215803986,-2.259953317421728,-1.0896563350851673,-1.105857686862501,-1.3788229148526965,-0.9599049733197127,0.26585252461694164,-0.5644104954446889,-0.02955465923123235,0.023127428207705414,-0.09599312070477595,0.024845697887184937,-0.08700637194759508,0.01155766312283868,0.13313462083734673,-0.149794985410868,0.0864349709979102,0.11210574727878697,18.419057491061427,-10.8791473643874,-11.772459451709782,7.903705692859985,3.167829487556281,2.586604094678338,-5.107590540045377,-4.886355368623509,2.0658008834127397,-1.6772724869394127,-2.2084957220834567,1.483931614952371,1.3868214549471838,0.17479879300308943,0.05770052431181849,0.426738133481396,0.20711137750321074,1.9119678929476638,-0.6540191942280646,-0.43281438967572594,-6.626251597136033,172.5328321329534,120.09271557595983,-20.087336099787937,14.8811993468093,-10.801964916033404,17.094544430207243,-8.725566904260049,-20.474474255676718,1.8948634859027242,-6.335975655071265,-7.582493132657266,1.8858526048077366,1.9310468784411166,2.36033834143161,-1.1163142836066384,-2.6180387337656175,3.581703575416282,-3.6509300058749687,-1.4271361672159986,96.41505469918589
51.08057604315958,-11.903326082601945,-1.4458349945551277,-2.388963912344218,-0.6191161350745888,0.385563641693758,-0.2545910420101576,-0.3326310899774412,0.058553807580322914,-0.35381375897866185,0.3980658036236191,-0.1678807144524299,0.056585050496811284,-0.07743523252317441,-0.18747125791306773,0.11972985025514493,0.05493502063135791,0.19898819241906107,0.08247991442307079,19.30624096706541,20.432662317834343,8.510686765727161,-5.707641144253904,-5.6191778603882065,-4.786284865750571,2.541822563891598,-0.43508834401413354,-0.5391536347031209,0.15049319141169804,2.5391816121618604,1.0299685022304468,1.456413308940399,-0.9885840800291597,3.60784889930478,0.7746320560488988,-0.23970409416158533,-1.3953019629947143,-3.0081990358866664,-1.312839093505464,7.979628248502799,208.5288109311397,55.67869478721802,-56.10902064512372,28.837511842744235,-21.680289147082558,5.2248027109594375,7.126438672069494,3.993061856244502,-6.4433885909011375,11.692168146826345,-9.735440497831949,17.874314239440196,5.676540854045176,7.296406713969626,0.08892001623102042,-10.476615155501523,-0.9247363620518674,-5.331143045699195,-9.417845707234559,89.87657722618995,58.04547388253345,-5.443355247642616,-2.117274521959635,-0.5745379488980653,-0.4803344591326577,-1.1592403340153652,-1.4524942997548411,0.060475265532071276,-0.946001416861292,-0.33306851137934856,-0.3750567342191973,-0.17065926400488252,-0.020120392923088648,0.004642762903005693,-0.48479093284930386,0.1890107910053409,-0.0575830059773208,0.02545773844631727,-0.05032143494811914,19.30624096706541,13.66663734780073,12.196326415848745,1.2532666897277243,5.975278967452439,0.2827026185351893,1.712580389010362,-3.1008957800300614,-2.997069614684278,0.5831976086555719,-2.393193408226254,-1.798514377611319,0.1491196258782006,1.4151638289246637,1.000970130478955,-0.9556592540767643,-0.6937040332591464,0.8581238563911429,-0.9050484366737128,-0.8253970517488813,7.979628248502799,152.538332512103,119.19359566766147,-33.15750182804604,2.6699441469900806,-11.779387685594516,20.16665072865591,6.781702656296673,-21.685447967658146,1.6193643027153546,3.4279607920157336,-3.520654649025498,-4.977433238810899,-1.1382182205794513,-0.5217562384325904,1.020783360284717,-3.2497599131603527,-1.8132471829812367,-1.0678898223225344,1.368493034175951,89.87657722618995
56.400045774642734,-7.572587458388766,-0.8251896452286229,-3.7310681093494527,-2.092272271961744,-0.8162771002424236,-1.7569104626406697,-1.9066199933845573,-0.8144773915300028,-0.14376465886589918,0.6435989322651912,0.6056895928026145,0.7601044367249981,1.075513661622756,0.3736935199177589,0.1486042355651751,-0.9005519858716835,-0.6833366150860327,-0.24105338079830152,21.919290538279203,39.008855066898185,15.280436588478189,-6.909971746106869,-0.45433153116671443,-6.104547092878878,2.7914744100792723,0.8998182483901545,0.4276649326123185,-2.3848237125582337,3.686639103974374,-3.1465672960039037,2.9748852306446802,0.15204129770598884,4.811611047276994,2.604931834824988,0.3827960509771158,-0.04684656118937869,-3.657696977612076,-4.129072013705913,17.856111409815068,78.58464954310372,6.143885469472551,-34.763066503765415,41.384216403038124,6.605197300731826,5.8696840509571375,9.926689454988509,11.622981781308887,0.8653694664051756,1.7824571695253453,-9.210963036526252,3.6180089399141586,-0.02584252256007602,-9.753137130739914,-2.520819273139515,-3.315347077651079,12.544005467990015,11.397657937141043,-2.7083317351950975,33.57017099834698,60.89791318356558,-2.3281533895420408,0.057362716422530546,1.5288848729793663,0.4543188280880157,0.27081195417732573,-1.3434592442677813,0.3709511059809856,-0.5611665813864359,-0.28482125664095337,0.10409318596635941,0.3409478850945584,0.10972645740687925,0.2992237625313936,-0.06864068255220612,0.23507514526371298,0.4177635653622245,-0.4319279949119841,-0.16692859177368735,21.919290538279203,26.156380354945398,22.489802499522533,-2.742740950593584,7.940285759096561,-2.5488721492493243,5.744367596402767,-0.09578398711967306,-6.166656851205111,0.3340842118180256,-0.8510962419583172,-1.046020552289043,-0.6618702792850022,1.0149600490522621,0.45912817743388645,-0.3423432891647802,-1.1507949865577405,0.4593142636892722,-1.2262038073042196,-0.754535703337039,17.856111409815068,60.84621490677634,51.78380890840009,-35.37696948116483,-21.348713462470926,-14.093078994713998,-0.011601954579594453,9.846223754215766,-8.503510372734288,-0.6251419760780244,9.142427810120468,-0.9880480223490284,-6.575779706317321,-4.1278843450810285,-3.948806369819864,2.487829330560815,-2.8439403270504,-6.982986707199497,2.7658115398981646,1.831247327408356,33.57017099834698
60.885654337800794,-6.073287185418443,-3.2271903714442485,-2.3083985696937788,-2.337782520392627,0.2458984324198732,-0.21132433569245812,-0.39683941366799935,-0.9113858447273437,0.7608630119912294,-0.013846247159837954,0.9580601098054546,0.052415703743123654,1.5318322060888745,0.3532279451101159,-0.27343639668816255,-0.5664687604155978,-1.120297725769285,-0.6660766536826312,23.680073898884736,34.66986850686029,8.993692650207748,-11.063295188679257,4.154252075168341,-0.6480966578187219,4.208105000208222,1.5310545333957446,1.0580823584320336,-1.1487591849081826,1.5918903952850467,-2.7989168006256966,0.945695823761513,0.8382443145019751,1.2699619354761977,2.084996337672963,1.2142933037958725,1.1739357315981767,-1.6953326762103873,-4.4133989304300245,15.455219102349748,-87.52369222083894,-25.368114322332808,10.309467777713847,18.414025961647106,21.770655371706674,-7.603281547907889,-4.9619061610863575,1.9931125611262597,0.7588828249989259,-19.02971443261789,-2.2514117101456814,-16.27509620291427,-4.092248376426367,-19.141573446515736,-6.242528850143905,11.14787301574037,17.611852556333826,23.113211680893308,15.196656522365569,-35.994348469878645,63.310702352175646,1.5855744367710631,-1.8974376016244077,1.3824953436450116,-1.0388164939477664,0.9080239535056864,-0.8158181392870603,-1.4358617343570652,-0.23347940030340508,-0.8205149549775992,-0.8013877523093886,-0.4445486656865145,0.6939997100266644,0.2970114464739497,-0.38799786316403573,-0.0653364370852414,0.016609466502348846,0.026138310618554206,-0.07268245020482578,23.680073898884736,25.24503409739583,19.960245921242894,-5.418975406256614,0.2856469891171707,-3.29220825776331,0.11301888094359347,-0.11195674496362829,-4.344308576988409,-1.1917453037955843,0.35333353644081145,0.7855960018374946,-1.1351855248412486,0.27189126407009434,-0.3502456157840368,0.6689988793288395,-0.8731328135187171,-0.24026956970438906,-0.41134961766085065,-0.25105709611775295,15.455219102349748,-68.80043685197595,-33.99551744969327,-1.597638186838691,-24.59083392602617,1.0200643879716127,-17.364905535191035,5.285559382936912,21.39357902923979,1.5705989924862669,5.882075975031802,2.3973045945797242,6.393000350118188,-7.1125891634657545,-5.217043327372542,4.1526926187321855,1.2230940685584109,-3.538487616583615,5.538944481473419,4.0617685757112625,-35.994348469878645
63.034905486872525,-7.263122741798495,-4.075047105649524,-1.681224748439643,-1.8969747535570285,1.4873794905197792,-0.30758665665156526,-0.05686887293330756,-0.8647519359052334,0.8533527853361993,-1.1826516142560974,0.7046682017498376,0.14300092952579435,1.3807885783246814,0.8314517589275838,0.385378439825498,0.0884089237585608,-1.0070547474181362,-1.6023730548326882,25.160196730059297,16.80115165621438,0.03729820712507248,-10.260213424203608,5.328063182972136,3.188878270186574,4.730629328506762,1.9408009235584975,2.535666645438618,1.5330267776707407,-1.149296765160924,-1.7712921467040879,-1.6278844754023547,-1.4845027227736063,-2.7154004184729503,0.7449268121116677,2.4785226921848342,4.336323980259751,2.7579705059059902,-1.407368492645954,6.421038475113981,-195.2670297094212,-11.867200316144316,50.38596669330016,-0.5472902468945988,14.229479218666174,-26.916808871814727,-14.828520581867668,-1.3764597829993654,-7.364225836916229,-22.712916293942975,9.062770967459215,-19.832315725299924,-9.557724484734909,-17.455047919907113,-21.874696473221796,3.1307988532899573,6.183155819678134,21.376678100822502,32.97223896938806,-76.94423883461565,65.8514755622394,2.3635861917504415,-3.7412422528861335,1.9019698981915747,-2.1010527440796087,0.4597287395881611,-1.3261350471134397,-2.069307401041046,-0.7536293978146196,-0.21137955841126566,-0.28671733889172035,-0.28998355950646104,0.17526567093843948,-0.0036266250161238744,-0.20801051630218548,-0.31508925839623236,0.042765910193933276,-0.5270072187403181,-0.2539815967613792,25.160196730059297,13.75476171420322,10.237485249793188,-6.44865799973026,-4.661711254511548,-2.672479964529411,-4.31361076330179,-1.4577130090488422,-1.512334821802339,-1.1023720187528467,0.9894547106432443,-0.3021475859465501,-1.258915822851752,-1.3175070971101404,-1.2410947874666176,0.8583237320590014,-1.125144395892204,-1.0303287476043186,0.4820371662145866,0.1956392962128879,6.421038475113981,-176.0416412606346,-66.74971250992834,28.222061662855797,-6.000104985295502,10.634772748823924,-7.1220602387084275,11.09655318874538,38.998997552042816,11.705183016529679,-6.4654150394291,-4.475961286985283,17.143026988502733,-2.4181174205730067,-2.4233122930810387,1.7379391397656496,4.287702680122629,0.15546920133769504,8.239292633553983,5.741177575411612,-76.94423883461565
65.09808044047483,-7.561212115793206,-5.352553858684305,-1.336759555214952,-1.0408132231863076,1.3377878464167674,-0.21372567830683753,-0.7284654709870493,-0.4906885126861531,-0.056427283437187725,-0.0882673234285849,0.255477892954715,0.7842589613474007,0.4049082768639618,0.6261477914185014,0.6084894000229197,0.1474224316153241,-0.48681907952008086,-1.4435597137747482,25.413397422350236,-12.225332087243224,3.4481987952373148,1.122213583651389,0.6966377633659211,1.4523301385700393,-2.229395669276091,-3.436532762141484,-0.5965982105531409,-1.4289906412033262,-4.557707669579436,-0.7833749274923019,-4.379749939493218,-2.216436258002546,-2.199432091078116,-1.4166298576663934,4.2863690931047405,5.219039044447634,5.3405730628009564,4.92463740714734,-4.300009519085982,-224.23799114343143,22.94642505488219,82.10602678396438,-7.58320459085121,1.922120805175798,-30.985709416003182,-13.203752028954499,1.6255660546924022,-16.70766951184523,-10.827569622830536,3.1224561555344876,-10.301568048418803,-8.468204797944633,-3.760360470822379,-23.643194210621207,-8.63800000240714,-9.345895226025217,4.60910223054622,26.96313424246108,-76.2920914641499,68.19120974189445,2.1908979223325904,-2.92745974043361,-0.6182569669455842,-0.8487528019305004,-1.1971892862489861,-1.517134770813826,-0.8915497694511174,-1.4456426605449924,-0.1931225922737867,0.2131465291285899,-0.42278630412499707,0.08305563234617841,-0.019054851215253965,-0.08060657630989443,0.02752658607595504,0.009781036754630268,-0.13267745846994106,-0.13232348051314968,25.413397422350236,-14.53277175781615,1.3247263158667852,2.307406120876717,-0.01913948875659255,0.854538720161039,-1.9408831987328763,0.22284842240297875,5.372558885234229,2.0867252201841415,-0.3724308970111334,-0.9717985634927033,3.6441425727206695,-0.9748971797270123,-0.757440050757064,0.5203535446774377,-0.09498229431270921,-0.16629844625386925,1.0103033173035938,0.7303997363317862,-4.300009519085982,-225.36275937049754,-59.49964821480822,38.0532391840966,28.51536002464033,5.515093165777039,20.1467959039149,18.966035217768848,31.046458198804814,16.009540094638606,-9.710466143415658,-5.809308729683348,16.74430938250969,4.293701409205897,-1.0309411645405635,0.5685062555438338,3.856054071819668,3.5653683645022882,6.062320729489565,4.393540447994322,-76.2920914641499
62.694408551412906,-6.809975889638848,-4.892614613710399,-1.5528560251027979,-1.146317785471617,1.0030928570125104,-0.7853093295542313,-0.47297364200572334,-0.25831266871522773,-0.30976789373215263,-0.2048366029524793,0.14303846352680694,-0.3480685534639436,0.28127541699873726,0.6096970028194,0.9469026833020511,0.9106644082427311,0.37890931474236034,-0.55599609707522,24.263148014103443,-35.17705949076064,12.119583357891248,12.19025721437789,1.0008305012871963,-0.04002088174017171,-7.448179691085935,-4.030648394775065,0.566775325605223,-5.926820902868776,-4.5950200105648715,0.37704725115900706,-4.278549750377916,-3.0994806584092047,-2.1812158993994055,-6.581603304116233,0.4121575829676605,1.02217969222496,3.5126892032935038,7.688029302199435,-10.738393696774892,-142.73579094067364,15.466077548758722,50.5216931183203,-3.1306054089573307,2.1063140348456644,-16.810966662611783,-4.175997245470555,3.343320389934088,-9.26668771742263,4.1209991811721824,0.5835147055128624,6.276378579444861,5.654315144517421,2.829433259302343,-9.655303738440473,-18.23993754333185,-23.93286273912139,-13.974366673362024,3.2315909122812765,-51.654513949737336,65.33504034580778,2.4879274925737893,-2.6519552140379985,0.19840540101889026,-0.9769530001853228,-0.8333868075962334,-1.7216574330288195,-0.6573722873731578,-0.5062709606420657,-0.10379008267123746,-0.5542477477259049,-0.29939120711207634,-0.24355505230794794,-0.16329048235731336,0.2068255400502239,-0.37392856426298726,-0.09398659356607553,-0.11150152726044316,-0.03928842851308145,24.263148014103443,-41.97553734776593,-1.5672939527535847,7.505099117267649,5.092626505385692,0.6951407362004631,3.210288516886788,5.285090023569714,8.474408193704978,4.547440458093002,-3.720921544946895,-2.405303913116586,5.519979166185404,0.42929556066431207,-0.5489307516201192,0.6009489480437455,0.6039810939005701,0.5000633026328598,2.182616041990549,1.6253246681439975,-10.738393696774892,-144.46625463586332,-34.86299536855161,20.491835250318726,19.25652026518069,-3.0380536242845135,16.06488263246981,15.841257833845397,7.911046305726098,4.41068970763402,-0.419632242221355,4.653154588316781,0.28324243514814995,5.5598259097378975,0.3643541579385985,-0.5989449747454845,5.016384568400496,4.427800362105506,1.2073933256256701,0.17699033218540006,-51.654513949737336
54.94323676190899,-4.575761213879609,-2.2572998255881167,-2.024264049679241,-1.9869459351503131,-0.6266560854645378,-1.690729380311867,-0.4870861344083619,-1.9291007989240097,-0.9364304832643127,-0.894441216557798,-0.9509999908296387,-0.8102676837632803,0.9818727412127886,-0.24420960566898886,1.5889860281259311,1.631923019566134,0.8570067745509451,1.2730535710123048,21.97859349731967,-51.460021491367925,14.425762602265756,18.764482884012182,2.5262661205852064,1.92741332073255,-5.195345197997019,-2.0850968219147235,2.855311045694932,-5.7726701005610375,-2.0990327934282473,-2.3118584217900002,-2.8797555629601077,-2.588369116652542,-0.8773105594717643,-6.07333570952369,-2.0715241427991105,-1.8419397373970363,0.23185909036896635,4.52046929337782,-14.111110543780768,-1.0707721827154728,-42.66554173432148,-23.355976879029235,6.281473713649717,9.668618614091994,7.413231804669486,9.906047291928896,6.263730240110949,21.4676672848394,17.246237010732546,2.7904262338821133,21.611641059760487,15.241087942002673,-0.4965960588771925,12.829386605946908,-18.923992495589946,-22.034354155518884,-19.852462887279884,-23.389588193641924,-17.274963561053138,56.30253408148338,2.185766944292782,-1.2883780606101167,2.2247078478530575,-1.1735970058143899,0.5841401277314455,-0.506632735127881,0.5444501514261049,0.6862039912023887,-1.06052514135318,-1.153521829638648,1.382226444476628,0.41596148178635195,-0.0018766502339875313,-0.3352391190015216,-0.08340793130821855,0.0018364952554186242,0.32353712353041364,0.18517083383691846,21.97859349731967,-59.571196056868374,-3.887188584887831,6.630765627292728,9.666158121488715,-2.218472025239728,6.424467192806755,5.999659347611519,6.185549014660339,3.988118505100794,-2.146711407471948,-1.0674801994191618,3.8475216718950183,1.5453406397858167,-1.2117982159775678,1.0819393991083843,0.19033147749472978,0.7772185874281659,1.7695213091959512,1.2308704419138536,-14.111110543780768,25.81119180662686,-16.916061072548565,-19.041046158176144,-25.46757417655904,-9.472431122119106,-10.282970089320191,-3.7601250185451094,-20.655734946398333,-11.712953847408103,18.003118655043593,12.352745182163165,-24.09801679917978,-2.850637932497503,0.1605213474586531,-3.033664417894401,1.0560355145960116,-0.10195651630040525,-4.723011190460939,-5.3597230351775185,-17.274963561053138
50.523797580775124,-2.6960565138096695,0.4724544849913266,-0.8370572505639005,-1.4439188384451116,-1.2544883890825353,-1.5844090030365834,0.10582912157996027,-3.108956244220693,-1.004155620032674,-0.5910410421119874,-0.8313677315469437,-0.6094760771234675,0.0016983964505652427,-2.0241711945867875,0.10120891725782255,-0.1427515241043642,0.07737692719310263,0.8833349538735025,21.508401844187134,-34.94939911206009,2.2815550779902125,6.179498484776144,2.8479462998838283,4.004493696528151,-2.1918792384386654,-0.8229156692901602,2.4813722122816255,-0.9284773513617193,-0.318134612650427,-0.7152930467988075,0.7603076260535211,1.5286212788101023,-1.9617445546249546,-1.7543721311799207,-3.4624994615291635,-4.09961799837861,-1.674855844559026,0.4105110203794444,-14.500667987407294,56.95536764563188,-74.7884998050861,-75.43804708277732,-0.24119837392752164,7.385784653023261,18.503350657565086,8.51359612762612,-1.831852647233462,44.64466915184431,20.6262548081036,5.104905691874356,21.86705408518081,19.156892133918358,1.6356702310489857,29.408439890601656,-3.419015598514774,-3.22661085113243,-10.206045510707593,-26.69415366715413,-4.966287004775353,50.80804471856197,1.5825047043935534,-0.8082335341640556,3.0268007434850994,-1.5910602740374324,1.1742082910413392,0.8111589468284444,1.4498967353728314,0.4541675053581906,-1.6381390563450164,-0.8060351160663943,1.5674996492854287,0.22346052655050874,-0.2866811013168167,0.21978022906550088,0.042368547246139476,0.296769832259969,0.33619351125477914,0.39993358013558544,21.508401844187134,-35.95915345420232,-4.588054984105309,1.6355798722210975,0.12390007295614325,-2.6550014039712844,-0.4638446428367011,3.574510445269586,2.0366932663476547,0.15227619260583714,1.666778844762974,2.0722705261750693,-1.2189841548648515,0.2022869480023941,-0.8317386258870665,0.2780583174707858,1.2403910024043245,0.7118129166074167,0.706124833081243,0.033899109514554215,-14.500667987407294,100.92468029820674,-0.2043245353887575,-32.7886279517708,-51.87401803346996,-2.0569862489394692,-30.29361280810761,-23.37824899687746,-31.587014995541985,-16.068012160447488,27.29376127105219,14.540191958429585,-26.319118640763122,-8.793629887767668,2.15738504167519,-9.4799757882478,-3.2108400479518524,-4.399521683305641,-7.783911306418767,-8.730217866024049,-4.966287004775353
45.45337518010976,-2.4052905025749176,1.3471530339709235,-0.43152588219179755,0.07169396366671466,-0.1310941295342194,-0.8567242525230232,0.409788670067575,-1.9517017752139392,-0.7587498170010507,-1.051094314743831,-0.6971967909884635,-0.37922183514910834,0.10604150740216567,-1.09358596464025,-0.004425788354521343,-0.24683947090964642,-0.22012334056096883,0.09700940743980069,19.735215235418007,-12.874548367951235,-12.965557931972906,-7.550395491062356,2.9138167208924637,4.264382156481875,-1.1509299932649824,-0.08737547891948871,1.577968466164132,6.805671225462844,1.9269681368296143,1.158008338427662,3.906641902171306,3.090056744389137,-2.5574657929039377,2.584447858838905,-3.238298632441821,-3.2372391880100224,-1.9918858569127214,-3.1313975487636254,-11.05635415429635,45.3044994826207,-50.62323180947398,-72.51484204829565,-6.325193182569439,-4.840140953039626,9.970295270794953,1.6392852655012127,-8.032802586583347,36.79500925557369,15.774354450935945,9.697075814229446,11.797251518396505,13.539064708594148,2.5461753689803124,17.838116037631266,5.293872211164713,7.874022449644616,0.24239809978007365,-12.146613300713607,2.3613197265840142,45.66910952708317,0.7000150239787928,-0.5339377667242169,2.8006244225656687,-1.6509351776243095,1.0112467608356055,0.2162867130633015,1.1475902265060576,0.06819735900527646,-0.4993038091728712,-0.19469988641074631,0.5675291036237595,0.6222181628098584,-0.5632586497242862,0.45388577873665925,-0.08545623093124344,0.20301211755569093,0.5282356768704234,0.2635007361194437,19.735215235418007,-4.635367801284524,-5.622923704731635,-4.27835733568808,-10.26856336082134,-2.20660577081264,-5.245301663531228,-0.8019242977195122,-1.7364511242862766,-1.572169570776328,5.935278235655728,2.965786807943052,-5.035384166344094,-2.2867118396448047,-0.5357754398942638,-0.8350333489832831,0.11483050873341938,-0.32315151139135034,-0.6129566734722227,-1.1537490019422516,-11.05635415429635,73.85355347809013,16.986030401448964,-20.35047487453231,-43.40180155099084,8.089559318770474,-25.763969695032657,-21.282155582434207,-21.521619073346724,-8.61843596779195,13.348342835628571,7.0335129915711505,-9.125184587925625,-8.810633321406037,4.254057784665315,-12.34640089624552,-5.245360559184533,-5.333296167763368,-5.453716973924044,-5.9434748767603125,2.3613197265840142
49.964639786282476,-6.754433706296087,-3.605091801101847,-0.9252519589046053,-0.17339088661605562,-0.3406277401719815,-1.6137697280937333,0.31927506189712096,-0.7112508562511226,-0.5576755331889971,-0.4841565772588665,0.3962906766329799,0.2007191616340216,-0.2616812434084286,0.15719911671507014,0.012358860777695657,-0.19976334570868381,0.08004645001880428,0.23728149490075423,18.13450315135063,-25.992112229653046,-11.579006277532471,-12.371327139473498,0.6864560141698068,2.4843870268967967,-0.21871196466941,-0.7727110024596233,0.28952029175389216,10.106343010041439,3.705106928357998,1.194566716987354,3.261778559646782,3.6397524780291346,-0.523303167158826,3.793724857003297,-0.7139629714683713,0.1065239919652381,-0.47846107841944874,-1.8331141103069075,-14.748915393904777,-32.77276078419719,18.48213847140102,-8.874932868289594,-6.105548245020294,-9.857585718906158,5.419326647001498,1.1016532103430992,-6.125951453280198,9.439486888834512,8.511596787994257,2.5195210205483423,-4.481204995505722,0.6518418101261432,6.788493383054716,-3.4640825790682666,7.695784353495051,10.7410267965795,3.846135385953466,0.8700127208212762,8.035832303182154,52.672175895906726,0.9367759606781294,-2.2113854248703997,-0.027602849859343692,-2.065784616266005,-1.278862445566664,-0.2958619344896176,0.059404308260693206,-0.12112954824059097,0.4489886736200952,0.0024765437476790275,-0.5015346141180679,-0.24553991881850412,-0.2984687955556973,-0.04870775008347361,0.24729108675068745,0.1613320535874967,0.13921161261017345,-0.06150382489706696,18.13450315135063,-18.98111132645448,-0.8015886605260616,-3.4346533771273475,-10.877021770194261,-0.3392855154828154,-6.101633458998026,-3.0032426522035007,-3.3580992345927076,-0.7064215841921817,5.884964269015363,2.8481585624170993,-3.1981272350766003,-2.051493143504211,0.19175038117582388,-3.1805525720343213,-0.9636884456947008,-1.1495124896102027,-0.518100619884747,-1.547474542939974,-14.748915393904777,-45.62012930322074,24.468983282072898,5.718113384394175,4.440365479366697,11.128861610706652,3.483783815253986,-8.239682669537132,-4.241917539212789,1.7318784816511963,-6.636026837449181,-1.5603151475470214,11.771937886906551,0.6486209377278491,2.2813552484769395,-6.656967875792817,-7.166038951524925,-3.303349596601798,-0.23154633651135448,-0.26560920429629986,8.035832303182154
48.7855414751797,-9.029351583622853,-3.9937244280727078,-0.5232583350626565,-0.4900188328239037,-1.6590514065523059,-1.7197367572430364,0.19517512851512375,0.2748821198226272,-0.19618645827134396,-0.36887927977052737,0.3884917561660526,0.3296630690525437,-0.1651703353096834,-0.04267083190046517,0.01426174014508419,0.04180933636328277,-0.1402709153182664,0.030381526116866064,18.13736576658975,-33.2864151912611,-3.955572624709891,-8.217525328010822,0.44441467215749775,0.26739617902841406,-1.196781199484171,-1.2905565225793856,-0.06516428733287505,7.107424346524228,3.776523661535513,1.5817496034316418,1.7681347294415148,3.1255976380350163,-0.3234435687146724,0.07167381520033533,-0.7988562822471506,-0.00799950774665259,-0.24513924281078547,-0.43102479163580754,-12.806326977240019,-71.64832931195575,58.563017121655925,33.698909028914954,-3.4244698507312408,-7.790569862455138,4.142701015714407,1.935966333432614,-2.7255686369120653,-12.79651686339259,1.4796148549640318,-2.5127929009225567,-12.308186219992729,-4.309550755656706,6.584707827390014,-15.652699771365414,4.687574856715094,5.336781063393174,2.5867484163451087,6.581902214512679,8.038327429464331,53.05278459216874,-0.30283053621532385,-2.7259807831009844,-1.3823720358853904,-2.0395377201064235,-0.8119753357301669,-0.3540844433286061,0.37147080283903566,0.18776773261361557,0.863550111492128,-0.07488425557415868,-0.10094850699367064,-0.4928942153515441,-0.26387052306167913,-0.6185118039186759,-0.12845394669378285,-0.0920203711040204,0.11554973611660513,-0.16098496461788114,18.13736576658975,-31.133440381697227,2.7125934540470276,-1.0093551852992038,-6.5342817324314995,0.6684496899012746,-3.6386232466289092,-1.352541894869042,-1.8778642715428429,0.10824940960382867,2.4183672982161424,2.0613322782453984,0.27450091803807974,-1.7330859751638992,0.40348617282364485,-3.3619556042618215,-1.3303090780480242,-0.9587667933447086,-0.3452244512830759,-0.950180170239038,-12.806326977240019,-108.30869851779549,22.483470302614755,20.57177451617475,32.84497448717066,9.168202070183348,18.01636095507788,3.7970249748698794,6.790324694273892,4.384778555468909,-17.433858056052287,-3.546711526552047,19.3050223069568,7.374270276671417,0.3977250745900507,-0.5102742083581724,-4.126148611674385,-0.07034720975750575,3.1134706280221693,3.2529028213688695,8.038327429464331
35.86165831841363,-5.173529112051938,-3.0427703537236073,-0.44796301704356756,0.07913107324859592,-0.5998657329081971,-1.5392582519063884,0.357896038233132,0.8309233132817424,0.5671161647814715,-0.3348652011049622,0.2566772746991892,0.8559577097902737,-0.12434726577292321,-0.6527663324550315,-0.26511633272616586,-0.23381393175820975,-0.20177982463797295,9.183938151602344e-05,14.932868881648874,-41.129846092503755,7.017631660059214,2.0755969691055807,1.0298732017411645,1.0741938258018027,0.5407096881716775,0.32950145771133776,0.23996286239003028,3.6403895325248454,3.0128860189937527,0.3325968309733738,-0.41104128533444473,1.8367717370502343,0.3154910248077709,-2.2300263988947693,-0.8343284598789731,-0.3437244402205444,-0.625161458633261,-0.5046689977738265,-9.607765424344382,-38.11889862694407,48.16648015995247,39.18697051427456,1.272292904726382,-2.0135887554165994,3.2563341933380237,3.8244829006326455,0.2060122909951816,-16.398941769032568,-2.1480794612702505,-2.9730925444862284,-9.524815704738412,-4.894787382942583,2.3165229774556373,-14.349202725891237,-0.2762031544530259,-1.2362217968454567,-0.6734229762501001,2.583246018928143,13.480861492016427,37.62565152279195,1.683133154227581,-1.4295387145393457,-0.32021191238650193,-1.5664017605377831,-0.9649973901747875,-0.4052768010773522,0.1589068299099885,0.04117152645793021,0.622916117830165,0.5581363497238616,0.30267483705584364,-0.24472985612089548,-0.34049997406020827,-0.8342972656239922,-0.4179768177199412,-0.13047016821527668,0.2834861716893148,-0.1615608409657392,14.932868881648874,-45.52018181560634,3.478678077541808,2.860135489223747,0.47694199844457197,1.4719016710250843,0.4747080563391326,-0.27002209092421525,-0.013558929630456573,0.178005943241357,0.10722089475817653,1.7443402172503855,2.0120422463973373,0.2497844846258659,-0.160691808007551,-1.7869644927863533,-1.6200586799674157,-0.622054240716803,0.4564855537309923,-0.20068990848520252,-9.607765424344382,-67.46488241221283,9.326618099630519,16.45906840722514,29.719151268153738,4.425826354139609,17.26601433364236,6.548960926503398,8.553385951836889,1.8386115885046057,-13.866633151972339,-2.524628751328441,12.157880291307134,6.585425716049919,-1.2690623591979455,4.362167269971405,-1.602490070464821,1.3916290504147049,2.7508823522455463,3.443059530663379,13.480861492016427
