34.97120003074834,-5.656253201788007,-2.479094726391212,-0.899717934860204,-0.6311623888407487,1.2023031460412943,1.21585858245163,-0.30101159962817947,0.5823188975024136,0.5855080754845603,0.3204806476449389,0.2223707209685255,-0.2053870538814353,-0.12905475530305588,0.18840827619435907,0.5540071987069017,0.4045899677131497,0.11807506318015815,0.4097197339277925,14.488087711979496,67.56606759252148,3.8914825772764132,-8.604497607815231,-5.129201066290186,-4.954801807068988,-3.4652007507448697,-6.6083155972358405,-4.300286390675585,-3.7937232376346524,-4.534100402136396,-3.2889300864924684,-1.5566164868925139,2.175161742965304,0.9676626543512257,2.185720619316145,0.4019179380742868,1.152364795086344,-1.1695158687859122,-1.3517157635898007,25.139362899069912,-41.70620011044062,-4.364220328357874,18.943274930727284,11.730427680149313,7.699806061727437,-8.496855475256524,3.033292657904955,16.29602894418891,-0.7466237453586473,9.528959482966133,7.603167340821296,11.010106486100824,2.8669240445055593,4.539444344918543,-1.4475452581858175,-6.175467600607479,-11.227472959987914,-3.928066643503006,-2.469595686589437,-13.407879661367112,36.990109696468686,0.7892520063148296,-1.5552668450309517,-0.8156402579791497,-0.1523090489652017,0.1742062408466607,-1.4044072000046213,-1.0397470821487924,-0.9720627242428905,0.04720367572135631,-1.0282971172716193,0.48165318759759845,0.0019690184339837824,-0.5821503916393411,-0.03153279197104175,0.48490068313147106,-0.11266663047748648,-0.3173719575545131,-0.16845373440069578,14.488087711979496,64.35921960495081,10.98890826845042,1.5423201595045573,1.654246612832667,2.182904232317026,-3.497302811830341,1.3722780449559457,-0.07863564595842676,-0.3431729109494812,2.58715439273005,-0.2898401607874179,1.4389868682184024,-0.5866346877810984,0.15621370693759107,-0.057919336311287095,-0.6040830218127422,-0.31830801514701157,1.2632287227979104,-0.049968114368154515,25.139362899069912,-36.04078525818032,-17.533758009269906,-2.1657162765372098,5.570056265575252,-16.18943601182581,10.546954584489132,9.502786494235188,8.166384533212184,3.5765613556804743,-5.322885505801132,4.604040670780124,-12.134570016052407,0.45915265686742024,4.007001723045665,-2.1508803231904614,1.5599801853284798,1.2946717474917466,-1.1360496804471132,0.5717115245035749,-13.407879661367112
52.708355697860114,-4.351572923000759,-2.966657652781471,-1.7411949334151546,-1.549182671638591,0.3528405051166916,-0.530347065487935,-2.4174629113879997,-0.7538366900462767,-0.9819431482980754,-1.2634840126448479,-0.8602608339299902,-0.6876530549050552,-0.42649651235216934,0.28744859983729,0.3400991972744498,0.8065092624599595,0.24092595453198884,0.7404507984354074,20.880392584874567,77.89649054743975,2.68464808404317,-8.98687853277112,-2.893364523267113,-3.440716595987531,-5.400971561097043,-6.609641511671803,0.8009130331048073,-4.096628725666207,-2.5107552890965916,-2.0065185360894553,1.059621880272462,4.034907146266619,2.3495572547056467,2.004488473428692,-0.8915492248387842,-2.6675938360436366,-2.723962452196848,-2.370730992606555,28.220470595300903,-162.58631869720682,-11.294755099347917,37.315106148443064,22.071958838369515,15.503462423601094,-7.144997897524648,15.207414225014436,24.48393936961607,11.08655944185474,16.964459149984275,13.559233250928944,16.861230738996014,-1.3812936951594064,2.483102041406,-3.6708590194352735,-6.797075047538462,-12.285982088481013,-2.61717035603292,-3.638136552544063,-55.544598722779924,53.96126760829176,2.2877824984701527,-0.698851669963747,-0.45040618633070695,0.9178166631136095,-0.05025512569111301,-1.155417633738343,-1.3055248097441499,-0.6553217076057916,0.9692299972735712,-0.9593725167298031,1.0857595251574694,0.2324756355454365,-0.40582840417538746,0.3082148436220411,0.429354489537461,-0.15997849100984762,0.22121449099657364,-0.21114312770175814,20.880392584874567,75.59551360568408,11.16509163147782,-0.011875142581461162,2.720112828365707,-2.938392516675737,-2.952770955289039,4.065457563918664,1.5793418408529738,0.6550192377884072,0.39760802633585035,1.2983250581547643,-0.890699374513988,-1.742109544970296,0.30813238198024573,-0.3931056436405209,-0.2913553268927016,-0.08331418670065982,1.327527455412766,-0.4739016212654985,28.220470595300903,-150.90772983591728,-39.82831967528921,-3.772617822793738,0.07206939024008907,-18.747024227809444,20.29918048580135,5.1180866738758315,10.68187646679255,5.092919547825172,-5.290486025379993,4.760635299746334,-17.523940332914528,0.2524259975662442,3.315869296537789,-1.8001826474843905,1.0014960062246658,1.8085807238208265,-4.097613512082714,2.1133836762682052,-55.544598722779924
59.88565599345319,-4.362852052543424,-6.537562067103698,-3.0435799687278213,-2.6495531509763217,-0.10556590886883921,-1.2151963921965079,-1.3929291390860619,-0.6464649275405674,-0.89781651369232,-0.5320020654564019,-0.014621745028473576,1.1233268181130267,0.5034974503971137,1.231748424030966,0.8619201684602711,0.7798127178829168,-0.5281083168887133,-0.43150368012091533,23.861616725066916,41.54775605984203,2.312789659714098,1.0583303200263563,-0.3819054977270655,-1.8619413817459978,-6.745743083197045,-5.091006311065382,1.2971283695286733,-4.015582366298199,-0.7812932171732312,-0.12855219128332696,2.6403175725754098,2.678751063567426,2.546437526633287,1.5525640631669626,-2.039082280772917,-2.551392369342622,-2.356325898831947,-2.077005992376142,16.894869220270863,-210.3151065345658,-26.010539796934445,29.76109813055283,26.75998412541913,17.10418128808253,12.076730697397394,22.245981701313013,21.036083980697267,15.66151173075093,14.792866731292584,10.241014477067806,10.975385073062476,-12.625037583193592,-4.281611444315418,-6.717305468731169,-2.2861094833830347,-3.8356235917054944,4.081403079897621,1.5339049129185733,-76.40969708495459,60.68414054303255,5.534440894462378,-1.2123143528122755,-0.17113398738703767,0.40408021115390547,-1.462214481799623,-0.8427629606597873,-0.9461760413303271,-1.3020196880361805,0.879767711310274,-1.2076794979362364,0.8990934529268642,-0.40660163401229177,-0.5922045319025224,-0.23036627792322673,0.21063226902210497,-0.2481647077848117,0.04494917956889877,-0.17209309493424185,23.861616725066916,40.72067997549402,2.1339375823017677,1.2365596722789616,3.9063416378537728,-3.351165399099496,1.5039085521435744,4.777081532592181,3.1755678772419653,0.9460116925218118,1.0204848230265844,1.2180975651315533,-3.463455018441606,0.22067906924721048,2.0837552309390963,-0.9657663442419009,0.019543223391477405,0.21153094437568587,0.6630545162669261,0.4478544013323049,16.894869220270863,-193.76301454513657,-42.54402926947669,-20.21589804376936,-5.504362373325151,-14.119017429324266,16.042045279946333,-7.376518083874775,2.0677851604710598,5.658870106168524,-6.144735269991299,0.4685802681639135,-12.324159078593839,-0.07389821924410422,0.3397911240635525,1.5900488245420348,-0.03959861582925872,2.225862365111883,-4.3020289536972385,2.2048375744546345,-76.40969708495459
61.462217323115794,-4.960629734388713,-4.943300322420529,-1.2744691795599516,-1.3423253057667277,-0.8442481070521604,-0.8734346860602025,0.6454036866531654,-0.8516035528091992,0.07179272552470461,-0.25653726384911835,0.870677894103256,1.1477095832546431,0.7294477691996826,0.6689824389904016,-0.04572389858917503,-1.1168183253935522,-0.9208144728838303,-0.3550340553511313,23.911558503086237,-0.717935989742216,-0.966548513616388,5.221641502485508,3.533130568613011,1.2504991920700634,-5.397428533281106,0.23673687218614736,5.1429759140303215,1.8604860476244913,2.07172558037416,1.9104975913674327,4.775531852871531,1.2327202350845399,1.419826238913195,0.6668693876730993,-1.776119476271342,-3.13874766693968,-1.8846960317793546,-2.8081389254686617,1.4893103770794767,-176.17123906787933,-37.16287869108068,-3.528093142332578,18.638798959636897,10.131518451872019,38.999618402691546,16.414816990345827,2.7287204446033897,15.681682602300784,9.169506597863993,1.4946987746816434,-3.749385236393903,-22.430653217532672,-12.913482328348898,-7.41230511121481,10.28313369965849,14.497506205974773,12.316237431252917,8.01673275785149,-64.79139574714306,62.94085107602879,3.9992033779799656,-1.7326806624310205,0.22216302090764772,-1.899699937362624,-0.4839688754747171,0.3474994622822938,-0.2968616821315382,-0.47957462345204194,-0.17027432890517735,-0.28944339786192863,-0.17241663232402837,-0.6648004278280264,-0.4230571305176276,-0.12866887081520972,0.4763572267398033,-0.08657468517415379,0.16523120159016402,-0.403584864766672,23.911558503086237,0.7246245017205695,-4.497766226119859,-0.19110850827951387,0.5642337954421586,-4.423573065879435,4.151681749083376,2.2289196380757437,3.6352008258376522,1.5586945612274583,0.7252461648917867,1.3365086261262635,-4.8717623549088565,-0.8640785675121307,0.8503775932057331,-0.5040871560881754,-0.4151481413025191,0.321062867002053,-0.4854909299779544,0.7578124659157184,1.4893103770794767,-161.7688634232279,-19.44547727166023,-40.320831230099486,-8.401954537248198,-1.5853192354680234,-3.079214994288397,-24.629079861623204,-15.054843167029446,2.206240234903472,-3.917940339081358,-3.9260982675332077,5.26597461729502,1.4599333503906442,-3.998246727625035,4.430212748375372,-1.1260842369271762,1.0693204001254426,-2.848332704732054,0.544721209097522,-64.79139574714306
51.36814724804152,-4.195329966236981,-0.9616082315585048,-1.3240335606513383,-1.6655617626496793,-1.5720240894728021,-1.1581007627949274,-1.1838807138844254,-1.3765888542652247,-0.3320064700134453,-0.24726882239458936,0.6770601432396073,0.21630715882242857,0.5661918672376616,0.7739233882012846,-0.27262239374774433,0.09055757696859446,-0.4792176725279058,-0.08104083536700912,21.419939363009092,1.7157275938295555,-7.2881890223610295,-0.8282085601671296,5.037543450479317,1.2516809429434796,2.5713930840458596,1.0914860614916924,4.0467241592102905,1.0584752410954645,0.5710925287745203,-0.12693091168700965,2.0731210633391894,-2.7362635930404524,-0.7082775599102575,-0.5041225721716434,-0.2988516779009516,-0.5298700853183815,0.45155246095415147,-0.3660593406994608,0.300094465703328,-25.34470969584715,-34.767073217934566,-47.762589883506344,6.686406268923351,4.2841047804787715,49.36222499267494,7.4022706800305595,-4.899358430614964,10.42469349925233,4.894072721817441,-5.693535114509986,-14.28287955252065,-14.521544542366328,-14.282243172318836,-6.696761140801915,13.347878954412728,19.01399914187837,12.84452941296734,12.375072644679593,-16.880644648966367,52.86065795034718,1.000510357710807,-0.4200725126578342,0.8012459573285593,-0.41913344827683297,1.14301739181025,0.23267501828115078,0.04370529266588452,-0.5869304200588594,1.1271982503240228,-0.7542128941397799,-0.6209862428824557,0.5609465847443205,0.4683415870013272,-0.2959741068733668,0.4711709262260386,-0.04360306120749047,0.04214694528215479,0.1516943347979136,21.419939363009092,4.91315688436427,-2.451677437489085,-8.476012179531097,-0.019995057368134006,-4.134014207743258,0.9714934759566178,-1.3977120340599813,-0.0726725582152361,2.034424480415255,-0.6490323115435674,-0.07464181069121079,-2.732561180881082,-1.062599286132233,0.05498666335662361,0.7925958321835576,-0.5619859225224628,0.5924346405575736,0.018723438644651313,0.43659362926855416,0.300094465703328,-18.03600194254563,20.226690807432526,-45.52840384803494,-12.576915759803065,2.202694218856679,-27.850520685990887,-23.653854842562403,-27.636190190697427,-2.4544160172324503,-6.822831502442973,-4.584034210128499,20.613030564534064,-3.0618939140662036,-8.252320792762761,3.825870875937933,-1.1497657109604524,-0.08237669688891791,0.3284668124176129,-4.36907215595123,-16.880644648966367
56.60814207569484,-4.918608222962175,-3.1438138193113137,-0.8344028531468908,-1.4159287697668805,-1.61264467122188,-0.44052644409565156,0.04950083302634267,0.5414682971282976,-0.22898537995043267,-0.45060183849203783,1.181664148371735,0.38221689228251376,0.25206939868415423,0.8497958115886803,0.01931074024278656,-0.4182370005527194,-0.7258673835380922,-0.8388500866758766,22.845886454443217,9.72688524650632,-11.096301920459604,-9.807655663840666,3.716310482448144,0.06823146760373966,9.440269556627278,-1.4934792027774257,0.7904753605656936,1.2071837717873533,1.3978051368615296,-1.2599797885467923,-0.5314724833063793,-4.472912134195779,-2.4798263661970306,-0.6733207645094097,3.379902323554478,3.5703981249316303,2.030217083536561,0.7821620604808495,4.1221600990131435,23.936247375077528,-2.433102629629593,-40.13185531694562,-13.057817122809727,-3.807639487907635,29.903831390040313,-2.6803243759952715,-23.88528163334689,-4.365567323604665,-2.4214587796922262,-5.9311435977196165,-16.21298285106377,1.0949873403561168,-5.619426572626214,-3.236349675625837,8.393867996856901,16.868944682042102,6.708587255908393,9.632450039805622,6.385517203804422,58.23532115549473,2.3058646537860086,-1.1905268441807246,-0.6544792609674261,-0.882363040110739,0.7229698120456383,-0.5786768041709403,0.01713493617657047,-0.23351906098072295,1.2081378102125901,-0.5178515055648996,-0.5900818043922991,-0.683337757588935,-0.5109126670244457,0.0889751800530234,0.09151109028423465,-0.10172788079748174,-0.02012985684903157,0.005869390390023321,22.845886454443217,12.614843439635003,3.7351605055431305,-15.316004831726174,0.48230390735256146,-3.339627730087868,-4.226170914339759,-5.161685583566857,-4.323959524933148,1.2139329612934215,-0.7266035759197527,-0.018354387700457497,1.3768410153532604,-0.370503692085252,-0.6766066980410352,0.9428196423344362,-0.5636328723993196,0.26089416527111764,0.2255266418578763,-0.19591063068486214,4.1221600990131435,19.21260538604924,30.190424210352123,-6.934631069665099,-8.094446568603594,16.72060236579142,-25.196136727253347,-11.233700306678923,-24.316045173863134,-7.799366143602498,-3.351285672765217,-2.6573614642329315,21.38160366462919,5.148947559690547,-3.80332421050029,-2.1616967209939366,2.3096546089066097,-0.8458092904309278,1.7111334495075385,-1.7791190856715944,6.385517203804422
63.170557414078445,-8.027957319437208,-7.851409598741871,-0.7448414066946931,-1.9869109475045055,1.5643289152389506,-0.8859074824329372,0.9283843673324945,-0.8137632319615835,-0.46188119656749116,-0.498435233978447,0.8664456595068817,0.13794136707886517,0.3880478556997491,0.8892804516460049,0.6799770100938145,0.16558701280330967,-0.3998056310845066,-0.3726253348082731,24.54449998224009,23.652990593794186,-10.005870245831577,-15.308316038563728,2.869707679817043,0.8712448707265499,10.516520368186232,-0.5247629335683146,1.0236994309535055,1.5234155212465348,2.0027033654918047,-1.3900810585812078,-1.8476200355959604,-1.7292050229755787,-2.6448577569710183,-1.1257214311427404,2.056846296520538,3.6010343056609067,2.1084822499937657,2.3153798369888987,7.138122034820846,-63.6993155011195,50.3983660027256,18.094275935818967,-24.419703256852273,-5.897985563490668,-17.11239428074829,-5.071149584550778,-25.432376422036967,-2.187171260786715,-3.735263258720992,4.81970754391409,-8.359618146841935,20.012093929323026,7.375454816644037,2.2567566824134495,-2.3000950705825245,0.9088614290596926,-5.3976927926159,-3.53979289951464,-16.063154426129525,65.49348394548171,5.155271537814814,-5.721397351702972,0.25718962486643226,-2.1715953413436657,-1.5799370875814918,-1.078530844463161,-1.1395106295919994,-0.40783522906421243,-0.1339545140203935,-1.1307963494303563,-0.25835455147954156,-0.928632612197954,-0.5207834319708016,0.05710961273443549,0.12206237598865788,0.055629210305639054,0.14699142811082222,-0.15852340787831243,24.54449998224009,25.75756953526399,8.130819620186536,-13.965194090015178,-2.3411512980029614,-2.79179095756694,-8.232425459140302,-3.3545432778677204,-6.662947042721346,-0.10881551612739493,-1.6650060577891326,-0.3964880330193359,3.718758578694368,-1.5570553254993307,-1.2789130198189005,0.2237156945157599,-0.48109726654034857,0.2004269467966946,0.4717791365578172,-1.25982012834302,7.138122034820846,-84.70226006683009,9.073643761940529,55.87198949254043,-0.4744028161588507,31.03806125808515,-0.23061826527258544,7.397432065941164,6.173963540784559,-10.632506539002993,7.114070904568232,1.9815715496466382,11.276138902717024,10.549718201082555,-0.8443119699681558,-4.524329099386291,0.4198192832061505,-0.3899948990452893,-2.344783311178066,2.228292211378686,-16.063154426129525
60.42445486335049,-8.592467018018402,-6.40222747074918,0.29408998468579783,-1.1475349795374448,2.307710168905603,-1.7562709276299104,-0.0154911736724479,-0.5294244780673432,0.8356326572324924,-0.7609439523305856,0.5102488943164292,-1.0495635879714644,-0.42139340812987647,0.27464352501333655,1.1679275612672846,0.6308660191549054,0.05458804816275076,0.1818392246099254,24.41035824297731,0.2815561978142327,-0.8242592166959106,-7.604232416789,-1.9118601074607158,-0.46310251577528927,5.581923519668864,-0.2953008182814849,-5.28815253851473,-0.5547677542533767,0.1451907721694048,-0.4234991340452763,-1.3705890231927804,1.2766846202301614,-0.4215969488695315,-0.6405060206542708,1.2429655349463646,3.2302724785917274,0.6411327016550346,0.6673665055899693,1.263055194422929,-133.50431755558515,82.2623907613953,69.30640683989515,-23.71349956194289,-4.192265166912945,-49.19590607553892,-5.473901444845529,-12.469768615667315,-11.144283688044037,-14.113095745751693,10.741805146709726,-3.2144330238160297,24.477045008410848,16.381814486037474,5.837967450278092,-10.011549724094568,-12.891555433499299,-9.575579418943182,-11.432084308011554,-39.09966405927617,62.93185979827903,3.7894030406995274,-6.740020658771538,0.735343140814992,-2.6932828558731416,-1.2355770929487255,-1.577740398128979,-1.86723348346917,0.03784426169734534,0.09700026530715444,-0.11032886406686915,0.33468802965114475,-0.10526267539951517,-0.26679797005208084,0.16619909054810722,0.3690950656588339,-0.005743738295159728,0.22557228110476846,-0.34643130877099004,24.41035824297731,-0.09127913070467031,5.306197350218391,-0.9138330878700227,-2.322411368542225,3.2656164919281165,-3.844427146994839,-2.409514893359848,-5.22768451884086,-1.2693685123024654,-0.4424097983680393,0.16875100517386032,2.5933795976180134,1.9576232320166915,-0.3843346704566497,-1.300495447751245,0.6992348351597286,0.09416206866702859,0.14354794581923191,0.7164598018857082,1.263055194422929,-163.7564221571889,-12.918771369481071,88.27198289487174,15.774584255042225,29.354018524239365,21.81298831368327,23.410671888520504,39.28061625757644,-8.15519040749454,8.914732149256292,1.5680243484866754,-2.5850006535724934,9.576155703282781,3.5499533625065056,-0.7915881121764041,-2.1733791828008764,1.8040039511223382,-3.710927025692043,4.848103972597237,-39.09966405927617
61.286486151110786,-7.361335691624657,-6.986559425121436,-0.453426139659161,-1.3641362224011222,1.726058674556572,-0.7626099878119552,-0.6395349950582774,-0.07943470604413694,0.13703619414099455,-0.7871382947659193,0.08895775246927995,0.06759488746162834,-0.41950560784083235,0.4986388159175863,0.1814923440002758,1.3665232199452353,0.18479573661855553,0.5663044274845392,24.20676448615247,-25.41126563238415,12.774972627119926,7.117217784216521,-4.358222882992388,-1.4316448471123397,-4.0556310378490785,-2.043177923031667,-5.63015010226798,0.845865373722472,-0.6702319182399132,1.8646825330192773,-1.6871297401385772,4.39498499440809,1.9503351397480115,0.6078483971075119,-0.3804308188881571,0.09462345238141623,-1.552751744413035,-2.0785580130113406,-6.301930295066327,-143.46265745498818,54.1904199478698,81.18314486088671,-3.1464718753647256,1.7223480792797075,-50.80749710705527,-7.81268037474006,2.6422480382241433,-15.171944368493461,-9.67414858528824,8.846323842167743,1.868869042945926,5.124505438556367,11.066901132999924,3.173715435738936,-5.9328334877254285,-14.755657363052062,-5.110687189152333,-8.440045411966876,-47.36262182516137,63.39117339658703,4.324150974347315,-4.6279226503700155,-1.0642408925641305,-0.9095690191791017,-1.9939218852627194,-0.94506482367369,-2.3455840188719184,-0.777019839461591,0.8502639938821743,-1.156218231398463,0.7760081294430066,-0.5066186191000548,-0.29317227139430546,-0.22272821486302874,0.09183030526856473,0.008618340939695823,0.1551854445841634,-0.30206537979308967,24.20676448615247,-31.08491186388094,1.299626021143549,12.25889669481104,1.1451611724998338,8.082394310291324,0.665312459647865,0.9249186538070959,3.4661717091308994,-2.040178052288298,2.7659062519646915,0.8225912676949494,2.297238979345053,3.0481963523580733,-0.5133053354196471,-0.3479111724667474,-0.9835101346989117,0.48080323933697344,-1.1126788689250595,1.0945545186726118,-6.301930295066327,-159.97816165217216,-35.1124762613895,57.52528435147537,22.389979037053074,4.695485619748581,33.55045087759258,24.309833386289764,44.1161053498585,3.759148617634752,4.198945359512251,4.299106628164731,-11.240574608763733,6.907298190769508,7.802191978220822,3.4566745831981365,-2.4399927380078794,2.3302574205435933,-2.321524716103479,2.724438883775207,-47.36262182516137
57.69095580608579,-5.664048645216406,-7.378355114516031,-1.9360405403950147,-1.9588673902062168,1.097452208953741,-0.649825600546885,-1.810615755035636,-0.10307984295711403,-0.4558486892199731,-0.5179998751209398,0.8851135902941456,1.0557324422062129,0.4450476560196792,0.7248636191257543,0.8900358407627382,0.5964311351721814,-0.697601716562106,-0.9746317150272981,23.646281799698492,-32.49314541819708,18.64447202376229,13.632780844716782,-4.526474017118586,-0.8764562569332881,-7.871607778124529,-3.471222430468514,-2.117484180657221,-4.026182998472635,-4.322275094148457,2.483540989007828,-2.2189341429430858,4.703515361317811,3.4134844284621915,1.3788780465045098,-0.40723398078845796,-1.1221741651782735,-0.9269556287316298,-2.7369111685248084,-8.707645765681356,-13.547406998186965,-4.98176493163998,39.42281929772473,18.159910849725925,5.054054700559195,-27.433419268152164,-2.3555306250371113,27.358692315500733,-11.203765557201093,0.7250607944524634,1.155711632751034,1.8709402796274748,-8.097820925971426,-0.3706542743319936,0.5804512969644395,-3.16165540285073,-10.395470849412611,1.053045490466009,2.202914167140142,-17.492547250090293,59.24083686458974,5.374523610628954,-2.1941807387822143,-1.1549696865232573,0.1194320447710373,-0.9922513626111673,-1.8501672612455997,-1.9936706286039005,-0.6836110119332663,0.4948236570772866,-0.42076506199391606,0.18942665395543345,0.08446686187046115,-0.8168855825410186,-0.42135363002386694,0.45624454322414554,-0.03114141178099583,0.0475471078239138,0.43587027729026606,23.646281799698492,-40.84212693938698,0.6913716203240883,15.707941223296588,6.6264397996222755,5.900288898102683,2.2314542831077926,4.403919394855985,10.25178922792895,-1.8979809743733969,1.5153063438314818,0.15611813618573755,0.7951004882416712,2.1149483206274367,0.7155661410125909,0.8328390197374878,-1.399116029720476,1.0227079945621473,-0.837707868246707,1.0509540321059405,-8.707645765681356,-5.943223019542948,-32.34951917212604,-4.673512277871905,12.845496996313582,-23.82007737472829,16.352373051528005,23.969053925664625,24.298031794291546,7.575921752786995,-5.120040492962487,1.8550103049119653,-10.846447049711966,-6.3332415569935305,6.093265712643935,4.3434428185346805,-1.6232181304550157,0.20957463887977168,1.8188301817854164,-4.633016774947838,-17.492547250090293
51.83167412651872,-3.1046801922782428,-3.804736884750184,-1.808887585650481,-2.2970671657262893,0.14164237629034204,-2.4607191074902834,-0.9891283931199015,-0.6040028626554621,-0.15125648246121504,0.3124339939263687,-0.16455155855126513,1.2827858491940716,0.929994893498977,0.968094603143552,0.6287074609020091,0.23011618098537978,-0.8000866209285957,-0.8336688714953318,21.775573056346335,-31.690987325694238,7.354974107874224,14.664749761126737,2.6037786969636154,1.939095780945403,-8.16046253644471,-2.84314231484483,0.7594892711368226,-4.326849040890567,-0.6006379939933835,1.5795608009761115,-0.48901295424784474,-0.8803676742412199,0.9710521208630827,-0.5485557468526625,-0.08447068947476488,-1.600571053980124,0.3371828206109313,-0.2025040319371505,-11.557838397707695,121.98819114884378,-60.68791535513682,-26.078543290215485,21.14680568583688,-0.9289534424771841,3.5816682789418284,11.24861617743127,25.242512857635838,-0.24860922807577657,6.153845138155316,-9.29534026566028,4.819084176681805,-10.167563867742903,-5.981209912324937,1.5499046873192923,-0.04234598654277688,-4.150538836597091,0.9046766389223644,5.85044973790278,21.051966646398068,51.79653948038589,5.012524263421875,-1.8648689642921137,1.7749266247854738,0.4632443634799064,-1.3689437229263384,-0.47985808600130264,0.6567937975408156,-1.0671966183930557,1.0500869160768862,-0.5642826166193582,0.9628956260408406,0.5006007953460945,-0.5023922934361562,0.17693038678704887,-0.4132674301434538,0.3087296667170438,-0.3203354197112802,-0.002396941572634592,21.775573056346335,-33.85608738648094,-7.1180056455610625,6.4865609301392,4.379412636441327,-1.7613843507799325,5.504859264604674,5.393656271169244,7.655368758822998,2.0850650237254467,-0.5443914491327673,1.759381715557091,-1.0023891709993278,1.8179312255800502,2.0722325635568906,0.8853857523704618,-0.6519182031041859,0.9012826941209318,-0.19835531446095267,-0.06484780156553249,-11.557838397707695,153.50465323633753,-13.3836533400286,-48.820304733185694,-13.845367254934558,-28.353590890874667,0.7167202568683362,6.591649182456969,-12.928560214966119,3.609793897839784,-9.005342962823612,-1.9754372188782936,-9.923576693119067,-14.315418801583073,1.0249053438335658,-2.8092497872086293,4.988093607813871,-5.5178538744504415,5.689412044487692,-4.972031085035876,21.051966646398068
48.90528816654798,-1.3985587558104644,-1.1767483185764154,-1.2914163008778354,-1.1192976363415053,-0.8358855710235462,-2.6428275830250034,-0.8994365649702463,-2.280231898997998,-1.1813585515406313,-0.0689596021728156,-0.4724635216448412,0.6945986118212195,0.6105985554313145,0.7293546546526086,0.7407030124221889,0.6379824560456964,0.08355141257051146,-0.4866297101625434,21.2721310750397,-3.352286454624206,-0.6051424228930498,8.333411243618258,3.6870945274242444,0.3785545204754368,-6.082370365109401,-1.073083934893459,5.196373932533234,-3.570293325547404,0.4729242072723716,0.2969175483518236,-1.0341772763244093,-0.1345495084308972,-0.11728257659306385,0.22792169980803623,-0.48584223118569647,-1.1198656929338082,0.22268816437605587,0.8307965986229453,-4.855264379301534,137.24280451606884,-55.12223215073285,-45.25842542364803,10.697824929222358,-10.867328359925871,18.70889623329012,14.989432039894547,6.0695765227972664,18.35637716072801,7.2436238035205935,-10.892451284090711,4.1946820119655595,-7.033718825704535,-7.314947265577148,2.3007173138054564,1.8383535590705222,-0.5592470260905202,0.9456385849174911,6.3636308090988685,36.125319681877,48.30811328668611,3.7909022063242914,-0.2675768901621942,2.628979281951328,-0.4295450981513047,-0.43233903256301986,0.39161593046281995,1.7574722222889385,-0.7660578360236208,0.7547419761255394,-0.3282376033635528,0.6387945254730634,0.44860177769112863,0.19559511147513997,0.3827892995918123,-0.07791408149539492,0.35555459609723994,0.04447877912913678,0.029211488171752675,21.2721310750397,-1.6773028791761462,-6.659746402492321,-0.3644213444700548,2.4832113976438195,-3.7225328649003995,1.9119859762907578,7.34064326079139,4.8267328534588625,0.45597082608415973,-1.3472811943005536,0.6278609336987722,-1.1800298520657786,-0.5938649830910623,1.3695292363770488,0.2545774990974907,-0.27817019586514213,-0.011290339285064732,0.5958012594798867,-1.0203474254691385,-4.855264379301534,162.5452963865043,5.333618950954925,-46.71503043477402,-24.506677962423097,-3.7653416305419585,-4.409373120162428,-14.028755165875335,-27.345296164894194,-0.9768288977644572,-1.0913386497435762,-1.6328054175250672,-3.4437872844841784,-12.794253314215155,-6.002997385067584,-4.016058859564761,5.777021644275216,-6.381971837375243,2.6369744242385575,-2.3282545240545165,36.125319681877
49.83382630803257,-5.8165935823905155,-2.7549879425278756,0.526151089064057,-0.8143732088607765,-1.3875037036771392,-1.187680153995311,-0.715379954522561,-1.154283198468978,0.1994721283046319,-0.2218780307519257,0.523239831314851,-0.19202203446648491,-0.01675499711510864,0.22211542472782786,0.213923413433168,0.5454620325184159,-0.03718941764228756,0.22105140908358667,19.61492064962802,21.012400460251307,-7.944177827120813,-3.272369060341959,2.108395687654637,-2.5236269570552943,-3.1594156048857283,2.3820609178964407,3.3341772699547096,0.49361592322196834,0.009091000127330329,-1.6896758794828606,0.130033914892987,1.7302354954109926,0.7251136861131708,1.958278914115395,-0.3622996869609263,-1.9818002020393621,-1.6752353215056957,-0.9371870276338272,2.2978623349427956,74.07205457035766,-16.256589437806884,-20.50186149205437,-4.226268571105646,-13.43023410062437,18.776387879325235,7.839482429289571,-14.334525794395168,13.955980175674007,-5.448548474397517,-7.997957910008901,-0.6897942384981204,-3.622285231011758,-3.139615380289733,1.7790003765992093,4.250281555070952,4.852085366207171,6.939607013834483,4.934130050528728,32.54843967831742,51.929491492298375,1.5569588537191148,-2.3479441096104257,-0.7665090585807595,-1.515772623107897,0.4785515820155437,0.6308717160567223,-0.3934710649068389,0.3067360844463094,0.4481091097916643,-0.32279110293509916,0.05012960818452772,0.22027953577963655,0.2367036633760604,-0.18210680348563746,0.032950516076242,0.2659116840610438,0.05754195170107557,-0.13115988601659923,19.61492064962802,26.08500272418241,-1.716641637462546,-4.115074387898481,-3.705908253978217,-1.2829902536444695,1.1834067414905505,2.752381312067878,-0.28558021111711596,-1.4122570035971844,-0.30547146038109685,-0.4009987405007147,-1.676984197060755,-2.7551063965742144,-0.32783421118509315,-1.4634053057510634,0.9500637522803568,-1.7611245309646413,1.0152725894554895,-0.35581029505778705,2.2978623349427956,80.91543665100022,9.315014585492985,-15.303510845649019,-9.875709914019033,20.28987604649537,-0.6900736811290489,-22.043229231924776,-15.420323630599102,-1.998109567657041,3.530370943070199,-0.36218467004322763,3.391003366373701,-6.481520109556163,-5.169254260728289,0.054669916030256616,4.4119323955935545,-2.419602006825294,-1.7773177423607678,1.4490513406294803,32.54843967831742
57.01373648801676,-4.610663161606794,-3.7365239638180565,-1.2600126140401615,-2.510937108401255,-1.179159933617219,-1.8228870447411007,0.6506969919323105,-1.613086337824058,-0.3947508909667108,-0.1023850886058808,0.024129257198882925,1.7258616298210425,0.8597813130301901,1.2118140582376344,0.8545067489043106,-0.12117463706124076,-0.9677062360172322,-1.0865935560052846,22.298975813406884,9.776562946864573,-1.267068084106616,-0.027872456372882493,1.0701299521470822,-4.078759067895875,-1.0176831272589613,1.4108919731081246,-0.37003991866753116,2.7417730998351013,-1.0053276894485172,-1.3280663128080419,-0.43111657153072214,-0.11864563636056324,-0.12101998695142657,1.2758193729232092,0.6508572974898839,-1.2111831041939145,0.5520727347854293,0.8122457338729641,2.4271637089319,-52.25740643583592,-2.5396697797954086,19.577273022707093,3.799650304268154,-0.7183412499802606,8.676113260840834,4.641468205795153,-31.940208442234518,5.6993560492067665,-3.9679909063825933,-4.62714462058611,-1.4453143508608393,-16.847057875119724,-6.870208243660219,-7.639248663311074,5.636671069838687,12.782201203640799,18.4950379127812,11.380656303818483,-0.8809838523751417,58.33570941904542,3.772433114234173,-2.1348538383580857,1.357353853981769,-0.7523258943852609,-0.9600060269367294,1.2647894681210834,0.944828229349358,-1.142591950310869,0.12217196306962075,-0.2275803519866595,0.05579473685070058,-0.07230499989184103,-0.5016689427586025,-0.11454628533877842,0.09405047218172657,-0.015377590095528193,0.15650905185767927,-0.009921963222320862,22.298975813406884,10.459976198533496,0.6574990917522925,-2.3487563350715837,-1.5842387363795019,3.778421034263972,2.1874939845836403,-1.2898207085309994,0.5496156304519104,-0.63773440959431,0.8501770245838585,0.4199056554521068,-0.5894956409697043,-1.9956595254030087,-1.085899164150209,-0.000794880984130053,0.6884038147248606,-0.8370743115826875,-0.12603460808564937,0.03230801682480944,2.4271637089319,-46.41552276834284,-20.255117530056722,4.789013463258819,-8.405894586440827,22.08492666324136,18.492205087695936,-20.42661757269591,-9.265742222756618,9.554829367194715,2.0947825815900414,7.711569393305656,4.040971096626423,6.329454601755155,2.204041702848931,3.6577742713081336,1.4067254197724808,2.7434012607568574,-4.887920712361576,2.7638686087515696,-0.8809838523751417
58.283650195909985,-5.4707169029404845,-4.161033592300343,-0.7703915852419994,-2.8630609082240617,-1.2664282448556858,-1.6796589176840144,-0.09710653659382507,-0.6907676816314479,-0.5400148126845101,-0.515691202598529,-0.3478309905266337,1.6322720878996564,1.1679603577561246,1.7060043584087365,0.3906557491804852,-0.3812053734808327,-1.1120754573875717,-1.0022804623908748,22.41108185463414,-1.2193847412597947,-0.442357780422435,8.594460865095122,1.7991266990493737,-2.5473644751811255,-1.3046122157073128,-0.16538905420083605,-3.6245667004603783,-0.5048921657448164,-2.5857862828316978,-1.606926223448406,-1.1354404258937485,-2.699462225782266,-0.5968868641026024,-0.18300439511064437,1.4723203237229212,0.8711303347535146,3.6422940423234866,2.2738364257022043,1.0751673973342974,-108.61785277964722,-12.060903890448508,43.01921822899251,5.440977131330039,17.546950233424276,1.5426812083036892,3.0581096764956666,-23.701178019237492,-8.422093029860921,1.6581470555790023,0.7080713561493139,-4.173691108284348,-19.83690281716827,-10.662231774846362,-15.751372379797136,0.8734137567528384,13.417115000325513,17.94039883043994,11.45150845975822,-25.548260139983643,59.825242776297436,4.163437990735662,-2.9887676841434088,0.5577852117811446,-0.016860365225350282,-0.5134068549942084,0.4597458012035047,0.9203256884520479,-1.5850580630480238,1.213636192414297,-0.8151106125581622,0.4159034218216444,-0.6164990141495279,-0.31767737191183154,-0.3061044736231875,-0.024217830841836152,-0.38636650566889275,0.13128573865219328,-0.16073536340449135,22.41108185463414,0.5329914001643559,-6.119121099936876,-0.1730269973845444,1.4752827464434706,4.633076722885566,5.022068419893708,-1.3127263601319494,2.083765555026924,1.632862857736161,0.12206491296012612,1.6822670196588099,0.39784540663948564,-0.7219315580420582,0.7153196334563747,1.0404069004264005,1.0707609893975902,0.1043736768570962,-0.7260962518585685,0.13335014760223374,1.0751673973342974,-89.7290284438566,-56.62305560693073,16.884295620430905,-5.232893561521639,5.451266349004112,15.097742686142592,-3.2498908689292345,-4.3112348709634585,12.647992434286998,-5.987523759528143,11.04032318938612,2.507540437911007,15.968483775985892,6.798779264775357,5.910530897705577,-1.1116950010375106,5.81836828727686,-4.584616592194223,2.8353678007627576,-25.548260139983643
49.56865769604156,-2.205031137588788,-0.48766172187662304,-0.10807998765126614,-2.1343333206078,-1.4052648640637535,-1.6913922146265894,-1.3935932332683798,-1.1411031074992124,-1.314278925770319,-0.5860861726535349,-0.2524863964894599,-0.27687126754213276,-0.04226911548001544,0.6253198742737589,0.9777654932934723,0.4957246069483634,0.8970307998358682,0.5311590925111693,21.087632327002588,-18.365097071786614,-5.625887336139943,12.188632792253264,5.741554173860953,0.031252654548222125,-2.6717154292781924,2.521375154052756,-7.294358303376481,-0.22136125646062865,-0.213632604439411,-2.058029589958459,-1.1240972813614611,-6.34322958539413,-2.8913864233152866,-2.521060977234481,1.415183298391723,3.8447696404901537,6.811442438852065,4.915613023864171,-4.684408836684856,-58.35990384366337,-36.97898718045729,8.275362774080353,-6.373758156463698,25.755814320196787,3.3192891588252182,7.852224278749217,-1.4047966136661643,-5.078861554039258,8.126099092540825,4.1981711194586815,0.0038637905674911988,-1.2019461099404452,-2.0005839542601582,-9.979234330209236,-7.982253851269572,1.8204445220823353,-2.616804698084156,-4.087561829545368,-28.39529039907414,49.590225743953326,2.8164121836921643,-1.1215432704314945,1.1747127785806248,0.7102092900394079,1.1573871782336762,-0.16773146637607095,1.3753816608354503,-0.1390279670736092,0.7970669471061522,0.12787497917403212,0.16115979816965287,-0.1308387100457935,-0.07016395295601852,0.4443906941685223,0.29487199932607444,0.26315653517086446,-0.05541041838924676,0.060153235278103456,21.087632327002588,-12.109058601338539,-14.586065436283517,0.059061691902386304,-4.310331395787437,4.361896978455263,9.238757680937148,-0.840111689456652,-0.9908111409914664,3.7108255790148443,-0.5136580901761443,3.442012750271838,-0.1969591056026876,1.554274898520437,1.9499731654807804,0.8315585316628256,0.3648438954624815,0.42766118718249513,-0.9774746760438724,0.11700665757663609,-4.684408836684856,-26.745745519978016,-51.64351821080046,13.72236972641136,-14.357201536413605,-14.729312415386506,-7.297173294184465,3.1606005591630577,-9.775916579865726,0.8422254497647295,-7.275448752502346,2.3817402555303495,-1.373046137808755,11.519298474719895,3.3758426176849667,-0.3520911958360402,-3.1283224683576103,0.8271000580483487,-0.3408042972839911,1.7356845457470698,-28.39529039907414
52.94667333339027,-7.240588484610736,-0.0821886309510309,0.8497481253942962,-2.2763573403480666,-1.9267573463075283,-1.3361220961529847,-1.505518192152405,-1.6427208965038091,-0.6336569957094129,-0.7834906004523017,0.09382744521214814,-0.5403866986760302,0.13582678508869295,0.42386031915444344,0.8884542031000477,0.6725775778903711,0.8515890855929056,0.549093297676462,20.758176091497315,-19.225695920246707,-11.795220146328404,12.12898742984122,2.493172142462721,4.194842298434795,-1.5610588497242681,3.3558741656719584,-5.054252547309562,-2.2358634135606272,0.4423169854122784,-0.9706585628329951,-1.6103212843338177,-5.075923938656359,-3.22081898312808,-4.0189671007043275,-0.30775580903542665,2.19878092578136,4.165279241680956,2.736883557249679,-6.920481462240648,-6.96010798367471,-7.005167123677215,-24.86135735646846,-14.857852891278114,17.59711593892905,7.39567620722816,4.298527870021778,16.48569195129477,1.6180262832225254,7.187727579434489,7.55893503654957,3.8781852414394535,16.87619683301127,5.522846681607994,1.7709184639180127,-9.092509239242968,-9.820485706978609,-14.674846822090583,-15.41985192674031,-9.888282540931677,56.5687290299266,-1.0245912309783192,-2.9411128922659935,0.06245285234154796,0.06949814612255123,1.930889189377195,0.6907690032393248,0.4331349968635769,0.62138552169576,0.17169407425346161,0.34061474131395997,0.1963697808447944,-0.11141938816441632,0.3786109852029558,0.05862815697391244,0.4679202472028632,0.1788314598563956,-0.19954643910474568,-0.09952241146569452,20.758176091497315,-7.494994097809872,-22.406387176910002,3.1231644088299864,-4.959308705035069,1.1509049487619412,5.206646236385092,0.902581368066087,-1.670984260877157,2.7374592192417375,-2.617315782765167,3.60810930678248,-0.6194822457887599,3.4541682794570083,1.5536192563870905,1.0756834367782468,0.555996211392791,0.5156918632911971,-0.8513156726625104,1.0195242849476784,-6.920481462240648,-4.689594792019506,4.138286359830415,10.897302618941607,-5.832143311262238,-18.22616990497739,-24.243678142678192,2.987184280306252,-3.6124425599227683,-11.789012572941566,-3.0624436589484243,-2.5203155647257005,-4.667497515486929,2.0025910189349663,-3.0807474312149434,-0.45022949864131023,-3.658648873322889,-1.1725890957142986,1.7245035200703291,0.29447210763033194,-9.888282540931677
50.49967638338331,-6.53867103884164,0.3183699516339198,0.8006946175721672,-2.7886625650651413,-2.184853097530394,-0.7339678784802377,-2.29227633197664,-1.2477903586181918,-0.4547461016739649,-0.9975001846582239,-0.7587486013512386,-0.359423769588179,-0.06984511229373735,0.5923555892475403,1.3131991711403908,1.2743187074982343,1.456182711918562,0.5955260758931322,20.78322427663287,-10.400233385473655,-14.080130491382274,2.3425456482942453,-2.4637718477914405,5.428044705394559,0.7701847691621255,3.5763725025463358,-0.3575953020760214,1.0678279467233778,1.543670222699907,0.4528854166135936,-0.19174424702694193,0.4686121651062609,0.19065409543123302,-1.795816439384567,-2.4502315617657286,-0.9647861386666696,-1.0178222139353834,-1.4630587466734575,-7.772657060817696,58.339877784769826,36.99192404436925,-49.83641843780837,-10.427299370226908,-1.4120792905913424,7.962168049730322,-9.909303114953692,27.424958410386342,-0.9003946967995815,-3.5179419356576958,7.6163866967159874,3.3300574109748053,24.676886333201885,9.340632038385149,11.634051109793273,-2.9112383091800673,-13.600494390369477,-17.2396867590132,-16.190111803169277,20.654123373569917,53.90943699156157,-0.9265849930505956,-2.1291503883456,-0.5501456641921512,1.38544333916842,2.437224791346143,0.7292220223748473,0.6930180046478602,-0.39040095317533874,0.38631397706196635,0.9155633462131985,0.06708200453778179,0.45229263637582173,0.125173461424394,0.1188666651940844,0.03040338089061767,-0.0841459792669248,-0.16681219728578744,0.017974889596598764,20.78322427663287,1.1010961875316028,-17.020626975161374,2.864332825026831,-5.545543778847035,-1.8451492863674686,-1.5533815707542842,-0.8171742930484887,-2.460967751528912,-0.7689198654647336,-1.4178570038046678,0.6478546396554465,-0.7673548836599591,1.6759397932074056,0.18287233322691643,-0.19447874707807333,-0.618375030451545,-0.6291833757755636,-0.23382704632567397,0.457063221025622,-7.772657060817696,19.594084599189998,75.72391815765775,-5.039238861730965,13.229071727757303,-15.158970275485107,-32.18873170983485,3.984689113159762,11.050560492233105,-14.736669348750375,1.4064340289569173,-8.688506901384015,-0.0026643160394306253,-11.28877431908635,-4.766998712454991,-0.645499827768558,-1.1934385505705762,1.751319425990372,1.4171516710097705,-2.2661040577234255,20.654123373569917
48.20529289211576,-9.20150702547826,1.500444285864997,0.021807183377644535,-0.43847513677799377,-1.6571635529844997,-0.4804340029212111,-2.174891260894476,-1.7553557628522718,-0.7486227320265479,-0.795313478012682,-0.8998605302626532,-0.8644136304055001,-0.4286611354010543,-0.286997049430318,0.06906100573931262,0.32888803913491205,0.6909882074115592,0.3339778245429834,19.103045148698676,-8.68187057625363,0.2821802353601228,1.0868257588404004,-1.5271367357634862,3.5527974688602324,0.6722757886866084,1.456376206563263,1.1498977745367756,-0.34047362572555695,0.1294260933158875,0.9170837915403527,0.33747567765871866,2.3327153154731746,0.623516217328135,0.3398325679234049,-1.1412268658198372,-1.6343346291573786,0.21950295767191985,-2.246753652399136,-2.3248497610651206,70.06760949134551,73.3363018392441,-51.480452382394986,9.557567326452148,-25.552994475096426,2.4643144622287294,-24.49272779786968,20.255690103202404,-0.44922865133254986,-11.790266979436673,3.147756526698017,-0.15926620316916074,15.471005351396922,3.166011460523453,12.218083415408346,8.359718368985199,-3.1901939273104585,-4.736867174346163,-0.24682710161784405,41.14763866176706,53.91814010358838,-5.16825700934796,-0.9233819207713627,-1.0594399193500017,0.22097508459111426,1.4499974566421043,0.4625597408610891,0.4260153861072644,-0.09064196037629024,0.11035478605380655,0.5950998573134947,0.1532011957432,0.8190194523681686,0.36146354909150746,0.3944992592531549,0.3860145840722877,0.04513068319560043,-0.23867120823079158,0.37011595191010027,19.103045148698676,-8.416883390280468,-2.8326971505827405,3.8729887455240375,-0.8231827176578492,-1.3764850971917633,-1.7037010255996714,0.1693970818170949,1.0126225803342628,-2.0217707064948334,-0.9570574596998243,1.8191882926041554,-1.6507054620753432,0.21853150408194066,0.05849633397583487,1.3283107904761948,-0.26695398430684114,0.04650141047897627,-0.23566830668250316,0.11055791969290674,-2.3248497610651206,0.7123936497947909,124.18239411892822,-25.27702122211845,24.822235997809365,0.8536525329676294,-20.392034351308105,4.009067961124739,20.633837054909215,-5.9000371977959345,7.054862818839257,-8.10565304672241,4.725611416985544,-16.794317191047767,-4.899441502150761,-3.4962451313689415,0.18068183658938053,4.346403551595229,1.3945639700839294,-4.545862685541422,41.14763866176706
46.73923122394199,-8.264637112846163,-0.10770535613751431,-0.9259954405386606,-0.33925206969555743,-1.154969376144205,-0.33105000996930833,-1.237704349935355,-0.5508717009632922,-0.48496094626179787,-0.3537320255665479,0.1484854677344698,0.11944828087573267,0.3353018924804747,0.08284033887385611,0.16234631109097553,0.1851763069927581,0.4684201319588497,-0.09281254425882013,18.02886926799306,5.5329291486017596,6.831374495200417,-7.208495591150511,2.5380589278606025,-0.35376457596016797,0.19270127638153056,-1.483527423869743,3.3160457408935216,-1.6192534987779545,-1.8161581262200635,0.806292581212861,-0.43296705687032677,2.290893954142046,-0.1432380043508199,1.116564743348289,0.3762996721938945,-1.0389197772252143,0.16448720134998362,-0.6876242728960604,3.3448369995123386,43.407504065421385,56.317166202202884,-14.778845731341594,10.382100687248508,-18.92655788559283,-2.219813880774919,-22.93774578494356,5.517916590733434,-2.734934457954664,-12.24470786241972,-3.423698240963824,-4.975221327889188,-4.479307006087156,-8.813463436927476,0.41460052912619405,7.628548581130273,3.8140588971804052,2.525715071182014,11.847924904479397,34.93435808229366,51.46606830088824,-3.622068414703702,-0.6982423436653944,-1.037112724997118,-0.2881038223786079,0.6211422592240794,-0.46221398171119743,0.14845759044915052,-0.16747415876995086,0.11880808930364584,0.32455974100198803,-0.20093335110952948,0.24191176629161681,0.029845931713163854,0.1792157694898644,0.02663731566558969,0.015415235613480238,-0.1527615569890608,0.053865664103017075,18.02886926799306,-1.8510716555082425,13.489048629381722,-2.835469907310122,0.23614147440260425,-1.953893136310438,-3.4004345429878935,1.5188250102477252,3.192665684519376,-1.2778941324920576,-0.640570237230357,-0.0077801933310073235,0.31732034452088875,-2.472293873335204,0.31403527045891266,0.3824949409295726,0.17959971802700947,1.5379161265837915,-0.5767225235289908,-0.5615621886576907,3.3448369995123386,-2.691688087846508,72.48165761709114,-12.598206708515242,23.0129183109091,7.743565108907575,-5.9356119492010455,4.816165431523302,13.018375062743363,7.796959426328751,6.522017208442442,-3.728047639429312,6.473098997749536,-9.301300934837714,-1.728499992197921,-4.519771683549763,3.8737501341357006,3.151794805252706,2.225691966813417,-1.3377452552896876,34.93435808229366
50.485960624984116,-6.236515329928413,0.6742619023548864,0.949524786567967,-1.7246638536027423,-2.1055613126573185,-0.8093929271268179,-1.4578552959046598,-2.1614170381940374,-0.5538365267575527,-0.6468327842279633,-0.1910517505013467,0.38653493382860127,0.24501139136565442,0.848534228302988,0.8932672002148367,0.3999814635644199,1.4552218544087216,-0.23011421844712987,20.97292871528466,7.841527558388343,14.417178280002297,-8.835718141633892,4.771040417862774,-5.690750298436054,-0.04015987221960593,-6.360539770054842,3.236771982806868,-1.116937016476236,-3.772902329846073,0.4265161182163797,-1.5693429809967057,1.7484378425242095,-1.470867202975327,0.6338840156334176,2.4588377584773617,0.6407507814054034,1.2056909468651915,2.2257527695520585,8.094590838477867,10.637254899498721,6.110608577486434,5.571048949596662,-18.44588405245303,5.289916798907572,5.10678598446418,-6.679742959532633,-5.026459816063117,14.912873216126101,1.847376711204935,-7.5834260949921735,-1.9203626363101438,-11.837777301567804,-6.865675381886327,-7.13160376836486,0.0031256835869941657,3.8440101410741025,-3.2969382519297477,9.222087120955575,1.4229033082004499,53.58197168012303,-1.0931980954431362,-1.7200725418440777,-0.10565497608489327,0.21802917830018353,1.987079942638391,1.3711855461908946,1.2117264941300632,-0.5009632287543506,-0.17308171171729025,1.5457106902216429,-0.49497527236922156,0.10303679891865647,0.4555229170464883,0.6926090000641199,0.3363262876619566,0.1523015576556812,-0.3244059125943606,-0.0621888388724503,20.97292871528466,-5.662713351392554,24.42997208028255,-6.665444836060763,4.560966667244794,1.6321031402172406,-4.065844453152156,1.7391156969803494,5.819117548553307,0.041927753857432304,0.521472243367306,-0.11689980008549772,1.2009858486135883,-2.8688734827955704,-0.9616829633042885,-0.960925972910047,0.24734975544820403,1.605343887909134,0.017414050981112705,-0.7440943529813767,8.094590838477867,12.766916040623151,-11.620959990919737,17.229681882966165,7.313027085250894,2.9384735115516234,-4.836556020530864,-12.231296447164093,-13.349186794998527,11.153829743940133,7.146229910037608,-3.30542096135705,4.605238946847212,0.4467211781274145,-3.9425158436551913,-8.637405042655711,0.8470424269692354,-4.729113524260602,3.3917277025117905,-0.22264561747000156,1.4229033082004499
52.12580709125001,-4.605479639016355,-2.87278665218628,1.6058652799073072,-2.322450494632851,-1.8643035795032192,-1.3112521283123058,-0.9927714440247875,-1.8543864703362862,-1.4602182674184943,-0.6685942409441528,-1.3296365196670552,0.16054892536579324,-0.4783003778525017,0.5828723220550318,1.089245909999576,0.7193121066708732,1.1563094890949726,0.5337599609401587,21.520700993096046,3.0418195799160515,7.010953587398081,-0.08560526713940586,-0.42181008098031647,0.5865396462462882,0.016495659227773185,-3.984042401616392,1.3579258891556494,0.08859241312138533,-2.6275194969289717,-1.0136798672063319,-1.7259455816438238,-1.4789026014628344,-3.168885912880774,-1.7355418986764763,-0.4359895833491918,-0.1952993953578579,-0.24805867294101214,2.2246504945906436,4.484801680557641,8.297271806995816,-24.025295796059446,9.744642550474383,-35.76998485064722,16.387440264830925,14.927659121035179,14.10637620314483,-9.344165016191697,24.818539795884988,16.627207394871245,-6.324695451186834,4.2755965274481795,-7.085592805297246,1.783928749211393,-5.764614721318125,-3.087528583820458,2.447938364759747,-0.287251236734793,-3.8162819228073412,-10.817397909847557,53.15198537554012,3.7804098646878534,-3.1485400314643037,-0.9089673986234033,0.4099697241586664,0.46846627685405284,1.0343216248338072,1.896495292896149,-0.8241873852323374,0.20774710733233626,0.4363678330936207,0.549830410854437,-0.4258629735670241,0.23516141267635993,0.1610592652533882,0.14504738810928797,0.6312266467949306,-0.41230610686849833,-0.0466538093409713,21.520700993096046,-1.621832875835608,5.588867217951555,1.83444626156161,3.2688406841561948,0.5223391493818168,-3.3401158315785646,0.806049115131535,1.6449722957332473,2.097710617523509,1.1038867488829878,-0.24812513371438283,1.0433489598703432,-1.431008180772696,-0.17128801423198237,-1.3097462071598338,1.0613481667387827,0.1672927881357107,0.7524777582492266,0.2155167297179199,4.484801680557641,36.03653284885767,-53.262902014107105,31.780871403667113,-5.105226366019225,-0.918696592004201,0.1679497019650098,-25.050864067974114,-29.836931819592785,1.348444974842249,-0.005094666439980244,4.5386764950545135,-5.594593460951923,6.642339930796215,-5.822840355416691,-4.727661045623763,-3.0500341543534946,-12.060268568630754,2.133875159528551,0.5741277415438124,-10.817397909847557
49.43276873765592,-3.8224966223920167,-1.5348741369275665,1.1413970320860476,-2.292251073527374,-1.3225763874147956,-3.1706028287771333,-0.6789717224463256,-1.6620668864038928,-2.147445236371236,-0.4246243112156898,-0.9454710270602436,-0.010745031388425641,-0.7572936017222296,-0.22007103320419708,0.8350300855236934,0.3821955299985562,0.9498890022760935,1.1335679567195234,21.404424705386116,-2.117688342161415,3.2476949780045077,0.31090507163317893,-9.270144257569543,5.72760375721079,3.313771589495577,-0.633237784329729,-0.38427220762584646,6.262040026387824,1.4587951342728092,-1.9646430317461379,0.02378362189039529,-1.701275057508287,-1.2964975193500516,-1.7999159952466426,-0.733519396254797,-0.13413974955400554,-1.222693231147456,0.9081525243352995,-2.183380447487547,62.995743124910454,-46.62524538122294,-27.21120604870357,-18.072299707424882,11.156268313520787,25.888884936863196,24.85762891595209,-3.7155668776539983,17.062199499119743,25.85895366504546,-1.7008431497828918,8.392625834963109,-0.6531377428200966,9.57823052137876,3.5403609179834463,-2.239850272574409,2.1170033528581618,-0.9938851732630103,-13.31767720889097,0.7166740987368954,50.24382489056616,3.345489891097536,-3.0309554949022894,1.156970751085538,0.6879898814310974,-0.5065867787489604,0.5838497860787615,2.4615553091604188,0.25867852978361916,0.32662139872311435,0.4807459112249295,0.3783122390680109,-0.281529919100296,-0.22203567304223482,-0.07688547508363053,0.4504844255745406,0.5398969215594422,-0.10019190780051646,0.0483285121414061,21.404424705386116,-2.1480447598052095,-4.693086440327525,10.152871602571254,1.3169812200908027,-1.145364484262079,-4.152138391569768,-5.589863194206856,-4.888124122771936,1.8673417904674499,1.7438290022623075,0.286650282117318,0.2888997036735359,-0.07875075313560598,-1.6700999455063132,-2.1442711568069575,-0.2843069951781101,-1.6327436824272843,0.7955954036842834,-0.38930434822989934,-2.183380447487547,91.51764556137348,-25.209364038748767,-6.705753389274781,-18.001466774415228,-13.705840150715696,-1.1906093017559263,-23.45127700558892,-35.73572320640332,-11.256526522263439,-5.087329509679665,1.831257855718861,-7.851811876443903,7.712614077247684,-3.089582727414038,1.2058801306394438,-4.4642707777364095,-9.040603843243673,-1.7049534512475,0.06072024201661441,0.7166740987368954
48.786736957564116,-5.966169672915321,0.9540600299340092,-1.232836603787859,0.23781136338990239,-1.53821400915158,-1.1424662599523465,-0.9481831920866974,-0.7562505702976718,-1.001916339919442,-0.9716761956758506,-0.3372776848079937,-0.42136303724717106,-0.7479885674159703,-0.25062797971078954,-0.026529923238048703,0.096419576096761,0.5970572215546577,0.33767161545317514,20.05552211322115,14.661173002374547,0.40346824816958815,-6.909485922546855,-8.326341159746852,2.130778528631873,5.9795651060415285,2.706009684840115,0.4544853280140302,7.10052787773251,3.881596839156118,-1.160475569399297,0.9082679054102127,0.47295400150967115,0.661541528442239,-0.5488426118707437,0.42871395764974496,0.5724946706343637,1.235053671988911,-1.9369651116913515,3.075123687571267,90.48869637348297,-33.00920410216204,-66.69741189320042,22.540769483909134,-16.826011136770603,28.253282711953222,7.594369302355188,4.480605840562962,-2.9063328450259163,16.30892095250056,6.27148338574313,10.788183529764385,8.759255852904722,15.39120554301355,11.79809558098821,4.686129898563757,1.5050295026621288,-5.127028709984256,-13.184173958255874,25.019385165794386,52.32422525774887,-3.0469787989982606,0.8744222636445165,-0.0340052465042362,-0.2619145992531564,0.19791770412847276,0.33447845591063663,0.3460293308005964,0.5015602707228188,0.4208999085249374,0.7329795636431533,-0.11590262689297415,-0.28130896508525494,0.2829812196415342,-0.09091009651617732,0.5002323300786891,-0.09473605227054493,0.11137031973863043,0.10636535345504883,20.05552211322115,14.409860473126919,1.4191268826332055,4.645807575207427,-0.6944789850300124,-1.0245076200728787,-3.273312722796583,-7.342117578145729,-6.372179389614395,-1.516378663375942,-1.2542959498978479,2.059783013094841,-2.0239333134850463,-0.5461852727670784,-2.2431764161484207,-1.3896629899338535,-1.0795889838365806,-2.8731743725633763,0.10112437988369938,-0.4518933202615232,3.075123687571267,88.53329202443003,58.09115994532664,-70.11153892151663,-7.906714206393539,-15.185874938273052,-3.5327824377532195,-11.583876141198347,-14.882915159216923,-14.937745398034645,-4.465358435482405,-6.0682385056045245,-2.586451174332362,5.202271691316505,-2.4644030704096185,5.242300933126773,-3.8434753412234874,0.5252300888633654,-3.125486938551865,-0.2831917623052923,25.019385165794386
51.096651520746356,-3.9323228239766768,-1.0837089028886688,-2.266196400369221,-0.14099290400872366,-0.6117203030853497,-1.210404753471662,-1.672285525686628,0.4205350249805675,-0.05358992337067425,-1.4776133227351833,-0.6753393569856798,-0.17314661361906003,-0.2683932735276371,0.36532638156257735,1.0843954187062506,0.6443578540744732,1.123501372605151,0.3220062164640116,20.613827931478333,33.52972240961432,-5.5917017409949255,-19.029380838281952,-0.3128438964663989,-0.8847355828684531,9.922747872805115,2.7232486446929496,1.8307088245506784,3.9081950007780724,5.902016334634112,-0.3505076055785836,1.3098631929578304,0.44594066962790846,1.403034337052546,1.8107148312222743,0.9065608516906889,1.3153554248383734,-0.03280781223127516,-2.3522780317524288,9.157766884339502,33.53094247736338,-17.989773738736353,-40.04282606003983,39.486251093336755,-19.287254400924787,8.345677581267752,-5.905240607465106,6.712646783599681,-24.640298196320632,-2.4282012650215465,8.092891784336897,13.268234409275896,7.980431598974832,11.124099062523632,10.291335618194104,1.3192538476255473,-5.56301041456039,-15.145736906454001,-11.172097071545434,21.046126732427407,52.92182935911605,-0.026046983763841514,1.3448821118871392,0.11535455790092453,-0.01871090212494453,0.046285033216296956,-1.0738244664509486,-0.4571025862081286,-0.2301661614982038,0.5922563888175629,1.5407299660055356,-0.01765890165874806,-0.008615581890031088,-0.4034369591892555,-0.2535418974545762,0.016580319088201012,-0.3010889340252232,-0.18844642405578327,-0.33335059438541004,20.613827931478333,32.08026275481293,13.91016022856734,-11.424002187521062,-2.458106885369717,-4.44739355041326,-4.69455065842111,-5.912439459175481,-8.040168211974532,-3.779290866824562,-0.8431011620821087,-0.3552249456306791,-1.1912789529306682,0.5450221018254631,-1.4705301260530883,-0.31802751620331526,-0.9143170581323188,-1.3947244533631586,-0.5093859854598737,-0.38002920698334797,9.157766884339502,24.58814723216291,58.37471717158686,-69.96897896079128,4.976306246925636,-14.744745318838719,5.3612738926922425,9.005008041846802,6.650517879063447,-3.2170510351295105,0.07124071974926682,-12.744331598497808,2.663000399393859,2.2887494039248995,3.6814936553607165,7.60998595561857,3.276154777391768,8.322604148812859,-1.4117961709855025,3.4415289075760542,21.046126732427407
58.624452200892065,-4.348832414139231,-6.553112230479156,-0.8535085837384844,-2.3326903150762397,0.7700509313528219,-0.9383463235449838,-0.26887187839762117,0.6545765128377385,-0.5663475043407162,-0.7223375198840545,-1.0105684019992307,0.478226717235946,-0.3919797777286784,0.015752308736272758,1.1789202222331698,0.8744782799500965,1.6870301399248993,-0.028941724777761246,23.45356122383557,30.462462390769666,-5.073950104183222,-23.764168258782053,6.369924480422679,-4.520296252099392,10.838648873549616,-1.8651009649501367,2.4907382933488678,-0.1876514965866969,3.305330379140657,1.3149941125814557,3.025106397704652,1.827117461421429,3.1769509304247023,2.358190478583171,1.0870352419599438,-0.167532231222983,-3.406515737391231,-2.737221206493429,11.32392059754131,-101.86793661339361,12.239119112613338,33.93157475250206,16.064905872386237,-5.243720570956301,-23.823866742301178,-8.189002669410126,-0.3982139819586701,-27.04661327218565,-16.788606076685134,4.136689888289535,10.342621496129919,1.3135486781211028,3.7733350477052348,4.793666720921921,1.7084691457959624,-6.016056178630966,-20.553499288264636,-2.11649150540665,-26.435351268327736,59.017913377828634,6.175741743435145,-3.0135550472553043,-0.7353987945461027,0.25106630590024803,-1.4446259905268672,-1.807900037974202,0.1697345457732249,-1.3379543712793969,-0.552218362663812,0.9362673122507383,-0.2641506755247067,-0.8354127785556957,-0.7957261523243402,-0.4454440185280657,-0.17779505056583256,-0.38486761169442474,-0.31761665879901524,-0.08176091620832482,23.45356122383557,25.530659379070336,25.33282385616744,-22.43288630415055,1.2030276336896852,-5.419583786679119,-4.835300917029503,-4.824600822983326,-4.220463239273917,-2.5478457528478073,0.1646726133139933,-2.9613067726426463,0.490212701006264,0.8582412374050221,-1.503274459163404,0.39828243910173167,-0.5453844723958565,0.3108982180353306,-0.15777501645462744,0.06928327794199807,11.32392059754131,-104.99926378136118,-7.78506370243655,1.905562894372773,14.481804288020571,-0.725112977612036,19.101807285965325,23.570013810388936,17.987149348317303,12.849104111736315,6.430551959738722,-14.384366861301428,7.361651196147058,1.3562504500761625,4.236678878119473,4.33684804566745,7.044292306496573,11.539239396727982,2.442772105033361,2.566630081767623,-26.435351268327736
61.278772320799106,-7.427016122277524,-7.295978425861959,0.7953110738281608,-1.4493680257285293,2.484665078735561,-1.9110384746343398,-0.10327296701552457,-0.4133829275825618,0.5857785131564568,-0.7245474519008797,0.04610592801429014,-0.23756957381602994,-0.23378082803960254,0.5520962381834089,0.6855854386334286,0.6508438904910752,0.38849863697533515,0.14073561095877718,24.284288592248657,6.747138202322716,-3.008482715187263,-11.283166790269133,3.1248484690140708,-0.5904860528859706,5.057068496375409,-1.300302763167156,1.9539247015065748,-2.4140193846128892,0.5328277317697663,0.8440680194319348,5.5994815803811235,1.6118590120232503,3.0078473109205324,1.8922352686234523,-0.4030531145971228,-2.545631505905527,-6.4747769796843855,-4.277767964036379,4.215284463741135,-196.73321566907595,52.3175236319488,101.10229574551491,-22.94558311784421,0.9757001004767285,-47.75875815263587,-5.001862538440304,-7.217406618322508,-17.9965047747545,-29.831123489912294,1.7012392831154277,-7.8699703422489655,-2.1251695678334688,-4.1592480722300955,-5.846730121841814,3.6155110005480364,-1.647982856079243,0.8324100649854054,9.687935215072976,-59.94999812883569,62.93711220793274,5.689209734164503,-6.79896793321291,0.2786140824216128,-1.7921973463522347,-2.0325902606318453,-1.3011806965665595,-1.4703814043131613,-0.711209582627554,0.3916299532764347,0.20148956410579744,-0.1432032130814569,0.2680330385476559,-0.41794705008584176,-0.05863227217934397,0.332339586830642,-0.012399525410197176,-0.14039141126163046,-0.04762295651858106,24.284288592248657,4.585629403304537,12.537423658698785,-11.292270938145391,2.8563810341937717,-6.320199060378318,-0.690507348107186,-2.3461175508646566,-2.638723258410452,0.7745498176386274,1.0699650805310204,-3.5749706242628423,0.3633268961248102,0.3634106937407935,-0.19930409631846335,0.7667491064845351,1.086668137797412,0.9365220966797916,0.21914701636069556,1.0708718064563674,4.215284463741135,-200.80854115779945,-67.64666344175004,84.19099726745485,22.48371974184498,26.65313690477448,24.645758368874958,25.264359672232388,35.98982498849195,13.708727978191455,-1.1661968620376308,-1.4028191355411153,5.217405373820277,-2.6224490248628802,2.8910199924171898,2.361380157106119,5.318945253355853,6.208051231231332,3.1868036385308147,1.4109953699510025,-59.94999812883569
58.926907752922574,-6.755798075856508,-7.821889337970372,0.42137189932478947,-1.3681492017998909,2.332917736712773,-1.724699881846076,-0.4873203247478153,-0.43311734230945564,0.3310646313873211,-0.6907120748022746,0.8145528715443473,0.5244071735620284,0.8231806750523636,0.8350823312703801,0.7163926877783342,0.009410442276968523,-0.7386992793260498,-0.9403036850409221,23.882252081606644,-22.881503200676455,5.231418291572426,6.183194429697764,-2.0127344062939683,-0.6382065218375188,-3.4995285768942077,0.6232840540651052,0.19377039855674694,-3.2616715656648347,-1.8281118977542756,0.3105815622402113,3.934769459763526,0.5467691693725516,1.745802565360863,1.8072305298896283,1.937755513691632,-0.5050399533091692,-5.820711388416852,-2.0324658982527017,-7.671310736293417,-166.52065352390696,58.08322624821515,111.1950640975304,-31.450671420945568,4.563067717963236,-41.45127193743491,-3.037628939003561,-7.176226193764949,-6.409724411773102,-23.910187993496155,1.127043266036674,-29.79247322347333,-11.169608870472924,-18.088287486905752,-14.362311426035838,-2.9393578712956048,1.0025006859056478,21.360777276587925,19.21082885047595,-56.53710076036439,60.081913522875695,6.7618047701212864,-6.270095865880735,0.4858788080802623,-2.084963270479071,-1.180295107462208,-1.9641438405232212,-1.2575628797838458,-0.5318408951364098,0.6035494329524982,-0.07805362172830077,0.19197587932151228,0.009487343398412618,-0.4614009644918746,0.010776310397072386,0.06966046000954029,-0.08363164756039265,0.008455305114240308,-0.0018568265073666268,23.882252081606644,-24.34245474179947,-1.7870366836507916,5.532723397705978,3.889179199198529,-0.4506613538963675,4.275569265029118,2.659728372893326,-0.07932719223778362,2.6312530502606206,1.0044469086649483,-3.522527578239791,0.8795893600607436,0.22274565631333765,-0.7604499919559968,0.23637272155594657,1.44206457144684,1.7308220507791396,0.9582439314900951,0.10597121390243047,-7.671310736293417,-171.4709701777563,-84.03810097520696,98.2772800837574,16.79413708830345,39.103751958497895,9.94924568483215,24.255105290204366,36.228265330502325,4.0274855498481426,-7.902588674265008,11.225748231956896,3.8766857992699206,-5.710337615944595,6.493969234338656,2.73957299401399,1.409467458485204,0.452359503870563,-0.7414842466394864,-0.5648833665785375,-56.53710076036439
54.31899284589246,-4.23308135071167,-6.090903744277627,-1.3412124073938227,-0.9185064870898834,1.1353805424223795,-1.467379355904694,-0.5860989517582436,-0.24262773975228002,-0.2358821253498098,-1.0713920355601059,1.2118407964330928,0.609692664229524,0.6279501555421081,0.9017790046072498,1.114132628635107,-0.1959239800417263,-0.9010224076115674,-1.3611967854225975,22.507124734463364,-38.164902629200576,15.41437587710165,16.5480856902356,-7.594306012030179,-2.3379303977610255,-6.787542478290908,-1.0218751340348233,-0.6295105372145153,-3.553047352060107,-6.446824271874569,1.0023183111497525,-3.0799535091960895,0.023530031735612633,0.03898448346941796,-0.8371702553518618,2.288956216098863,0.660117857841845,1.590495045774238,2.139311921663695,-11.31961651316098,-67.03020852081238,35.32114670482075,59.036748767631806,-0.6815936532317384,2.6231056826302033,-10.698611902939014,-8.287828694014582,-6.503836360728812,0.9504698754741598,-9.517905591322172,4.375613321529331,-36.711485775044196,-11.387389585739502,-21.33138097942419,-16.69472544127022,-14.856484408039217,-2.8888569138295312,25.949411052285516,16.762180742599252,-22.065312623169742,54.68264398824479,5.949633332242481,-2.672982947872841,0.9329062736846279,-2.0107956441244443,-0.4311340823696257,-2.1687613406087674,-1.0628155026348192,-0.24594799075038365,0.549355031274918,0.260405120863634,-0.06405873101945248,-0.24936029599668852,-0.6702516012647199,-0.09827750867487772,0.43618663269922053,0.01655413224765656,-0.24190889783206326,0.16213326399229455,22.507124734463364,-43.3874507636519,-6.353241222398559,16.688691595278097,7.44067720279835,6.394713685582605,3.0728934349870576,2.977575779002385,7.884176258753374,0.48552372071695205,-1.8460867407764017,-0.7760241106026644,1.2227354044522305,-0.4484546200601349,-0.396432363448197,0.9436174211226367,0.7514310466242593,0.9993392458806027,0.5260063598331725,0.3071245100119371,-11.31961651316098,-77.98545562683404,-37.005251752020456,37.073167448066194,2.598673039121757,34.18396758649196,-10.998380218604497,14.594204177200748,27.19101037006034,-6.9934799116350295,-6.5062973568241995,16.946711815427904,3.618531342468966,-4.946118780017343,11.39208868501163,4.633178437885399,-6.265904217928683,-3.8677296367570264,-2.073565687559743,-1.9667819852027675,-22.065312623169742
50.66359033800716,-3.330090654135945,-4.06405235642244,-0.7916140462744767,-2.917224345314322,-0.3050710889376913,-0.8485338558772542,0.0694263132521118,-1.0616368639098197,-1.0695731339647208,-0.39362444693433574,0.373948893673131,0.32798018289944486,0.050056013160897805,0.7445261904691665,1.9335243840781466,1.0453422385619127,-0.5785650319900753,-0.2942084757134249,20.50648778458151,-30.341843955422164,14.756233723779898,17.917737549730788,-3.9958339895279815,-1.365040220680247,-3.964681607834679,-3.5231292490180834,0.19434281582693824,-2.8229997187496387,-5.159937615785252,1.799390599740884,-7.531412669243405,-2.9635224836712135,-4.382761399302617,-3.4582624724470907,-1.7286483590358515,-1.269156570143845,3.24123688817342,3.6596532758945086,-9.177179294189827,9.276182848280847,-11.4069101351675,1.2438191513300794,27.947778418732618,18.83325911752153,15.653578900913043,-2.8051737322262476,-3.9927527542899974,8.821191123068065,10.061577818659094,1.2054800302277746,-17.526187575674818,-5.524266224642562,-13.579169227748396,-14.995599166738149,-25.33119817368129,-12.809997380433314,11.471086035835015,-0.11219186639796686,7.906276284321276,50.973920116772874,5.15201160257076,-2.3101858410723497,0.8820447094216544,0.13503477783816908,-0.1075694471434181,-0.04424552950643523,-0.073712001184838,-0.2549586420876717,-0.12885744733057947,-0.8544542552480754,0.13607176347466288,-0.4653432831268547,-1.0497988727128995,-0.30743503950232554,0.4913137122232982,0.4660665848662182,0.21226405023124872,-0.1336534195125474,20.50648778458151,-36.218285626329596,-7.240894190887372,12.715272471016407,7.307948093539123,7.774835819589368,-1.7423784661605508,4.641105157185336,8.632219667395333,-0.38958992946289794,-2.3285958131647995,1.2520940865057122,1.9988513464775142,-1.5909949136668113,1.842274291570791,1.679634778789676,0.3269678024333218,0.5056693953702065,-0.6819468115106091,0.16871524287494444,-9.177179294189827,10.471283905125297,-6.60178588925111,-20.433626896875506,-17.841238515944617,1.7728956814324865,-14.581503219195318,-2.0122794040142837,3.33871492874548,-7.0376027892100215,0.44497624790000234,17.261898358254133,1.7079529255500014,-1.761790631641985,13.863516925460718,2.8403401756736537,-7.939175379952955,-6.159315649491309,-2.8723760470843427,0.7171274024749024,7.906276284321276
46.327979713656525,-1.432681894586981,-0.9008540715181259,-2.3953489593872956,-1.8437956528518264,0.4098882524153389,-2.8600590546361624,-0.6964015546227458,-1.8756468428124333,-1.9373147401048072,-0.37193211025997286,-1.2735688376481464,-0.12759106261693187,0.17227374464083933,0.17878918090808482,1.2214976985329538,0.46293692126952557,1.1036790361944668,0.8873439671268761,20.312362484180735,-23.037795680710616,9.889682921119375,12.367936033530256,3.775601434015208,1.0844836378504952,-0.059660939623861875,-3.371010458632853,-1.298279687492927,-2.1581203703334073,-2.560212204875832,2.287470161446264,-7.023170242637507,-2.3266899543246184,-4.593561196459821,-3.822380950843298,-5.998093382252989,-3.6080016544029547,1.9689544081632366,1.2572628201896423,-6.064437568895531,18.53107445554371,-59.800741294341854,-38.948942030180504,35.536196385604725,23.530880285637892,13.00954370848103,16.463543212889572,0.8903530962541826,15.029885867386685,27.49166775393784,-2.5423591357811333,14.571592229333332,2.7370540239481427,2.0385306792673745,-1.431308878503267,-13.851032808315905,-7.206018805505486,-11.291621091569757,-13.399452908195496,-8.88477021588999,45.7973835291582,3.317485706740487,-0.43457714797805336,3.8008697331500914,0.29516047228044817,-1.0325063732977116,-0.77234196257376,1.8797812857640215,-0.606888848793447,-0.16520997697022732,0.20167782556435254,0.49611654706808306,0.2812210417802221,-0.3219642776994278,0.5722821133316733,0.4972284840358927,0.21242098131679876,0.020707396096451558,0.17183759498997786,20.312362484180735,-28.469182967847424,-3.2382734636931545,3.6530382492324938,2.4463331065843534,6.659036146124793,-3.1807235918146004,3.960296145589712,6.60100849680316,-1.2117686483171284,-0.5166622369662055,2.511074451078357,1.6129615741509078,-1.202778411277804,4.195378104423958,2.36170729681037,-1.4887355866601708,-0.38476639399425516,0.0024595440811763236,0.05610879936872659,-6.064437568895531,46.8249504095941,-5.719687729838995,-44.693094290981875,-42.35172458716359,-26.554221584691245,1.6789206669531491,-5.984949196032211,-27.25014899043353,1.444222508191295,6.437359757880798,3.307002434737722,-2.0341554113154663,1.6369343395848968,4.782287005725905,-5.485129234870061,-5.11834942756005,-4.296604323746381,-0.18005508962634031,-0.2785698073101852,-8.88477021588999
47.75149234132946,-0.7778809420289035,-1.458045399484729,-1.0494768194424648,-1.5880247292590428,0.7133230777989539,-2.7899246569893834,-0.33499761540209505,-1.0281076501541984,-1.3981878691278062,-0.14074673758189915,-1.7084486460367352,-0.5887122048503504,-1.1403618191483107,-0.5325539931035828,-0.2016140266885149,-0.9545982934505799,-0.12043155714235709,-0.23474742336840448,20.391043559653045,-25.806965250781012,2.290309701979814,8.895178833715475,6.2762010800496455,7.0672160191174855,0.9633201042287904,0.39526485025099634,-1.468221403449046,0.4514605050058482,1.2593709780759026,0.2707456522058429,-2.8567159613531743,-1.040253949918614,-2.7275092085487156,-4.197963705733728,-6.584318773973086,-4.775978887403427,-0.274398051693844,-1.6475372807146589,-6.345762066265504,-31.40253865210365,-71.3889852240458,-43.54665554307335,6.853618221415141,13.577898542123958,-2.462169799098252,25.569044863915696,2.8703641436002503,13.19314589444968,23.51635362983038,-2.9840035777002782,31.10471873802762,11.514059963865801,22.25882292774629,11.564416357161102,11.300650325686554,10.202195227181392,-8.907528093384133,-7.164998284635978,-41.04155948668695,46.41540093925419,4.457431487428598,-1.0316625303199252,2.705871125117092,0.6494765811131669,-1.7507981950784404,-0.34180095094805685,1.5872485597144004,-0.5461654308463271,-0.20346596950732887,0.577357069174196,0.9113139135165016,-1.0513007823234484,0.28559251951087483,0.5153138887886348,0.2026234355578651,0.0712696255901395,-0.46382624760532165,0.07764862943126394,20.391043559653045,-26.56594668713906,-6.645413507629049,1.8337366222910267,-2.5342680106667808,0.30362525654878203,0.11162616883228837,1.1622284875925206,2.2316141531100637,-0.03890215982734979,0.5622227807098514,3.464872320046765,1.5384527379864057,-0.2809877638988203,3.8754032368382854,0.9474978715489066,-1.4074398018874228,-0.6567829540290857,-0.2161706841760781,0.5900427704614869,-6.345762066265504,11.725672029489772,-19.154275420811935,-25.438384943056295,-37.52440663514676,-33.87984939439856,17.6266991947454,-12.234364170244927,-30.5121048491079,5.4136197016673675,3.3279965411327734,-9.778708264921868,-6.29030368302139,9.202039569862212,-9.38428970130084,-10.21432815552151,0.3584478002221261,-2.2974289964349266,2.2784743982126128,-0.5376661913527341,-41.04155948668695
44.256144003876,-0.5643447462055033,-1.2099392059813554,0.6755196961977754,-1.0408644761922754,0.596352989242126,-2.182189184665056,-1.0330268311776036,-1.3384525317967944,-1.351680860206183,-0.05409580951319226,-1.2585455550307274,-0.09530611905788766,-1.0736215265331983,-0.3708713790280247,-0.817344857108057,-0.9999545412369575,-0.14561194095380814,-0.7622959015002866,19.53262806247983,-31.166804753749297,-8.253032759169237,1.5848940331530037,5.037774645983372,5.211381625159053,-2.746771480082129,5.250699422775423,0.646948120550568,2.324665469755492,4.089355308163774,0.4954612170267063,1.868494251525461,0.43042277683338415,0.23062372772615447,-1.1829740779601767,-2.208724980590472,-1.189480386281107,-2.2974980300770085,-1.9068192541294686,-17.177710235068137,-37.03805162960887,-54.48625221835472,-32.78241152795354,-24.80215644477898,-4.292734390522505,-10.790428147251063,16.975483476784056,7.584930632864215,9.397663782748294,12.058974201754157,-0.030187961459369417,26.322966405061628,8.640823241050315,24.67747400399579,15.611979361680657,26.416758925224265,19.887976607018757,-0.19627536724998396,5.820500390314304,-49.89584473886215,42.72731209308042,4.677786657966985,-1.4857254786328062,1.2441596191290858,1.0615015273004529,-1.1998815043094146,-0.039835557093100604,1.4072084653171417,-0.7062289205296202,0.32832817388019,0.8000366841916768,0.35480098103508206,-0.5577707520372936,0.759741754835372,0.6712016755848271,-0.1638360222981483,0.02156941488856834,0.09736602312681009,0.08453663920475218,19.53262806247983,-24.801145028450115,-9.510825428947218,-0.21708762585015284,-8.814077038680491,-3.1467918252427243,2.9853514509672125,1.7245395157826873,-2.5405954793207557,1.0322910899948254,-0.07281615877332825,-0.22891201000432948,0.4358570030400517,-0.28499102515168206,0.9781466667810086,-1.432878742692009,-0.9405398649953931,-0.5677367412929417,0.2030907513527368,-0.04282415743642676,-17.177710235068137,1.0850061408433334,-22.48520436756029,-2.508762715435423,-13.350464886190366,-24.92638614707272,14.126371422591337,-12.368975094807055,-20.377985550813108,5.876283901496723,-3.6667939349489105,-16.30908505618417,-5.8793701979165665,8.394980577311749,-17.380606255547907,-9.77010204161496,6.248989137526397,-0.3829883520508781,-0.9451164181298387,-1.193769444179086,-49.89584473886215
38.796025567506916,-2.619104377336777,0.5380796276669115,0.8110521659578103,0.21491807591464518,0.08335659476331037,-0.9898363657373093,-0.49637175019498225,-1.104503766914715,-0.7327045848760816,-0.4171697712048046,-1.0619207283121657,-0.2082892638393843,-0.6907509555264413,-1.079625382429643,-0.33921372508789105,-0.6112014738865592,-0.09111856926285977,-0.293157181757173,17.72347396229921,-41.97860874495465,-11.866901048098695,1.5359307783827387,-1.2001114848044931,3.3604600567274527,-3.8522112371546715,4.950538242235627,0.6569109836053157,1.532180308430752,3.273455442610135,1.2033932831005234,3.575114452688922,1.4149511326826854,4.33455760247754,1.0042422696918998,2.0269926029761667,2.6226804093859277,0.9206990606014755,1.6591951707360757,-24.141322704447,11.355639443130514,-14.894097200959717,-24.109165751148748,-29.558711612857323,-21.28547196292135,-4.805469496390749,-2.0035224014134645,4.02947002216511,0.9788978839687883,-2.711956087888191,4.971140848596499,11.026961507794486,4.188978838562176,14.828277340980238,14.680508291845417,21.128431611058936,16.480997309354567,6.385340958914511,10.355186503423216,-19.905524495434708,39.225982491242235,1.1491543731429865,-0.8677433645994599,0.8932657610987669,-0.09632312139744226,0.03193120277857764,0.1706155115494954,1.2783814855936337,-0.22473968613326,-0.0945151324008624,0.5788024754616451,0.9759559154843662,-0.18634126816750696,0.34704972943884327,0.11685411514555089,0.11812606444660734,0.23310089106579057,0.06584939462803041,0.2050184436108089,17.72347396229921,-32.189468581283364,-13.681755918666306,1.9311429370295823,-5.8240501514018375,-4.262174891926153,3.9879336098212415,-0.35819861303361433,-2.053030769096659,1.195190052214809,-0.8865205816948514,-2.267266815413878,-0.5577482094777526,2.551131178201233,-1.2412548402581545,-1.5302362792198902,0.23209384171199599,-0.5515599291979136,0.3569747839599171,-0.05065137439884593,-24.141322704447,21.062524463626374,5.893953905103903,0.6422214858990327,8.72042742426494,-1.7749057172092222,-1.3766763209815998,-8.608942425078983,-4.715381555646224,0.5009708613435107,-3.914162062218568,-13.163484606932931,-6.244787634275509,4.312031755866471,-12.466634435853287,-1.9745937318101534,5.1733852574067365,-0.08051167639704015,-1.4978281782169107,-2.0439194831250904,-19.905524495434708
35.22231072369315,-4.638586556517662,-1.1064695685174444,-0.8067261290957473,-0.13957624285914383,-0.6485142461079039,-1.134753488874488,-0.29224042695101815,-0.675116049554429,-0.22537872814878246,0.014010015064833015,-0.6625856707477007,-0.10259114470572284,0.06278017669298186,-0.13916216340897347,0.18593505743740568,-0.30350168165303826,-0.059726472783786067,-0.036860780743473986,13.057292165323584,-33.470999748428234,-10.274837813018731,-0.3436457027801465,-4.887320505947211,0.7914944237842589,-3.047109342557663,2.83909458376686,1.4316194354119998,2.0003516193282884,2.4622326637341305,1.8060523652692388,2.922397752872258,0.7661191248998893,4.2141424000249454,1.3825057422842169,2.904630391884516,2.6366570007117467,1.2732681683905849,2.514146789621427,-22.11457961923586,47.38107415682438,15.935457451711276,-11.291121366365719,-19.49725925840342,-17.87995239201294,5.478017059132476,-13.654018880640837,-1.4882733740980731,-2.8723121313302036,-9.301303289897797,4.108745789994542,-0.922663830127834,0.3833651996382097,3.2888053194461744,6.940357476428805,6.660115394161439,4.410633584508574,7.072964985141385,6.113162184887365,17.006474308886286,36.991520238939124,0.21621154940968368,-0.6250805437633624,0.30013389581900807,-0.9053355890856094,-0.43119534674261417,-0.16628043593119246,0.763917083164027,-0.25145617615256777,-0.2560934749101247,0.08649911741846328,0.6817240476041766,-0.2937542278735896,0.13638045072709226,0.055072628807210755,0.06920723709382504,-0.15236302206749763,-0.14258504934385607,0.086740609181992,13.057292165323584,-25.114918950353605,-10.96270444195467,2.3499537341455046,-2.584008266143302,-3.521256853174099,1.9443083989865917,-1.4639778515007484,-1.4456618175000326,1.1093271964101539,-1.6256875232383092,-2.777398509283407,-0.2786230510752963,1.5786524063280432,-1.9365959848017749,-1.2844766486127115,0.8159921603033186,-0.6288720824352803,-0.7566713990517406,-0.22042885029065007,-22.11457961923586,34.15836615506121,23.785915630840627,1.1170123703988666,19.584938174354104,9.365973278141176,-10.127207908760269,-7.734832542447518,5.113591360867941,-2.7405765792942356,-0.8231148052593187,-2.802789365917948,-3.9940689528833757,0.8484700669857883,-3.416666459194762,4.053993640416452,2.551946330778559,-0.3123799531855125,-2.2187673809122748,-0.8930441847501404,17.006474308886286
31.279104608943562,-4.674210560922171,-0.7418148290253153,-0.9084096491979501,-0.35843881756188223,-0.590348923103367,-0.8383733837668537,-0.3769353257127299,-0.593685737060005,-0.324611213851439,0.4268969916793499,-0.21887136183378741,0.1224058743149099,0.45871613047736903,-0.14628746606715848,0.31024231752683695,0.008515481450424245,0.29697523907336965,0.23213260162122706,11.558050156007669,-18.977048031876286,-4.145836371575298,-2.1951341738923245,-3.5406071504137233,-1.3655763616557932,-1.2892457127288177,0.5993060690485454,0.1541779502027929,1.103066372203844,0.7169542563466287,2.101020502382826,2.12981304187067,0.8863872953292211,2.694870125792008,1.8595505300667838,1.4232193453188873,1.5514510737774294,1.1328893285296147,1.3195729491215011,-13.830089621898995,60.49707314270867,21.57113079449023,-9.313618375662305,-3.334277975684972,-11.609143622206544,6.883794678680553,-10.942252861092477,-2.2829075520142528,-1.7555131195782598,-6.858280779914514,2.0902225756781925,-3.683187532638092,-0.9368595042775967,-4.798647227604002,2.1876613085323355,-2.688957561880188,-3.227664598151314,0.284001695995308,-1.8738182837290753,28.90695616243287,33.18856257568316,-0.15265891762590478,-0.49641352923985593,0.2658589110712122,-0.4981923066568785,-0.14117446895122,-0.4576778180458181,0.8823788662426282,-0.17595677692744882,-0.3545154359595972,-0.19950755514613605,0.468978275493078,0.0922565446953163,-0.02335424856406254,0.058260272567497884,0.20214872671787643,-0.11754412053078434,-0.16536331939003002,0.051220957243221066,11.558050156007669,-15.877797494374128,-2.972497048573371,0.8713266852427144,-1.2890886848029053,-0.39659508809014166,-0.05619046566820107,-1.5479840413052526,-0.6735434556234097,0.17306521763674132,-0.6184225681669422,-1.8426267337801616,-1.226701052093675,0.9432063982945524,-0.9005426552969664,-0.11400004139581887,0.30098681416658957,-0.6664711216564365,-0.4852036980822948,-0.3431146246739466,-13.830089621898995,41.86046362979795,29.40872513356717,-3.598259552476526,10.36484251453826,10.85582137275598,-10.088747015633679,-2.463577046347781,3.5310929888231213,-2.9805116479295477,1.5434609821271854,1.7840519387706775,-2.2859836862502236,-3.851295567846852,1.7174776994271848,4.002949082865035,-0.37721940122754183,-0.267421424138202,-1.4128892631149779,-0.7076122749334978,28.90695616243287
