29.836858247787816,-5.13383587229438,0.4266545623166511,0.1788929626027751,0.5137722571744907,0.5956922140008412,0.46056313830393014,0.7096211669617885,0.22088569628241306,0.3630364242917703,0.5068945589858802,0.15290833550632454,0.31158572902705517,0.16383665612066323,0.2726863262583197,0.309020154604861,-0.0034511592537989078,-0.04875595551063494,-0.3108399031864377,13.266434171999238,66.09948926932401,-0.1829726857958045,-4.777206040040433,-4.525948214678415,-4.523233840975408,-5.716369806065233,-6.289468762773584,-3.9886449703873588,0.264245964081947,-1.641499768521387,-4.020372816043906,-0.09235138972670276,-1.150527463077196,-2.117327437793471,-0.7899413677493323,-0.12375629407709998,0.6857866852599261,1.3395614335488082,1.3303491242488004,22.170389102646347,41.27934395756566,17.918494458865013,-10.681666479840512,0.6897472367833952,-6.79403847752733,0.4737493680747402,-7.228161559380096,-2.7247426920314295,0.2799132437903671,-2.410464883263837,0.31770687496720473,-8.302755248012135,1.3318989449369436,-5.542712519854084,-1.0753708786563716,1.9742753655990994,2.0591069534703745,2.761085295211267,3.8860758913823052,19.949557724104636,32.14904415742634,-1.2974848884230974,-1.0012794347882605,0.14238467707072666,-0.38357725020234956,-0.13944615180876374,-0.06585624271504309,0.4513659680641322,-0.39087154619476117,-0.008745492419649059,0.08158319781417944,-0.05061988579109844,-0.045888382339658085,0.17923626255760072,0.1190507322004708,-0.05486319747098145,0.1664256607749861,-0.04525904701725414,0.1386830046012968,13.266434171999238,66.26475237871887,3.2393039943080058,1.5852236505878716,0.26586942955758963,0.03976853649799161,0.28597357368055,-0.60487228509651,-1.7126885224703583,2.0645569911405417,2.3319028039661873,1.2760456932763566,-0.08646997499255726,-1.657471397363741,-1.90460629411169,-1.0098239090825085,0.2178859515333713,-1.6636921405561058,0.06267525641454685,-0.8285096520013052,22.170389102646347,26.86384706883439,27.102036124643433,-0.6480066810968053,2.3386732414781113,9.206047880872871,-7.496015979664248,2.051031736175481,6.269038571318447,-5.402158996805171,2.7879283140538114,2.6496663250346204,3.1847069932243937,0.9060616164877651,-1.5698045335537478,-2.122072212922812,0.01214127655838304,0.26807105436928946,-1.8790838814368949,0.27948212639200953,19.949557724104636
43.8393032502913,-8.2199689190906,-1.9852470398736788,-0.3999906555813322,-0.7598485019773418,-0.3404850050390733,-0.9712565251730965,-0.23209469496044477,-0.31955933363322986,-0.23607551246745828,-0.6417060347476138,0.03294024415456409,-0.42253368836493976,-0.10519330831821616,-0.11578048633742521,-0.32133169426196373,-0.11701538751504748,-0.07930505225137674,0.022471019873256504,17.03800696996455,86.24901615537365,5.9190448754659135,-9.73355405892119,-4.081586958257828,-7.580474979678852,-6.662008316884351,-8.289637538434702,-4.8846887418724085,1.5834392334943304,-2.619122221882083,-4.319961795754276,-2.3794723661403863,-1.318278009240847,-3.520459701106825,0.5872571320433058,1.328845935073218,2.5719634402339957,2.9164427090429452,2.919323541537714,30.96566970099395,-66.92070374061383,2.4195137830101423,20.0403116855819,9.65286725882033,9.671583899110582,10.426525935465836,4.0854358475324695,4.08971191431928,-5.548313338661825,-0.4052747755774666,6.371353799451985,-8.122799639536304,2.14649499010219,-2.2447145114656655,-5.6459616436485005,-1.7980280581637202,-5.012073845580422,-4.793474488941076,-1.9609671723962576,-18.01398614364146,47.756172934099645,-1.236838772342082,-2.8358024102580295,-0.2520699443471037,-1.2202146013348458,-0.11840511751919891,-0.5220346421013153,-0.3095543095868898,0.12181947419908212,0.38269787818158996,-0.28900813283143023,-0.050069278923660976,-0.18415061967196955,0.011950729197724774,-0.14843794449204406,0.056568585244465064,-0.14608042158997203,-0.021472438335789823,-0.08095657044773008,17.03800696996455,81.23500993224343,13.62789399978724,1.3047898998752867,-0.5631728948025116,3.6582278979352543,-1.7343187513876526,-0.006621148994857107,-0.36150342244348166,0.9457234432529438,4.2570874658987465,1.2423445920026006,0.11138613988754065,-1.7500030510743951,-2.707880726352981,-1.8172644462840195,0.4215425098463548,-2.339026870951808,-0.6053739365501968,-1.2715008246971855,30.96566970099395,-65.83186624775085,-12.08302770909556,0.022862771104359858,6.1039279066912435,4.976720381941245,-4.383951680947961,5.366632337515636,10.878995143801692,-5.583176850680702,-4.426332658390585,2.183020437853662,6.088475724125205,4.94090888738191,2.7379471978876193,2.0125735185125464,-0.8380678855670143,4.976189439449689,0.2859086720376133,2.153488613575434,-18.01398614364146
55.885380381198075,-3.6822556917941722,-0.7559976566084003,-1.794639335644379,-1.1110342837372968,-1.7944040795118181,-1.9682614113443484,-0.8138433872707744,0.623231193281208,-0.15815749158930892,-0.9289915521693262,0.1667166863188534,0.10338170618445464,-0.7603120805566326,0.07194904868152596,0.5623179319997234,0.39622429750678845,0.63629930963414,0.18767919740811534,22.465842324339757,76.66439780508202,5.725265763005842,-7.6398652705203105,-4.403255224497011,-6.391632510387351,-5.006675866618305,-8.903465154633073,-4.902994430660549,-0.25539404872906113,-2.3579209834729578,-3.711724888705119,-3.1001685255259286,-0.4007027175268987,-4.1871175660638364,-2.0162260569738373,0.13708027414729074,0.7722517845080785,1.9316634434073732,2.478899861295496,27.747527665524867,-202.22378494313452,-43.664855123602585,49.45677075958915,21.977478060499607,29.08396852142429,23.199387596687636,21.326568615022968,12.770599956460089,-13.885347972970957,0.8669158009575568,12.446635994362179,-3.7837007369614324,-1.986597734483198,5.526557234299085,-9.308422849613379,-9.20236393142742,-12.55715940450705,-14.604837014608947,-10.02191817575801,-73.85838432031863,57.47785595844911,0.29184405069039787,0.7085938782405599,0.47254670255843667,0.05462569361289438,-0.006979882113271163,-0.14020318557016198,-0.024518154345535947,0.38506143917858804,0.9614842242628252,0.9049017097751626,-0.0941301767210958,-0.8054929623553728,-0.6894241178183063,-0.25211688399452603,-0.0016361130620190512,-0.5091673683205877,-0.02581472315071287,-0.16575203387484239,22.465842324339757,72.21154713637378,11.596027053890104,1.4014371853957615,1.849727212476696,2.833562796215796,-2.451888253617473,0.12151801494040404,0.746238213175427,-0.07710573331824477,2.7632746300268134,2.617729406430545,1.4069554641795905,-1.1581747622645313,-2.287871344767918,-1.667139746943159,0.1221283106560711,-1.19198924817361,-0.5428420878215288,-0.46727300245736025,27.747527665524867,-166.50813060819087,-72.74675149672743,-12.713880789602408,4.018547892674059,-7.971157661088743,2.181643288820304,5.046578355919533,10.069461909004055,-1.902949718972795,-13.860527528305163,-5.084729295599719,6.307378082740014,9.857273176193072,11.430321091039342,6.75077355234976,-0.6733602913791443,9.853880136901951,3.0989049443943575,3.991720884417721,-73.85838432031863
59.93710525876951,-2.9001035248115277,-3.8487963576814175,-0.8751343674025622,-2.464061962209042,-1.5402637976850047,-2.4698433560892816,-0.9709909268581343,0.8114325645301808,-0.6859277287087315,-0.9351432833136548,-1.043732022970133,-0.24345126417206808,-1.1343188260941013,0.6666835310683694,0.8467942334440388,1.0826928324829053,1.06693776643845,0.8995623172851428,24.149564946325953,27.35668313113809,-1.9273350186915565,6.674279417990457,0.23913891964104694,1.2467574432858544,-0.8579538080557794,-2.939752643077605,-1.4866142830911238,-2.2500906988434615,-1.485926548834335,-0.9890198799873078,-2.6498426415952414,-0.4521923408012496,-2.2047896293911213,-2.99977984496133,-1.1531886072711555,-1.8634827871543609,-1.3532268158510121,-0.22440983047267626,10.374826749386358,-273.105804706134,-49.66418633475774,61.175465296331275,25.468122084688858,40.065439383302234,23.94982042892822,31.98344703940218,19.539795017265767,-10.917365027234142,4.487504570549095,17.441529117605242,8.321966942937012,-2.4683305421275192,14.889833408666014,-8.076030126825685,-12.505057923315492,-15.706380168260242,-18.823441961191023,-15.745216140527177,-102.19347200311604,60.10214322303666,4.721797641913775,-1.2038211413650273,-0.30428278307438417,1.2264352268576557,-1.0728386623503363,-0.0319933457849122,0.5085563180472255,-0.3059763172549639,1.634683382188487,0.29109623783498817,0.026828329617670565,-0.5410876178689983,-0.7403739104309364,-0.6039976828440405,0.12929451524771474,-0.6652912601531311,-0.35766817722562316,-0.3448498885092264,24.149564946325953,30.375421876015984,-6.980571390030824,1.6885482687361066,2.5259044914436584,1.131231597609712,-0.5370713531444187,1.7152487336428508,2.497345681607596,0.34379992802958403,-0.09694943825941849,1.6967140556260936,2.2110551674839716,0.5633347287776092,-0.3440001698397661,0.3251207691040898,-0.15326917081148572,0.5885511329774906,0.5083882645513913,0.06761633001443923,10.374826749386358,-231.2637276695714,-92.35117158352602,-8.863072727750172,0.370857088439164,-17.731730053193512,10.229024097588578,1.858998178897516,5.827464728441877,6.432221686892807,-18.146500783452552,-9.956600438450547,1.5562252872843148,10.034620262643596,14.085176505901174,9.153769422165045,-1.2778911965715312,10.170148349699053,4.116315774838625,3.871501198394187,-102.19347200311604
60.12015614608972,-4.931135687930996,-2.4615034140396346,-1.785162793735115,-1.8299372679033348,-1.3077563229853455,-3.241876023554514,-1.3724279324196411,-0.4723072771638228,-0.590997959324072,-1.2022492610836588,-0.8588397936942913,0.02169315816716999,-1.4151593680233123,-1.1266587109314963,-0.20650267217449492,-0.21717937699873602,0.34395435684813824,0.4900643787553671,23.58441901658097,-5.566236690125471,-18.09221030051836,11.747262601298317,4.302427876621952,5.605134208254383,2.9812967378643007,1.698873097059351,0.6976177784520439,-4.761663056234635,-1.7746397045664826,0.5374742232536995,-1.8490166204799914,-2.5768691645385937,-0.011883856501780254,-3.6506343040537033,-3.483920988618624,-3.37506990329942,-3.8280223113086875,-2.108743277625009,-4.463381581709175,-186.21417598294903,-1.5432452985491167,9.344694880260803,25.18843640411629,16.584713593962654,6.165900519756274,23.830655330329872,18.955769872159046,5.702027178589626,4.2810814930590695,21.188987200276525,10.171727563528503,-0.5057159064681858,12.634080857521266,5.779546990043523,-3.2072896159153617,-2.4528642606828734,-5.735377970753676,-8.408462346137966,-62.290112129010204,62.08183258114472,1.5212104313940262,-1.116551476536881,1.0933547026727148,-0.19012076619070228,-0.8881735062019316,-0.25011788340304264,0.4154297608347881,-0.21552651712686055,0.7468990705903091,1.1003957156962427,0.614409042028031,-0.4465072643734094,-0.5885370900120279,-0.4867392720951105,-0.030162007144570735,-0.1699635440302394,-0.14858222148310185,0.03699316240336481,23.58441901658097,8.440481102737152,-22.829839059146675,-4.963595928643742,0.7306046827715345,-2.6823121438836086,0.778171518969085,1.0574819515444025,1.8926178800061297,1.414043889265824,-2.421342508107312,-1.4935036863352495,2.017384552579234,2.114496300806793,2.6286139731513734,1.2943702593983173,0.1686116461727194,1.7994589259302203,1.0552466280609314,0.49779221285174313,-4.463381581709175,-187.4619009157911,-5.974196142200398,-6.6965876947911465,-16.628691009809426,-3.8737146400036817,4.621389489446411,1.3871153804617058,8.943168668208772,4.702352774885608,-7.435234581964723,-11.746156677748562,-8.68901430071941,4.147954529426054,8.902907934828042,4.5752218186072655,-2.048416268708478,3.324122821469878,0.03211795285443064,-0.9233949046309793,-62.290112129010204
55.400256933414525,-8.559196430367967,2.204645547837167,-0.2851594667154407,0.22298171174860437,-1.0127857873301993,-1.8043255406068162,-0.6961095639315733,-0.8968354478324452,-0.7626185530172442,-0.9995871202841013,-0.7792028366364843,-0.6077855847569222,-0.8801644792804371,-1.016366529011579,-0.5135156958104323,-0.7420549438394657,-0.6097459837838819,-0.24092648603670752,21.66613199853712,-9.18856895008961,-7.004310260150854,11.160614653335136,4.299632533527118,6.453861352651397,1.3189155953384564,2.400916855420174,2.0849026622041786,-1.6221087763699535,-0.6670105760607732,2.2762032070689373,1.1559351528051507,-1.4643600567987591,1.8368401484451546,-2.633553807829604,-3.1131823952015703,-3.2075657999923766,-3.6154353941945363,-2.659462959265621,-4.025611676947051,-22.035151500862057,58.82224867404976,-57.594156845905786,9.384843656216532,-22.879260306844714,-13.841263703447343,-0.7591477972039402,9.53207670672134,16.56396128999293,5.00609186639723,14.609861606985147,7.3730860764828,7.0665314154665975,0.9736680185753277,12.520414204830006,6.955186191453455,8.527180577346728,12.406826919573284,5.9323904508763,4.463599319039478,60.641895560759835,-5.3418076577093085,-1.0789555985012558,0.7004783013175864,-0.5322255726281915,0.053656017952921964,0.3905470736365504,0.7191445736267461,0.5940134163665984,0.44151573588813875,0.4616018920210765,0.7011886954437614,-0.0819761042741467,-0.21049286962529745,0.13143363411029307,-0.005803053120001955,-0.021406767246400893,0.2941054431061003,-0.14852100357961406,21.66613199853712,-2.511320885723954,-15.334758735457385,0.055770093019952505,0.18181691426965108,-2.449699658611799,1.765163411113357,0.4548959721519017,1.9790391083621053,3.416259475407313,-2.2238543567604663,-1.6803390808397756,0.5842842393298762,1.6309715487117407,1.8764648676379598,1.278865261627765,-0.24064475619773495,1.2503232168458032,0.6537395929278862,0.18171716684535633,-4.025611676947051,-76.14890906513295,103.05198109050872,-5.275296946074481,-18.192381663390893,9.666341558899369,-4.673533373397946,0.7989212282815137,8.323905735561372,-4.554427636308886,3.2623730903739165,-1.2769455748247656,-13.633589815407877,-6.7411352972722725,-1.0434914616321147,-4.165692637729721,-1.9314631472165598,-2.361332738427224,-5.410782938892098,-3.9479420773230087,4.463599319039478
55.370686198812834,-9.898814389275131,2.090912691281466,0.06158715232303624,0.3480109834110716,-0.5674947157570704,-1.4515837705559056,-0.602475179508033,-0.9034663286547966,-1.0071319317182938,-0.6280325220572531,-0.8900562170879667,-1.0028857157924151,-0.8933311822143548,-0.9118430733053513,-0.4994875976823532,-0.3789367659817362,-0.43936997090903773,-0.2964480397434639,21.475868007379585,1.829935854221354,7.4921307344609325,-5.210685448062248,6.160716170618098,-0.7028276680887946,-3.012160308437285,0.3415277612829728,2.7891320327713216,2.2816285793289977,-0.6268382233302039,5.250157167905021,0.0828063590381265,-0.1474768127622368,0.10910797377865822,0.6904344194820609,-0.4865676398451826,0.21786116058564975,0.19507874720229723,-0.5078047473770153,3.8026908141864695,40.87784127710908,71.18004092248617,-54.19000424646529,-6.251593082098968,-29.753781899688494,-19.681816848719563,-11.254186041703061,0.9973176956528378,14.250604834361846,5.61934849624914,1.4899446485060368,3.22789940201171,10.918793796140358,-7.429786592014274,11.976312923084349,13.53713971247632,8.560557427292588,15.54104879440873,10.172783941779405,26.911179700539254,61.4282203409561,-6.091272829071397,-1.835636857513197,0.33546850174821863,-0.40719997858598633,-0.1811414627803578,0.17726758049130797,0.8164966578677686,0.6420885170007189,0.34739679335934337,0.07289703951449367,0.5773819166554759,0.02219943125059798,0.35994234835456096,0.027352587227465808,0.150218494208199,0.0686198481911573,0.17592178071389108,-0.015020369913776976,21.475868007379585,-5.076031940651795,12.786022655503185,-1.1304675741417345,-5.2925745038410135,2.687171104324711,-1.2923108910231553,1.4452520859167315,5.476975833902559,0.7378408804356951,0.10910979829497602,-1.5668223642108021,-2.1241662221030673,0.3819840924814297,1.0533501039072397,0.14359891609863618,-0.8583920310050435,0.1391861206271725,-0.5994587755825609,-0.9860208731883084,3.8026908141864695,-17.988071821925686,105.08018645669412,8.07661539698492,-6.513946451708874,11.579015359829256,-4.201120667500394,3.800120418120295,3.7327541343287196,-9.946751234350305,7.641045552657484,9.447193776642461,-8.637832173325576,-11.7645696742949,-10.24767907753531,-5.988458014360649,0.08167682206838789,-3.415624889337443,-4.923785796090344,-4.534354093423244,26.911179700539254
57.71755575736315,-3.918419304214887,-0.5446970836743996,0.35130692633192107,-0.3261054115405466,-1.250936803629914,-2.164531054878499,-0.313515972211849,0.21595770209069087,-0.8113660305420072,-0.084150049292389,-0.45015623487072,-0.4633418555916551,-0.4768128447760027,-0.7575011916595051,-0.5633045014028171,-0.4402113730217829,-0.3491177667802301,-0.03691295309825238,23.19103461245312,12.64102110853365,14.691618800843678,-13.643824980282151,4.002416600751239,-7.038891771964913,-4.781857136628657,-2.640653873791386,2.233666943109907,2.5102441283711863,0.44321864374614073,3.9595694511796045,0.07078890688710016,1.8663771910438705,-1.7784515352436767,1.0898928956857903,0.8257278140688513,0.6036419695764685,2.8386361146801375,1.941316129841477,8.473590210958275,4.770600107598433,-7.143879783095296,-1.3464007122089185,-17.83245828750568,-13.474776367748456,-8.333592000982744,-6.628699656539624,-8.91202110594087,-6.186356881518423,1.1429496883877373,-14.93341647814274,-3.963441517863707,-0.06257149965198705,-9.871288779795599,4.477445332363421,7.362871897394896,1.9049607003447673,5.83736359958492,4.638569535750542,-0.6986043396423867,59.17328890026899,0.8606599044177949,-0.816393404366893,0.16556877452268948,0.11012500374939815,-0.5437729785044447,-0.018238091656136657,1.2975424237117879,0.9733459033849028,0.7225073424237367,-0.035323964494025084,0.3374840119688862,0.04004480867486837,-0.2763811957952509,-0.22161098169144622,-0.0812181135275376,-0.15942134784092787,-0.19305038186017653,-0.22798453892797732,23.19103461245312,-0.9407761348560157,26.737488297898608,-2.865664381552137,-3.5586967469455137,3.2796607529552366,-1.8385968348472719,1.9208242805974431,4.8671195724400675,-1.5953123857097946,0.26901095372639583,1.094900607151487,-2.5349643528788164,-1.9409768156958451,-0.07811396603375664,-1.1823398781109302,-0.6054989058308842,0.2380211664154026,-1.3696505030729114,-1.1644481656270393,8.473590210958275,11.966687289290626,-7.248459094822847,4.233556161617408,8.734925562155684,-1.1060033285881907,4.343145789647607,4.652842484998914,-8.993645354357758,-8.972403819510376,4.725454488566486,7.438917553209906,1.6010109620091404,-7.604950687413798,-6.195772382997504,-2.02364983287583,4.250870638782926,-1.398583925145825,-0.5572880868953063,-1.9293675319356143,-0.6986043396423867
59.876474661226084,-3.5054588837770697,-3.6921748223149757,0.9769620950502529,-1.9068075403031566,-2.6947609690541308,-2.891009385777186,-0.16915871189384246,0.11211043753910799,-0.8800433322267924,0.9651107873729954,-0.9819599150581102,-0.12426711279658198,-1.5622811983862004,-0.9108741698665028,-0.42489208930089384,-0.2591705821147525,0.31117962194746096,0.1341552385976319,24.723313116716206,3.957888919117437,6.649845630227461,-2.9455197051256885,1.3252393019604072,-2.5253801792817097,-3.8092253205119233,-1.4074345591864001,1.1218944858255986,0.2974629085757181,0.4799199336546307,0.44076342545138436,0.3075062034848888,1.2171591096102707,-1.9191313106645018,0.4757988057307734,1.3151937629843249,-1.000395074437549,0.7154663314583416,0.6772591487111452,2.742607324607789,-23.350799925715542,-54.226376849827574,41.69407327937239,-21.805092892723493,5.017035425903593,5.330762917853874,3.9808673085193016,-12.84711332260085,-15.165735448358845,0.019269477078469155,-19.604241870914557,-2.175760517689817,-8.463657334747648,-1.5416578437125918,-2.6689905884618947,-2.4149416590727717,-4.479378172378537,-5.724622748469744,-2.8189038638679205,-21.944769273192144,60.27811994106424,4.8129879780820675,-1.8130663606749295,-1.2854777858503432,0.8322894977828583,-1.235614453484826,0.6769007422016666,2.8647187527435465,-0.036272320418165194,0.6609581664699982,0.5654474618483925,-0.265821727286065,-0.31652567460720205,-0.028917874973431346,-0.23841750614492274,-0.42165049244332464,-0.031363193419389646,-0.20473369679124387,-0.4162855065166078,24.723313116716206,-1.3388271836596601,8.674130652522392,0.5354290071347627,-0.6561117124753197,0.24251533024750138,0.4794913081992025,2.2245780063817793,2.3149547151315084,-1.0535457973507742,0.15274761297799921,1.8424733579903494,-0.7419072379792073,-1.9818143541368647,-1.5179361487804233,-0.46925617791266006,0.39187713202348795,0.5977975064766992,-0.394951221983842,-1.096302167623681,2.742607324607789,26.610534016875597,-88.34788996506606,5.5528952428964145,17.775725235667426,-9.596281932238218,12.512762165913681,1.0878119409116085,-21.416716194299198,1.0910553727645458,-1.6252893514491964,-0.6014619183623173,8.798586646751403,0.045166698831246244,-2.360603815761574,3.5845078062625277,5.850607858118622,-1.697800949629508,2.1444654109537593,1.2280127643320164,-21.944769273192144
59.467873256474725,-4.410064782695159,-1.725723185505688,1.2583613622965704,-2.1690549123767378,-2.340081228995998,-2.404939669891869,0.20406567381628493,-0.14950176674380433,-0.6045535308899246,0.18362595059057663,-0.6978565342078624,-0.11390629073290359,-1.4349152388163526,-0.4719045328881082,-0.13794954296673634,-0.5001170509847233,0.43429727712793764,0.514429939713483,24.27920454934795,-7.8672454287384355,-10.155107599581767,9.354831425762397,-2.198858175896876,0.6277494243736261,-2.4493478991155966,-0.03895181261495173,-1.5374891172933949,-3.723204381752525,-0.6489148103593219,-2.785808160775615,-0.9381355283500843,-2.1779637678110064,-2.0846845992310645,-0.28751333477225005,-0.33262714791887604,-1.6459573323083936,-0.9569473865300986,-0.9327101394344304,-3.844872101978904,0.178747430514953,-40.78228056405305,14.034388408179375,-12.105186349736927,7.2688148844791165,13.603498610975905,9.513859348575421,-5.1811050477719345,-1.8764882368017908,-3.045119616479894,-6.9497430074716835,-4.239340273727816,-10.055858996596575,6.005897221316047,-1.9287621629308385,-3.8199409733406493,0.8975098966457344,-7.88944581497162,-8.34539551237101,-10.509706777093996,60.74655769327776,2.5748060876632617,-2.523073037696458,-0.2683969283558896,0.4878600656650045,-0.3384059041184799,1.1011426330800926,2.128593312408891,0.13553764222114317,0.41924052619600927,0.7627769844298706,-0.14469165902487635,-0.8831019591931693,-0.05511974097817962,-0.32685125825897776,-0.022618012709682223,0.14759533676657388,-0.2003920696777879,-0.5301125180917183,24.27920454934795,1.6034203804252911,-16.90304228137841,1.3395998831904081,2.231048299664647,-1.7803734358672898,3.0508352063259814,2.391654254418835,-0.9367730094312487,-0.1742490954546403,0.1170539801812649,0.33447183466460184,0.6936602282725164,-0.9896045716860113,0.06422180248303944,0.5734678921954981,1.2596559816794624,0.32172556134812735,0.2728417726808736,-0.7278259519047645,-3.844872101978904,33.4272162700695,-49.89955296086156,-1.0595476409962017,2.1238578618786983,-1.6004572055406618,1.0259251659621094,-9.715682020306282,-13.3103057677665,2.9211100019079597,-3.2696321057542157,-9.027611991922264,1.3194459493877746,8.484789662219146,-0.25034112443291967,3.668736418858991,-1.5735148669006718,-2.890790407250592,1.750166873789516,3.0465641689218153,-10.509706777093996
56.474471908815765,-6.328068834921265,1.2086658896342661,0.2706795853209152,0.006795644188312355,-1.9275351633299902,-2.0350967426424207,-0.30031875960930066,-0.5720051399496899,-0.8705782147170198,-0.5415388092730438,-0.6124529656769511,-0.5690239434166555,-1.3738456405264308,-0.8167419998256631,-0.0545681954082311,-0.8491814642190405,-0.4733443271339508,-0.233489911793759,22.303086701236065,0.4086691599996257,-7.197694490240132,4.1370229886016725,-1.6411928874195914,-2.0276305533062673,-1.5130334682668787,1.0311103849544065,-1.7488465983274524,-2.184514889788569,-0.07113675773823802,-1.1792749615746474,-0.5006116821881899,-2.3571350007086225,-0.5086044160839438,0.044642240480133655,-1.1148609883877048,-0.8970282746611875,-0.7694408764274567,-0.480243544673022,-1.010462665941013,36.737705934193315,22.49894320278637,-41.14111686937504,-0.2218384597311971,-3.7634529362041658,17.250911434034148,6.430603049980633,1.1338736537148337,13.958164028951352,-0.9887097244179368,6.227150261652256,-4.376762105765993,-5.035182648809919,12.089575224745948,1.4614832929166384,-1.2222162004940695,7.970229477199617,0.7621781527123697,-4.727501927121479,16.936260445126994,59.97217235262189,-2.6112805944329347,-0.714582537281033,0.22439549694984828,-0.4748098444200388,-0.04407934587373896,0.729866221314083,1.5584485710849711,0.5342197489072116,0.5754040079622067,0.5950832440477205,0.4475161331627535,-0.5071343618838156,-0.5096564534441863,-0.15465536344509845,0.3168570098110153,0.214010259125756,-0.017882986369224252,-0.412107464143747,22.303086701236065,6.95713681014535,-9.56765703739134,-0.45665208506480015,0.7004155906876193,0.41904723261686483,2.519354171347059,1.7537430694618399,-2.329435972311382,0.5728369216903908,-0.6275563906570567,-1.4873389371485182,0.6608148106969676,-0.07111868010786404,-0.19811968823194537,1.0579489340766859,1.1343344542990939,-0.7515665516539438,-0.3484722079825737,-0.5903255978834376,-1.010462665941013,10.431655837714167,56.33383026269772,-8.95333201963081,-8.669878900508731,6.359297965043829,-8.780161831819811,-22.441354574978156,-1.2060451725796746,-1.0859880870972876,-3.3056775730522077,-7.711658483631351,-8.67583806771408,11.30700478993872,4.62525240277246,0.005988038378143212,-9.320272737894573,-3.0589119681107677,-1.6082772272924564,4.480213353418349,16.936260445126994
55.48493441919909,-7.584668128433673,1.682298273232178,-0.39498090675184816,-0.969032291599468,-2.8592236560497826,-2.6119632827533574,-1.0166805070008174,-1.3035867000411727,-1.1405559944765544,-0.7237293313571769,-1.1039774737363417,-1.3299453241871215,-1.6133729233214198,-0.94832394406605,-0.9147800223085865,-0.9681845981238357,-0.4353294855045735,-0.3194454476197721,22.478711769203738,14.505004703350032,1.2242485790509487,-10.167902123056145,-0.5669604794272249,-3.6533591427130756,0.8717962427367723,0.8970033284259213,1.078484961300465,2.8129889091524345,-0.8038128187973719,1.2947171409567786,-1.6448222871402685,-1.3744052520949706,0.5192336281240677,0.3410900968456909,0.1307847030845415,1.000713518011155,-0.3636331888627733,-1.6526302796519445,5.095271817685678,10.273912763677089,69.51326174047834,-43.77948548133539,6.6834984524850505,10.928934273700223,18.420784796342843,4.577898672737807,2.276296516259578,15.43151574207555,2.367124155754926,11.707878923475288,0.26251030021658983,-0.8027944267093092,16.1431412840831,2.2782794868058045,2.8923801137152756,6.419732491430734,3.237339589783584,-3.2753257796215864,18.143643379576574,60.127972884702814,-3.8787269500139105,-0.6958353744686372,0.5261562829549171,-0.12651204308279818,0.3858770708530024,1.1511062959970726,1.4822910098254511,0.6009753209948943,0.8238114117682649,0.11709406173861181,0.32764519588073515,-0.35945313352983055,-0.0039010053183536897,0.023241893056390683,0.1793561261850236,-0.12124529343943702,-0.15005485073074953,-0.59398653606679,22.478711769203738,11.62485000327623,10.908605662424693,-2.8993976559504566,-3.175031467587634,2.391166199000224,-2.3455656834401455,-2.701599261095728,0.5341620322782616,-0.9479487442763972,-0.9756530973331841,-1.7539992412402112,-2.5766024025230165,1.3460701783992275,-0.8631927585244554,-0.11157422467610778,-1.763485000419023,-0.5326920081445718,-0.5178065731787875,0.10584563396374658,5.095271817685678,-51.33325758263971,93.64223735044013,6.661384817992801,-5.586635302892652,-1.0078959413069706,-7.6044571050265315,-27.571036586659112,7.884192909820941,-0.657328383940547,-1.7887909660641927,-1.8134055040908494,-8.592023806843551,12.239661966202446,7.273784188236464,0.19556086795185967,-7.860215836469639,-2.4555312410914283,-2.9674043556131795,4.599481011999007,18.143643379576574
62.07227865986371,-5.517004456027879,-3.3276740573830725,0.9830367858646665,-3.520634127344925,-3.1917064896606777,-2.2719423868692386,-0.4332089206490175,-0.4031045407064924,-0.6476104793025965,0.8291509475595484,-1.0292052863879655,-0.6948150964237843,-1.7273545641756387,-0.6503433440374651,-0.5939073438238212,-0.47365094587579004,0.36127256504998817,0.3109711599277485,25.118328173817805,11.14061682016986,12.209639142304288,-13.754711365403935,0.398371223859983,-2.2665523638404417,3.155658325578966,1.3398893952834796,0.3808442733860855,4.008448277598914,0.06301407566468731,1.5140759054113158,-1.5275314700030154,-1.702211472652707,2.8236971880309065,0.8922387363801221,0.47237973723558135,1.6613842390024856,0.7998983089808638,-1.3265317447408373,6.740665587338995,-60.60124726045051,43.62874362457464,3.46213207422511,4.838391342787386,31.087380892301056,10.829512137524562,-2.397715427165563,-6.81409563952117,-1.5750080632113814,-0.17538401451035268,0.5162099650046645,5.292473484237707,0.18736844020269539,9.519392354666836,-1.3722636453052965,-0.4826236956647265,-0.207195529926683,-0.12123750069876804,-5.0893413014018325,-13.747236762797648,64.06598075042439,3.255925978224983,-2.95501123482124,-1.332546596161937,1.348999168465192,-0.3380788552970375,1.5287904454740966,2.0231519178795754,0.017427301040154664,0.144894528355342,0.14461945461976278,-0.17158274939038698,-0.6139094274928034,-0.153587086919317,0.11551038523573598,0.044529665258869366,-0.2727261541433561,-0.4041384102560499,-0.6795112964707908,25.118328173817805,-1.1337140762280455,22.935221811969697,-1.82173823311021,-2.2880112791035447,1.3363944953356586,-1.212389162827639,-6.449472523350016,0.9764646079869159,-1.2096900164885396,-0.9537376347908801,-0.9691203458729194,-3.444694956438481,2.503850665789876,1.2583973331095548,-0.12374110028778551,-2.7566887458745555,-0.504449692832335,-0.8037656627002396,0.7269687161512379,6.740665587338995,-92.70190951901583,24.646702150862822,21.350895112415515,4.413120013069528,-14.85502840039975,0.861611631213639,-15.619046899148099,3.6011109938589967,4.469921869099652,5.4333918018385585,4.052135447472616,1.5885386879541235,6.810542123783762,8.920728765079808,2.9680423634124184,-1.0334764986208194,-2.019704199099336,1.591600823036836,3.3050383428083254,-13.747236762797648
63.92147223262577,-4.203472682616377,-4.54150427352509,0.6187025223110822,-2.232019597966657,-1.272097444462268,-1.8380151835654992,0.8097532349863759,1.1725423882108141,-1.1179438079958222,0.14563964265266982,-1.3118915174224894,-0.7382133402768245,-0.9985439629297148,-0.38455881235936173,0.19711238278332943,-0.18752555115077096,-0.1648277633954185,-0.584115735973243,25.419219721899918,-8.096262876985008,14.897856454385195,-3.5890441379024955,0.1231089947058619,6.2116774664908245,4.426698602132903,2.0956080185894153,-1.4641862950203748,0.8960719055915081,0.4675718508166784,1.7214558674690474,-0.2934204843343766,-2.906822745193619,4.320735240753061,0.427828160680658,0.3199425461271188,0.2847026565751367,-0.12294718434246676,-2.147228929211316,1.3513854611693787,-117.75000658111227,1.044242903151475,48.898725222962376,3.628772941376282,29.712593041230903,-5.0080856163104865,-5.434793247717551,-12.362096098857394,-17.55168602583049,2.254636985048698,-8.325383064152106,11.715360407410571,4.395841629124563,-2.5617232633602285,-1.5229716407859524,-4.725744525399684,-5.385452989533382,-1.202184524845355,3.643782723601408,-43.76961869267012,64.51207849601462,5.095505632546649,-2.852557516901583,-1.077441615593814,0.771538658722501,-1.3641889911269034,-0.6491191095477782,2.16332265515072,-0.08004050598352697,0.14666871733284959,0.11100925852374388,-1.1234434190098144,-0.15667933718906157,-0.664750803502842,-0.5177212449374489,-0.7681968406431208,0.12461753932884401,-0.2661676443237688,-0.34348778494632315,25.419219721899918,-20.017782967707866,13.666636969161129,5.352835366209513,0.931944083113903,-2.742995037880172,1.1144783209000648,-7.292256242504793,1.3523731553300724,0.3883501816645514,-0.6142508807839198,-0.8313402130186223,-1.549596791581535,3.8427417384663416,2.9728553859305213,1.2620933433536636,-0.7249403364685323,-1.029598488608391,-0.9832136777668832,0.9132673970774015,1.3513854611693787,-106.82175201572707,-52.838819290361755,23.84332334983869,10.076832425396923,-16.777137578362947,10.600152382234782,13.788321173143588,-8.722480660236506,8.577818253688216,11.098198601044333,5.420635657062348,15.255242676438417,-3.8194299948730794,3.9386074073069315,5.055513796878092,11.604468749039892,-2.097558458096497,4.923452680170286,-0.5018414223384915,-43.76961869267012
57.82651141218736,-1.9138469866777683,-2.5567885196890674,-0.03697651728055851,-0.4949868845483141,-1.1432691063342646,-1.75212609459461,-1.0231134939098545,0.19415445472377346,-0.8503772701250423,-0.21918534357230923,-1.2722616788353849,-1.7159956716981575,-0.26941152670683,-0.6525051974889462,-0.37432452933639837,-0.4088188682043301,-0.20864603369809642,-0.7644206399874423,24.203165518557473,-18.59132068005811,7.779873384380063,2.578660033137403,0.4329680469075581,8.583541588242312,2.1242714207973368,-0.767049673710122,-3.8845587899276177,-2.0135604196137966,-0.7945210998004395,-1.1345393423284496,1.4699241585277176,-1.4972420340579506,2.3503409549349774,-0.6848586140899982,-1.4507517577413567,-0.6426206089065198,-0.950402629036994,-2.7776148705942525,-6.012137869081688,-69.76767353198957,-50.31277954466578,42.10097819768508,0.03527573031876807,4.914687179968412,-8.073014118563577,-2.89503131404976,-2.7701870540501004,-12.592790416730441,2.0955609022372714,-9.605085610258055,10.010943840602877,13.934201512511391,-12.970886442181337,1.5255918613338604,-1.352539924451566,-3.0185061308249423,-0.8303416503066816,9.443480541037166,-51.4153078321645,57.21326250885196,4.369214020271633,-0.5470905826196653,-0.11781119332755852,-0.25563794765485914,0.22475910370239438,-1.5947573375884998,1.7061650524157947,0.2698826541521524,0.4371065377844743,0.11356547271869477,-0.5492870376112122,0.643404072840738,0.44996711220283525,0.05395565540792857,-0.5877108797121904,-0.161146003674552,-0.3617094209228344,-0.17387248162836144,24.203165518557473,-23.572501463870516,1.3766783846718536,6.092678960062972,0.8534878218716146,-4.441386349142812,1.2201379847837734,-3.7604518894076766,-0.9379860369077893,2.1396483932697423,1.9084384019875902,0.0773992724769954,0.9415813492032885,2.0858166017504596,2.34422062208047,1.8551363317680094,0.09832387301343881,-1.5129654109717023,0.6800317558298921,0.6584826919638977,-6.012137869081688,-22.074193239036475,-83.1763186415054,-0.5419579889896227,1.0360854521524319,-2.185569049779349,-0.19670134148593887,28.91351597890379,-15.465922034390385,0.7799746325360348,8.653538975924743,4.702731474050804,14.595992537555105,-12.140826185098867,-8.37670871264803,0.0068543719409932535,12.773452038001514,1.4770449881434866,6.650916443502728,-2.0538342727660592,-51.4153078321645
53.559686604544765,-1.9373186359161307,-0.4976665645660723,0.17658024217369528,0.623982820247639,-1.6700930466465378,-1.824067419595964,-1.4538213678805862,-1.1541802449605516,-0.8053866736569923,0.6611667479432757,-1.1291595196798203,-2.2727664091467443,-0.18197682167929363,-0.7333289369999805,-0.8646001564887384,-0.8582493086719973,-0.2118437783017646,-0.8553640122678348,23.611985827418593,-29.50402983709212,3.961252909588799,6.114774789154376,1.2301275797371285,5.777890401861001,-1.1165531130276565,-0.7669237609360535,-2.969861556471381,-2.9518497551564566,0.7522732614595404,-1.5436667672493916,2.7141301022996513,0.7210308431699328,-0.524949887008082,0.36815295168777484,-1.2705218121268318,-0.5400105528010337,-0.08957498227652194,0.8948026450754674,-10.41313580043904,16.196549295183125,-52.83953511518803,4.3884040700395985,-13.073371229050906,-27.4246736629754,-0.2783062245508634,6.48208194659664,11.162078477501405,2.5734080917979085,2.338589450832841,-8.1237211116128,3.660734863422091,17.719187301136916,-13.518636577641018,4.594281727462951,3.363475994938274,3.0962589388183774,2.84261281712082,12.127648700544167,-24.49704582658214,53.54544052163509,2.397947513543329,0.7766219825353318,0.3847606230946794,-0.6956910039628585,0.6616972518033188,-0.9332479337240258,2.3169710202223777,0.6689227352711711,0.37057996666173887,-0.2830490538201653,-0.2583010557996197,0.9332609855365697,1.180749588085831,0.6850659296471262,0.13300623043628734,-0.6918346129780346,-0.6628761842807989,-0.3901722449493039,23.611985827418593,-30.566632310766074,-4.731532269107265,5.065055422382297,0.29263519462324705,-3.1085121679420133,1.7382469338715392,2.848051008504896,-2.869852975392639,1.6662911776885698,3.142358184799747,0.4330587781160058,2.8578807828753074,-0.354627787017604,0.5631993006435527,1.4267439577350405,2.611243064656926,-1.0772133781231366,1.2020210576412893,-0.11083206511182908,-10.41313580043904,57.156250199240766,-47.036731501695215,-20.38310486931545,-1.3075351037391423,13.039115156094251,-8.39743165741371,21.352814277847227,-17.36993273574427,-12.087430372288555,-0.9892098008122239,2.0191374308517185,3.1100284838855137,-16.632876028351845,-12.384542249162012,-8.125744838414121,4.400072716756195,6.379492213990798,5.080953131873805,-0.24771264758819656,-24.49704582658214
57.95751113387516,-2.7601447871879703,-4.06026289529388,1.420581949387139,-0.6568645423309167,-1.9305729781698744,-2.662441105709067,-1.2437010141793454,-0.2465234339277078,-1.2011495963722312,0.00411772375002073,-0.38560920599544124,-0.6761595790177997,-0.9604676573333606,-0.8183875887621548,-0.7884269530584656,-0.4595993715684368,-0.09042074201533579,-0.9422121372220817,23.015876186517623,-13.03933646577137,-7.478448857630403,2.4438682699101704,-0.13750020349626624,0.40768475845867647,1.8907771238774562,1.323639628021334,-0.25141162291346153,-0.3639861003923248,0.968443821461892,-1.6559055823584916,1.9741651569814094,3.4509624894212125,-1.2389034691791905,1.6848722715434938,0.5913419541367737,0.5644877782780997,0.36804138279455056,1.8741927386343544,-13.084727697939044,69.77083189738698,-16.053625824644605,-24.329997800120953,-35.18389298141796,-40.032737400164535,5.419060815783281,20.258628180834602,17.99867678990323,4.833470231896711,2.0628939442081746,3.428114318953112,-7.529255721777558,6.5521235705852,-6.639788761212213,6.690995785134293,4.790277082841728,4.688843231593808,2.967327227026267,5.927513075839435,19.10538483200915,57.763049005678894,5.29304423006257,-1.7232615045082116,-1.6369038045703763,-0.13807917476353415,-0.740952984370262,-0.2093710871416179,1.4773347168898519,0.7127698770476769,0.9871581046846925,0.3803482470302151,-0.13336325639384006,-0.11597128798038936,0.09577302832658163,0.44168496382745315,-0.3569099337741153,-0.620982783475768,0.13423173763741114,-0.3269277204873515,23.015876186517623,-6.896386024217179,-9.453852889648807,-1.9488272556914135,-1.4503141087820008,0.4263685354769047,-1.6226241400563457,2.9371318405970355,-4.6453833438469205,-1.4586731982325314,1.4947273203796585,0.7500458955851688,1.6495625251106505,-1.4678776640175843,-1.725128980570976,-0.2026392215079773,1.9619455725634722,0.25788024599678105,1.429075191347038,0.21210131086282358,-13.084727697939044,79.65546915387245,4.273615087233102,-5.508225537411029,5.484722019241564,17.367600901089133,-9.075650943565286,4.987255805087142,-8.761448788668861,-23.610532138982887,-15.88809447175789,-7.191360629779454,-10.636057919646106,-10.850014095840269,-3.3972811158148284,-9.863358500749863,-0.7261182261496697,6.169253039331744,-4.519332823190405,1.0401489794328946,19.10538483200915
49.10395745323581,-1.7996973275668768,-0.7323796911454963,0.5049870788457977,0.7378644318551446,-1.4367220650582913,-1.7663195584762974,-0.5648837831145692,-0.08304354504167355,-0.5664210141424575,-0.7378452746331909,-0.3981527026926355,-0.897615965032037,-0.9154908411204905,-0.11754114087887002,-0.23109731141905288,-0.4321405758692345,-0.2687279003750598,-0.04781866481818953,20.806296487700322,-2.773980336536816,-3.8927499822035863,-1.32744622126908,-6.128342494617679,-3.4127309501050593,4.404292638317411,4.291304341022007,2.300279360223249,1.3579887918797264,0.7553841156019332,-2.0797215683223316,1.2848264481498228,3.4786686436352583,-0.6439608360103648,1.5401035815953874,0.9806336876571908,1.2292779323920155,0.6391372183021709,1.5906916164464644,-7.3608425376930136,100.48674571743057,8.85692740885107,-51.33695423552806,-36.66234514171655,-31.55170384167481,5.558777583890061,21.326554962533443,13.504170376091158,3.757443223803684,-1.9242390949967185,10.029672463746014,-9.456584280878108,-3.985737096051148,4.8820563424004995,4.070067496530966,0.10511513160933661,4.3653729200038836,-0.9496803444201078,-4.933233960600127,51.38084955951466,48.95386909221812,2.267824393097548,0.2680556552338391,-0.1715777126607816,-0.8414968116941681,-0.012209480154805608,0.08221326948122876,0.8428113352173718,0.5316614714129957,1.442822026282614,0.19414726042598662,0.09753508181915316,0.04569444971270009,-0.20605411124293882,0.0017860797203090861,0.4220242187163046,-0.1840707598321163,0.08687230521675304,-0.32237619807274265,20.806296487700322,0.22228441208584826,-4.436463144526149,-0.8179639605710189,1.4300774965711396,1.3426850978570943,-1.6628564453867305,0.03535903141646335,-5.478894559072497,-3.8562042087285895,-0.9020002403860659,-0.1580948091468497,-0.3485731375924592,-2.6968491428255583,-1.1847409373247613,-1.7718912992154034,0.5432851721345482,1.2747247899027663,1.1827411704114466,1.0126017638338403,-7.3608425376930136,86.90883455753428,46.84212882069183,4.841254177369454,-1.911752264566335,9.505898799685676,-8.235212064326406,-11.37701039536874,-3.2750993629405247,-17.655887752482734,-19.84634937042346,-17.279868568530155,-14.236815296791733,-2.672550897073128,2.1274756425147454,-4.068717693816213,-7.8015938848939985,-0.8260252255155436,-8.439949022543505,1.225129040712788,51.38084955951466
53.53470775495615,-5.721882069667597,-1.2174978214442702,-0.26993003736474286,-0.34808531112272867,-0.31456603518965975,-1.1191802111437763,-1.5932880977495938,-0.523406945431828,-0.4856381891513637,-0.34763212346332173,-0.6506825088382726,-0.6780896490449049,-0.5221062515758268,-0.1179629597777545,-0.3954049748028543,-0.3396293454666617,0.003816718735826452,-0.23109694439508766,19.063646339447086,2.929070518357733,3.680061917953953,-5.865228361711346,-13.47974340662402,-6.837516435856925,2.0733789530164435,6.833150365728148,2.4797091466766816,-1.7517445771835325,0.23537044523245143,0.8475452176845764,-1.580051875286147,0.40000085100198657,-0.9100479511699875,2.074663963523342,-0.1811909662125042,0.8171567642938593,0.16890488418679306,-0.1618028183600333,2.0144079155498744,41.3962561727231,20.0534789371045,-45.24662760310261,-15.54483776697203,-5.975936093332122,-2.3338830998171893,9.211586066295254,6.097148465251059,-1.8059921086922062,-0.9228361427977025,12.411007278063359,-3.7552147762520383,-12.160042689438328,11.74452147507639,-1.0743131498811562,-3.6259827884170077,3.086738184223184,-4.507717090626591,-3.144359396454646,49.55655329131568,56.06085521145186,-0.2926508643298811,-1.2672210468146257,-0.5647990798408284,0.030449223949247983,-0.24959960034671624,-0.6339220188926094,0.1205532229948374,-0.3908233130350256,0.648349168163866,0.24999026338820318,0.09757615613472659,0.3532485087438806,0.28080447158173216,0.2942759696173485,0.24875291242953712,-0.28608780724912064,-0.022046069998091333,-0.10171984963523029,19.063646339447086,0.8607747516397453,3.3659513659978466,6.280075882834115,3.0271276805184506,2.0168154685022017,-1.6171357973697345,0.13952200168011064,-4.014189639402291,-6.904369983013122,-4.013429621298449,-3.222704248781304,-2.7732206503858814,-2.168079768265698,1.519550183157213,-1.4772252901317002,0.7692437061997928,0.3956920246812181,-1.5699947121503892,0.6168402672075104,2.0144079155498744,18.35851434376844,53.688001694556405,9.349690658425622,-6.859553793566981,-8.794317558461302,-1.3298051522187782,-12.7298752269985,2.634950332595812,1.2626126243186433,-11.923611425768467,-23.035778127973742,-3.969265865544328,7.473579697906208,2.267404853563172,1.3260888482886142,-5.536463395160966,-5.7287584007237005,-5.379432269090648,-2.3041678307349933,49.55655329131568
54.38409812573586,-2.4028249857781105,-2.582772212125417,-2.0423350117592034,-1.2367722704089847,-0.2759501989779394,-0.45004569636760605,-0.12888814598383735,-0.3367440932686283,-0.7854503194664595,-0.20281911261121888,-0.3542096441834932,-0.5324670523155626,-0.7231379425632429,-0.3134894606944869,-0.5707943017879487,-0.3035953555268771,0.06060610047373971,-0.4155758004580996,21.907679482107355,12.755139529558612,2.810461226222155,-15.399154012798897,-10.429923389557269,-6.375360921818604,1.5715347643478805,7.14159835147726,2.4166632467791267,-0.37924890485901086,0.15669040207590146,2.219444064602081,-0.2370535220056238,0.2536431143539719,1.7516505251875667,2.2082908539633337,-0.8316977861475245,1.5163414141930285,-0.4648469051826971,-0.5538165567274023,7.72772117257383,6.8033583918527185,-19.69886606577718,-19.135376962626488,16.17865239001196,16.50089552697898,-4.01439504363757,-7.81043597174722,-5.957843078902151,-3.4850705566250215,-0.287137710199143,10.605039050740361,0.35820705545638676,-10.493832491877441,13.308341007695605,-5.794291571509638,-1.7671184347871058,1.4484684510126675,-6.430668032258193,2.385128666209324,15.114650429804033,54.507679624791535,2.9725634884764798,0.13961977340302933,0.5637470090154753,-0.10861265439070245,-0.4154076629018193,-0.7032929521402984,0.25591448763363633,-0.7073827740517724,0.08898431472911916,-0.2969174665725842,-0.5480573308601326,-0.6497734842383445,0.49586339779587507,-0.12717522285552318,0.10181739340173523,-0.22191970613997514,0.00663330474267565,0.003524701541555597,21.907679482107355,9.009204580072605,12.279630013415325,3.3712309418042605,-2.901961832310146,0.8492137653881762,-2.3821032696349698,-1.4416492697210121,-4.822999509085216,-4.438804306162503,-4.026738029572929,-6.220500433965835,-2.049135277772293,-1.3408021834301111,0.004597540036830994,0.029678145138795742,-0.6932029446082333,-1.5591318802231269,-1.5184185018817495,0.2993629770722215,7.72772117257383,14.386461731092574,7.102871518977913,-9.524349535446216,-17.02944444357419,-14.57763333391768,-2.1380072249349005,-8.363116300731225,4.745796895999333,18.921845380382578,-3.907091219399456,-14.232507999965712,9.711758340266943,15.638984220390704,-2.048214401995431,4.799948531012729,-2.2534790024914724,-5.475654168756597,2.0118062547879387,-4.339113339866365,15.114650429804033
56.781976056804,-0.6185499991053769,-6.0676808156595925,-4.04562870862237,-3.0883044091273146,-1.4742694347018286,0.09599714610066146,-0.22184425940637054,-0.9955454484059967,-0.9739497210940045,0.16037725158132288,-1.1976066728930859,-0.6587336098750436,-1.5116680821969781,0.31691855290732485,-0.7091739409802698,-0.11529359959268581,-0.170635300346339,-0.8392349785821434,23.472388647089044,-0.10576831245753482,-0.8033149932910231,-13.143591635876227,-5.759128639512486,-1.0989683023506123,2.140214510953627,4.5042856559413345,2.7389706664341293,-0.39836330636905926,0.8063726068260566,2.4000152402109816,0.8574977539331137,-1.0165460906573087,3.435551587760038,0.8136220604189426,-0.31548370316937246,1.9643251294891853,-1.333825100776311,1.3742671269939646,4.149267092585372,4.281957298408642,-40.884226934763674,13.09005781493928,38.15546263692514,23.71100551954413,2.326045833149368,-26.331329893008782,-10.371759632504927,0.819566289061203,1.9150316030076522,-5.169488492087081,4.126972993934782,-1.21649559288414,9.963420138098979,-12.81909331032806,1.7922887138859638,0.8910041336170229,-1.8152196347975085,9.056791276028012,-11.699045760260663,55.41653111521206,6.623650365372027,1.480994377824251,-0.49100232514927944,0.5038864808358339,-1.3479217916816224,0.253143024509201,-0.23631167901942574,-2.1198929917265,-0.3426378501877845,-0.9854715138611514,-1.1971773752471377,-0.8522772051377161,0.5045893653857811,-0.23244702995048083,0.18781533198306577,-0.4042122979812295,-0.6106461182007448,-0.18145803669074545,23.472388647089044,-2.1105889363263373,9.03210137865866,0.6314206223337586,-2.7140713411248485,-3.7240545775192877,-1.9279033040416151,-2.6893016223334762,-3.655855702542655,-0.5360668373562532,-2.9047094979111434,-7.7366403559922095,0.5152106624284034,1.5908887052377958,-1.186095792470186,-0.4403795195407698,-0.18804206664562018,-1.1895706193021225,0.08993889294831225,-0.5833632111238638,4.149267092585372,29.796726814354578,-28.214842693015886,-33.20600536407673,-4.485139627357422,-15.459603026136115,0.9162885161870853,-4.936764184859303,4.189037658357327,28.16238490573855,5.34037787802623,8.424082232633355,15.986266846749842,15.105326917167535,-5.617950101865094,-0.9061974796736625,-2.177513150871751,0.8745642464978953,10.055692562823427,-2.142060241495603,-11.699045760260663
53.85789306709119,-2.9461327497369094,-6.006865200437284,-2.822125280304023,-1.0797064800518643,-0.07110298312826657,1.1968909386401139,-0.042274078896617606,-0.03659874598409463,-0.24392004713318638,0.11787207014552736,-0.24321738166804074,-0.7804724274399817,0.4551153367838685,0.7691635297602573,-0.4900617214041074,0.21386225829029182,-0.4139253434253256,-0.02065792608836281,22.465785920166258,2.145118274797177,-11.50049455946969,-7.255953065499883,-1.899323683167467,1.9684427466312742,2.363677337530034,1.5505187100418043,-0.80827293910655,-1.061237121840021,0.3263141797055591,2.4465629457846463,0.245155161268386,-1.0599741314738154,3.8374098983724245,-0.7265212526072315,0.16422083874207205,1.3799279753006863,-1.8248318053453736,2.0152209768741276,-0.8709469113087458,-2.9683563271185065,-15.26342128057466,55.384671798948084,34.766624002405585,12.809676101596423,-5.605348490204507,-33.988292855554505,-13.575071012997281,-2.0100460494260033,-0.6370907868174474,-14.46088381169154,-2.401964178125784,3.686413282854334,-7.215834563334392,-11.351677570023476,5.413439089522205,-3.672607069540228,6.663743293090583,5.04816984685268,-18.911015226309946,53.78063343037432,4.949488784954257,0.5795634138165311,-1.6594570061616292,-0.653608557443373,-0.6541000193048374,-1.0821438870801825,-1.3902559683181046,-0.8232058423225181,-0.07505347932802531,-2.2983720679322537,-0.2796557913760611,-0.02194378506155714,-0.3156477881265478,0.2799866520736216,0.10589153663542361,-0.9045744545776253,-0.378036921622795,-0.13282561600887433,22.465785920166258,8.901197121615176,-3.7181023913676,-2.755811098043949,-4.2140452143943055,-3.075696546091,-2.5764763045182404,-2.7317873069423553,-3.2851630795026487,2.4205669086342647,-3.4099059117794464,-5.017380755524252,2.8630903761338695,3.243158730618047,-0.8560251505087773,0.10966008099549573,-0.10481144268848142,-0.6704709724838616,1.3586774952560652,-0.5568531669336549,-0.8709469113087458,15.279332377023167,-45.800277101656285,-20.274361435964387,18.54307939596479,1.043245891044616,7.877288427094706,7.904110516385643,15.373175957140393,15.474124969990546,11.085168647502563,33.932849959273724,7.374297955997832,4.150242613837554,1.3253225687844516,-4.072537419596366,0.74173704640134,7.617727940784803,6.736312625196266,0.24843254109250656,-18.911015226309946
53.74492612804972,-5.851885684333709,-6.077247145226451,-2.759599222848576,-0.976102357476595,0.6531176123623172,0.30949429932303074,-0.267109798076139,-0.8726612722586244,-0.35321702190497195,0.6920299052637959,-0.277429763129442,-1.0623600068113497,0.6065429026306366,-0.2524784247956553,-0.5935131165794612,0.3838044123693465,-0.42583010970279633,0.25857768191702624,20.85922666671032,10.375059794942771,-9.606573656581963,-3.3917999278912134,1.332688058643646,0.8460844896902016,2.8403305830000507,-3.536974760058514,-1.0937025766329436,-1.000967324162426,1.1080743579214487,-1.8507584689502465,0.24233028004423884,0.44856167747381015,3.028782431287073,-2.8674766383554062,0.2169940782856794,1.3308655505485418,-0.05871248313062294,3.0820740528532076,0.46421907736083057,-35.83039382135936,18.48342255513859,68.24279350935298,29.039146312735767,-0.5807057885236113,-16.636979568165522,-24.548551677714766,-10.653745906312036,5.898646488004978,-1.0945266455082654,-16.430446080298474,-3.905460386327472,9.460973860268677,-17.17051712112918,0.686419483508458,6.516215606297877,-6.654242069679317,12.33324563964513,-4.4168851540049445,-24.892549819441083,55.3690838404973,3.234937176760561,-1.1714825558544972,-0.8102327428147005,-1.5590801132840606,-1.0942050741660148,-1.7891473625894054,-0.8842894003006196,-0.6009451975777793,-0.7219866837631335,-2.617602613928067,0.22098071760689253,0.8347780117743848,0.09351216830785058,-0.12949472761760883,0.15269480748988284,-0.5395457426813568,0.21525848965880012,-0.3252262964219472,20.85922666671032,15.813141888045749,-2.742603778118634,-7.259405779280147,1.4405995578818191,-3.750530888826268,-1.0618050218345565,-1.6837910721388694,-2.6885890250149114,3.7471368624577686,-1.6516567411820753,0.38777702831458205,2.763799946035959,3.09260323329399,-0.8591135225025299,-1.9703149978968815,-0.6137086201959585,0.3886436940605331,2.0193035706924176,-0.026081781537352855,0.46421907736083057,-35.647652158442575,-34.76878785818442,-0.3066676217274953,17.54335542934026,20.688526928964237,13.898387385904368,17.710361780695646,20.337736399149925,-0.03635262505977588,18.871239580580834,43.15012342770352,-4.683225394255251,-11.046362790842604,2.19358069904017,0.08045505033325506,-0.1685730985749756,5.815804149196926,-2.8513379520423214,2.440632339981252,-24.892549819441083
56.97518222751159,-5.536404422898789,-6.205965580091929,-3.635011596229834,-1.3086519229187075,-0.15780505374499532,0.21846508204211146,-0.5103918462022281,-0.9288047422623249,-0.9326595792081962,0.7546360334398678,-0.6917205184311221,-0.8606409195843172,0.13646151420916208,-0.3920515981466126,-0.5465142946173169,0.1368196261424499,-0.7242123975207184,0.04312835772937951,22.778787016642344,6.0305473122992055,-0.41962008241970494,7.417286032682636,3.407480262567458,-0.9430492670407995,-1.5811975167775851,-5.831917868300066,-2.454535638185977,-1.0829699206753292,-0.31270586688051827,-2.8856109866630746,-1.1304518741240783,1.3642958717155795,-1.6528821782431469,-1.6269985816612298,1.6087828678860523,-0.003232331106763686,2.2294684325397505,1.1163649037693164,0.1147375670311277,-167.9001922729392,31.006189593399483,63.36289331514361,25.141927037053474,4.4647434877966425,-12.064375939869095,-4.903097168522523,1.5130485527872888,12.556108903782418,2.1830357648780705,-9.085877206965867,2.127304638487538,8.771000105453378,-14.707007436636678,9.119934738251807,5.610125837282007,-6.328751342826401,11.208766405160565,-9.736985277748342,-57.07943530450184,58.982001822956505,2.807868887098413,0.08795269122042892,-1.3836603893489667,-0.6149776303762553,-1.8305041739187433,-1.0480414120621728,-1.062678191477091,-0.25657321680900047,-1.4262942243729295,-1.9895422943012528,0.17440881077978698,0.12827827261462854,0.2733894210804517,-0.12382133352421132,0.06697193430408599,-0.48948847003184226,0.2730197484409358,-0.203017752059671,22.778787016642344,7.687005356398146,-4.7331559590241685,-2.8205365753709812,4.292242416168914,1.3840748665639744,1.123491802808854,2.007650713374506,2.379955130721109,1.156656328925759,0.889319915813819,6.683715853517628,0.5137190584228457,-0.016538140539431145,0.5037676894452288,-1.2416228254813315,-0.10950114463239413,1.4606249334879466,0.8850554718443309,0.1449385328252193,0.1147375670311277,-179.5640976533956,-24.19256806406154,10.038512588317644,11.498576745988878,16.6818012659307,17.7388253912966,12.346906992794104,21.106961242996103,-9.367768534464265,22.005287516455105,28.6128308369449,-9.41623287013679,-14.812794683249066,0.6295236883160291,4.122584569571728,0.4707083805831527,3.1323284294226443,-7.754876044427652,2.3929823165696,-57.07943530450184
60.410861374065185,-4.126700990815419,-7.664030589777877,-2.972841521337642,-2.5507894428487923,-0.010753107893438862,-1.1832773056295944,-0.5346366640700371,-1.0499261123480945,-0.0755427760957752,-1.0833839645409706,-0.8521899644894257,-0.39436852506597075,0.1620500447339115,-0.5362122023169433,-0.5724506152308253,0.588660491755506,-0.04484801486395407,0.6699089059355894,23.547997637531417,-19.963679741888228,2.8979590457532787,13.641185569709002,6.1070425439879354,0.0664248102236189,-4.205837845975324,-4.078771893745113,-1.764770937182175,2.561826337051084,0.5786193073649626,-3.149120833714395,-0.40742892153439003,2.501805837882332,-2.4045609344967662,1.6070704667001707,2.220343085407576,-0.6712157521467483,2.8056476001036916,-0.3847474134561022,-8.789850056305106,-162.87818517426825,3.844341506272422,44.28538363134394,20.586460607585654,3.667309517747385,-8.570631793472963,11.983164030626655,1.605021837696662,9.067045271309489,0.21228116528535024,8.663967326644517,5.662492725659131,1.7900268291972363,-7.164750190235805,11.500295675598245,1.9148290874658964,-3.9210650882018756,2.4464655093032492,-9.740330336018374,-51.00133587423878,60.72241786294384,6.323158425240632,-1.9029031505177718,0.09139914538529892,-1.390694427110859,-1.2906222252919477,-0.6058037490692385,-1.7443950799473882,-0.5296408732543747,-0.49284584825637,-0.9459978865193608,-0.04230970330708228,0.6189133826711859,-0.2194860004689836,-1.015700536100005,-0.09957917694924467,-0.41743344322385445,0.07347733211359864,-0.15940285943402355,23.547997637531417,-19.32731913293911,-7.844765766605266,0.5104495501335271,1.8044625582636713,4.3903231806353435,3.171306335247021,3.7961602578559157,3.6804533919204276,0.07771213996811177,4.381297378582642,7.987873053338609,-0.6517163758437103,-2.302444254604767,-0.769201862927104,0.27548945886427134,-0.2699837649611516,0.6527835023104365,-1.0989190713669814,0.28605710898732517,-8.789850056305106,-159.5171870642693,-30.72210355364369,6.733734879094498,-8.173814057900412,17.3149524618712,13.967355251551158,6.739429227935178,15.081890497000595,-8.048661071632335,13.13305038104614,1.6030150094681561,-5.168630577574731,-10.024690077485145,0.8423072352322098,11.319688382354153,0.9296457225081329,-1.4847892315906672,-6.026501170564069,-0.19960358414010626,-51.00133587423878
53.54019910023306,-4.018535137705907,-1.5048304618202533,-1.011763999775761,-0.7638875708861654,-0.5297663813891811,-0.9726821930336067,-1.135778464992657,-0.48945128627702417,-0.5391101034780439,-0.43722648828362676,-0.521063218050088,-0.4323202324548814,-0.14907932338934238,0.09753112769028638,0.3037984618646008,0.10981805304383019,0.5103178254251284,0.3318589137870138,21.178769218271274,-66.63560809325693,-2.249666113937569,15.909000843271814,8.284462592687126,4.5906443302628865,-0.1454264179168261,-0.6301313073761574,0.2837855175617101,3.4354204994444326,1.6825595874228374,-1.4471944753162127,1.6336870813014694,2.2989038410486127,-0.7994221370539942,1.596172563990883,1.9676092538221275,-0.7834070447648691,2.347371355617752,-1.1198609288453885,-24.7836299967267,6.634051184112103,-19.33081141853119,-12.449002454012566,12.12193865712656,-15.92397484821187,-2.0392363070560324,12.476025852992615,4.32319538186825,-2.0309285510009456,1.322925315948867,15.358457003118781,3.287992039450202,-2.2480874822405794,1.2762532832806397,0.6396390066414088,-8.62779932822076,2.9985905939855924,-5.988418246887628,0.3872945138267726,10.13681305955011,54.94746909735012,1.0388001812021366,-0.46499457653732224,0.03584825782282852,-0.04576396724798659,0.005854457662556101,-0.6699903371530129,0.2297744368658341,-0.28052984002134096,0.25503606082550245,0.20768349512220752,0.10884894829234915,0.07771945922032675,0.09273514098448365,0.10227814357415399,0.1772779565387903,-0.23531813756240316,0.13538139307197117,-0.14326806809022652,21.178769218271274,-63.31062119459021,-13.263305429155054,-1.6214824685919642,1.3533116584092078,1.1947770521435452,4.176380712589271,0.7016905244573035,4.083796333527733,-0.4286049973530388,4.576260786565747,5.4889866504361855,-0.13726789799469086,-1.4657148670571074,-0.5862191361384756,1.0480501374007831,-0.041319680014308524,0.7636233381025088,-0.9596492059280617,0.48356854608880595,-24.7836299967267,12.268288010218114,8.896953606512753,-20.40160454924817,-15.974623751817372,11.869382778684129,-0.225839752381241,8.643744161050156,-1.0642132625975869,-3.365531983810585,0.010638523523559762,-24.957237483403226,3.3849417555519032,1.09033303202728,-2.712495148775096,7.634973668123576,-1.6007113065172984,-6.373467671629816,-0.9115629345728291,-1.3529943268489055,10.13681305955011
45.48057782074487,-5.161840804053511,-1.6072219195077877,-1.017701749081645,-1.2152721283810566,-1.2638206468032522,-1.1343180100116665,-0.836801957272012,0.18857516827426712,-0.2606821060875668,-0.2865992507316544,-0.5664728740871541,-0.025617431434901583,-0.4529671458184943,0.30626544563598057,0.09150204788336791,0.061697322845282176,0.35972857887612597,-0.07816130283984202,17.264310537743302,-34.73095508941329,-6.76937988768682,14.505034482486165,9.187427197376639,-0.08710755008794901,-2.1628708631668094,-0.14628602520714074,-1.660352235658456,1.2733601014324378,0.216582213412446,1.7620169386985816,1.691507165161031,0.8762711074059117,-0.9803226844254056,1.27108562661766,0.99499542905059,-0.23957963672334337,1.105568809982001,-0.6699781988486272,-12.587265077879646,225.51104647330314,-5.318555432256945,-45.03580603407686,4.104544247914285,-28.34509926606891,-7.725280069233305,2.2872660730022063,0.15835919484517058,-12.158725155306271,-2.690877454561009,18.85859347207746,-4.420744680192378,-7.388603352703892,-0.11814041376472839,-9.576978439187863,-14.427953902316762,2.6513280619223525,-9.493459807771453,4.364423665153789,96.23725555794412,47.72269063683093,0.19708864640606594,-0.6397841469088581,-0.6177557872687625,0.3514746454694766,-0.42673122233315386,-0.08009277111602753,0.3097109814881316,-0.5501108159875532,0.6279968629289714,0.2777210180295073,-0.07209753907124372,-0.2911647088308478,-0.2007616231077174,-0.10479973673465581,-0.03745008610804512,-0.3402391577608581,-0.26538186834020827,-0.21207258391300687,17.264310537743302,-28.446638368594733,-13.838580819875038,-4.492065393122407,-1.1768420921885339,5.001594249319547,4.395428149050814,2.3389036362873203,4.000435622082074,0.5154369897810005,3.0713980139650303,1.7866491345893816,0.5049781354573615,-1.1951534421897445,0.1070335079054272,2.5446927118391374,-0.18297649125093485,-0.005250124042081583,-0.07159467570342049,-0.2951985802391993,-12.587265077879646,217.27300454514258,50.146050147492076,-21.001893252739514,-15.742366802023277,13.245713692806943,-9.662850501677056,13.349530201347767,-1.6577779152868386,1.360856763993893,-9.736369787875368,-29.449609533741718,5.596938474537611,8.222886139247803,-1.0396591055311115,2.7423494188663984,0.3426111430198653,-8.199032148248481,1.2511141028038166,-1.8809454922278663,96.23725555794412
31.122519957543275,-6.1436675732485275,-1.279869493591066,-0.4703501860142696,0.31891158497886796,0.3960155067514983,-0.12108021945493119,-0.21741644082038558,0.1696548671487106,0.001189879499118307,-0.36735356112289663,-0.017735522981523255,0.10443545412445454,0.04425904095836786,-0.015204140127633048,0.1053140007366502,0.008597688215127297,0.24718498341811745,-0.14276700230559902,13.528815568173052,16.73121057811779,-5.25135632496525,0.7608603492877708,7.928257264436386,-8.82827051099095,-3.6222991617098588,-1.5601478760727447,-0.3451472980137116,-1.454201078366479,0.5297753380701735,2.3380486286898283,-0.5359238977466878,1.0530194958335,-1.7268746616385073,-1.13918665829927,-2.0924429680458347,1.2802449081743301,0.08529870415678187,1.4526275533789652,7.081851607593453,333.4555079719474,28.345680911624697,-55.803910614127545,-5.343065746918292,-25.09968922223938,-23.53380403470974,-4.760787614565242,-3.6579448797924723,-9.037557116459732,-8.142852482772772,15.83363975456715,-9.167404206596794,-7.17798007707942,-1.4484809388409803,-7.738197064457969,-11.802992967255136,-3.2997675197897047,-10.8875226134169,0.10610272340990434,134.81025812439202,33.826554838717854,-0.7607489380618306,-1.35434804488001,-0.35242709381733217,-0.8886736405946505,-0.17425931910350445,-0.9600516388101266,-0.04783305543098426,-0.46064074411893063,0.3014148133172736,0.14309157864240563,0.12066877966452227,-0.14954011516290833,-0.0290823356694192,-0.0552466645064944,0.015247548876331951,-0.14627394371208602,-0.037375254296191596,0.06510138322422365,13.528815568173052,18.380808979335015,2.7122283708670936,-10.520081378367099,-2.2044171345136685,7.013130721563937,0.39851101971633707,7.058151104683882,1.6878573843414921,-0.7449720878859778,1.5495888598844045,-2.6942909288093704,1.6278426805482613,-0.025017030733302414,-1.2905975703585848,1.4412623820930233,-0.9533604347461517,-1.3970920891507028,-0.08438819327386415,-0.24093078598597129,7.081851607593453,306.3851436940347,73.96286828014354,5.995520828978256,-22.054795797387357,13.778454914682753,-12.14383607636925,14.97218730697753,3.6251966369245734,6.029333630793412,-11.877878111134796,-18.680195090951432,2.0754279063234997,4.6962837344700255,-0.4054038469654091,-1.6964103976308669,1.3776769804858218,-5.769628861620966,-2.542931421690066,-2.766443185412839,134.81025812439202
54.25422340070343,-6.448824716887518,-0.5239938326493876,1.350165170469933,-3.1357427958252835,-1.5550794835471833,-1.6822213050225026,-1.8239937939854007,-0.742799138344743,-0.2374016608781333,-0.23731195877204492,-0.25810022944319266,-0.22461081465268284,-0.4247804796526464,0.15569824490084638,0.024289329858445008,0.5194808558081858,0.6395028111305519,0.5722327645575822,21.079341923640705,51.10843415907599,1.7395264351386466,-1.3026472003374083,8.337417332070448,-7.396667402183918,-6.3300415086954605,-2.4701305728957164,-1.3711249319718788,-1.0727254516965963,-0.19042729523920987,4.387554350321314,-1.5329957721065006,-0.5695536658620575,-1.9999048790868739,-1.8137391417486846,-2.9636077548168247,-0.3773776976551717,-0.8100459780515499,0.5112201780086157,23.396036920506877,104.33227486568683,54.271715810944265,-47.82595778066722,-20.417726609007637,19.63851995858768,-8.806176460616319,-3.834340878557133,3.8293978195334795,-0.8541610292417099,-5.873139736276119,1.595893620133411,-2.1446218113487667,-4.061606614362721,4.713412698432846,-4.156814123649401,-3.455564568983952,-8.687082000839343,-11.830318896649175,-9.509684281788033,51.48269859343819,57.05955580796261,0.30364257493509683,-3.704259112907631,-0.30288422488888767,1.5315575342222463,0.9971487376164898,0.7086787199029785,0.394626477242058,-0.1818669263150796,1.0196637824802597,-0.020377360984769055,0.2042694487355119,0.13496644876793118,-0.10506050818931856,0.3354082238598879,-0.11005221874348292,-0.4645806021700538,0.12405831794596978,-0.4111868752108483,21.079341923640705,48.46346805266956,9.240492407129697,-5.541197621348663,-4.287856446286529,8.10400319232862,0.22881593084496088,7.29269506841651,4.049533908870129,0.9163240672315278,1.026448447985629,-2.6452929239094733,1.2641975721536192,1.088649896857232,-0.9368421985826052,1.4500580459513503,0.3573421839147026,-2.3663748581871977,-0.9109925262921719,-0.2921659710892194,23.396036920506877,64.91723815039097,63.52867795315596,39.2125692059689,-9.38479565588652,-22.485965967070484,-11.614023657406996,-8.28952356517433,1.6128951564126481,9.096334179789052,-9.20797940637987,-1.6582217400314296,-2.562784781668303,3.352931780182683,1.5919579992949129,-7.948102282751829,2.728141409437857,2.0061707104175373,-4.0151748019048945,0.40828028517008597,51.48269859343819
57.518981599312674,-6.000721343771528,-1.666014330605568,1.7684311726666428,-4.217787492659527,-2.195286543872145,-1.478804483564561,-0.8147561956428184,-0.7508646721507586,-0.2858626570476739,0.7071541800814827,-0.9432114892454126,0.19368620707075923,-1.02660998729152,-0.39677860109178154,-0.708816663145855,0.5210487406495434,0.4130800613763064,0.7329756567777843,22.8121793291193,57.172451268472116,7.668721180462046,-4.089113622380172,6.037934651881075,-4.304420354808819,-9.828743112507372,-1.8486028408144906,-1.6898005741778146,0.08968471777908338,-2.185361899637721,5.156856696155996,-1.337763553363162,-0.5671738108571129,-1.0138715091437502,-0.730513584054929,-1.954585637871734,-2.364391774193807,-2.1385825570739225,-1.6574087555690578,24.62984806627605,-138.78785053558545,51.27425566627918,-2.5825163225353656,-35.00225389597381,54.85235585836047,15.154859655067018,-0.9641406219981214,1.0470158169077242,0.7201226501148938,-3.2412679770078068,-14.158340085549845,5.750056028909193,-6.819973902366828,10.138805943960708,2.3101234501278105,7.178129804733081,-8.567018534071398,-6.833147034687105,-13.777239215413726,-44.46025009076435,59.46944100145179,2.341637402371168,-4.192797782721485,-1.2237960906239431,2.870759949157597,-0.5068300124540972,2.4646994696794247,1.031245381159617,-0.8371378288005666,0.8339970309920606,-0.9904127797753395,0.784586794663102,-0.14785463494571394,-0.6004142016540082,0.6028053543233938,-0.26310119451656666,-0.8716934599331567,-0.10153279670804993,-0.16417631543429145,22.8121793291193,51.42689744179499,12.178592097414345,1.9008440600102916,-8.118579063235472,6.532800037980385,0.18776878350757187,5.710888461881473,5.871845508595992,2.385618279318403,-0.3402034860119505,-1.6351398657901028,0.5208363368189302,-0.25947466934558294,-0.266983206377164,0.7471622715292432,0.3773594726457836,-0.9406287256354158,-1.811415991478719,-0.9011693511926036,24.62984806627605,-164.76012886211186,3.6165524420540214,59.344703071316346,18.338438462914898,-48.38775235595588,0.9068296503138924,-34.927759456117386,-5.788622143030388,9.978336706717037,-5.23027792535014,14.216381736309737,-6.6771940863307195,2.5284690240111294,9.2708025292433,-7.909985940528614,2.8845596659169006,9.446702091358755,-0.3371344920333361,1.3390490110545006,-44.46025009076435
57.836564079398165,-4.363550701222687,-2.065473101169241,2.031616237613123,-2.645256290653818,-3.1331903758391606,-1.6905211644047098,-1.223694545846735,0.11247221207570357,-0.21236948543377565,1.369924053826813,-0.8702327770084597,-0.35501964083908266,-0.9174850712369873,-0.40981689475628746,-0.9832364975837917,-0.38321705219951174,-0.12824194912874343,-0.2604225433772258,24.320647117523617,-2.785438001747039,13.906439265071667,-6.98295742201347,-0.07627480084952287,7.470227351114824,-3.4627371180762125,-1.9192289821148343,0.9266733121903354,0.07433668873880173,-1.3624190358716666,1.1505597150322031,1.0201160872948847,-0.3444355464301423,1.0198820885436388,-1.011657972329211,-0.8017155205284363,-2.760802295958946,-3.6976500077272347,-3.869802185268633,4.3800859894981485,-253.03493074793587,27.58336330419311,23.09576492534189,-43.82648670501348,47.5192727028817,32.560993805427636,-2.4689948026030213,4.367002601992464,-6.897526034277634,2.6747203632917302,-23.904516292353478,4.91308208640614,-10.402824245979463,6.8273429288201655,1.571119805410377,9.549698211727277,2.040446757325563,1.9970306074888264,-5.599483944791896,-96.94035258702613,59.132981581798745,3.2661416797544156,-1.991158088662452,-2.3259995120087216,2.523759446757662,-0.14603791023537704,1.8538792088474518,1.7949387176278955,0.09629975996902873,0.8749299780843924,-0.4781732647163568,0.228042239506276,0.25231749948917104,-0.3835167894067255,0.2912032768260753,0.2803953775457555,-1.1607168287439216,-0.688799360280365,-0.243516720128359,24.320647117523617,-12.511063524629236,13.192576293429319,8.903756490673349,-2.912158955770892,-6.001223392423919,-1.3062125615483011,-1.1322268248986402,2.714889138161148,3.4983088960733357,-0.5876955162767277,0.427962733064033,-0.22291108351212463,0.5985412672077373,0.39120532556217325,-1.0823083742548867,0.515734259772026,0.7696035494090434,-1.2156681775534404,0.2390608449491598,4.3800859894981485,-263.24175770078676,-31.088540742381973,40.79265668327313,47.76851520078529,-53.14471082471139,4.031253785325964,-37.38552644039084,-14.867283043562598,1.0717321196724652,-2.3166784314112956,13.210618736418386,-7.0135612110821715,3.4004973538526437,10.74417590035877,-5.761127919756805,-1.7144565873542272,10.501972564826236,3.5290082756667234,1.956139757293327,-96.94035258702613
57.917575252431966,-3.3519439908499202,-2.553686670521225,2.207891606354673,-2.0785418450112743,-3.729300603356198,-1.0412317101710729,-1.3624663519786258,-0.213138449171971,-1.104007158041921,1.4074567806556724,-0.38055102588047074,-0.11394703821090202,-0.21632441782133682,-0.09770336232653065,-0.3682159044780984,-0.7222492448779274,-0.43823391498919606,-0.5551437261227239,24.22308700436962,-25.715778609263417,14.302315093207831,2.309757298858119,-5.3660236170905335,11.164460041539911,2.521478470514026,-2.3176689824622465,-0.9705385116409566,-1.667670823526731,-0.5048627801175014,-3.1226240964405387,1.0625481870072162,-2.469526515065872,1.8326348265265908,-0.3851655179451017,0.41567581717651136,-1.8115520597094816,-1.8874727983489281,-3.2454808726892734,-5.640297972284355,-214.6771883281382,1.5570203879584703,40.03098196750207,-36.6926911963549,20.765451932867588,36.463791369180456,-3.951217237717513,6.069091657070506,-7.858267806169383,13.3261919028101,-17.409097973311894,-2.46851161115071,-12.675437890350052,1.3568519510508612,-0.6526580341459389,6.25317873006778,10.540317311967446,10.531162004946376,5.5031688673770915,-86.56222495766156,58.50329067269728,3.8472975582356828,-1.2604765269974538,-3.4001589818751516,1.8816254221278341,0.4912183965762149,1.3227923476583734,2.187933578674093,0.5930850523982167,0.20367997250923198,-0.4455804023868519,0.3692005526886053,-0.3379529751963197,-0.023345798249297722,0.3404369447750335,0.008703487054604553,-0.26852019324286003,-0.5366544109223836,-0.46931836991332276,24.22308700436962,-33.51198966307152,2.544462648744293,11.929793101280069,6.276953351685961,-10.128132164037737,1.6194400910699143,-6.193267676717237,-0.5391313018192117,2.9532038510516374,-0.25847812065948705,2.877272110858745,-0.9672000347842267,1.4842717960970098,2.680779932190676,-1.2475473780681652,0.40972336028363676,1.7582697527305544,-0.10061761365989796,0.16298031152208947,-5.640297972284355,-209.77700914154892,-46.047800986780246,12.759861778436694,59.592104289538455,-31.171780737851456,3.4121533007893783,-23.630743645522443,-15.25901669318058,-8.410813504126628,-0.34866270436485336,6.753406455678565,-4.634251646404662,7.89322127777989,8.683650114290987,-2.8599321255501993,-2.717751399268907,2.0933721947625425,3.248682616944956,2.9240861534413085,-86.56222495766156
52.662207573270265,-0.8199937608124888,-3.5716363736982943,1.0922975532011563,-0.47025194409199766,-2.519441012843263,-2.860622182776664,-1.0868020597223293,-0.9744939054647359,-0.509538928316843,-0.012183401543038208,-0.02937241747822128,-0.24301196522692337,-0.3199822201159186,-0.49966836064638454,-0.5468688097396515,-0.23927129940755187,-0.7836652045503143,-0.7186086366264801,22.56393108076462,-33.96491627602417,12.21441113086231,7.0457998017143915,-7.87384688595049,8.628528751082568,3.775344602507659,-3.470094903373349,0.4527453377559245,-3.642810698182506,0.3066833266465454,-3.424963399557158,-0.2766105990886196,-4.81978943674741,-0.009486582511961661,-1.2008532720984098,0.6261106235226908,0.36642582376544697,0.06291444633036614,-1.494485735827224,-9.939066353725991,-82.05546627948272,-35.6743587989113,32.09612401979333,-13.396115719823797,-17.01987048070736,18.229916874008634,4.67446607638249,-0.1333878310719112,2.4634262107906095,13.091861270505607,2.254872831563162,-7.116169634750639,-4.798348993194064,-2.5067202251506844,3.8612673306005023,6.495275539965196,9.922043359678165,14.03405800893774,15.425437952285566,-51.73862068093154,51.28709921002525,6.147100643717499,-0.7185414954329721,-0.6707822571487294,-0.9744868984748316,-0.1549817476728168,0.713518868464184,1.173726947565394,0.8521760811221966,1.0409745535833101,-0.07881218314699634,0.3005070279666979,0.5292862524971027,-0.19799204711058715,-0.07456175849337532,0.011912570356944485,-0.38136546081068046,-0.26621496372358355,-0.13908542549675273,22.56393108076462,-40.68796724529056,-1.4867132397262637,9.840656199653015,12.398634946645398,-10.137886119018015,1.5286071697267718,-5.447990082479555,-0.17861920770356843,1.1683973412011432,-0.17275345039625045,1.7038104559752962,-1.4985648475858886,1.9170253410622575,2.9613641823128596,-0.4331510891283479,-0.5160680535813376,1.5351621850429351,-0.0018875773682205388,0.15382907620009767,-9.939066353725991,-54.76445233538716,-48.53981416402075,-15.597870975212635,23.210684755457272,15.008433798042416,0.2525301855651123,-2.7366332749966085,-8.248785804202036,-13.49736371988218,-2.6246337034684615,-0.06023179273734547,1.542228064216237,1.3152629978950525,2.5914448079463717,1.7450152125986458,-1.78921196145995,-2.0914749927714285,0.7063080922544854,-1.9308220398546505,-51.73862068093154
47.248270547744916,-0.6213422673727123,0.2419459550880183,-0.44492129367264077,0.27694035482951884,-1.2414219901130807,-2.0525884656097073,-1.3684716945254995,-1.0412170251439044,-0.3897093256648909,-0.16310414045386112,-0.8323675755069238,-1.0970808882682563,-0.4090439995887589,-0.5444356271192838,-0.7191625984796695,-0.4567001656011773,-0.20294471008737225,-0.6606717329422254,20.87038836135662,-34.57640375845841,9.29324544154596,8.911998749506935,-8.409624903745893,5.499154911641103,4.78411171179092,-3.0487784990439897,1.5817092415746439,-1.9808754918449543,3.6431828705082236,-1.2599307332052707,-1.9236560157467648,-4.667215810873506,0.1792388019094806,-0.9622449512432991,0.4580906551365924,1.3421528219277188,1.246716218370465,-0.09348254660121613,-11.491688240942654,-27.385796507514414,-53.66570539877777,-10.660431942064228,9.236239247703487,-28.437484559475074,4.425717614926979,9.57626476714693,-1.486389012091096,13.74293081875957,9.29311701561359,12.611252573272415,-0.90930859075333,11.662646479167845,-1.52072977196227,7.22709016372882,7.164515668812245,5.450033227886639,6.949462475125329,16.763156562859862,-38.31261334895347,46.63638735580278,2.173389244761773,1.1357904713038103,1.0870719577890413,-0.4441829602450249,0.3073619517995798,-0.06175419848756025,1.0722856152812619,0.26152593614866815,0.6217356829128582,0.24854273486935274,0.2647543830407777,0.4557968865988251,0.6472133932932607,0.16191418294903648,0.07600188921965723,-0.38223426753450007,-0.36313380181638966,-0.13490180698904986,20.87038836135662,-39.3731552686488,-3.505663629397984,7.812325094738805,14.02207613032561,-6.984758967648295,0.47643556826472455,-3.9466017320892903,-0.31090866506193926,-0.6548326953088143,-0.7220058711346158,1.1036395005935482,-1.1584626043465192,3.027893932617102,2.789762422392986,-1.0073824338091257,-0.4656150703119881,-0.27672194607109035,-0.7939649830988508,0.6034896099025816,-11.491688240942654,5.205314178688717,-18.285985842759203,-34.21782589473724,-21.42313413002787,31.701771893683443,-10.749453488280352,8.652055638465242,-7.857257155334655,-10.50710248573193,-1.7384282808343134,-3.254952910463149,7.960429891657605,-4.9570904849353274,-7.826904806079097,1.519089048556257,0.5873720572279992,-2.031381538547467,0.4940899170955584,-4.0875656770329405,-38.31261334895347
46.188758293729606,0.3783540024698633,0.059610486883332925,-0.5789007553484651,0.4912669849670692,-2.48945738120689,-2.919890238372067,-0.9943192056953358,-1.2948938490295827,-0.416176738299018,0.44272281460300067,-0.782629801739543,-2.2733474341841102,-0.8258685716092571,-0.7868773984091157,-0.4947078388216608,-0.3327786799551633,-0.21442932841447226,-0.9549014078810871,21.02746326216712,-39.3828585668909,-1.4262053085530493,5.763983862558785,-5.252532017433742,1.792944675710547,4.520904698289658,0.7835588143672827,-0.4161444799534204,1.4626521282932181,3.109488774068274,1.3466494491961503,-1.044866628703444,-1.6447653951233572,0.5932199882768516,1.2075154096201388,2.424714830474121,0.6233669430615358,1.7522844883819384,2.266917627830122,-18.56352921663847,1.290488735319265,-55.48584263368504,-29.467066162021744,19.682394111648673,-21.92100785851664,3.467570701972617,13.72127841060943,-8.574606293883715,17.731358450163135,1.8960392976658866,7.863506026795148,5.62023291793567,22.652794529119717,1.9155691556709231,9.702992091094949,6.028850150601021,-0.8724275009150901,0.6712424477558774,13.083234310576948,-27.147625362821746,44.72244961760072,3.3597392166282387,1.7310365120134237,1.6297024914818814,-1.382279421564916,0.7101938970163264,-0.17784255931935866,2.263453095472527,0.8462779886943746,0.5795253976844541,0.026670394643188988,-0.4690170994627545,0.8139552391227274,0.7618857059784252,0.16388911317489985,-0.01128785032743962,-0.336278699076634,-0.7765034535174723,-0.33381046349044663,21.02746326216712,-36.962706889534175,-8.052267649509915,3.1635550063376634,4.820622032637919,-0.06869309159743198,-0.6084452073631501,-3.623876434710918,-1.523615082318506,-1.4463546906875282,-1.668248492773394,1.2846631418279586,0.6438342333771401,0.48436169789521744,1.632436484434204,-0.3298832400850835,0.058797494339863476,0.7413619024241515,-0.5158404467067212,-0.9466048241684114,-18.56352921663847,35.33577602325328,-8.470383462751961,-34.776050414446566,-44.5885583623414,33.126545615417676,-12.378568004856515,7.023015786619071,-13.930634820267256,-5.844563849412967,1.108767258762721,0.7006815577197507,11.628627513835957,-9.567811416552011,-11.135227564336525,1.139612198504495,3.497271955337674,0.6273043725899823,3.465408491425802,-4.634468701778092,-27.147625362821746
43.86609801297309,0.695504848281884,0.08668927394142933,-1.161321691243463,0.19027614627974376,-1.3522365632789248,-2.535986931895366,-0.6178531582048006,-1.0433762233120247,0.6709031822032783,0.5500383059800176,-0.9657503416231923,-1.4323872091690615,0.12623815888007273,-0.4352213190668146,-0.1652510623687975,-0.004419143640262302,-0.09949374387188459,-0.48373861379602845,19.245476793197042,-36.69970571758726,-5.710229386473373,-2.3795507025961924,-2.058561427497164,0.36350979948838313,4.361557230086516,0.34363654224090245,-1.2792881088318322,2.651063172615191,2.7402930039784286,0.7971957658190143,0.9920219064379634,1.7742847037060248,0.7709166551510491,2.024195223060034,3.0986315481069187,0.7849939945857936,0.74257341818795,3.255395726911985,-20.48437321530485,11.761603297407383,-41.24060389045051,-29.71385702130741,18.447237120173973,-12.083712365290928,3.072093461167009,10.397008527587458,-9.959451405143952,11.219796439403662,-5.2774107888515625,-0.3921088898007876,8.119179356557527,20.83676972843842,1.005679614012334,7.189242551758651,3.6198996162668085,-2.68129812598038,-2.293895714224181,8.03812431348626,-15.50270394534352,42.09903783458515,3.4881464570813208,1.4208970166487502,2.4606367089723484,-1.406857800151271,0.2968483583640056,-0.20482780449450044,1.487616172189557,0.26861775095772056,0.07340161489135211,0.05349805901482951,0.17473131423007193,1.033659497799419,0.891596536402689,-0.28247970796366695,-0.21250383775919746,-0.42942454714542844,-0.6784926575748647,-0.07021104596518501,19.245476793197042,-32.77196275160535,-3.315753067743482,-1.840569249430875,-0.6456072563242341,0.6881572690936921,-2.6867604645253005,-2.779296681368935,-3.7952619421790703,-0.9929713758699922,-0.379944739888072,1.4593693127008391,1.9418153705630616,-0.277941624787134,-0.5682086219095444,-0.5396367783116689,0.41597661493703586,1.1394791247662126,0.4034037795571316,-1.3305855768101262,-20.48437321530485,36.74699095027485,-2.3869858474826033,-26.950970702271558,-40.55018191689028,21.80499673785351,-9.581662378085717,3.956675755298908,-14.059847525393508,-1.9984256483690965,3.74405907512814,2.136916843329523,9.969920740947796,-10.182037328664311,-9.993753562332587,2.0529946548288485,3.247748890673075,3.2342234974758535,5.5001672739544905,-3.8494774396345344,-15.50270394534352
34.66186455721073,-2.1915199729163115,-0.6120161018456076,-1.1757682567303036,0.46955249803816335,-0.20358137711551172,-2.227143542450193,-1.670183567859389,-0.24208824223406666,0.5148992047832095,0.3045700998380976,-0.48511434877180903,-0.8977415023381994,-0.2910133052119086,0.049482190137450255,0.388532837441973,-0.15372833885724146,0.04075155653291107,0.3263836177154824,14.094622256525172,-32.258020928800114,-8.026772771970546,-2.041958553244918,-1.208181568250518,0.23584737790060784,5.720407194346169,1.6943367812889205,-2.4040591339826944,2.9068991946689904,1.7061479087443863,-0.5217736356717262,1.0756668987868512,3.285857570522684,0.6524590687027156,2.157422686297397,2.320265252338038,0.20879148697886452,0.6506070702995623,3.3726922827046497,-19.016536547955766,18.691360064968713,-15.517678312332166,-15.274292682256132,8.939080757613095,-3.2418570172076535,3.7578549563726753,3.172256172891294,-5.10060033320941,3.144330154805343,-3.840826825881818,-5.055815571226494,4.324712047329479,11.372818798108742,2.0574403394535423e-05,2.0330420165918794,-0.9872654520410458,-1.4053534197722717,-2.29532118405314,2.3288458655417204,0.5618220047144931,35.07442052586698,1.4635882128027675,0.7206827350633898,1.0527463835785766,-0.5274960243204245,-0.45394755463660474,-1.0268825458878048,0.20425412795199338,0.12545282837390626,0.48101734120736617,0.6610417256942446,0.6674356790606208,0.48253579584441453,0.4960346235518007,-0.017306433079565364,0.18556418101630356,0.012910630206859453,-0.3664557591977067,-0.6447332180928909,14.094622256525172,-26.320675492185643,-5.816860251929495,-2.720921835485428,-2.5618025412003815,2.5889285703198293,-3.0790788163064726,-2.520134714530197,-5.401759979278631,-1.584815243224751,0.2105996133618382,1.8762863287815261,2.7656099218772994,-1.21396258851163,-0.9272640777041372,-0.09721781762482884,0.7917720814629874,1.1407138359192748,1.1321322870166892,-1.1963676813325943,-19.016536547955766,27.735350054116772,1.969707610974826,-12.649306269700737,-16.68104443255275,7.21601462506066,-5.333585569667818,2.466645407200181,-9.36278783101981,-0.8687649724292044,4.348240565520374,1.6001633899878223,5.067345928314557,-4.332669536538191,-5.478456580071275,0.9077498056073494,1.8417446407721993,0.7999385781433086,4.024673974906379,-0.3653078188508341,0.5618220047144931
