39.337221696046974,-5.510686938740395,0.3504954189324634,0.014721250176919831,0.23813169807065915,-0.07409658771781258,-0.20821726555215925,-0.465107188166197,-0.43327076057816694,0.0215101333219887,-0.009007827812671287,0.47313645653799696,0.2820684703519847,0.45898594661573866,0.18886357226931505,0.22335759094455554,-0.10846769160052006,0.4083731176732388,-0.027048905946333468,14.772352261111765,32.67620317631173,9.005416506947945,-2.255565300465547,3.6614477287310785,-4.904225711815629,-3.851480371492318,-5.17389883158786,-2.590307357086955,-0.24051643589096816,0.37586204099516607,-0.7585561386854125,-2.8266025427015125,-0.3918291954619466,-3.1482251900978255,-3.1410680464191554,-1.3665793862142708,-0.2927909219874394,-0.7174859698285494,0.4876327494658952,17.33778813497061,23.04537800212313,3.241316950914861,-6.064296432787563,-10.099736820593058,5.39436269486072,0.9629049886244996,-2.81992374711065,-2.6213224043535073,6.2070277897890165,-4.643321606032261,-3.9526713958233133,-2.363353972142659,-2.8336202762949965,-1.8832084713906,-2.7880493738946974,-2.322997699548623,-2.6000130178231204,-3.8480002292667597,1.1122676547055037,17.150850900109717,41.92462353344905,-1.4956508326975224,-0.9470856031754811,0.03227607257885179,-0.5707880372202987,0.5275302916952742,-0.38443996608719466,0.2545126150074726,-0.07019750081868859,-0.0298198484945269,0.4771906675442823,-0.09743780111014733,0.11488705678429523,0.2648373226215688,0.11883174487709236,0.18398531104171556,0.08112483714491137,0.025793017224443604,-0.10623796965444554,14.772352261111765,25.560541795410614,12.474969712157536,-2.0392869040659805,1.268038608508827,3.079619045088534,0.8954377654016876,2.487638871578277,2.3743488622946254,-0.13392783727743485,1.818915799273669,0.8453377414034489,1.9453508752840594,0.4246955194076927,-1.571650032387918,-1.8090993304864327,-0.9040972013298576,-0.45485942869881235,-1.4195683908354404,-0.03168506482549138,17.33778813497061,23.125572822710524,0.6047157022305782,13.035570362057395,-3.098971164998452,2.3030176907892965,-6.699019812786499,-6.53538255322642,-3.034992420662178,4.602581507668283,2.0257538495337477,1.51103950382731,-0.005255575570428661,-0.09614878002686411,0.7933648822473631,-4.127849093498332,1.061457054229646,0.7147110580395437,4.215991606299286,-1.5833706967480923,17.150850900109717
50.460736690289664,-6.006860867259798,-0.5934934112622394,0.6784802402265098,-1.8531678034962957,-0.12021683683049478,-0.384896160788605,-0.4394545687428968,-0.20922342718063636,0.8812067993603914,0.32329341236555065,-0.053322304950704336,0.13017752145006956,-0.12668169023551434,-0.11939832066853184,0.21610894338790154,0.06744627213226329,0.7122949109965102,-0.27370918226216534,17.717897836621624,40.255499793215634,10.709772351174184,-3.5416523098733337,0.7656003231804918,-3.0658986485441457,-3.446645156069371,-7.2118910352700105,-4.078148597621594,1.4853113234582191,-0.2610972473430211,-1.8186519720712373,-4.107579591615122,-1.405033324776893,-4.014211790671589,-4.453984646685841,-2.9363377013817846,-1.2481998684634863,-2.083186633054885,0.7869371985218652,23.741221645220897,-16.46748005961907,-28.782187417475704,4.58723843146317,-12.92857306649477,10.905662703419098,10.142357380631072,9.295614234046955,3.420337634775395,6.08831987750002,-6.275981193736175,-1.8464562561825466,5.8850933502124825,-3.453405287408757,4.715568076972934,5.019470764550952,3.6001729509584073,1.3202341819622836,-2.339334422091553,0.9786624776452788,-8.238337404549906,52.80877578506967,0.12273126493931485,-3.2834661396040303,0.33502545672508965,0.055792522584066084,0.8923723238037846,-0.18059557551783634,0.4438287017636462,-0.8814513892303109,-0.12930609412226435,0.5093665975685753,-0.07940313918182262,0.0390203097923052,0.13709536655392585,-0.04183740402798475,0.023112032431046536,-0.23174342580020046,-0.3917680801892949,-0.3701375868900305,17.717897836621624,32.79481562141423,13.20390923579141,1.9528664322000435,1.4104688249879427,3.6116133731786384,-1.174302080425929,0.6522188898540444,1.6589123631196876,1.0314826620134099,3.1185900406016684,1.2339202942499838,2.8145266236420996,0.7227723179363104,-1.1821943689111363,-3.0284439314284257,-0.9966159482143584,-0.3025712423994418,-1.1736132990538373,-0.5730007499778562,23.741221645220897,6.8612841121129335,-36.92465269956889,6.543632598880749,-5.077561541083714,-2.0837465367608083,-5.469514252272151,-11.294757775610512,-8.854018245376963,6.075868697232341,-1.6714651600393888,-2.9661398480474865,-4.559681247490657,-1.234911550788569,3.074398943396157,0.7360967625361479,1.7302424937203624,3.101957683177981,8.221261381355122,-0.027433044543375917,-8.238337404549906
50.11356578708149,-0.759891721006722,-0.3052928162029587,1.513565619517664,-1.1683314070536777,-1.9767766489076304,-2.7068272337278665,-1.7730871764213245,-0.6655526452224163,-0.2204071791996296,-0.5544365172444885,-0.6769354340684086,0.16209934707196894,-0.8222928300075476,-1.227539504471339,-0.45630777838425285,-0.3428201344606314,-0.1023307639026716,0.34009760694453006,21.96847354084214,40.409243868921344,9.773897060292256,-4.644670012155435,0.05950302120984308,-3.1262078960210107,-3.5724454848915412,-5.5648646033021105,-3.157047938996389,2.000083579328946,-1.6273191178518709,-2.2048439199041567,-3.3677910043160377,-1.3020372689519717,-3.656836125506244,-3.8786344332331613,-1.7431990784048252,-1.115092957660976,-1.9586357528487615,0.894114352290662,22.711496829900323,-42.41228116646558,-51.56392689000835,-2.9756067997743605,-15.003667914629123,3.570021116375973,17.655063013139454,23.552116564065088,10.41466538846197,4.06330556375992,-2.61724114870477,-0.6665452296124927,13.64915630748573,1.065102998018887,12.001353733720823,14.271295840611389,11.910875060497055,7.775256107972572,5.736046589975164,0.821322249271385,-43.268802410038205,49.26281830534405,3.9326429745628273,-0.7985387869941967,0.5149206847601464,0.6557312054217859,0.7928281583418628,0.7574572744172647,1.3470290027766985,0.2684655247484051,0.9293811739561764,0.8837715732338602,0.86622030556772,0.3651681899841366,-0.4571167155385687,-0.7053833459135854,-0.18762665031787873,0.010129254268061105,-0.47521062948640735,0.009869306550601253,21.96847354084214,33.50619129376407,12.412857801455887,2.482421608829705,-0.35266208222995665,3.9651307264381295,-1.419202218077754,0.13765758582718401,1.2145709015510056,1.5846576669112844,2.1819556033765433,1.4065662168938364,1.5081352133198247,0.22758273012995178,-1.369695423002627,-3.2633515767646024,-0.3271093007727841,-0.17364799282872578,0.5654498664234011,-0.5527125706233551,22.711496829900323,-8.2381752451331,-46.54644756120928,-10.873525853182578,-7.05438454578017,-8.948206422775101,-0.1731077572979478,-15.19490472929157,-14.833444183172386,-1.3646268844203466,-7.5228301183957775,-5.29024535214776,-9.724946089752745,-4.878926290871167,4.008614524243571,6.366129354527686,0.827049417643938,3.6044020341953686,8.629410920895833,1.2509746641434318,-43.268802410038205
54.07679954713753,-2.5311983720201403,-1.0924366184364924,-0.3519007729032064,-0.5915860736392453,-0.8460791351575891,-2.5648577990993107,-1.8501914928494299,0.4255258434730673,0.011920165911287306,-0.6456194691323813,-1.005617393966361,-0.3604636303964539,-0.9074805604084126,-1.3299272127032782,-0.9049785750819326,-0.6153914044022075,-0.37786825806624846,0.18284643686916735,23.044902443857026,20.57594280019739,-5.769917478462062,1.2326062711109826,-1.0018664507556894,-0.3404032680033886,1.0801808755228295,-0.33060882870725683,-0.5967682487445405,1.6833434952490847,-1.7605379764494034,-0.9586403761673137,0.3865383632119914,-1.6634278024213125,-0.5361356839071494,-0.2625494707366762,0.6218169353602101,0.7784771868304707,-1.26657828936422,0.7737231868761512,10.531765085230798,-83.06788738017107,-46.54367562070172,-0.13185381321284328,-8.653668349369841,1.66836299753191,16.850744539737562,31.168574063849476,12.407448363513572,-6.717823111723707,-0.3366075476219077,0.8827684590801397,14.935924624708761,4.598182424452167,14.421087343287159,18.071986687669636,14.659218330784611,9.220601691342448,11.067927298697999,-1.3060497257586194,-69.66594383242033,54.65293395820867,2.3921568815680083,-0.04492579516610151,0.4961881789821758,0.6217590280479781,-0.19226968184098459,-0.6292791414124022,0.5377106026827034,0.2762123174044695,1.0498746605809557,0.8908603618244852,0.8279964573719689,0.35113264915252973,0.034717157246069386,-0.9832826754417816,-0.1285166823856665,-0.03466299261638439,-0.31051180894704955,-0.45079198274589705,23.044902443857026,25.018359102290354,-5.956300682276083,-1.0283248610734481,-0.46039181666363804,1.594989936033332,-0.6819993689946671,-1.984749373351432,-1.4727712800220467,2.044713759244376,0.8016633172025376,-0.9183464203654881,-0.11588191747915189,-0.09420386134772141,-0.13542786538248475,-0.7139248260792739,-0.32746990474821325,0.9555136949551348,1.6985531712126993,0.21511216580175252,10.531765085230798,-54.62491787976494,-41.53816417598599,-16.618361094990615,-5.448096658451021,-14.403466596709023,7.681625370952634,-8.671228478930527,-12.001776059066206,-10.02558657660879,-10.984835854631584,-6.529661193684372,-10.672838545102454,-4.367232947108331,3.1452155804969872,12.875316692042915,1.3441729204124722,2.0673803834841595,5.481978385336648,3.411247740847248,-69.66594383242033
57.73381220208371,-2.3615696562140958,-1.7223679835581276,0.5596632673466995,-1.9557631148683714,-1.497388181000036,-1.9006687480478615,-1.338262695611125,0.24939639375945433,-0.3575061088793947,-0.6269733470157837,-0.7346115011121936,-0.12362958820073944,-0.979032681050934,-1.1451891983298923,-0.08769818902294002,-0.3245953321637727,-0.025863174219762586,0.1917304606333312,23.464598372444225,21.309841089588062,-8.536702023238108,-6.130497990844885,-2.9566528416153917,-4.481962843898021,2.712638119281308,3.1615183471633084,0.8763351627055029,1.6921202600935592,-0.1830381688040279,-1.5218345514436207,1.7509166336277968,0.2699195423697067,1.113413623380366,1.8988622859119562,2.8097808256632595,2.581498604351868,1.7422331533137,0.9049008799244447,2.308115209946557,-109.49401283905578,-25.150632905382192,7.843535148515482,-1.6174518340387158,12.452896459520574,12.11823010160731,21.840591336551164,8.474711811443196,-11.101955479276866,3.916750012499111,5.381071649958027,10.48405417322498,6.419910805473952,10.85698143819331,12.837174979914591,4.008061784064402,2.4958358614719076,7.759022814255575,-3.516211670242918,-66.6954079187926,57.755640093761585,3.576065259716075,-1.325144970979593,-0.22463632966466962,1.12879407326681,0.36025018547878185,-0.09126939022631975,0.8148571153234467,0.14329947931956344,0.4715675758421347,0.9897268938632455,0.20293000727286925,0.07262225216915885,-0.3688212842258165,-1.0421214077983103,0.09624501806368002,-0.10423937586135956,0.2678898148150215,-0.3422670570381898,23.464598372444225,25.329682432406003,-1.2181491094133534,-5.985454184020524,-1.3237233435554674,-0.3861724477263633,0.5627325310370828,-3.7913293614647694,-3.476531407720701,-1.3228568281030912,-0.7840358982246545,-0.7236515773626955,-1.4519178990316877,-1.606279536385875,-0.09072602203045821,0.2167057941028343,-0.8251455142409612,0.7182991197215838,1.4590538344792077,0.19974580935642017,2.308115209946557,-92.9702110324648,-30.347436530614317,-5.011593328480275,-1.661397038850827,-16.140090469033957,4.876223803307506,0.10735756842118138,-4.4720918039502315,-11.671175670477691,-5.482850884665474,-5.054951219563148,-5.649843714158593,0.26633309004648265,4.440361335035631,12.119631251703943,3.0578277266632377,-0.8056506930030993,-0.4747710271312702,1.2499623014762993,-66.6954079187926
56.93858488288725,-8.090980638887142,0.7313473079708364,0.6544981909341474,-1.6296535835906432,0.18017936697712278,-0.9532798179822359,-0.9552509335202668,0.17497380095297066,0.06948727597557225,-0.11975836083245861,0.1687849101771839,-0.5586719121242325,-0.31637960666739584,-0.29184820910759335,0.3427126163873502,0.4475724643990693,0.040771971472945756,0.18733598433150966,22.23571796343598,8.271257492796735,-3.4067659174114966,-2.8646652271350304,-2.0531559200918115,-1.5538396758396855,1.8361853117129852,4.009204521422019,0.10888403328424667,-1.719618572785941,-1.1515414956778964,-1.7187724267614355,0.8010289017673409,0.10807948178835147,0.8112070065286854,1.6932603375764175,2.116781511976479,1.513805196201316,1.6003425632128834,0.12851907182566413,-0.8900594610123811,-62.79904807350924,16.178629384395993,17.58675081788619,4.802882276306031,15.02289772510082,-6.625324484077092,0.6378873651189592,2.9135971456424925,-13.18640780721376,1.8533696757027167,6.109703699101763,-0.4327447978779604,4.230411447835791,-0.043746925294961825,2.5272096012232685,-5.155083380559978,-7.872445488606761,4.0052547491802075,-2.4754249743202825,-24.014122712106403,61.07154444200608,-2.6771302187753507,-3.534325478148056,0.47460805560567865,0.61675605667822,0.7676616257379916,-0.7486069298717601,-0.0264709945207513,0.203488513106298,0.5004323635360253,-0.0027842729288614088,0.1943010512260268,0.13819134802593336,0.025233718206307376,-0.23043078612525925,-0.28255875413383946,0.3031977367420773,0.08595828326634036,-0.08651332219475871,22.23571796343598,9.570611112210791,-0.7496693967669641,-2.122376218870149,-0.8280488735748124,-1.4144683380936272,1.6755432304929698,-1.7189018759652424,-1.9964245117775627,-2.5275533787837974,-0.890832135913525,-0.9658014054639363,-1.0418660927333714,-0.5439130223599418,-0.24907127914872706,1.6691857291593135,-0.07551138127403378,0.2851453930674832,1.120573909586583,0.75639393045588,-0.8900594610123811,-69.43008809084921,-4.619995581364688,16.438212459103333,3.7448985019426377,-7.686345551225656,0.9487530642640771,14.48613581152191,10.58329416957475,-5.9465198088403906,-0.18599452838468533,2.7506738748601256,-1.85563529654324,3.7613669022991347,0.6915810803004272,6.192453006440166,8.285989125710348,-5.2283621956575885,-4.195960609162253,-1.9036647506014879,-24.014122712106403
59.337593664000664,-2.2483515991922753,-4.282433774829066,-0.46796028320870864,-2.890279074026989,-1.1335868403343323,-1.9318570507047497,-1.7823898747331546,0.3057835060844116,-0.340709818633786,-1.5782843471162602,-0.3886782693262827,0.3961632591207116,-0.561136495187873,-0.7971478633132034,0.3247370387127355,0.41644723331466427,0.5594656979845813,0.7903032731755812,23.52712338602594,-8.185419896906225,-3.982995172924122,1.3257333112253118,-0.2235781611414538,3.706958537657425,2.108667347817036,3.1855243899088337,0.7274818257108153,-1.849413126291974,0.026557648011931168,0.8657579303719181,1.6669908130187783,1.0221644916801726,1.0979832483724945,1.5620481525675873,-0.4866504746807583,-0.23483903161044495,0.4874152279904742,-0.5413894253055533,-4.925294856374389,-47.9279607622054,21.71252981906885,39.0232634405385,14.663596542747944,19.13216622962505,-11.928741346348811,-16.45824601670203,1.1273930667000154,-10.318768490273818,-2.3904698038988235,9.934152058520743,-5.690043491190659,-4.805425449344497,-5.080044159062981,-4.302642938933997,-10.118857124770773,-11.467589520043607,-4.216826704789005,-1.8792532695590034,8.344673441579175,58.718354279648345,5.85821197002783,-2.0465660375134815,-0.1361509253293387,0.4651464672434833,0.5942287700709161,-1.078543512085441,-0.10914590248192457,-0.35660098715405475,0.8120843733663143,0.9687681019291858,0.45710905912484723,-0.33150092764550276,-0.4977380070339168,-0.9734563935204295,-0.5231783715642728,0.20034844944962216,0.05608124164650152,-0.07239711904675783,23.52712338602594,-5.255040227428552,-5.3641761066058296,0.5236506234879177,-0.999532073199783,-2.6001853710153693,-0.15986161616781924,0.05841262134467984,-0.759648384546352,-1.9647965993134746,0.28677788760183764,-1.0971819003385135,-0.8537945561323621,0.5856038556593033,0.9073069513983096,1.6049087714680756,1.075825300821745,-0.24128918838644964,0.6170539836708242,-0.1983723022122692,-4.925294856374389,-53.611314167818655,-14.764193051307696,19.639684872658307,11.199507314974564,0.9516599964645245,-3.4878453068726327,18.780351632740178,19.99524265523413,8.9907354496852,3.023116166173813,1.9625226334741088,2.60145259135535,6.690158495631385,2.119666867100001,2.171836164952975,7.62555153112066,-3.090010157405353,-5.637178828415911,-2.3657278939102073,8.344673441579175
57.410537562577424,-4.291190359236799,-1.2447363363685384,-0.8646669576714081,-0.9012479319797793,-0.10988714963394841,-0.5446613870598571,-1.5736858866462917,-0.4624769990823818,-0.5722487270504653,-1.0293501824628608,-0.7780695589756461,-0.5663203131630037,-0.7108251500756004,-0.6573177114234139,-0.05280543296153084,-0.22901008904076803,0.12963858743802126,-0.0521804334891256,22.568610206559978,3.924049256689912,0.04254378857894103,6.297866029018979,0.03303734716035711,3.076584903769299,-1.9304959807835809,-0.023668167520539907,0.9344569925740496,-3.1390937151650284,-0.9386510470060245,0.9024152324757981,0.2121288745775205,0.07565544684134995,-0.5502939590506946,1.1694623965471425,-0.30750910474777005,-1.7495767394917534,1.363458047887497,0.2591558523310089,2.14140876233807,6.077634040993509,19.17481635114791,11.70437112721978,13.432756227541352,5.047965108707006,-11.020769227061885,-20.4296499406768,-1.4217091666454285,0.09930774848558688,-1.2910207420559776,6.82089189389609,-4.5548636909050675,-4.7748747439575006,-0.5387772925594483,-5.286153895218915,-5.20072544745298,-3.6082476444716907,-4.265387500819563,0.3577121437089914,19.924421347502523,58.956882421370686,0.8762488280286487,-0.7454033713342318,0.03792104002710417,0.2463486620128279,0.5285126411094332,-0.9950930184654627,0.0014998556966077103,-0.7376141387506201,0.4342001938621034,0.4184390550595469,0.17997388507929424,0.28123772787988965,-0.025360120924244,-0.18302231800106528,0.14343932179129304,-0.044384208738133646,0.35567943243050193,-0.20752998651367305,22.568610206559978,5.595676386783026,-6.193284974362189,3.936228964723999,1.2499617991298386,-1.1411763779349933,0.1536742367398225,3.3334475410047983,2.4604342931781535,-0.6075762595706276,0.17325916009694886,0.6437556785524836,-1.3427612372004347,0.6905378937792568,-0.28865381194665507,1.6882001884581888,2.8650392505756073,-1.178873248819643,0.021572792035764232,-0.5376611537146467,2.14140876233807,-5.052936971818944,10.590486864255379,4.033073854832869,5.772235170808414,2.713284805800035,-3.4507270790466404,6.534946222147696,14.670381180193377,13.631175741444817,2.169079183483024,1.6204647435086534,4.3176430754225805,3.4617691875545753,3.430124943252257,-3.58891951205131,0.036045272185255994,-0.6857019766931802,-4.5374298729904,-0.19782030716825028,19.924421347502523
53.40512591378551,-6.2529623825013285,-0.0714595057757843,1.2074567610787503,-0.46648667184509085,-0.29802124878598235,-0.512215768554634,-0.6653043061927049,-0.3565847693688564,-0.023359283360410377,0.26070152898537646,0.5723111399736105,0.3912768581587325,-0.23281828516058445,-0.18143037088818836,-0.13326440168887865,-0.1037235712490765,0.17341113179293677,0.040793956890872174,20.835504822695032,-0.4805351734612273,0.5949080333010972,8.799868101347359,3.3320487961324967,2.768907981110012,-1.3683919076448148,-3.0511683167164274,1.0272452164106092,-2.7575264138538063,-1.4847182950893756,2.134647648198134,-0.799655098372622,-2.116581164829041,-0.7458579733614343,0.009439786959595242,-1.0375024283600025,-1.5206051878234008,-0.24773794141810934,-0.10004414510772941,4.964717819060919,46.35614212782626,17.3990576514539,-20.849001753696335,3.8771919702241533,-13.707675507713269,-5.868054553573987,-8.180372634296745,-6.795761828844247,6.699401165322071,-3.967207265495471,-5.043925160138212,-8.61726375882646,-6.897352699903209,0.9595029290582366,-5.297695694231909,1.1576987944101107,3.664249343718188,-2.766795165008258,0.37214780943223946,19.654071654918383,56.185450990365005,-0.8827123169888398,-2.4577807126425464,-0.5060588584752739,0.013905085091821423,0.3998938697091514,0.06117996474287146,0.42104749794159124,-0.3685474944087148,0.6480726044800145,0.23052427969978462,-0.21680368771994551,0.29390099007183235,0.110129111038614,-0.26337125612636947,0.4211586305119863,-0.051092997314478916,0.4415562320683528,-0.38094487598486726,20.835504822695032,0.5114927112105576,-5.878437846269589,0.8050856605115557,3.237024977579489,-0.04698842957341798,-0.42025562552265994,3.0726717464203,4.292660517418504,2.2125223371329237,0.19547653685701505,-0.547168802633851,-0.0007440311204809369,1.1215742533602184,0.9888986779185065,1.2931166469298843,1.5173549353945486,-0.09469663803752959,-0.810035020953338,-0.33609059551342013,4.964717819060919,29.12233983568718,36.72666212820613,-7.253247598047099,-4.527968384985829,7.2778955749372365,2.900085384211248,-8.343545214843417,2.460196458028142,6.822378826076941,-0.8663224033805328,-0.8552411069142745,4.743671621980166,-0.6616709307619746,1.1978521545836736,-5.130847871995506,-6.928829096131841,1.4462063283979592,-2.5178425591709646,2.460894921346231,19.654071654918383
61.86684338633978,-6.0674033529431455,1.7747931879536853,-0.16669165762940352,-1.3032573327969428,-1.2028514191888426,-1.6749345428175637,-1.0465652215034669,-1.0633889189029095,-0.5585135151641278,-0.5880436826453779,-0.20564535718400245,-0.518400988222568,-0.7556856912063874,-0.014975757046529647,0.41795878421427224,-0.16713050306493704,0.9155282785125165,0.6916685686393687,24.65223162627047,7.457632151570991,3.8916906550498496,-0.7495470585861645,2.8854087150418892,1.4391681567875239,-1.9356696740870323,-3.0872740956037505,-0.7518522453883645,-1.2159080547622314,-1.0414138951552319,1.0572286612735016,-0.24307998798949249,-0.7099850619357921,1.4637389711159257,-0.1735124272290436,-0.2081552349103888,0.3525644520719484,-0.16477460249260645,0.08670250358124787,4.1271448750212265,17.071246443456076,1.4106850471774433,-49.04168508620596,-7.259310249804713,-17.846577215506006,8.389759657975342,8.779105010447886,-6.785260382230051,12.128147463009853,-1.061579380204063,-6.928987741560514,-3.619192336906144,2.9562919703113617,3.7841411672236056,-1.2321155223280544,2.7740002328668414,9.1269567304726,-0.7271988460428915,0.6538983100250788,-7.194759294976812,65.13583428003926,-2.4033105624481106,-1.3606036582215242,1.2845429217435655,0.2717885587865543,0.9416661942887852,0.3482551022164828,0.9386494518565676,-0.09432636305168574,0.6690678280276496,0.688215477462081,-0.14012319395179418,0.1707593360568942,-0.42302674680328556,0.25862673940680514,0.6777923701158346,-0.16051816428569365,-0.09599281592670317,-0.20107002058302736,24.65223162627047,4.1608761569817645,4.802704905192605,-0.2465568099655333,-0.060209813560241354,-1.3344244059145853,0.08037669564706995,0.041441672570795784,2.8126116273366977,2.1993750237154126,0.23935813120039828,-0.43057558256194084,0.6904301824719785,0.9189863725668883,1.425195329217303,0.03062203540275421,-0.2782535624678075,-0.13100187045356693,-0.43459652459653597,0.7263429235223303,4.1271448750212265,4.156712855856341,46.31213827661656,-16.84550082119305,-14.367161744026703,5.236827333764478,-0.3646529561058669,-20.007450340665457,-10.292709485402263,-9.433268553433567,1.2585717966448398,-6.107179390746501,3.3431698611159306,-3.9771541713120477,0.7004596628229454,-7.3009167909087935,-8.637544225959926,2.6096989090254996,1.1102227448749664,2.4160470830474874,-7.194759294976812
56.86917316538887,-1.0627910856885534,-1.3922644863164981,0.8490764648365374,-1.3048203830634013,-1.2713006593792926,-2.89230463118411,-1.5323275990992624,-0.7725237409322276,-1.0899365721216425,-0.7316137729259347,-1.0747179194084155,-0.6860869857640268,-0.9116352113031967,-1.113598947021848,-0.4293962840551673,-0.37479515358495163,0.04265188173827905,0.3683566995574694,24.967671585701154,13.225859719566365,2.7919602195673754,-5.575061021820284,0.2888321400298568,-2.328170842708322,-0.822773082318232,0.6271410368020662,-1.8272444697301014,0.5386946261676626,-1.9056645606612008,-1.7336113640960393,-2.4140366351109455,-2.0336916038828607,0.5707182478183026,-0.4153122826602744,0.04252198760560644,0.5462150444667981,-0.13186602932360314,-0.2690888462145531,3.908872914743224,13.37084200768139,-19.648055638237608,-29.438468767060236,-25.090587331954552,-13.39233112372644,7.333410938697412,14.441748541115608,-2.37966704736826,9.881802545836168,2.524221922675596,-9.251346116917306,1.1708830754019326,8.715435111306412,-0.6789829624679553,4.446795473913154,6.250879689785661,6.137930764083513,6.044262219305917,4.059413791434214,-15.88154309576468,55.884624705919336,4.558772742131415,-1.3364230638140575,0.859050622602175,0.4289323040699111,0.17752418071991016,-0.21388169921626377,1.5686095581473478,0.4280162935629399,0.7923888247120487,0.5602954894109933,0.616785583080151,0.2845253949461042,0.19554464486485723,-0.5477225987594225,-0.03167742802926932,0.21106710820463737,-0.12310014465156494,-0.24367239976879074,24.967671585701154,10.023529805315668,7.501160017719835,-1.0115802881908653,-2.6084304593476575,1.1353864304430448,1.326829846484181,-2.467357051860027,0.2943611773884469,0.042917172081975874,-0.17943279964015346,-0.9876368232384385,0.5014455450215145,0.14054415088450023,0.6493084581081674,-0.1317260880019604,-0.8169428407224681,-0.042121713370508074,-0.41378263759850786,0.4000731198423577,3.908872914743224,23.422342957243586,3.240563261349542,-1.0506505686344365,-8.481331052419788,2.9302575704229152,-1.9822295069416471,-12.445667241627621,-16.108894315314778,-16.25681708552345,1.2762998238339835,0.20803547456808658,-2.413667197245274,-6.932696648329318,-7.260343194402644,-2.949588349152169,-1.5088645413634567,-0.8014881628624599,2.5159529664791744,0.3097231953962247,-15.88154309576468
59.40733001256124,-4.940430680118261,-0.9591073753912638,0.757227547970643,0.2375030020231379,-0.5910822813808094,-0.8982540035469944,-1.5161003628871952,-0.8624615406818119,-0.5596670302474651,-0.004578200870454463,-0.07609502327937934,-0.3826309221695201,0.3604527985536685,-0.2779896369711059,-0.008817109233580922,0.08280792816314375,0.11263091121904689,-0.17261055303180028,22.56609926256753,5.606475031904154,-0.35063978096547643,-11.035511952500176,-2.0750094496906795,-3.298164292074537,1.9915744355407985,2.526729660944156,-1.030928355470621,1.2768694963291631,-1.2589676043221434,-0.6279491321573718,-0.7902765255063897,1.5123566515239406,0.6834885139712397,0.7657806701930501,0.5394788037028462,1.7804915095994471,0.941922668818798,0.6706273578969602,-0.9280484329914884,-37.30906993918835,-33.951171352652025,9.479530061239767,-29.955350927487366,1.8726058548960611,4.337379501412821,7.5035779291733125,7.1989014805340235,7.48318064743013,8.61558104937392,-1.801675933406548,3.1250995848986713,6.019816981727278,-6.539244392460521,2.893340462220439,3.3113505384061455,-2.085817072774953,2.6424387712646955,2.358753610471726,-18.60848910102508,61.1877336420844,0.5568587510648233,-1.429360600731243,-0.674738607291741,-0.6283771504335096,0.6798858334275888,-0.8368413502004972,0.8340246392620783,-0.03620852087874127,0.4817211493462854,0.03826565892297218,0.10839434091523525,0.7454187117261979,0.6445297767712859,-0.02553562898316164,0.2307305698280171,-0.24096519672447525,0.4207093584921928,0.08700523713945385,22.56609926256753,2.9180142676586414,10.27298523195138,-3.578188471521314,-3.0108913544199396,0.8860498589390144,-0.9021949773165314,-3.900263230187767,-0.686770779507949,-4.239407953761937,0.989999726667953,-2.1896000065184733,0.07772890528653287,-0.807524140638908,0.23137112936998716,-1.2498368395302857,-0.2865839743458476,0.0996887433595961,0.37855797279583236,0.30228053013120804,-0.9280484329914884,-5.9654911769496195,-49.23989551380944,15.479053402914225,4.812850122995192,-1.7791279054944038,-8.308018841257876,0.7140969070396523,-12.314319882434788,-8.169925607774099,-2.416311800501552,4.597894317524895,-2.6990783001407115,-6.584825199408127,-9.789653216110962,0.48070618929572895,1.4520116247678903,-0.47963340706095425,-0.9713626834009386,-2.3325839292225337,-18.60848910102508
61.247812460457965,-5.420468609130083,-1.492039735013452,0.8899132282936555,-2.400952260609292,-1.015292358849115,-0.5869855197888856,-1.3441589703658914,-0.18770114539557392,-0.9756148061493422,-0.8978368939501049,-0.6994823445341738,-0.6934539768092218,-0.5055284061314611,-0.25757957225603745,0.10138453883785115,0.04441473537028218,0.50892680077787,0.3383890946191801,23.833007461918115,7.130464390212886,-7.107954567810044,-0.7763838352257535,-6.733035787478494,-1.5585913563221774,0.33469150688997606,1.3627040755674242,-0.023050252232392543,0.9369860835185806,-0.11383047916812172,-1.6484365135450822,0.05938470808679286,1.129965534094299,-0.695224226023069,1.7631909752051254,1.7141203972262105,0.8343966654546062,2.2210445325791475,1.6377003234515217,-0.4484570748150638,-44.96813350725289,-23.822071576560894,35.71298870535669,-22.426030675652243,17.56419240562357,-1.0342351516090047,-3.120404483838189,8.558812964076935,2.0013599591641253,12.521481801674769,3.850608102751323,8.039723389702283,4.767718811734715,-0.055454515300676244,2.1987010363567867,4.536751955667886,-2.69128015154539,0.19185847096941955,-1.6817170677916966,-12.46841531233525,63.17126621200027,1.3877830351146105,-2.9291923854831197,-0.8306333236314494,1.0316811549233758,1.1941989733818401,-0.5799503349786521,0.6205404929330594,-0.3761478294541991,0.6520295440006199,0.061680777350119786,-0.09033968264270298,0.07684337767943061,-0.09899492169458801,-0.18715311593236628,0.236218110294661,-0.031930337780342155,-0.02368617394034911,-0.324945944924929,23.833007461918115,12.844095134493912,-6.993296378974206,1.9455762069722278,0.47170022179944393,0.30790322321123975,-0.9200845425116828,-1.1793094230142294,-2.012095436816561,-2.6964947168901268,0.45830565104022947,0.4363611466284585,-0.9012269911503952,-1.4815188142015427,-2.0443608193591576,0.4585519098203199,0.7670878706518403,-0.6107860263753411,0.041364213590065146,0.030802198880253373,-0.4484570748150638,-13.960658752684097,-66.82865068761772,28.497518895228897,13.913736953514757,-9.657273295289606,-6.266160391648704,8.576316957747412,-7.279799421688604,7.430975130661986,-7.298131887520985,10.19868145864379,-0.7626265012691089,-2.3111159557268337,-6.307700164350619,3.1186150386389455,0.7343448726767605,-1.5999498353147887,-2.0999113142235073,-0.8829362655280816,-12.46841531233525
62.48076125475731,-4.063884481705119,-3.6930751639479253,-1.2246147642033023,-2.404273540061266,-0.3350683516835322,-1.564229268043098,-1.656113713605463,-0.7173654685066548,-1.2451582003113497,-0.8189066882119787,-0.7884014073743182,0.24146083306199984,-0.6169948368066354,-0.060095109332909846,0.4223077746191861,0.5135103072571696,1.15335215340212,1.0419660500569934,24.755539471666246,-8.149205153346443,-8.133937627587452,1.5908793787364544,-8.58133278494762,1.9906813410424822,-0.34571221798472607,0.2967333496002267,1.9455013861297932,2.3265365402773743,2.3704595887851894,0.11380326929474904,0.08275913286097403,0.7180948599392671,-1.1729119881936492,0.18390617494847605,0.6117208294823819,-0.8344348948094322,-0.020010497811633998,0.31268472398407354,-2.998434680712169,-8.502054685377544,-0.22379841128352407,29.591835260968182,4.402669867544157,8.761391638330903,-1.9734991441767793,-6.864660371198467,3.3351021765313,-0.9247929160380837,2.7228661468418016,-0.9568212586180334,1.1320823893316683,-4.2420203464658215,2.9023427657922736,1.7882900624297555,6.474188762490683,-0.03239929753638093,-0.6980037039089042,-5.946252883491546,8.285051407607956,62.951520660828116,4.318676907035981,-2.35331323314765,0.6239392176504079,0.4134390628293292,-0.01776869070044551,-1.4188421949962065,1.0692985947097373,-1.8119482784240848,1.2342473317173406,-0.15727716976671902,0.25230389155289923,-0.129161725629223,-0.16007139883856936,-0.5465764217718658,0.40055261378094564,0.010824930386594156,0.0435791851156051,-0.00929298293935421,24.755539471666246,-0.23215209608216725,-12.570014653365092,6.014391643910032,0.8061499073638041,-1.8102467550458847,-2.950175530483936,-0.24553368833227696,-2.1913200067781924,-0.5158818356855854,-1.2876669943905692,1.1563725912670582,0.0422273004875775,-1.5623947445941537,-2.1227966401045153,-0.024163868860521465,-0.3442631057710166,-0.08648641748162755,-1.1478512918912918,-0.25531358060788434,-2.998434680712169,-1.3791239476126478,-26.44564749660674,9.074289045443724,10.77252342543682,-0.6922693282491483,3.138401159159217,6.50237822958449,2.305209388166474,14.085840070216566,-4.153312694261878,9.415411907159758,-0.5971775668777717,4.005407411183288,-3.4215264941407915,4.5278049106128915,0.45543298861203896,-0.04024115885075097,-2.817590803343238,-0.11838027741264834,8.285051407607956
58.89768973939728,-5.055041468800146,-0.4134725096510441,-1.5265202728157368,-0.7632277901822881,-1.2319618707829432,-1.8779649611523461,-1.4738460498563248,-0.3765787352605159,-0.8041062266737611,-1.1486677860277137,-0.6888723733175497,-0.43315009633263735,-0.7705235066345792,-0.34095072323838327,0.21210147263155443,-0.17294801040466146,0.6328135269363162,0.5799185597388334,23.648722943744264,-2.3803669414347794,-5.227426645402084,5.968237665239748,-7.671021530167794,3.809502543544953,-0.17124733135997205,0.18193695055493642,0.9639471415081589,1.0145410837756197,2.5403627436225173,-0.17918351344643835,1.1693072305565146,0.7472986977768334,1.471191241250409,0.974975483140406,2.2747769525497814,0.5080381708985429,0.44502978947632266,-0.9309760631539581,-1.2901416175640605,14.154129333239453,47.676881759476544,-14.514015507395799,30.688716127172125,-10.84583266678335,9.420795427245707,-8.407871391017565,-6.357465596164772,-8.681571494286516,-11.167711855857645,-0.21968502227358755,-3.86248882407101,-2.30402503690757,5.087329430505829,0.6060850100910122,3.773816907312391,5.503286002600951,0.7771515149886055,-1.4738322973591147,24.414974572447704,61.424778763794436,-0.818784525341266,0.09834135588025994,0.44556182103082254,0.061975809044111596,0.06630917152808591,-0.5125359883255238,0.44492486201523773,-0.03236118610945171,0.6452785590466359,0.8762474770700681,0.0942173121861214,-0.01894379347695674,-0.42433517700979406,-0.057926247454910484,0.26695548532018654,-0.22022096853856787,0.0861470488317615,-0.18012219028926002,23.648722943744264,4.618283610844024,-14.491665383430789,8.44088910170791,2.439917386517849,-2.345101910209309,-0.7822600727564688,-0.006563343914066433,-2.5932639198207332,1.8966416783747935,-2.689665382871385,2.4387176071906906,0.13788309678643773,-0.6375785250012937,-1.3274577393298908,0.8147449459826301,-0.4209308386715034,-0.7490090506072906,-0.7005336623666993,0.23740204244786312,-1.2901416175640605,-30.690601319225003,72.29900498333113,-24.81057094016014,6.643869428202708,11.494911701242525,3.9450184656271374,-3.075082501830381,11.65803406370367,3.4626379756315604,2.8403355078315133,-0.34814124499399246,1.4948211283780872,8.21130856569527,6.2635838047213035,-1.2570162322736413,1.2588121137674202,5.457505726144777,1.0148057340096246,0.6165526530993357,24.414974572447704
56.50778879641836,-9.190113064076955,-0.7029512987042406,-2.325222093948471,0.413981437330877,-0.6556036344062584,-0.10439760806515075,-0.47850613007708187,0.39524552438934624,0.539808474407339,0.17773887981572445,-0.040020442457204375,-0.15373543243817878,-0.093505645291597,-0.14435097400569497,0.2416848386107584,-0.22572814635410055,0.04068229923400679,-0.13703292359959018,21.15902418129837,6.110863355039214,-1.4028029478112183,0.38809492775116317,0.5953183554260488,-1.6015154228426507,1.257794282577383,-0.3152169621488339,0.1431240359247532,0.7756955381816018,-1.2246311422965621,-1.8409862615157104,-0.7791965920754165,-0.4173201035502374,1.0514521632306375,2.0540334474402875,3.4962449072864024,1.9274711081092883,1.4809281884157584,-1.018160890546073,3.6353195421869877,24.46173497242995,66.68649635939819,-22.615857346765754,39.55994711479167,-16.934453193080053,8.978675277718459,-8.198535359840413,-12.103514689661878,-14.904356951395101,-18.1710450345012,-2.4348097066573104,-7.285898014774836,-4.188185700598821,-1.7507474433459436,-4.046061936157195,-5.927732497775629,2.1481041097904416,0.4590747130545134,3.9515300447583974,29.448968526311855,61.944901318146236,-4.624864795389785,0.06406835054208315,-0.9097612259409749,-1.04864785501682,-0.23125703088750216,-0.9933153676931998,-0.17382754866810712,-0.4660427603939077,-0.1587368553720072,0.2091686046965271,0.03722949374461182,0.012114925007314703,-0.25419841562336876,-0.10223099765215027,0.04323032942974603,-0.19006309008617617,-0.20813289883950836,-0.11306343048232281,21.15902418129837,6.3413580556772615,0.7993459858763021,-2.2887003961672927,1.3912617759392676,1.8664177615247146,0.59809336738547,-1.2354471549456032,0.7564181560773742,0.5069438837138862,0.4873288964928215,1.516927716780289,-0.7404149221207694,0.7732094203526114,-1.837843657715042,0.8359690976950049,0.5351418746218437,0.1486796760501954,-0.6592884908974046,0.139790469641079,3.6353195421869877,-36.30961650912612,98.3073486642281,-30.534934688763528,3.3561203223959164,17.252004454279007,4.729888970782767,0.1308165049246801,12.554717797914389,-1.429255332341488,7.84152540825804,-4.8489597867367085,1.803308108837251,7.77953531958264,10.983932328082151,-1.925652738495721,3.11570108904258,5.752806097875613,5.350439056231377,0.5180405649272097,29.448968526311855
63.04411521891005,-5.471067640645207,-0.0029828350154206262,-2.3952938719176573,-1.905328477532887,-0.9406483831677379,-1.225932874500391,-1.4509891913760025,-0.2367360999557646,-0.5979167716974279,-1.4857514346871756,-0.4890192117144734,-0.1222064951707158,-0.03167738126377584,0.27203610165055814,1.3290844831169557,0.6680530476251887,1.287776622600088,0.46240054987049284,24.986194298320022,7.077494802639784,13.364918972040114,-7.431999363431007,4.022996705920734,-5.185409307771286,4.243335970231775,-2.5352564640668276,-2.300594375212259,-2.628379162576791,-3.9001410415560684,-0.7808842592766463,-1.440881841480517,0.5456604973852661,0.7362584135177019,1.1311698440047258,2.1587668119803958,2.2050866652957213,1.859150946959754,1.5662069820370377,8.44215309995921,-34.901480052760476,46.96721203223818,-16.12285139069072,20.333566026571276,-10.697959024027783,1.7010889173589816,-3.591971597605108,-6.810567400108231,-9.47500745967256,-5.784322283702298,9.613921649512806,-4.6291108335540745,-4.3027005869616275,-10.013955264841721,-13.722830790298056,-19.540820155823262,-8.76302545034573,-7.521481869943345,4.311705540980211,2.3954193428196646,65.98371768876322,-1.3862788053879007,0.08256137352596893,1.1561755914231666,0.5901736587417958,0.909813107097134,-0.7959954205871886,-0.054528395288385045,-0.10077974928189093,0.0036889461096012433,1.097816693713842,0.08613906465465959,-0.3125842101394851,-0.7156602829671337,-0.001953355000908985,0.20441383313450912,-0.3059908528476023,-0.24809696314614205,-0.15435969992951315,24.986194298320022,-5.787960600998304,22.47152579307066,-6.30816324306918,3.5010790016130664,4.217026815547203,-0.7217097586328172,-2.2218939406227567,2.343052513607491,-1.4765885887740824,0.9909754595142908,0.08201296137484682,0.2375046843428219,1.4563333861727088,0.9449545918067572,-0.600022689594264,0.9567914373391202,2.000383789931136,0.30448568009793386,0.14152650030543956,8.44215309995921,-73.58592629157769,59.36492884200931,-10.9453434237874,-3.3838889672069374,11.647374425118578,-2.8301902899004947,5.080408378460416,5.972713051909457,-3.604669780574377,0.5770720280220973,-9.01844416390395,3.7544250582548435,2.2499377930591686,11.882240284881163,-2.262077576488676,-1.1377826724869258,3.877183748668581,4.465687776188465,-1.2621854835223822,2.3954193428196646
63.46298019252053,-4.557272869688198,-3.7042725373901555,-0.4925687869393176,-2.6339809078072918,0.1481720457975566,-2.0478537924434925,-1.5959801248832475,-0.3994390170682296,-1.9605684989477974,-1.570857994640103,-1.2779262842135646,-0.12267101929407964,-0.4606918178767183,0.6604282019427632,1.6119387230196867,1.0567453322968887,1.5663346997781133,0.5916446097181272,25.90446356547186,-0.6472685391687492,15.913137743390545,-3.016930780311045,5.351631654403953,-1.9790893298394252,1.9363337700786296,-2.443937623009098,-2.4739852003409366,-3.3041818122439706,-3.4948110358761184,-0.8027512111188022,-2.255095338507928,-1.2751788901643595,-1.6808192960002675,-1.9172219735622813,-2.29414034912074,-0.6089070871128006,-0.497533720026093,1.0398582237677745,6.859902223682123,-60.38092725027948,6.080421245284882,23.361799258047384,-13.453700392942617,8.78954272645781,-10.799846795725612,6.990377150819512,-0.8979929433824589,-1.0134189994947054,15.781804315855458,16.981637043868076,4.773116779137033,-3.2560396469930692,-9.559654322969612,-17.29707692555109,-23.31385122972042,-14.897516279995056,-12.778370347720271,-0.5615267990226771,-24.28722318830904,63.842730226182354,5.00209703999745,-3.489773440054151,0.9642632204238697,1.0825490187428444,-0.14047397479223456,-1.8948360563381756,1.6972343014002358,-1.524267054980922,1.7987065864322687,0.49040208030153853,-0.11386444574175458,0.4042631928783469,-0.9333306747174206,-0.1565783191513641,0.6993943771847062,0.12804971056620906,-0.11894305434414543,0.04772100670131185,25.90446356547186,-13.183838244724065,18.102064090498228,-1.8785495280831874,1.9536292610141537,3.5346911092153626,-0.6155062021543785,0.9275398624844082,1.6178806754648893,0.4561056317181085,0.792775288545613,-0.08975497919337383,0.8940705611280109,1.2804169596101656,2.2329633583682362,-0.2796064203199349,0.5247263007449616,1.4152202111869658,1.02485856499208,0.051644472926932306,6.859902223682123,-49.68790906825284,-38.112120144752836,33.38242803443731,-5.176442428942993,-1.9303495448409542,0.3351336889121326,12.86534585802555,-10.39884885624458,3.2270449672046575,-12.75272059680477,-4.933322955556873,4.608800191992018,-4.837517585159951,9.760508216396017,0.10051037258185946,-6.247412583502089,-3.215606613057102,1.6738245479459635,-2.3432326086521704,-24.28722318830904
58.958841442666085,-0.6890020799744678,-2.6288115720235905,-0.43134857335994603,-1.8319512714988466,0.48781827423103685,-2.173865100996589,-2.0654062400593713,-1.2934260458201234,-1.5039882607742272,-0.6648114784381232,-0.790360373179628,-0.17585205421205385,-0.21880121358316762,-0.17775538921024947,0.6063579364172882,0.28835858291770466,0.7995628001441399,0.9986832840984936,25.497079801637124,-16.452041020711036,9.598209025116125,-0.39067517607450863,0.11760483362889262,-1.3506900149705512,0.3400273835688954,-0.5496885178174855,-1.1327819404131116,-1.6830239708478736,0.7832915485611467,4.10865978611151,-0.40729881300426696,-0.9751222023969195,-2.169650661554999,-3.900812201507338,-4.600440497158279,-2.6052854566632773,-2.326480191274425,0.19586715017922351,-1.704723286901796,-23.0255974983854,-46.67489837181582,35.14760283137409,-20.18819738788264,13.513616762283716,-19.09203910849164,7.977379688725778,5.25573141204314,10.469185024232129,21.80264936107113,9.35818135265121,6.874694647659048,-1.6456781230563844,-4.0290837945665885,-7.737284856416906,-10.067364002906064,-8.039997268962555,-7.512453657131577,-6.073469939044301,-30.13121197192205,57.581884009277225,5.603497453500448,-1.2788193703562132,1.2590890986549335,1.1048907799378809,-0.3399372358359565,-1.1727226143144143,0.6809201937848117,-0.2415433332029857,0.16204456790164334,0.7766372199549858,0.28851662410071555,0.5131487656738816,0.38770824844061047,-0.33076393150243555,0.41726918011226655,0.6209145261008073,0.19379496663304696,-0.18975115872835757,25.497079801637124,-22.412081384744162,6.5394399852629075,2.763141955772157,0.4667891603769374,2.6444486285046556,-1.590555432936792,1.452147336601136,-0.03763865355976259,0.11972591408549382,-2.553852564886732,-1.267163126774453,1.1978528842894693,0.2337866018995136,2.5782588950690517,0.24149391674576215,-0.9846143879765252,0.5563125561586146,0.6902366977827905,-0.34961770095625466,-1.704723286901796,25.971664035055205,-88.97825230975741,29.210772911040756,-8.78996057043586,-10.646233182785139,5.347652191396486,10.687739242558292,-10.363013688013424,4.680400499501094,-6.856697360595167,0.14606767531032405,1.0925805073708017,-5.915974864433751,-3.0774816381519283,2.6133767520509474,-7.340374730030894,-8.840713047114294,-3.3476763403389214,-1.728945759773322,-30.13121197192205
58.22679141495597,-3.6245769727170534,-0.8985023203556781,-0.63137891602535,-0.6122518306058558,-0.4016700780663309,-0.8524003063216008,-1.4082902059058657,-0.7285004088004596,-0.7545612989923205,-0.6341067038682029,-1.016897530978591,-0.7645020979996895,-0.8403533771320348,-0.8780662153564318,-0.5440220625997778,-0.34033445755675884,0.036022350448934315,0.11475482117029667,24.33353254148088,-12.314832358425114,3.5207626482932173,8.548332463096607,-4.178835904899339,0.8758962939858868,-2.190474821953983,2.1871876401362513,-0.8897786531660499,-0.2036915574302096,4.32455472057256,4.205060237724249,1.090570283254975,-1.2849485771556792,-2.275420460717818,-4.078513992579225,-4.781077053004471,-3.1161009709087404,-2.815441416327288,-0.6137543741285045,-3.4348538585370285,35.77183096594172,-59.08271969029123,20.21644025825703,-5.348487697112068,3.900084493898061,-15.116973422820614,-1.8405582323444203,7.845822326835734,7.633451831675424,10.637049561529153,-1.374434427017217,6.3037250655058,5.845334681949044,7.075356833587765,8.537643301051727,8.741628894988807,5.014333806789498,7.191219765339943,-0.695241411910029,-11.057169177724553,59.5538990355272,0.9312791204151551,-0.1945160415584195,0.01559665095021856,0.46133913899281875,0.08586503950185387,-0.3411818395873829,0.26738849452773916,-0.16760815257430606,0.15847297800477822,0.3248808519792683,0.3830759945855893,0.23945691690571413,0.3105989978568773,-0.07762891956135443,0.19916580631334813,0.054094326033101936,0.08335041876693716,-0.06954546461943445,24.33353254148088,-10.19053608657623,-10.29067118259624,9.866861021630696,0.32018548208583564,1.6875320826255111,1.2000830489935237,3.360205135455226,-3.252660688461289,1.3223091158864269,-4.116617389709052,-0.2751457169234979,1.083811073901916,-1.0342759800907666,2.225758298851819,0.4654659808159216,-1.617861504471378,-0.737088013592095,-0.015251725766851187,-0.7862537340541591,-3.4348538585370285,81.76859653187239,-64.66793779377589,-3.9197490471823295,-2.4797884831693646,-12.620359269178241,6.337580269495765,5.498337847479464,0.9781355570757233,2.0046177349977707,3.019357195120378,4.122056371286663,-3.1088481042399274,-4.0871805352006145,-8.542186504146343,1.4325450984591104,-3.366776859367403,-6.812754996173022,-4.8123979165548265,-1.1627444633265471,-11.057169177724553
57.436189097336815,-1.138311076572717,-1.6012055315699136,-2.267086390560195,-3.5915380236188805,-0.49571362945134645,-2.0985038764700796,-2.111225121071249,-0.9137173895135864,-0.809274597394593,0.10020281298262956,-0.8231829948340936,-0.2888520570163706,-0.926671932413617,-0.9091227904535133,0.10684462734754852,0.06395021422037384,0.8896927016274652,0.7987790192340198,24.919298166864614,1.3984779630752655,-3.7763426663191346,4.359170430552212,-1.305868208368938,0.14390626145791652,-3.2392792879977383,-0.8621292512766137,-0.4648319427781322,1.0559682221323934,3.0915007607551575,1.394300692627433,0.3236326714675557,-0.2722937206472662,-0.9809829014068172,-1.656826574695255,-1.6314468375307714,-0.5613150272875869,-0.7381220334554373,-0.6437216885369734,-1.4760748448922385,62.437091331025144,-63.22490585351628,21.656775893559534,16.181290809016804,12.075931833858935,-9.74164800320005,-2.2891931385343725,10.964971048957342,1.3515711555091592,-3.672889793081533,-16.617748422774262,0.6203146789463314,3.190217126404359,7.93949792555593,14.949867069295683,13.835069157141934,6.871908169209893,9.730453484146626,-0.45675078005577063,5.612662427388205,56.922092591718716,3.9188501470347004,-0.18349634783581825,1.8639034563484609,2.2230029128691364,0.0013658834816938636,-0.846748860662017,0.641575181367982,-0.719246243442452,-0.45312053212001957,0.5469957444877507,0.43659528663572233,-0.11328777120341194,-0.04849567171975688,0.07931890357696725,-0.03777907541807446,0.00914311749825858,-0.0041253508102880865,-0.27053531474726733,24.919298166864614,5.701220337455382,-7.821232725260808,2.424517937594256,-0.07717939414070418,-0.18251026255044067,1.0443217114914747,1.9056430441709802,-0.4031836484361322,0.4305099188923056,0.0173231183440401,0.24774216789507086,0.6889246816412702,-0.34430757619370045,-0.5901836975109984,0.3341294858632815,-1.642102025068157,-1.3438186212364804,-0.8492973446920611,-0.3039972760906757,-1.4760748448922385,105.09264694931638,-55.647357497726944,-22.59835325334717,-2.171440437889964,-17.74785274366959,9.8134436969625,6.127146038073089,9.446002334837207,3.3277684738647646,14.15438466746033,5.5021035810214,-5.203306227410005,-0.7909536098244836,-8.347984217117002,0.276007418068988,4.200438839397087,-1.9747785052283782,-2.753418460857308,0.38094827098625283,5.612662427388205
58.06689018597261,-2.572237047242465,0.05609067393130962,-1.6641178307888627,-1.3162393847543314,-0.4552994133382433,-0.9919405846386216,-2.0179600109603335,-0.6911391239366029,-0.1456479703513347,0.1491649785116449,-0.7162298317588442,-0.7086453064697609,-1.2444666888204026,-1.0131450937252175,-0.5288431489476788,-0.38910096880881606,0.11354904087280682,0.3847195550861118,24.475927453589602,8.313387451908959,-6.940946256037439,4.71636654550411,3.389124326846834,-0.7763452211046284,-3.8324996055483607,-3.207996372451744,1.1149509642594406,-0.8569519928963922,0.6696091387914527,-0.13278887788537208,0.5313014520090606,1.2960742099353357,1.2625252407195242,1.2296068635575406,0.5921772685599098,0.8762746015941034,2.303897083734385,1.1120319371708585,1.216993413815068,30.806140369950754,-43.92131326694522,5.129984292026058,14.624771630180575,1.845462856881464,-7.601145697676843,-2.064120164160665,8.549633276916309,-5.0075797208987645,-12.22935502239148,-16.401945060522028,-2.3794904059153352,1.4256949350242816,3.9272362137389423,11.691283626770781,12.253021100599675,3.275113522541595,9.732350993371059,0.7426722767349949,5.415714553485561,59.07735789167349,0.6990851019322037,0.8959955595009994,0.8219487826200238,1.3672589935899722,0.2889159900457021,-0.37772036543676135,0.09057646337800618,-0.6242610419179755,0.04798044158857406,0.46764995957340716,0.3540017599417,0.20034347127161034,0.3976504347886727,-0.1288867462831047,0.11798775271418771,0.06539140807143595,-0.027608758505903497,-0.3050137823163128,24.475927453589602,13.643809160112355,-7.051568451127858,-3.6691120425854016,0.9857192966882922,-1.3620090798462106,1.2358453603793706,3.449960932439218,2.289720951440936,1.303022496813588,1.0168660444904158,1.213820559115196,-0.40588938966785326,-0.47412621894353446,-0.4539085974149104,0.39034834435086063,-0.829918310392924,-1.0410916982019975,-0.6115733720479075,-0.5525379711691307,1.216993413815068,55.110101874397294,-23.634065186795475,-25.72372286341927,-1.6918287821980886,-12.48968170572869,8.404351674855093,2.3853924807485773,13.69923139083648,-1.6017588541947507,10.807281817325695,3.319880092908355,-5.950712672109392,-0.9871942331071559,-6.983680924898256,1.0068575781949014,7.425940574188286,1.7646298402734144,0.42468997346791904,-0.11094250268648986,5.415714553485561
59.7380310386954,-3.1033433758713294,-0.9265228538909782,-0.5679132201626587,-1.4080043636956505,-1.1050067021318761,-2.5351595874763855,-1.9929873089212036,-0.7841225771858551,-0.2626945447171414,-0.3592969733143305,-0.7788778870557236,-0.33992731030065126,-0.5072360084423924,-0.9386292373734841,-0.216954939174147,0.03208432489993984,0.39173843820448506,0.5418400728720993,24.687844923136645,4.452394739634499,-16.78338944947669,12.353695729501508,4.4242701222642085,5.513396659504174,-3.70978422623394,1.0033069192093258,3.3473387753528145,-0.6806081753602027,0.7743194429109339,-2.031289867470811,0.18249294209185596,-0.6705250327402474,0.031125450504294605,0.9200609050721207,-0.3695330793695031,-1.1655191583097528,-0.02092269923194845,-0.8954013954983433,-1.2243157093837418,-12.066528466415015,-7.089691113383973,-10.705356730248976,4.155437314391143,-10.473470133402111,1.0878396293220223,7.151227038963256,2.2780701893458337,-7.908574684349054,-7.788962125245884,-4.612728459951454,-2.054565283762228,0.32107029242978324,-3.5697953285577766,5.333814614134738,2.1570317173437896,0.38516314384368133,3.2556904993760947,2.1581462280660144,-0.9236130284840378,60.67076474993177,1.8089781001115193,-0.6118162020887947,0.8173233357496787,0.5606757213640838,0.08069814463785674,-0.20163182930423496,0.5677343851416121,0.2020380709150018,0.22595239528176547,0.8291237501054518,0.6475160822432953,0.36055170039408324,0.04909068121921356,-0.13807027520991966,-0.3631928056222318,-0.0566433255365999,-0.17537411707656325,-0.22401563792525625,24.687844923136645,18.217069466569733,-22.903790129334755,-1.7680481387933797,-0.9516979658692728,-4.704707162094278,3.298285259851535,4.470842457145684,1.9141716939077282,1.7932534605542956,1.9565980517436983,0.7394055257168999,-0.6589499976306485,-0.44176508358634425,-0.25589976535608416,0.41705644401278663,0.7216334346827913,-0.27907485415062316,-0.3883117095053352,-0.27600144690564243,-1.2243157093837418,-12.654596075523358,10.994196468352298,-13.450999895292554,-3.6249124927625678,3.051350870251516,2.1286932096052813,4.252598863744545,1.13400758846941,-8.103607214226015,0.8129159815572005,-3.809227961248359,-2.7515363455135695,-4.1625382137576725,0.6663101569639396,1.8498770242710822,4.7899219518760265,3.2455667930118435,1.6651520345751405,-0.51753697935216,-0.9236130284840378
61.23256417023116,-6.1125339510864665,1.1223396135569095,0.21359666219929885,-2.092191271119785,-2.0132733445002464,-2.23807063704432,-0.9099336298511682,-1.2217738114125214,-0.69304675593532,-0.4707512496624089,-0.7733993588632457,-0.0909273663898813,-0.41880871875788506,-0.2485095601176761,-0.08603364505897515,0.11373578790050987,1.436948024027617,0.7992402629366862,25.0577558702524,1.5612794382706454,-11.936370593600614,7.116061959634988,0.26848074487437534,-0.8861174765965103,-5.755795201674304,0.2224094728129491,1.478952626226631,-1.839193219133294,-0.6315321317010691,-2.2831170124876436,-0.028605055014842673,-0.3729854535970478,-0.8178565298039029,0.47868408092247794,0.7144766182147324,-1.1764421441268598,1.6921344132464966,-0.11657838228032213,-0.8528761495484964,-21.328838154658975,41.01383701272752,-54.426504365336314,-1.2344960822450575,-24.07664425122642,13.498682428673636,3.4544680933238707,-1.8410182822405825,-3.1963632727682905,-2.276582919163733,2.9674274742351905,-3.5641457599346573,0.6897505794817098,-4.66335608243738,2.86396782498048,1.0946475315953248,5.919160864434993,-3.3834503333158965,3.3181314926470344,-1.8373521490879803,64.50146753647685,-1.5395690816871834,-1.814912135724632,1.0317463595937557,0.6114981948222398,0.6641215891134578,1.0612401109533351,1.449169368361392,0.023260938653761,0.3273695365490936,0.7907271287280158,0.07467090194787618,-0.23452592836480068,0.03485152267993685,0.22623984200751934,-0.0530864837810352,-0.4335583015504676,-0.136811884123879,-0.36907428861500535,25.0577558702524,11.106590286065241,-14.566425073957003,-0.8987173718851218,-0.08846962314892437,-2.2962103204669155,4.2752771122410405,3.2703016693421625,2.438277335785021,-0.1599420820419435,0.31738605225396554,1.1389626506197652,-1.2176079225168208,-1.4791443429480227,-1.433224129674766,0.9274312908386197,0.9132410527472907,-0.3871449769983164,-0.0333995566262546,-0.8557228999899207,-0.8528761495484964,-64.1225516971468,86.04229342633595,-16.56848835065737,-3.7583993281066643,12.783837821344655,-13.284298009581198,-0.8657027380441527,-10.742772387000768,-9.784497317938687,-4.3427324230601885,-9.716820355830366,1.5813184988469704,-1.797668904810993,1.1394126039279953,-2.2699510220086916,0.996267127185833,2.172939212367246,-0.20141628290834257,2.6354735890512337,-1.8373521490879803
58.07954947502479,-7.759857349389062,4.04251786336804,-0.9938085759221713,-0.4468637506840665,-1.571618776987315,-0.9737853906625675,-0.9915689239494245,-0.9887041334557285,-0.14841548314713338,-0.605484006665749,-0.7033517602359649,-0.9329735434264341,-1.3239381921927285,-0.8314101047212237,-0.29932666428155486,-0.7702277432891655,0.2175318604340859,0.143817967559561,24.016226103841344,-1.2587322633130853,-4.823476054229533,-2.193355641637715,2.3321722398128633,-5.037942677497199,-1.7337116752737556,0.9982813455726678,0.49220232091118943,-2.4071985069236823,-0.15240966662152333,0.16310052995284163,-0.4236967169016066,0.7227712573338172,-1.7256896804239918,1.3855421236896452,-0.6140806536862877,0.6576249174947355,1.1956045514765543,1.0496565852216242,-0.9029465774524752,-22.168349277350202,86.28882286131628,-76.99429462143405,0.4532249326684634,-28.287188688814304,26.247164466975473,-14.047413482001689,-7.022377301760877,-1.3731693445659432,-5.354922851370343,6.542528270965169,-4.174404054773269,5.450120671950093,7.203735436010328,7.157238593503214,7.526538362889088,16.799234895103275,1.1398628366577848,9.11817367686771,10.335989392601,63.3185725026019,-6.4137178258229826,0.2879334303803076,1.2831556849269585,0.2485297312058634,1.4629057138735835,0.669192129715777,0.9193645758301532,-0.14638050345117248,0.3854839462715698,0.7551599227688963,0.24678571681730999,-0.11673561317837855,0.004953901656568949,0.11028383143804854,0.40857476017093264,0.11908054523389877,-0.14367964275396794,-0.3765057850507423,24.016226103841344,0.6425317367172596,1.4332938203299141,-5.686179345402161,-1.3525411806033798,1.8102657928856698,0.5889524403632804,4.121772107591781,0.08954195362653028,-2.889811398792936,0.7735211052408655,-1.6194428584813931,-0.2809842246910308,-1.9230676210702926,0.23262914710089921,0.9905265247549431,-0.11872073070025113,-0.04800858533239927,-0.3058082351153173,-0.41117330135636077,-0.9029465774524752,-101.18353552717639,144.16496142315674,-19.736444690843243,8.24385365262626,18.655222458009465,-27.18995821915535,-10.057512623638784,-10.858897125376089,-2.1660318218813996,-4.711632632020378,-8.903172168863474,5.269947036482765,7.033147036536334,1.7252929259919099,-5.347902549165196,-1.1156614179791269,0.7567859403656283,-0.7170386051336328,5.803077434502245,10.335989392601
59.676770686943236,-6.212165357283906,1.1296012951192944,-1.3169297804719187,-2.2398684295583786,-3.099890976747676,-1.661422946639056,-1.7791928903329075,-1.5084449553683132,-0.5185535669868733,-0.8693000110564677,-0.7682954226761449,-0.5986149167053934,-1.245043861847186,-0.8274126195901088,-0.13041897728660867,-0.5761660067776933,1.0467195363812547,0.5254414166022199,24.385298788463004,0.5045318760532638,7.586015552702743,-15.223359951594436,3.8179252269499777,-7.538997678217151,1.9288053333083648,-1.4782495389714798,1.622010050359962,-1.5918384634987977,-0.005317766024185211,0.2537296605203969,-0.9476765984615367,0.9443013546391583,-0.19074523503502272,2.4288501667390183,1.2617748215159645,2.9242829959093557,0.003908291722184876,1.798568693134392,0.13763277330544454,-14.541345655779672,68.56579509662453,-42.360465093030854,-1.4224608201889986,4.56063566085001,32.49198530912663,-9.894843811651686,-0.26063536897859896,8.766793748037589,-7.24903804391284,1.4588148063977981,-1.202893822563418,3.6044895312974616,13.662379307029497,6.775053326676733,11.91616594045783,15.808821571138509,-2.2830829869835387,2.6586840791338977,12.402248327649861,63.30674915837105,-2.472779472079046,-0.0032379426761126595,0.5447977964569217,0.3752268284356246,1.7354507615483588,0.8220184897243139,1.133900035926246,-0.5300227957558601,0.12690769222065468,1.0741131985515675,-0.054437018603717746,-0.3005850434161701,-0.29689324026738806,0.21065184581222107,0.18872449619125087,-0.21604301581297158,-0.06015577398032845,-0.6566301587485301,24.385298788463004,-9.630197823534814,23.80103628720778,-9.994290614609696,-0.6930587599979865,1.7724233533361424,-4.051637234667101,3.1916447381940936,-2.1693503719188487,-1.2476937324821402,-0.562961693788262,-2.4651654267008407,0.19578697328582306,-0.6323094026070568,-0.12846675167940447,-1.0313622070245634,0.08839233589151374,-0.0701552264274865,-0.7535332506970878,0.8327847505818453,0.13763277330544454,-72.01421665937546,90.74361473674836,-0.7687344234875093,11.911050688278067,6.142554792881102,-24.483224667866445,-21.300192560147384,-5.472561853187209,7.044794542316808,1.8930560454453813,-5.558719002057144,3.9868505532110707,14.272559721397494,-1.6105803966682706,-7.368695610874504,1.7597650341880196,2.7549483044661187,1.3258066965564772,7.94797359338982,12.402248327649861
59.886561648682815,-5.465265699887376,-2.026831515491028,1.3634361210793817,-3.853137123224953,-1.4285537236450392,-2.3243427598926836,-1.3122565182247392,-1.8443862586698003,-0.4261459725021264,-0.0784723276408803,-0.9932782136000773,0.27530209352401336,-0.9569632771097378,0.043593354207554835,-0.5018025999034741,0.7058476809864092,1.1846549577659433,1.2035677886501446,24.572600175305105,-6.103406117931911,16.599828908029767,-14.973740625600806,2.876160347560639,-5.303757584092658,5.571497739762464,-5.170070315899304,-0.23537858759428953,-1.4908702254604225,-2.21624916561268,-0.028449068492246266,-1.4451733135714313,1.395891899116696,3.3194375211250184,3.5235971589154578,3.1200870004244248,5.183735719223778,1.3931217798590998,2.7061119052281555,3.448424525489788,6.360211628182398,18.252544302279652,12.044304240966834,-15.680404878432325,28.198568792343178,12.20340484828483,3.6463952852072046,1.8244679120770422,14.366062852450426,-9.118942931730945,-6.665981847042639,4.540451069557431,-0.550257402998922,12.326638681859624,-0.1496589458672326,14.074163648086579,3.8459162421966133,-0.3200583831184636,-8.72618972668587,9.354223846505636,61.5893898073433,2.9922302054724077,-4.360742971314135,0.38452702701640584,1.5839443010002263,-0.16049022139795355,1.978865035106166,0.7701400281724502,-0.9662257612766556,0.7129438700664177,-0.12229071404702063,0.5715779301735768,-0.5679525526153784,0.3312776362433256,0.364986985265201,-0.5434586609585004,-0.18940526107154754,-0.3666062897059972,-0.28582435353667424,24.572600175305105,-22.006304242218434,29.994959901661222,-7.088483862852713,3.4725234288683886,2.588587230008925,-6.133236676272071,-0.5185853890996732,-1.2114630149283818,1.2541133748336941,0.04095560875462301,-1.9101165200545343,1.2693260727094122,2.6513909645113403,-0.04563199135781004,-1.27749808163822,0.5762270841211163,-0.059176759253223965,-0.38676416503673505,1.7812834450595973,3.448424525489788,-0.4359948328070615,-9.476134935482076,30.56777154432112,7.756112237389116,-9.155500264516565,1.7893581773014837,-29.87860828437588,7.4189025303504135,7.381355004039452,4.152153420828405,3.692053813948751,-3.0703055747571915,12.288311055212187,-8.932227301905954,-2.7853872460864952,5.527285632027105,1.6724160248163826,6.006086473954183,4.171024801547997,9.354223846505636
60.58132402142878,-3.466821999485938,-3.4546656728107736,0.9439369271735112,-4.158553423957917,-1.1204032045172019,-2.301916721915002,0.06141519246647009,-1.5898519805548843,-0.556840394269916,-0.6073922589146448,-1.102274431411958,-0.2229145075455259,-0.6976687938168917,0.5284137937874438,0.6460917335099667,0.8378395737174005,0.9553406212227806,1.1686496989585904,24.848385221173242,-3.2870564623097778,11.634874473581995,-7.673978094898893,-0.7147437190940118,1.527107807126224,6.837592745370905,-1.6408366022769085,1.712425395990071,2.086039514153871,-3.224131404161911,-1.4579348100662006,-0.11931366796163934,1.0926989911602436,3.4907695229363407,2.7971832266479386,4.805475761388291,4.464913240577874,0.4518343055634546,0.3845359972833611,3.1725624628053026,21.733658367280746,-45.64900456030699,54.07987671761411,-14.234609928229105,29.981849931560117,-7.676581581707572,18.95781908410575,-4.439973719674582,9.285431524753264,-4.463988449073974,-4.586031151197281,7.333669691597726,-1.4331671776124613,3.226630931880706,-5.58956466694373,1.1978758151490068,-7.73862887897694,1.216028540021926,-14.859492019670457,-0.40706382392349383,60.550959972338745,5.657975046269012,-4.4877192421822585,1.1345313085500388,0.8300025865931295,-0.5499990605843244,2.0022260273551873,0.4391064562308191,-0.19066329867456755,-0.11784127224246133,-0.00313026621444612,0.010168281912654287,-0.3250721599498292,-0.19254372045314372,-0.4167928384183386,0.4671263947294382,-0.3143930116114877,-0.4021151859964083,0.001977370918883281,24.848385221173242,-13.576100054154644,16.52454925375152,-0.5819323249036006,3.4545234162542253,0.38590635741200807,-4.605240663374506,-5.059615862385802,0.35249889346887286,1.2904928023031457,1.6301968232197774,-1.495060019622236,0.0006622053884930423,3.3699062249599074,-2.0993837587795467,-1.6229042114020507,1.4456496624306168,0.9959132621951552,0.6699817566126929,2.02203552349701,3.1725624628053026,69.0302236608656,-96.71134627989699,33.29210051974791,-5.888912585038906,-8.840848303113017,24.414512525699422,-20.325824987229936,12.847133141595124,-4.350686462483466,8.309353925770598,5.005159244833156,-5.071433168355688,1.872933988579939,-3.4722083337034606,7.736108174335591,0.08250850148106115,0.5012640006520765,7.759114303557732,-2.2548521297166237,-0.40706382392349383
54.575569748816065,-0.8326145742731623,-1.1522189654673287,-0.6861617559645667,-2.139400045530626,0.22438620677867993,-3.2385736609742466,-2.029562259146258,-1.6934357335926542,-1.237396652311952,-0.7506624169827836,-1.258948912653774,-0.42287779844801987,0.06209303435463376,0.2524752680477289,0.8724614805323698,1.1146373260751767,0.9597822079428728,1.1752697789954536,25.50889515023112,3.8171677199596346,2.278366636470667,0.05410555049793153,-3.2416957263813053,4.528288976002703,1.913597042837389,2.9027725198289844,1.359228604134656,2.9368939304751964,-3.1024743134181336,-2.3140581582751794,1.4323473526271604,0.37344373757381355,2.596872281520138,1.1265461208015688,4.651150700420839,1.810267916258783,0.8116123529966877,-2.606421930195795,2.256700501050414,31.68151035485463,-72.45280858946322,49.39312236079659,1.2279846808290298,8.024847452249935,-21.566057086525817,23.597423062076906,-0.6981371479861034,1.0455739540132392,2.6766664526758763,1.6485921970375275,7.473598927080465,-3.0331197163282955,-6.384784993091046,-5.732419099140733,-10.668924915343478,-15.251129788748134,-1.098898335938221,-13.001674515936843,-12.671964655506684,53.69331497450884,4.5183848658336,-1.014067851292976,2.7245506433145943,1.3154354671315736,-0.46098771319611087,-0.18020433364949628,0.6610298582136758,0.3109964354250283,0.5283362328804393,0.338723395124636,0.8491461029138301,1.221203427344121,-0.07003685392945824,-0.21474286726578162,0.5574873529623972,0.13866716350654484,-0.16608201926429556,0.18483217264534968,25.50889515023112,2.3974854356236435,0.33346986931700595,4.891527281905351,0.4517238499650724,-2.0742258414105454,1.7604332433677246,-6.691901734306212,2.538068586107876,-0.46822716416585264,1.7530185571510484,-0.25846865504632,-1.7185746281209615,2.219980092752318,-3.2480260003020067,-0.10639609609956091,1.96629342204375,0.2551651827644712,1.9854774982068841,1.0797137129600554,2.256700501050414,92.43431052831414,-102.2002269322966,4.305809822855031,-16.640925402490076,-5.459286745950503,30.042246692079054,1.9810564939270932,9.465048395789836,-9.629263955976686,3.148050018287927,1.4643138424235471,-7.318698541979174,-12.234431658844656,5.54639706209441,11.02820986422324,-4.58896972625624,-0.8731712653944665,4.267816268626855,-5.160472486099287,-12.671964655506684
60.68873840572172,-2.711053683300016,-3.144694027342002,-0.6495027014969503,-2.33318306484243,-0.5075645692740829,-2.0247257972367287,-0.5643273218771125,-0.5409004608299508,-1.724993929162916,-1.2621723714186164,-0.6951169071301162,0.29682452486074506,-0.009187256111201414,0.46673803681377346,1.5851868631896144,1.4518957909668597,1.3850730640745172,0.7318584200712459,25.50343253240265,6.411074140747864,-8.077755591671204,4.3026553191632555,-0.2404517001936024,2.535904007515228,-0.08053510908288386,3.9642385852172524,-1.395280405341802,0.8369952209100253,-1.7941994166584454,-0.8964813701867769,1.2803979142380304,0.7389418466043689,1.7838528507077704,0.8325933523240978,1.0951808790922608,0.7417024579033829,0.9026772751643539,-2.974910398988861,0.5299628735633846,-29.021568598977083,-34.085710664089014,28.240731623807527,13.628926119656061,-7.3630709712255475,-20.769627729071352,-2.5414275652583513,-9.177943587684133,-15.123529106830778,5.588762524551609,11.64911549085057,2.4173333400679837,-1.1223514158035806,-5.7273694662993275,-2.607094793445446,-17.332559659142696,-18.631475111241873,-3.573708698416693,-5.029728647555298,-13.55549642544575,60.46673654771096,5.026417824616118,-1.9675416651384925,1.1020476964349402,0.702434424075955,-0.41692082423981525,-0.628254757090756,1.3647045676400698,-0.5233874929551292,1.0343099224235326,0.09607613415462124,-0.19289000227959785,0.48979007908403394,-1.1459278745707695,-0.31093533362331294,0.3610763204461105,0.11787740299555982,0.17457296910516718,0.11905933990896278,25.50343253240265,12.683019167976951,-9.723891836568605,0.6617540728852283,-2.127115263065781,-0.31659426251063016,4.2087840683627125,-3.8846095828176064,2.379450398360585,-2.5618666942241,2.735683794898824,-0.7884097367883696,-0.8459792604768341,0.5198630275624239,-0.26337391405903654,2.2511408873739027,-0.5653865823292725,0.023305802889704186,1.9399030694599688,0.056143551773304434,0.5299628735633846,0.548323434931234,-45.53690329352038,-8.746108326325926,-5.612750257655468,1.8018990898296,14.47305510825841,19.663085504300753,6.148397276936949,-0.9973245936251169,-6.03015223163266,6.277015324271057,-0.1901871001237545,-12.323302409434003,16.205380981267343,10.162324268541735,-5.293253793030473,-1.231912696111969,-3.295195111978857,-4.755335528264589,-13.55549642544575
61.74143831651616,-4.703966539745004,-2.1547645629764482,0.5393080722239598,-2.501677814781345,-0.7781745198479042,-1.011551962317328,-0.3197709589856199,-0.9004150532946689,-1.3933063617646932,-0.9081113505264842,-0.48068329942741794,0.20215444610778466,-0.0027679052025137985,0.6377042930951744,1.3542251854671217,1.303953530491071,1.3755949128384188,0.11875246299591913,25.37342677021561,4.888283757966583,-9.770260354075244,3.7345038477664145,3.253006678524949,-1.7957319581621922,-1.7524668762735498,3.8261036213920683,0.9694057390785953,-0.34356110183188004,-1.5928819330264745,0.5151203100868056,1.5917703588689662,0.056210613230485595,0.9805033606937807,1.6396825465070115,-0.35922801609929933,-0.5802237838130431,0.6182511270895397,-2.115002154604155,-1.5662580076425954,-74.0056152006013,14.49251835476241,2.244194280467508,12.41059230536916,-8.31738427645054,-9.727767851677006,-24.00792071421711,-7.765453945430279,-14.165460097107449,8.69184737766206,14.626152963082593,5.806100282908737,2.5759903472781827,-4.566494703025706,0.8680375896411192,-14.414500008542905,-17.331297788178738,-8.877720963632372,0.6465654811552222,-10.593258416378905,62.83024423746902,3.4747437509573578,-3.1750681188833427,0.6266307580564914,0.6106154615535409,0.6531872821136542,-0.051845439823968054,1.5763752655217629,-1.033977246219301,1.013377551308945,-0.3011282417547143,-0.18618024179077786,0.13460637424384903,-0.8160432868488647,0.25886018481790773,0.4927130872050385,-0.2779578769928357,0.33778838184665716,0.1954915184483137,25.37342677021561,11.081291410872844,-7.980933019327017,-5.557422150319612,-2.057119932716646,0.21019416699499294,4.4808743038988466,-0.11556028192022438,2.50758543052068,-1.6343388548910265,1.0622371320590633,-1.5312847402596939,-1.9667024653475111,-2.0408032662122455,1.8095616173291398,2.299584301085423,-0.712739656627059,-0.009458662297731735,1.1121833128530545,0.18399318787180619,-1.5662580076425954,-82.06841352507169,13.909044765318376,-6.322885413352154,8.733522246430123,1.7369007584887541,-6.184995630886487,21.76517208757931,-1.766550281868081,11.317105693358513,-7.404519275318721,11.09819165442612,1.8706250520272842,-7.566947047079795,12.973868066304217,2.695133764517773,-2.4334101798936922,3.36941141977511,-10.077230102427968,-3.8718048241044944,-10.593258416378905
60.20392680795266,-5.570023812585619,-0.8020652144745863,0.2109761629824467,-2.7094625355749438,-0.6593903957453517,-1.433308278634835,-1.49112066028475,-1.5678647102488643,-1.375985247872768,-0.9769084772361829,-0.8512082809061208,-0.1659597065212437,0.22668810131556727,0.75209595742577,0.9528003205887212,1.1140327004611448,1.1987729063571846,0.20945315746392712,25.18110084796269,-18.333398780801794,0.6163326368104434,4.606188568370629,2.8523681382808914,1.0075827885958981,-1.7141891596093002,-3.373215935687626,-2.681634965323965,-3.8354975231079798,-1.1845463320819358,2.9520337011780917,1.0096414989514497,0.6901398454301173,1.4352692501998554,1.2370676170724944,-1.3556147099229867,-3.6555784650071486,-1.2383394306913178,-2.3760382142901078,-1.6937064955710674,-44.90982440175113,42.215514376465926,-19.98136746049782,1.6173551326985276,-7.187698024800638,-3.759425442526564,-20.886641632389622,3.042989632015262,-1.1981631225926321,10.733701408665997,5.186239143393877,5.3438023780884185,1.8798443038697816,-5.74697702214094,-2.1093267458963068,-4.584143215459471,-8.611806429799394,-7.602171734403749,3.499762978644526,-4.684241260709911,62.32400492484713,1.3178496854228299,-3.076342071944461,1.1199336196461998,1.0241154581268308,0.9973054759421496,-0.004258210966380016,1.171158951757068,-0.7991098049644529,1.0074799659926978,-0.07740931616895574,0.10484182402654119,0.47815788038151874,0.04877253897704126,0.4719760792267682,0.21682023644348125,-0.09442758991694533,0.3159011481780998,0.02471947390405349,25.18110084796269,-17.643841324313627,-2.0867009486866577,0.26948822804591765,1.9025701787673506,0.14464589812403883,1.271066360489138,1.4837561635715812,3.4419391097309453,1.3748863508531741,-1.03948858005056,2.2798556851199794,0.029632573939890605,-0.6613533002748124,3.4745129230385516,2.255267724276325,0.13853930525078462,0.5122688366702721,-0.5409687066998208,0.09222802190884005,-1.6937064955710674,-75.31107811991785,48.044700338703834,3.7332346875464335,9.411736436315696,-2.7379577496176584,-13.029009210945437,13.76669662226675,-9.735110575383537,13.531228334294964,-8.075568018704613,10.186726458488362,-0.6759289625300917,-2.857721666876837,-1.5302881053766975,-8.049165545134755,2.4327907864450733,1.4718736863282547,-9.461574650872095,-1.8385494689389998,-4.684241260709911
57.262117426683886,-4.288259686667983,-0.4562814480178292,0.5101021510582093,-2.8491262892454654,-0.5759343181224605,-1.6212306095791593,-1.0814627204031417,-1.3517341597991375,-2.208341959470263,-0.6357342090305975,-0.38501804633128867,-0.1633803761417827,0.4344070359881398,0.9296375809952364,1.0090407437831668,0.9934569794215127,1.362057850346309,0.37897133299703545,24.8869319886298,-20.813403419566185,5.177581699611049,1.0244360661279988,1.417190507066028,1.1337574472370981,-2.133459857737906,-5.432460576827133,-1.8803210885894022,-1.809589746069526,0.9386228331246422,3.0747607875836827,4.470775701724819,1.6858399118000307,0.48791673026124305,1.3583277832479301,-1.33070150934299,-4.6567405163753195,-2.5567397758916623,-2.5825752819675607,-1.9280940225718126,23.868821266996072,27.430168124650372,-20.22926942882662,-4.080360343490082,-11.105068166989696,2.4234945290000405,-3.578610181728589,1.870325449274071,9.054713416425272,13.5034893797481,-7.112606565272646,-3.9667086673649066,-0.6331835092099523,-8.859182189289223,-11.332080920314244,-3.803678875118883,3.699744750884215,-3.444349247435042,9.446204995749651,1.7277338514778435,58.30532649137717,2.382202425766735,-3.2383787230497973,1.6870477153506416,1.2596920336036321,1.07233628866233,-0.5499827476717964,2.0115953814155167,-0.36831183601582307,1.0728697771253883,-0.34017624984342243,-0.283071042912995,0.20661789358925575,0.23739374796120627,0.5435935768518894,0.2732455666501823,0.24009032881393155,0.3193455476257654,0.3239986995837074,24.8869319886298,-23.473291080766913,3.46939680803522,1.926217497648929,2.803642252263568,-1.4363955424835029,0.13679428186126819,1.5065014362888478,1.1235490894886553,3.2219491599747667,-0.06165489303362026,3.756494461212566,-1.2210680193156818,-0.9728852668689614,1.3699646143013073,1.2391073677081144,0.39762538830687544,1.6953893757617422,-1.8127016649272054,-0.8742309341599597,-1.9280940225718126,3.7866538063333195,32.14930190188245,3.058903683079757,-2.5290497785371895,5.23105116355271,-9.595859117087578,7.632129757801756,-22.553094751959136,6.444581509929197,-6.638181284084023,3.6085972241245656,4.827756953102153,1.2597553989358488,-8.798188835607181,-14.022904204563229,-0.6457671121787665,-2.223960555929679,-4.780350045481568,-2.034982184035669,1.7277338514778435
53.76169946023696,-2.6107407914333045,-1.6908413006359968,0.7912843282263706,-1.6556674333124208,-1.4657792499414548,-3.406494441449626,-1.5242989238303342,-2.2329896691317064,-1.909749296351099,0.07765590842248615,-0.23812878420245598,0.8246618587005874,0.4898598983933995,0.9393052013999896,1.0799717290700985,-0.2206451660019355,0.7726718799749133,-0.586270122074366,24.89982667541002,-3.1929944713613168,5.5560805697186115,-4.332994520266449,1.486133951885122,-2.5226897075847363,-1.769751339613988,-1.8498001318679584,1.5510778244998278,0.9709279817325323,2.306898904598995,0.4168179627617232,2.512796431854313,0.8640493492544872,-0.8433423451464308,-0.08139263899451477,-0.7111539820156294,-1.525942390715176,-1.3109131405469192,-0.9912423459848951,-1.6312397493269621,73.98510309854754,-6.722878849958153,-0.9329515386012335,1.2360790547297889,-17.04225756208212,9.225753210909948,27.11271970253909,4.284395880768127,13.295318032102106,9.376875253194438,-15.107470718021144,-17.608946976708634,-8.06010520035851,-12.655063770526795,-19.782039652312182,-8.05163396465199,10.846700719329732,-1.0678906523169205,15.505347680467196,0.7922369036368337,53.90727475860007,4.5293380128681004,-1.8011422490323064,1.5231243071715403,0.4502190871129288,0.009037852730415796,0.36269197861894886,2.8680640645586655,-0.16877702263028116,0.4848195194900309,1.255527980758965,-0.12962831474854397,0.12310766927392436,0.06461006954347082,0.6743318324978589,0.5400797333489309,0.11498771842731226,-0.08668996713429733,0.10091976029568595,24.89982667541002,-7.695228646162093,8.57329341910219,-1.2134484073258256,0.14837186260196056,-0.8622782825802116,-0.13368052609121728,2.187707869211233,-1.7960867188151708,1.7756034654904849,-0.7401542019071412,1.6610638917196812,-1.5567609647577947,-1.4429568055476367,-0.808719465233469,-1.2432034185048202,0.09582628842629703,-0.09318137297590545,-1.3284417670859487,-0.33401912168031256,-1.6312397493269621,76.62060596558855,-8.640260232138077,-10.735543172733262,-16.978547697124974,17.74122518416452,1.919449328565277,5.258775013003926,-26.232778352299736,-6.0556070189010835,-6.848740233630185,-11.969835817773776,9.96185345810522,2.662238531426838,-9.253504913892506,-13.115922695136048,-4.241444500424295,-5.971954311897619,4.121744018590011,-0.26750194065247634,0.7922369036368337
54.55585028059092,-3.5948172005156365,-1.1981584868317436,0.9577492431350119,-2.4616966422940574,-1.4417100216188055,-2.7411891693234987,-1.243342371507529,-1.4726474468880109,-0.6571129209632067,0.10198685043602262,1.4481648030831593,0.5497636193968845,0.10960456138919161,1.2232635627320296,0.6252887265549381,-0.3570777944650485,0.3102755380837232,-0.7746735382187147,24.550016845206038,9.25249223674438,1.4749497417958568,-1.9105393223283555,1.8959435999777927,-5.583129793566723,-0.5129385217711857,1.27509062861794,-0.21178793119626582,1.7805828539605,3.4131401385071096,-1.773575103341333,-1.1431614412649185,-0.34733589328667547,-2.3097819362776875,-3.3671277856166055,-2.5832978176124195,0.2048305544830782,-1.0676366417001806,1.915702409118064,-0.7336244550257263,13.14206891795304,-4.684601714679061,24.324818067868378,2.387047439689252,6.259053055936039,14.475712421601301,28.593448925167827,-2.280405979526013,1.2599531847094116,-2.0847908895018796,-11.320696593325275,-30.370550186368728,-8.162934881407661,-10.316247245702343,-22.886563955317207,-9.123844706855284,2.4485513307652527,-2.0269023769693426,10.709774344986648,-2.310566463778759,55.30196378020909,3.6036979912523326,-2.8495592815149555,1.826856540425605,0.17936587581874042,1.2157182346501552,0.5179301835277914,1.2896972538652918,0.2618309426009964,1.2438803280434683,0.9106503403876083,-0.6794791820610762,-0.17431115363683447,-0.13897974498142585,0.7772359920364196,0.5298960329057514,0.4650291567159066,-0.367266892960747,-0.27972409182748237,24.550016845206038,8.000311974963736,2.7637207477197876,-3.2865019910938615,-2.4445456639025456,3.329181839123473,0.38531818864523526,3.348528744160828,-6.149949031185829,1.3875933427549167,-2.4065206990546577,0.5824097685027381,1.2403727805524078,-1.020123814107909,-0.44791660633844077,-2.9626322298056187,-1.0142667043041984,-0.8187138354394825,-0.8842551796946656,-0.6203743323514521,-0.7336244550257263,20.086882513823006,-32.56592764087014,8.075978381431748,-13.957869815123425,17.18144455219369,-0.19529246239249654,1.8390839359201183,-6.722536821726098,-13.041567515983532,-10.283455659044497,-8.378588614240535,18.072199459158902,5.666148673999498,-2.2464856424521296,-4.539808015958571,-2.8749710876930106,-6.260285675379263,8.926220625923095,2.3008291338725986,-2.310566463778759
59.96056314531849,-3.138704770802487,-2.5976239552008535,0.7302195928866064,-4.164522212843016,-1.1113782138041732,-1.7982290646966446,-0.6346419224826425,-1.0219440758381615,-0.9981503148267987,-1.1373600255886314,-0.5114014896861883,-0.09050702966333368,-0.032581833958174045,0.564586647060116,0.7890993381950209,1.0263288920468374,1.0692074922150179,0.2906544200793546,24.53393854501109,3.626204940316697,-0.8937908092610369,5.60720049329819,3.2310311191899035,-4.155102372043251,2.088426777862314,6.829368312859382,-1.37370360363647,1.0170751929280604,2.266632641824049,-2.1775337123699723,-4.987863417907999,-2.323324852205785,-3.493413301794076,-6.291224424651329,-4.755133538114267,-0.6630136407714813,-2.516836323945519,3.1274967804006772,-1.8948228275256938,-97.46331734509826,4.359251689764159,35.35312493854254,-2.708993616528383,40.290664988904275,13.632647462243037,11.378020291639222,-4.836809093273464,-6.582511669902303,-9.222089152498228,1.9284625112675986,-15.118320699466054,-3.5858104745832193,-3.245944843665652,-12.716118346378934,-5.276007809632446,-11.026062497114637,-5.409304318496667,-3.325606678766351,-12.976000960193264,59.978071957350124,4.993748612231126,-3.8774759963747947,1.1242151384096983,1.1331393957291709,0.8587742399026284,0.5556392580394425,0.6340646561245951,-0.22637946152762023,0.5518975895800873,0.12770933457536948,-0.4753345887783156,-0.05285599877925451,-0.1674004471683772,-0.266446837617907,0.13640814752884522,-0.2534876903558856,-0.005013515071618402,0.1595713087694921,24.53393854501109,4.929660130615325,-6.05399303459798,-2.491923613949318,-3.96260971171208,6.63246979940281,2.106529071379793,3.192130016137554,-6.03770100608168,-0.7357392499874431,-3.2914257938551335,-2.118019877411994,3.7798389030584554,0.6933852390580804,-0.2432989235878269,-2.2018238245348325,-1.2762368986558261,-1.2166567136779247,1.055680059978915,-0.1684512493216519,-1.8948228275256938,-92.01172332264937,-39.98553979447391,33.14756377521917,-0.6526402170350214,-3.7781815711933824,-4.772894370060844,-7.854627600727066,14.65586039949647,-6.9997992393503985,-2.7786481091307897,0.559253404543258,14.53009859452209,6.159215044088927,1.7403108256897981,8.619375014764323,2.9970568263408595,0.9678646478225568,5.616750131549631,2.4356538530438776,-12.976000960193264
58.78893170251531,-3.2868028260854634,-0.9581597818995786,1.4886063187169878,-4.386263796263529,-1.0096040970766942,-1.78781798364668,-1.6321851866751205,-1.06696552946566,-0.9575713809788584,-0.9150137936957052,-0.8199624142218818,0.12053612139684011,-0.45926306597491706,-0.5665670346431295,-0.13717196958550404,0.4723852276386653,0.6799717233761664,0.8983602664792072,24.703063826316402,-17.651968666428672,6.060216531761343,8.21674759327987,1.7382656432582633,5.079490307434375,3.175307294324594,4.524679663393112,-1.5581333642842599,-1.2026867593125843,-0.0836394802388245,-1.2884116715131064,-6.964169466578389,-0.8019404281736642,-3.3451714142661064,-6.980038301582267,-3.8706340847213125,-3.8639292259645406,-2.967229372677034,0.7129423273329774,-2.9515857153618263,-128.90600618352954,12.178763257159739,11.375402373459021,-10.934963851257564,51.28392873001934,7.636628869486737,-5.155304439517213,6.872551799141965,-4.239176903661101,-12.44014154772513,7.95340987633505,4.15016062305403,-0.7012224052062339,5.806291782214772,5.05666334578995,7.176156445068142,-8.26835870675559,0.3758104937964042,-13.575853111892854,-20.13992488133289,59.27008387948401,3.531857499945116,-3.843462844925484,0.6642294677802898,2.5828227988572476,0.8401271893988413,1.0278079846983708,0.05362057003963727,0.35428605481030484,-0.16392960744696872,0.5149379574997444,0.5099684843780947,-0.2154621794381093,0.1294407031479099,-0.46733320299303704,-0.03205199259187408,0.014971115485789221,-0.16362026825290688,-0.015514240828921722,24.703063826316402,-19.74229421224412,-5.499923785549766,6.603444291676548,-2.119801868141124,3.4069526926218305,-1.0809567480704851,1.9238323307857463,-0.11691217774113882,-2.0431632402780346,-3.9277469265818725,1.4567420386581365,5.146731776355644,0.7920180478279288,-0.03598847774757852,-0.551486437256165,-0.3538285619985684,-0.8730157915768797,1.458347734501911,0.19339969659700929,-2.9515857153618263,-133.10466541687887,-13.014393217790303,37.03977735715107,9.522725806511273,-28.866436404466565,-9.651538066930115,-17.81709781565234,27.271220221117765,-0.8774233834015506,7.664948992274658,1.9128010282519003,-0.15356702976804248,3.336510204521641,0.2448237138462972,13.236724909171388,7.856788581407231,3.418618404601797,0.8330328180821087,4.6572463313049175,-20.13992488133289
53.45826121943311,-3.2116433832789095,0.9927595935470155,2.1413713500303344,-2.77093504234931,-0.6376188232813536,-0.46849587785834457,-2.0167293180647734,-1.9272930313788517,-0.6262037454312486,-0.5026106256966361,-1.597996884503935,-0.12238681840228294,-0.9724129388215841,-1.3113917122380951,-0.9163646919168136,-0.9668834974395331,-0.6705943746440677,0.14096136577701168,23.87589177109199,-38.47242269232392,5.443073019617948,8.27992449120071,0.2104761219806952,12.291332736366854,3.202449483459641,2.214415496564067,-0.1941540055929074,-0.8286930465820772,-0.5557558622771517,1.1384675024814093,-2.135859905221978,-0.7015536205936281,-1.9486200279850474,-4.63299655420115,-2.705489753277406,-5.004593749048685,-3.065768934306826,-2.0526656444755274,-7.010259599255544,-61.77686177974849,3.247618173578906,-20.156954369087423,-14.955040160354503,27.971870535657757,-1.688373771836896,-19.095520154868748,12.377128680762254,3.7495285815544976,-9.444901094815986,6.343220225598062,18.355036221866314,1.319543520530494,12.088804771997625,17.57280510976843,15.519410805450722,6.322460604081153,10.8530588241474,-9.816134662140199,-13.74239714495626,54.38804477427027,1.538261741222719,-2.550152274301701,0.12313298763815794,2.56472552529508,1.2500979110459691,1.7038180861024363,0.4672519034306526,-0.582874203728657,-0.45698840969231735,0.39437423349690004,1.1655673035610983,0.49037580170360195,-0.1912496163151105,0.19570451774517084,0.18293529676983056,-0.2683116177965914,0.33932675050124006,-0.11541078986442033,23.87589177109199,-39.82978721388285,-7.287654211499988,10.415360338898555,-0.34032014379626085,-2.7902544949260815,-1.7869902427637792,-1.0272577244647592,2.5153250542107197,-0.008917862668238907,-1.3688651427089287,1.503524458913611,3.7551088346016326,0.7305797855289076,-0.14452811668400112,1.860911192602615,1.2641356304439118,0.4179019290040715,0.30863184159057844,0.47692079036739543,-7.010259599255544,-66.7813317945248,14.115921485944362,14.869088231723211,11.437697190114045,-32.98217310911812,-10.712018072516267,-19.766989346343134,18.470441728198917,9.016953852010076,12.593977589640138,0.22303760205686407,-11.616678872286055,-2.0329507424226403,0.5882767101071746,7.026646196043799,6.684611406379759,4.050918603734683,-5.564960095859735,4.56002224725294,-13.74239714495626
48.98101691031927,-0.5282396283967539,1.1150235354342564,1.1213061861922795,-0.6187450738237228,-0.09093606971791823,-1.143715931046093,-1.3313653558585934,-1.621316348773958,-0.884905945780394,-0.8595936852665282,-1.4906222327971619,0.164733299679527,-1.0930655933121567,-1.3287664084099984,-0.457296300749801,-1.2924362127041336,-0.3034382148252508,-0.3433558474010545,23.403247374484675,-34.151197038700076,4.395899455936234,2.4407998654498946,-2.0612608270463855,11.835617017237894,2.7483645601735196,1.0049148170069908,2.634713169352935,0.5838785218850182,-1.3957363833048548,0.5451292274005008,-0.49408288608091366,-1.5088327116958709,-0.1790326820748156,-1.66791004794672,-0.020041487496778698,-1.758558744756115,-0.605265089621325,-2.2821429343902606,-8.245868509827247,16.73852473491573,-12.876975636817722,-29.463328159752052,-10.727184586002293,-3.0920047285840013,-5.17993029505062,-14.139302847496086,11.465733143939609,9.229737094526769,-4.676273539397986,1.6702736934615676,18.928033046708016,-1.6248863735973478,11.542722010844532,18.110415167611027,13.684584620716514,17.069046462972413,14.186360519461873,-0.22230276961383688,-5.443208978334145,48.22583026562696,2.5814795339816534,-0.21149899671322814,1.267496681740813,1.167049157346701,0.4795780250432422,0.9057569348891676,1.3146475413416936,-0.5815033064375026,-0.21555013561126568,1.5056889102559112,1.073435759947039,-0.04991802996429828,-0.14504939928184846,0.2704170957267982,0.3297181772859745,0.03593322464781967,0.18973684150377923,-0.04553319421202151,23.403247374484675,-36.172297061226615,-3.1266452727243603,8.779744711057734,0.5056724553951812,-6.392674215945364,-2.4936911877480368,-3.4503262933641845,3.209148049226853,0.5854709573945394,0.46467347150956906,-0.27196188553411416,1.175954299896798,0.6295340149174979,-0.37489015286720506,1.6243627162113519,1.643941321849548,0.07331604552041782,-0.09421466145944302,1.3855628134564828,-8.245868509827247,18.576362611903605,17.739487138484016,-12.058838045586565,5.910429044808879,-18.900060792935534,-3.6804344962139464,-14.833262971983876,2.3219685348729024,11.470506074768233,11.652417401630318,-7.843455879092194,-14.17790777187837,-3.0401602282788383,0.8773758792558792,-0.0872142278303587,2.6450730813832095,2.335039663071992,-6.076883680505228,3.682714764063829,-5.443208978334145
45.62830919525455,-1.7964498598378675,0.5057466317325843,1.0191077201393082,0.09738479412050838,0.030512514246259226,-1.0130723427149047,-0.8821288406873597,-1.159115189475051,-1.3123609635646067,-0.5958363285625152,-1.2440015330095373,-0.4633824291014912,-0.6899905842820779,-1.3708119431570247,-0.40358337286153345,-0.5935572623061058,0.028027994162313385,-0.11482034521827811,21.67871697129918,-19.012611763421845,1.5621768154409708,-1.5833028273305345,-2.346725725835024,6.4527695408838674,1.457711259019403,-0.9585093413819319,2.7184374699260605,1.998556843106508,-1.7997694540509288,0.07730595097225468,0.9546114027764196,-1.3101069501794347,0.9679197181090908,-0.16088599658488612,1.0792755659988278,1.4455314206648822,1.7287109466003263,-0.2830279198078032,-6.118880002771114,54.05820713308238,-10.595515048849219,-23.75055732984292,-5.399868594420076,-17.05997386732,-4.780129750034592,-8.309273834280921,5.908907251611062,7.06917810059866,-2.8920602542936282,-2.5901463794465553,7.629636904854129,-1.0183808976551765,6.980031892372184,10.451245166594362,8.668847692048073,16.104340504848132,11.922935798035954,5.538390463917906,3.909747700024994,45.585305157337224,1.8251104894628636,-0.485777751031645,0.6524214595313063,0.44589896902140347,0.14555370069853835,0.10303592071166445,1.2612136975789268,0.23705628776216403,-0.10672471769222858,0.38409608765409153,1.1204861907380286,0.22966181924829376,-0.10241945429549859,0.29513360932348287,0.5875908778118768,-0.05501778043486505,-0.027376149154672236,0.4130411806447397,21.67871697129918,-20.24600434215583,-0.18267154803850083,3.8544702922216953,0.4435017215767898,-4.958803300872651,-2.5431127450395654,-4.004285344959047,1.5344897445337815,2.4584205771813084,0.8093528019192147,-1.1421491142874367,-0.04311179485514982,-0.24184811569802434,0.2202902690255737,0.22357469675330877,1.0671838626099948,0.335636669640768,-0.9505187899702761,1.515478315875081,-6.118880002771114,55.093858462524835,17.153939051608834,-18.04705451218976,1.5054729969277099,-2.9032266968204254,-1.5616665618431016,-6.508014292583439,-3.6363289240469476,6.807626499485863,4.701115219665932,-6.1615343751554175,-8.815507353665513,-2.8162379330693863,1.3248171933119284,-4.6754610111566555,-0.9706609949073874,0.09779010539374311,-3.374605391632542,2.2070305534339703,3.909747700024994
