31.507921889682937,-5.799773540653573,0.6665151162457974,0.3976747715579898,0.4985284913122654,0.545470301338848,0.3973198511660614,0.15330264965139717,0.0944528693654536,0.5540775840592638,0.49695102259804,0.515445385839572,0.5616200766333161,0.44988681818425813,0.20440707934606972,0.26703775685292475,-0.27855032850812944,0.0560995031285243,0.14967100733159355,14.615301606492745,52.4733369148907,-4.670356234481558,-3.848772823026306,-2.66195798845857,-2.1970650211520013,-3.307209568694992,-2.034979841139707,0.5281270287039508,-0.3843895495683325,-1.4509045863757437,-0.8086991856095787,-1.278247068085362,-1.0404910583957523,-0.4254089606972167,-1.30941273752362,-0.7815463107936269,1.084900197995146,0.5607194258943629,-0.41518354034427707,12.38728459807831,98.84456453668496,22.315941784331734,-8.261406347324087,-7.026105100407285,1.9255930815135356,-16.171888248262317,-10.057761007989825,-13.81040772482684,-7.486329520982169,1.3779339689781338,-11.420171007518015,-6.556248933135293,-8.31226897073432,-2.7581547075971216,-5.990676503239305,-5.292879603290953,-4.072700722982422,-3.441764117185672,-1.5834165221893652,36.308576835141096,34.26876567927017,-1.8515454556605604,-1.3050358366246912,0.039575215860196744,-0.44120597160273567,0.3434139108653016,-0.2697536770248976,0.23502192570393698,-0.28248757114924805,-0.008092908064625925,0.13053856068711922,0.4466214767679908,-0.09884151869720292,0.025458998379952247,0.1796612749648986,0.1999263952012318,0.08289069964744811,0.161699296711302,0.0138987161418761,14.615301606492745,55.24198450936444,-0.5542925272810315,-0.8224059728380055,-0.7895402998841994,-1.5192049916839454,-0.7954278076839041,-0.3122452160798961,1.3584168389660232,0.10003120142277466,-0.29524988457669177,-0.9095907437296264,-1.3739048582238225,0.04911900321406448,0.18164997766226465,-1.517065321632522,-0.3284775519622398,-0.9251025986461139,-0.8533879380874625,0.28786858453901665,12.38728459807831,83.68540292294207,19.941167437417363,17.55536682668891,-1.5175961710264918,-9.07040810651401,9.607624446269934,0.6141415240578834,-3.8246042393549953,3.9090352065851004,2.44455098433894,3.14600269599377,6.504843057617619,0.6728307130661233,1.1934015599790884,1.2589785605943251,-5.193661219691771,-1.2242831406125563,-0.177300200541757,-2.210817022715265,36.308576835141096
32.63357811277816,-6.488683356689239,0.9632176395688585,0.6709305351534853,-0.05929550282163509,0.9284322664612077,0.4145902550505225,1.05545311485568,0.05477986655234668,0.2932778763683892,0.8730701868803963,-0.24618469841670154,0.043875573191358486,0.671842661816259,0.10451437328758773,0.12784556396956392,-0.011044224486808751,-0.05733239471864926,-0.22646368221116409,15.571867679728236,83.1061100095538,-2.6739785045521387,-6.835200361540604,-1.8900108056572402,-2.4012351685421387,-6.455321555895681,-3.9583226758832106,-2.165485167650388,-1.3122146243796105,-2.1024957590487388,-3.599599947963434,-3.5948758788469686,-3.018025631742672,-1.3016785916852005,-3.126025446590572,-1.9659541287707112,0.45543940149252515,0.0459610092961642,-0.864503113405302,22.37830859271582,32.50533679062791,20.900323497802155,12.743848567797016,-8.906998336139583,14.28310731893655,-10.29110055525993,-9.462954812312141,-18.09463101842518,-6.905374701387231,2.6690663302101854,-8.779444599701087,-1.3334364957073226,-6.276198451500301,-1.9745843831237069,-2.215521788733475,-2.805698660702788,-8.370797732960664,-6.062357321213099,-0.431542320861681,22.146333080624398,35.72600906383968,-2.1169729654692437,-2.396288336067286,0.6580972221279666,-0.21474595312811484,-0.06855676073294115,-0.13977950591054755,1.0062327769817707,-0.292785483752384,-0.497166337348665,-0.4273112989276584,0.2285607875079403,0.09987450359685202,0.4467036530730162,0.1173475961641115,-0.04766701947524554,-0.11613064865800626,-0.06158604874477258,-0.017398679769092595,15.571867679728236,83.9066747190611,3.781473915191066,-0.34837520052587134,-2.793557512807978,-2.7560995745079904,0.8258591426473474,-0.6245275323315189,1.4689513278467115,0.7587198841608931,0.274127670540919,-0.08895434099576582,-0.3350504343135712,0.23367916890931162,0.49726637657141626,-1.6136813655668334,-1.758826210963079,-1.0810769904364748,-0.9984066846927375,0.08288696820224561,22.37830859271582,23.785152029386097,-3.4298429430760837,29.679136297477463,2.8233436997038597,-7.118264489709404,9.840786487212279,-1.5065667348465408,-5.665669835364943,6.057319994099055,5.371124201415645,5.590491925062957,10.41109989793733,1.453194405305929,-0.1107820022620658,5.155352282723465,-1.062322534929287,1.6473525996731317,1.3475119538833675,-2.8866549609993033,22.146333080624398
57.18176223558068,-7.790496749876518,-1.4062225569288862,-1.0699321044690429,-0.321092022196785,-1.2996154655698278,-0.6288052713460228,-0.033709068598768877,-0.07790540401215917,-0.0409748552831708,-0.09545815234792743,0.2571368939250278,0.30024679915641883,0.12620441601964938,-0.40035293638649927,-0.0541393021022083,0.13014671847878323,0.3931751649992925,0.13014658193083384,20.330660868914155,86.57923263590163,5.489425792719599,-6.486262227431201,-6.560984130062877,-1.132183406700165,-9.819097699225805,-6.102188927762867,-5.0302707355323,-3.663641772653778,-0.4361420155501792,-5.123334308191659,-3.398057129272205,-4.207858257089452,-1.3663514990017855,-3.3964446346097965,-2.8357822034505613,-0.6367197652447543,-0.9027834243993738,-0.9822320149084471,25.546061018330104,-142.03365343226974,0.12934001983363874,31.927152844224388,-2.491695094614687,15.930885812409985,10.448656693123077,-0.5947419796462103,-7.139946985982655,2.897905293508546,2.4062289204524814,3.117205276412068,7.815937958115023,-0.2885530882874163,0.8200369817306152,7.206291663482934,5.132550338893874,-7.157935031788465,-5.736207995394269,0.8713277074847131,-26.571908438809118,61.161136241667634,-1.9959779643967344,-1.1706125733223964,-0.6644559372157879,-1.3140384766820188,0.15168534282247093,-0.4908633706220207,0.5286249195480317,-0.22732301413629274,0.08881886428904773,-0.045331881370305194,-0.13130060771389518,-0.17364002823719815,-0.0943383401354474,-0.547714546450969,0.15948432655835054,-0.28014992552288165,-0.15335199960439194,0.17348170636686877,20.330660868914155,82.75234086598715,7.248407970191602,7.718262054350382,-0.5463297789355559,-5.435961753528928,3.197740940285437,0.15096670407485702,-0.6091525251518184,1.7252044633462658,0.6423368300339729,0.2530924029003281,1.3590894586298614,0.29325427689950256,0.620542558197233,-0.8392680193682038,-2.2101338323077058,-1.4592569730572116,-0.8695286650557035,-0.7150491186502304,25.546061018330104,-134.49094549209735,-32.1811482996169,15.712618298414545,9.275420197167488,4.604211048696522,1.6249810521884063,-5.197993097096022,-4.239335562530165,5.694548728000356,5.0804766930513905,3.4175581803778643,6.891112859471573,-0.6502165241213655,-1.4143183529894283,7.333580431437125,4.492575272759187,5.208295663280904,2.8260164693161474,-2.6470339872217954,-26.571908438809118
60.22405672151097,-6.141401188318169,-1.7147162279371626,0.18647280674288602,-0.29227883620427875,-1.7596475931546545,-1.068778925519502,-0.8359340750487139,-0.47547530613554523,-0.1996440757938882,-1.0066443639106932,-1.1528383076266402,-0.8167061004995713,-0.039111276576037746,-1.0562256360829316,-0.5553507780548643,-0.2551791512553232,-0.0894578231587777,-0.27281833667067756,22.946776271639948,51.67305744969919,0.6999145008189407,3.841896163074649,-5.165944085726208,4.412047831090355,-5.19681578105955,-4.732852703984197,-5.739989598390514,-2.197450788719225,-0.6237527066834332,-3.0411039241690823,-0.8850602853456015,-2.594906684799053,-0.9422298831067857,-1.3736576833472691,-1.1572776948165537,-2.239688686865236,-1.7387078095653188,-0.3474304634930325,16.881062928264612,-271.98835981961196,-11.037245239859814,29.02992869398598,8.170882739074113,7.7782275187086265,29.936943538121405,10.120153961285013,9.649873666678806,10.205165102583823,0.9069899911999331,15.236410936144512,15.569622674971022,11.56574105661308,1.9117966033789746,15.053909220275251,9.660965662144527,-3.7420665510498896,-0.8999441466218288,1.8409494136535074,-74.88925780970783,62.77591775760198,0.11140775630305955,-1.5464350685387744,-1.0051879640058,-1.3828395063170893,0.8522077662103906,-0.47146259639209553,0.8226960927052454,0.06929009242472084,0.08051504102899676,0.17399661121794852,0.5680573018521482,0.0553973205274505,0.3339908559233602,-0.2634914971105844,-0.6592656759588671,-0.2761274829856244,-0.17997839747721978,-0.02444929486949743,22.946776271639948,53.37938234574614,-6.17056424755539,9.746828162306532,0.5005262894934086,-3.1199588556161557,2.1283810619375645,-1.297134543580543,-0.4906333966575276,2.3161045675105565,1.9215188588257983,1.3043136454868747,2.4651479323180006,0.6536485690243099,-0.09318731373625244,0.7217121685970511,0.08118932074584961,0.16565088839600084,-0.17156159766165824,-0.6540000443660117,16.881062928264612,-260.1062588254395,-31.024460718565855,-9.256798386135376,11.635939099642957,15.984445753368062,-11.317927315821072,-2.9370774675455213,-1.6046093218051327,-1.7847609671534042,3.159456226984952,1.176131100456774,-2.996718985861615,-2.7913360614647185,-3.6823040155722273,5.371868179773064,11.4838593831793,5.853813862340079,2.603959932830495,0.12656654838419934,-74.88925780970783
61.00229890326735,-3.228701728479308,-1.2376490637167925,-2.640588429268149,0.048928454653504705,-3.0200386184661236,-1.9120900224303599,-1.416139123162556,-1.4722404306174894,0.5824675523653129,-1.1248588561022443,-0.7302563741915611,-1.112018215065945,0.12218803787951371,-0.9134452332735687,-0.8092551738601417,-0.47484274774624935,-0.37922949485109836,-0.3182676728928733,23.70087781970194,-2.8269635213168627,-6.292632727250278,6.77625533677826,-2.2698388957314295,2.361736385236745,1.2878658904484808,-1.9450858169123189,-1.2545942489173139,1.5071811793557477,-0.9871616523321558,0.47065544069927956,1.2748141142214662,-1.39632707601127,-0.19511482412111647,1.4175492125961955,1.3803906416762315,-1.1465032737202063,-1.4150501623720302,-0.23805601155805522,1.8499532108993542,-234.13110905506667,-5.935572844619798,-12.19314478025691,26.65145025832588,-9.255054544955433,23.854612279523373,14.166346617010444,16.035766029201294,12.588141850515125,2.1345271722083816,12.724567278850664,11.905255996724334,14.468159477359324,-3.0796028209474815,9.238422515788757,6.572495323796773,2.5342430179756334,8.502516062576849,2.953157304512238,-69.74327827581274,62.11998176538259,0.6584681685490885,2.129168556786244,0.5980529194593021,-2.5751400717727124,1.4819021175363543,-0.02842877974669511,0.02221400526629047,0.3990768724353324,0.024234817763529648,-0.043569192935520196,0.9564179489108176,0.07002421128724912,0.39208667605339675,-0.04955318808185538,-0.5993411927108103,-0.5667393697173486,-0.21386886145032613,-0.34010053563303666,23.70087781970194,3.260157949973241,-11.668847595716255,1.9863014949530653,2.2011278975488517,0.9648301732183984,-0.6341982412348095,-2.574938259003395,0.21854141995305998,2.1686132237481206,1.4212928678065637,0.10255435321798556,0.6715523881961785,-0.48597395890411743,-0.23028235367861516,0.982028127004098,0.9978023185628895,1.0556812935781004,0.14619775305507154,-0.6672049027877525,1.8499532108993542,-237.7923579311135,21.485274196954286,-38.21876337707542,-3.3343594471126896,13.72700147488243,-9.974647221643089,2.6002612169590966,2.733240902140886,-9.908693804473224,1.8118247285282472,3.601691284472416,-9.288324491381559,-5.445862941481675,-5.128527804872621,1.8624232073119735,7.494799405882506,1.8179391674566665,-0.42892033658270146,3.497821612099057,-69.74327827581274
56.55983850378442,-8.419623616978374,2.7998789745001362,-1.1267133453100655,1.9617181742983978,-0.8097640476204195,-1.3101937213994077,-1.123326657057683,-0.34677801450460066,-0.33031968079756924,-0.1327814233269864,-0.19501820703120787,-0.5474452620969861,0.20273590933293395,-0.3257683199425121,-0.07323534755974626,-0.8283938348069104,-0.5404839695761132,-0.1759717865458268,22.32729066846665,-8.184971821642932,-2.3015718644971077,1.0485052033476552,0.04985794671409183,-0.25908130515628036,2.9596684183278783,-0.9767972506659781,0.7716134223815216,1.2049564509075381,-1.373490945057784,1.221610645663354,1.8534998368917064,1.3590793060247761,-0.9313986274360477,1.993932239944057,0.7564422797381565,-1.1607021197946936,-0.14787769502842196,-0.3161164082537442,-3.2182664084227177,-96.87261160096004,32.806701267752366,-46.41465726838068,24.122228655206484,-23.608542062721273,0.997740392978121,6.353023900233982,10.861926069457503,3.7286247219774244,8.729005699670429,0.9104481762652612,1.495434310905582,9.051342649060249,-6.043630431731085,-3.783185915018715,-2.3205199219153547,9.371523796463796,13.321113952156447,3.7123863585393897,-29.453917155011442,61.936277474855274,-6.5294781557198505,0.8272351800316597,0.27710593853712595,-1.1441745833908459,0.33052538287889943,-1.0195640731384819,1.0141215357938775,0.5520668567170817,0.4958851153269932,0.22396417959838644,0.9172754753545842,0.30486666834678333,0.1568974881104679,0.22912300127808027,0.3723404005322597,0.10998951763722764,-0.1171084166526346,-0.08760758095214571,22.32729066846665,-6.400363235651703,-2.2721286611379323,-2.1107941138949013,1.6506831987712958,2.035727338802378,-2.917134924503065,-0.7301137845651535,0.2527996943917059,-0.3553649796167364,1.4643777651470997,0.5743802340737925,-1.4896413920275373,-0.7723747439212376,-0.9184731752767732,0.1616046511335476,2.379135405191273,0.5883608074159086,-0.20428992733287754,0.12224813446310634,-3.2182664084227177,-134.23561102015088,83.06630983831421,-33.69597269151928,-6.6950762020623795,1.1821777676845135,1.6121519280543875,11.449465476363962,-0.24684613731231853,-11.392658642502866,-0.30375698933840445,3.544137157212498,-6.329279680631073,-4.3479587710470415,-3.1140568085601665,-3.420754709921008,-3.4254533901666626,-6.016841489923985,-2.469601823007694,3.1393346701803013,-29.453917155011442
57.60038958378552,-9.797701899171555,-0.27539248975840547,-1.5482584763082818,-0.2672223348297509,-1.1306242931127048,-1.4806407818622294,-0.5173099020529413,0.6113365398502424,-0.4692178789474082,-0.29706190229014107,0.41563390073804474,-0.5325471580505088,-0.0922765889953947,-0.056806988158611293,0.3949983034883484,-0.15649757660552632,-0.08883684297805483,-0.03730469891061916,21.56538027595048,-0.5573072559606302,4.022382553067724,-11.18613913769616,4.156839982879912,-3.4241461110545637,-1.9700336591578322,-0.8970433459167544,-0.2681892313176708,0.9292255327904031,1.005990689741187,-0.8924079536825444,1.1852908079713083,1.0492284861782952,-2.9115685373108953,-0.46102833836108115,-0.5063945288295295,0.09090846020779142,2.553059549620602,0.47868960972802777,0.7240865487673958,10.722809246583886,24.99222581813827,-16.910586892363753,11.382084146721969,-7.12778975238901,-8.559984754955348,4.229564535152523,-2.4906565039454054,-7.698902075094949,7.850106704669944,-6.424433621557192,-4.443227368936451,4.069076045520017,-3.9277308243702445,-13.015066503770726,-7.6885607271398815,6.706172867329802,7.010611175786572,4.688470482963185,2.991097641911349,63.21103535802761,-4.509958806243407,-1.3642969501310809,-0.20503893971282494,-0.9509558515359413,0.09542741387081177,-1.504281761750525,0.5421829079802456,0.6155952155915871,0.5917802610433314,-0.019038488951531374,0.02986649963297605,-0.5413616815989233,-0.12093283306830882,-0.3030077321432523,0.1425824475942319,0.054632220954742516,-0.11168811348914875,-0.12854160198568332,21.56538027595048,-6.253965308870676,16.041827275460015,-5.462308496086612,-2.7885879571308445,-1.1503041132969796,0.733175322684207,1.1675869330467106,0.3857513803940078,-1.8934076653266994,1.7768197411374458,2.418904750843077,-1.3076781248881484,-1.716665537368561,-1.5310784134688173,0.3719973430195347,0.3882928284108351,-0.7616423488388322,-1.0676246685114446,0.6457375979847391,0.7240865487673958,-11.805577365407252,41.16822947536846,-4.873386210951426,-4.72463562101977,-5.7092202866917106,11.94358648652059,10.937381517288124,-2.2388515919398775,-7.447574895627736,-0.8248477209246494,1.5548188188508925,3.688616258044085,3.5319253099767707,-1.0929219838069575,-3.798826735974382,-5.708694121622763,-5.143926528910894,0.41904625218904035,3.0409933409305827,2.991097641911349
57.83252547043042,-4.0076870352205995,-1.6715919132425285,-0.33476319638000174,-0.26374409404079113,-1.2245205466674247,-1.7729021711365562,-0.8995419744127604,-0.9147855659156421,-0.3605468326664196,-0.8097375179850679,-0.7990335266455899,-0.4269019759949013,-0.3975782768566074,-0.4875786386683818,-0.7792563768600311,-0.9947027967230315,-0.30859299660951045,-0.5713580277886767,22.40539183930432,2.1019235165410564,11.945757494536123,-10.384235233878481,3.6818308025713637,-4.499281952124628,-3.0689958097673333,-2.0803619893649885,-0.8022290724615839,-0.044160604447840424,2.7441739721151097,-1.9043481388455397,-0.09258147676773154,0.7079868586362892,-2.6058182423774388,-2.3259618653779883,-1.3741450705213507,1.8273673444026637,2.9377943105165887,1.1503899051336208,2.71703768182487,15.324189768414811,-27.743290269349057,32.978646693499876,-3.841951817594522,5.488875326603882,0.7306155090736945,2.0037340788152935,-5.456142715494917,-4.6099544615569625,-0.6120353301686747,-3.919865041900252,-3.409623068071822,-1.2097306973876218,2.2292792745213355,-8.54136785777959,1.5279355361868308,8.327152859400275,-2.4917514777826395,6.2328009935415345,5.13079591402542,59.03020934345362,1.5595569131303413,-0.8550993720275626,0.22169956496591148,-1.1770679470342857,0.08687765579162932,-0.09859299767275731,0.6891114885441207,-0.21665156896177473,0.5289312019626458,0.44892137626285034,0.2865123304773003,-0.02509710499008211,0.1312640228458264,-0.055961899513112145,0.1593402064842484,-0.2926328746137157,-0.33321373512424723,-0.06910469446162093,22.40539183930432,-8.98136153490735,21.507253236013582,-3.37685318793327,-0.35215388419793303,-1.47130282851621,2.25077024400525,2.5563355985763847,-0.6976614455341608,-1.3492143092034667,1.591876927491155,1.9182070252805778,0.29012334854462773,-0.9049850272669888,-0.9998176881212346,-0.683649794371171,-1.3267826292614546,-1.934108035357526,-0.7994512983822473,0.25919604033789323,2.71703768182487,41.72062033742125,-51.376406015150906,4.761730723112699,4.790319509265252,2.3074071721231,7.830006012195069,-0.9696319716630186,-1.9036830128672464,3.261694555856309,-0.581280121688708,-5.082961136167986,7.591223124475123,8.00373306218852,1.2083179357933724,-5.010337290822231,-4.330804191206613,2.9373025463372175,5.526750450071464,1.2566893047382997,5.13079591402542
60.08730179196404,-3.423478742824333,-4.59498318869354,-0.9581435122932249,-0.5504134667041827,-3.797677198521537,-2.129257470520163,-1.6621260801438527,-0.7236238885167672,1.1005764731703316,-1.2325847856144758,0.16439668960128406,-0.6476756150278398,-1.0334391376811634,-1.0630542430911745,-0.709441923624764,-0.3462340366842931,0.7813547934759013,0.11877025259256557,24.023870508666803,-2.6090065671169143,-0.9201844976977585,4.037332109209453,1.605216749700919,0.9179418325264135,0.02220562701841189,0.7214788200134481,-1.7130012534684638,-1.7177113305140375,0.8790592414163694,-1.1785819778248698,0.02624108658295965,0.9637571704429817,-1.3217704288355432,-2.930036986628144,-1.3985960467639555,0.7125484278460161,0.5474194227487506,1.3729260732298547,0.3778499867312348,11.749624873804315,-39.41519987347148,48.78624359271426,-14.829153160013796,9.218490798891512,12.072488345949479,3.8685842161342032,-3.5934317272687424,1.6958322425556402,-9.410529710739521,2.1682655668522814,-3.60333350041246,-1.4025214709141447,7.658883750597691,1.759839036642528,5.2944664393182475,1.492158519802776,-10.48426580680196,0.8184766779766071,0.09176289495625056,60.44603317664808,4.634864271854001,0.23918158477254936,-0.768537872320513,-3.1338454465994823,1.9703136424220928,0.0948791490437979,0.37759471908817277,-0.16326774738858907,0.8961216450144263,1.0534045841537862,0.6179604589053853,-0.6233266707285987,-0.36063579804869117,0.27898793382350817,-0.2986946814813871,-0.7462493480112931,-0.6396285364702421,-0.02648317988592952,24.023870508666803,-1.3521315831025618,-2.974423806607783,0.18263792649653654,0.8402286285235809,-0.13626488646816304,2.753642417771329,1.250527808069898,-0.4256538060539454,-1.0582495592723822,0.9451194261722113,0.2080503670400391,1.6259781469321384,1.3462938377571434,-0.7360710891598632,-0.4947580182307336,-0.003585725022127839,-0.25504754949062924,0.6533015646742766,0.7848178147401454,0.3778499867312348,51.75771911365437,-82.26048384518724,12.241895065661513,7.118618961978717,15.022636075016782,-4.559927628978153,-10.131863772264355,-0.8741703308087527,4.9406503594258036,-0.9998699756438612,-7.711352806408781,2.009266840270073,8.26872840850977,4.329267468397705,-4.593682315632709,-0.9903387413664468,8.571909656409877,7.149292399982642,-1.3360701290217631,0.09176289495625056
56.36734415796569,-5.6338564478839235,-0.23244329297153765,0.4191445739680879,-0.14632723582670026,-1.01073549979967,-2.0260663717529352,-0.9520331042430192,0.2986218974549839,0.25687012920111574,-0.6171940510875888,-0.1156903398466933,-0.135887604290176,-0.6295919375129011,-0.9856256251652247,-0.2080877692638654,0.1801580674338048,0.49331736745520316,0.32118569026939126,22.456564393020923,0.5029727181426153,-13.701933473788895,9.926092926644788,-0.5953063454936727,0.314312386355172,2.3288565297766035,-0.7841912942234326,-1.2340519242905406,0.22344765178127712,-1.6160428859797125,-0.5952348632156093,0.7282131635499698,0.796949615198622,-0.6116580444130562,-1.0422473648122064,1.9665108067987849,2.692054326086331,-0.39093337048381605,2.3531658567661093,-0.47975017039192736,17.533531531067332,-0.6267227790754877,1.3872145090086532,-19.69237986346993,2.954890004857355,2.554003338328603,5.572594159812619,-3.7409013758965246,0.7332920750721637,-5.488394323755591,2.5567717066841205,-0.9742566440107163,-5.595033589426546,4.383436632720999,10.858604686435868,1.8968231109032236,-9.790925920260921,-7.586937223701178,-5.787100216884231,9.360417716325536,58.82809779809136,-0.3482630767617647,-1.6629306813867903,0.38277846274200344,-0.7883812001171804,0.5184673906058839,-0.540976729247451,0.7475849074728336,0.2668911836054364,1.1396528870870233,0.6468461556860166,0.7682901699906934,-0.10664335072187336,-0.22315987345995825,-0.40369972889088546,-0.07041234956065812,-0.45662371555851755,-0.25286385435321157,-0.009038771833075998,22.456564393020923,12.009030070174866,-18.45220612767949,-2.552401963630126,2.2314346605767095,2.68241131144952,-0.01236546594909127,-1.2564002079082566,-0.2933392188179407,0.8579032452842594,1.589587861785363,-0.8616731421086818,0.839142034299881,1.6980120996101704,-0.711817869534564,-1.9101863136524337,0.40967258630444814,1.8037146809104159,1.6986221811099942,0.681052678454553,-0.47975017039192736,21.87836571660482,-12.797044083098669,18.705230776344642,-1.4589161711509515,3.9127709767784973,-3.346818971959889,-9.957764064188254,-2.414567824194557,-2.0462239065733785,-2.163669347919303,-1.7728152991146848,-6.702529571073338,-0.28046371367621736,4.927695551745288,6.010689766205772,-0.6167993676453731,5.622551511729838,2.021445984062861,-2.5882000353172288,9.360417716325536
57.02847695645943,-9.444709441688772,1.0236992547108255,-1.1226039866318671,0.13304015232641042,-1.2264140030373762,-0.9933192715473158,-1.3475649638720437,-0.8542228570920893,-0.3383967391729912,-0.9826246246513155,0.08708285063007626,-0.1961757586813806,-0.6371549730850194,-1.2728019882242618,-0.5898840236917122,-0.3876537947609364,-0.21608231363603636,0.2028864786752742,21.728718992457797,6.116980580140748,-2.8613718995055093,3.0518185783993355,-1.1191680230944674,-1.221697880848708,1.367284344044939,0.38916341457956927,-1.8489936690375637,1.6433375259536644,-1.519165736581162,-0.4628318080713689,-1.0267732623937724,0.3034863724400565,-0.07920676099424084,-0.2229660703227081,0.4705107521695262,0.4046442292673458,-1.024709513280175,0.28653997290008704,2.3683619223539196,-6.85050940082818,68.80699159488643,-47.5479415237906,-6.248650465434026,-0.6535820002183264,-5.697435384834146,1.4148138317823613,3.095070296560373,-3.397911878318562,2.9935447349163837,6.479696351807897,-0.2990149411283296,-9.429536654654335,-0.13964653032315577,9.921761083772832,-3.9202055839838263,-13.757431594379526,1.1811019261947997,-7.293427807506214,12.938027149522565,62.636025339157456,-5.043260714601246,-0.8690623322031987,0.13453592566091954,-1.2134316682285755,1.2564537553493489,-0.6578259919282292,0.30011929548891647,-0.1553009403282095,0.7589791315672483,-0.013975695143094935,0.6019666533423487,0.17255836014554404,-0.3117564294953481,-0.37651782656973243,0.2556658631056212,0.009103866681828832,0.1747877284624717,0.23383434407011694,21.728718992457797,9.1296984454154,-5.10868496528707,0.24641342459257354,-0.5210727485288076,4.284156854228547,-0.41522063682769916,-1.991977049843146,-0.2534948983684786,-0.5266412628576607,1.2780292861684113,-0.04683156866668403,-0.5775540476307386,1.1162001034477442,0.4895554114367002,-1.3115755551561885,-0.9751041500553397,1.6554011212321353,1.2579847917337559,-0.23322578558447238,2.3683619223539196,-62.37734830525175,89.12715423162834,18.622216989979144,-4.688156028435781,-9.776337612084436,-3.972299510038699,-0.19327067578255797,0.9877553355181274,-3.134291648172754,-7.675817080928184,4.640597180825422,-9.609238120351234,-8.833572880863324,7.82691244090482,12.389791005833127,-2.342350499080694,-1.9397814578487906,-3.765198254415576,-5.652642854959177,12.938027149522565
59.61342424725403,-7.848038422682827,0.4821133283776833,-0.550186131957517,-0.4483147103785017,-1.3457238795212034,-2.732966917734696,-1.6738484946939352,-0.7377622557373424,-0.4490816694846145,-1.2323350300744527,-0.3962700253850011,-0.2541770965688199,-0.9015493813612074,-0.9038284485079413,0.14422007657283542,0.37203424535845553,-0.0053411282954496375,0.5631667875530235,23.313092512212858,6.5056957084458915,12.602989805902254,-9.197871213969096,-4.802166742765909,-1.9520170930083895,-2.4645334991162953,0.8720927932582603,-2.6046835526252963,-1.3580389951456096,1.1990892992360798,-0.9838373703802299,-0.053202624284723665,-1.7593945370755208,-1.0353817599375905,1.7498050196872277,-1.3602869145364798,-2.914143516438462,-0.06960983331953785,-1.1999671531436111,6.401990572176295,-49.66050373874568,80.53911016726937,-46.993034645394545,8.697117564922184,8.36952508011783,-4.785481153012936,4.008344830551447,7.908759284529417,-11.012215631979949,6.174772659622233,10.759159104626361,2.937509532347293,-8.405530287209647,0.2049849557311707,2.972620708946459,-8.061610426848029,-12.335605063716025,6.124124460709124,-4.005662278431209,-1.203394766484351,63.939728297286365,-2.82748365748178,-1.5771783953547516,0.88587999626355,-0.7960691804949791,0.43762486635345565,-0.35044053114087204,0.5811795909347786,0.2083166501501652,1.3922963895789162,0.55177494485695,0.7140802504087591,0.4259664293779317,-0.24908459619812717,-0.6833021761427087,0.0869962273429683,0.2315478584949313,0.10888922296439296,0.14126288278763233,23.313092512212858,-3.2830936908639217,16.17586177380389,5.943874451191032,-0.40096128124721453,-1.7251282104753165,2.1617922853248195,-0.8012940045612198,-1.9910248114741727,-2.6381304106975167,0.3435873235334035,1.159240343576597,-1.9593753397106028,-0.9301700169503979,0.8512168374531273,2.7301038571944423,-1.1494231005675353,-0.0780566148539894,-0.09106991988055646,-0.5258821771584123,6.401990572176295,-115.31320045824309,101.20240355866906,15.349436462255653,-5.836369755249923,-17.982541290136297,-1.5836161432506382,7.824634121969903,3.0872089915922882,0.42491886446697436,-14.019211333334772,2.331120369098201,-4.11642634648117,-9.33633478262531,7.1360340367830375,13.963843787332634,1.3839212226221518,-5.478193535344571,-6.449392429073166,-5.1903303715041975,-1.203394766484351
61.52275203739024,-3.7470737051776357,-3.4263522101684827,-1.0330621708776562,-1.010268669852636,-2.946540836638301,-1.5812254902394978,-2.2257152194371765,0.6162369510562282,0.6939695042226157,-1.1564302001567284,-0.20870009882644824,-0.43678768266848955,-0.9370637962541306,-1.2154358665811702,-0.6503404704583513,-0.23985001101294556,0.5183292847111403,0.14104969040079296,24.779787410247796,-9.035622762682642,20.33084965989988,-10.174656582378905,0.5843217156200242,1.724315572099031,-0.4298170509522117,0.6007436921637823,0.5198497089791003,-2.625923946209875,0.9682655162666651,2.255567451661389,0.2674415099361416,-2.472839080747114,-1.179731836234854,0.6348173630085556,-1.6952999780882365,-3.3630684480813504,0.9773086172640113,-0.4972213255683924,3.405993190208406,-47.251301056205286,12.334472846470067,-7.8541330950509725,14.050839678133944,5.952617198887802,-3.8648419970940493,-3.239868640883125,11.626946227865318,-11.054139711863991,-0.24791810078158516,7.607689521845352,3.8434699986182363,0.6765275436442373,3.2842849852520724,1.4049289678734156,7.4115087564197095,7.20616576775908,8.023511962776048,4.271879967226693,-17.29727624578591,62.45506714975828,3.320132079570474,0.31951215405281674,-1.28062501334569,-0.9879230292963093,1.8031245861344574,-0.9963774749310645,0.334049928172961,-0.3973011120897838,1.4088145368526854,1.0775244052349775,0.3562883948809832,-0.33153150905462914,-0.10289573096125659,-0.23699862012867445,-0.8649510449608702,-0.2626345744219498,-0.19151267926216642,-0.21824689998851987,24.779787410247796,-24.894743855209043,24.2751193584647,5.24560821407553,-0.18765141478234737,-2.820663931547963,-0.319586212884976,0.9263393685051007,0.9170666580332343,-0.877378555367871,-2.2697888451659005,1.5178922146101106,-1.7793822262382366,-1.7564015443942342,2.395867777798701,3.3799923992623917,-0.39521313112648304,-0.2840526305328219,-0.3344515120382361,-1.4380361849329606,3.405993190208406,-60.024138181288556,19.37846542367894,-6.994742726682727,0.6009652788773097,-13.00356766867233,-3.940767083884024,11.94272418978042,7.532130740321343,6.8400717699251254,-11.195159399075933,-3.3259017834901723,3.6304799726877213,-2.3879161998219613,-2.763315759200178,2.062162565136227,7.1798216482871275,-3.96985158381308,-4.131886289415693,1.0928429398986483,-17.29727624578591
57.37305447172323,-2.181179413188364,-2.6063531675164313,-2.0267097052919723,-0.5506813712413718,-1.3829388325573553,-1.2960668657777141,-1.815299752773101,-1.1156275041919796,0.34023165712135217,-1.0222099485249974,0.0055998227392071165,-0.8952789108343819,-0.9973284058971408,-0.13940617614315665,-0.8580030031487857,-1.3508155826594215,0.09130665162184592,-0.2478794921651737,24.13202547021407,-16.75097747981853,14.971510830143092,-6.957186815663368,2.9015075676101736,3.0260681999402177,0.8346666507687106,1.1141909822601845,1.5359060289658357,-3.148029428126927,0.2276278174074906,3.425145059231193,1.5498605435586592,-2.017652801812616,0.04109697107283572,0.015171272995391227,-0.9813890414963486,-1.5918918670973337,1.6701197945986532,0.7422153667847446,-1.600263187561346,-0.8162805284948647,-55.66744796176559,30.220171031328782,16.470922939566137,-3.52433101882898,-6.567024104407617,-7.392320412630891,6.596606843251164,7.528254830075096,-8.86015916118819,-2.8292630302283825,-2.6258552883035184,14.29359810059565,8.807027378003669,-1.5553607864077708,20.371140393504835,22.760836741924983,3.4207682776164567,6.743841336903096,-21.10235234211502,57.27703004735899,3.557971413054321,0.7147193010807178,0.889878291621701,-1.7636996248209718,1.3260281178757394,-0.7723479900266432,-0.264892814606275,-0.9311739358625348,0.9865288462110064,0.6807162772852788,-0.08855837063392524,-0.31968342459698573,0.09801819599955963,0.8915925964858067,-0.08481544581118006,-0.35978280243362293,-0.11524861043117074,-0.045939238382963765,24.13202547021407,-28.635349008634456,17.457093489779158,2.6227188727562227,-0.8534608839214823,-2.7564489407303725,-0.8519907495457719,1.1967586439025717,0.664984498777347,1.2457313237728518,-3.646108739214867,-0.47847484919797867,-0.6181570496369546,-1.533854467781495,1.9030429656759542,2.7259516028045927,0.8116876881510957,0.034344789120608565,-0.7298558815405929,-1.3117073076233017,-1.600263187561346,41.312148828011274,-64.50477692906728,-23.323641259540416,-7.239416993948536,10.231853527894502,-4.666344188820563,5.658506736043211,11.543739940832985,10.951365377179696,-0.5949644974149817,-2.9309984308299697,10.916173552312202,3.5386713839011508,-10.673815325489079,-16.93724523999116,3.8378207863010267,1.1780572072493884,1.275070613397269,5.639393133055629,-21.10235234211502
53.63085046288351,-2.1127141164860643,-2.5193957885315696,-0.09218134215462737,1.046381268807361,-1.4227150519954062,-1.4113974514439156,-1.0169144803429107,-1.9782522059697083,-0.24892064434264194,0.04009656040465126,0.01986868153604293,-1.1120443919221565,-1.1791313789344797,-1.3376044429023763,-0.9364224728750199,-1.2077631047926731,0.2242481050373215,0.3597989557501766,23.022249108561393,-5.880333353829684,2.121604011609105,-1.9955901682790147,2.0544146607844636,-0.7344319278791107,-2.2147367294445885,-1.3518200003629555,1.894184654099529,-2.988737113487672,-1.15739404605766,1.1365217380455959,0.09343015299365431,0.7708792766307226,1.0246963661265822,1.346815286959918,3.9868161938593154,3.3466012884763217,2.1171816541487534,1.4513886965492555,-2.2791493206702143,35.2290241459499,-95.54564773582308,41.49337258940795,-4.127340502164029,-11.892990840665393,-2.3515719776427386,0.02172183968456265,-3.732404464568236,18.98147371881489,-5.118903069433118,-11.916519746896993,-4.1842943501532925,18.614442956435095,10.494733215942912,4.809351210457889,18.254389084273946,18.118385827579196,-4.263559883356713,-1.668396963804295,-16.14788296895153,53.52000253651662,3.9015714293630537,0.6077929266168316,0.03871107059067036,-2.1399484118395606,0.652459023145719,0.01629742176720672,1.1816888272760604,-0.024244925005795004,-0.1730315193317471,0.6804997459477959,0.11359485074457254,-0.33281748506411435,0.7126260633051589,0.5260309867472057,0.14396513411945389,0.162742881879695,0.11963088914113551,-0.3915826878110653,23.022249108561393,-8.20624298634361,3.9399318885647667,-1.5903801495313852,0.005659692246981152,-1.70196661498009,-0.8787126613344154,2.9803587208151687,2.1845658166664332,0.9514637548697178,-2.32470238199542,-0.8909248640244822,0.5670767936762979,0.22408422895231217,-1.4180155322748023,-0.27841814539315024,1.6342512797289086,-0.38572537266170337,-0.4885653721440726,0.7061082495972965,-2.2791493206702143,109.05985974847371,-111.48666239799833,-22.66214354973303,-8.793822485674054,18.504582331256753,-0.04498440072398946,-6.4680435967961305,-1.2887467602533058,-0.06981812891130268,9.721307102018669,-0.7205632664390114,8.04497216586185,6.129082463193861,-12.364480324777396,-17.482470438339426,-0.1620157739371435,0.8085870375519439,4.029588445036797,8.368672178455132,-16.14788296895153
55.18388629459813,-1.179462801957067,-3.4499582902724573,0.4301272374860554,0.03639442026160866,-1.6903034464582956,-2.260785446002395,-1.5102958497581502,-1.0145323912878377,0.13617731350175966,-0.11802588073954601,0.2643758562130829,-0.9253751428482944,-0.759967104484615,-0.8351585238496426,-0.2034334429670046,0.06004485869965248,0.9767593588407864,0.824899838270704,23.391730069275386,4.51991073977198,-6.126111350835153,1.82268109464535,2.6982482544349393,-2.4848088524338086,-4.855585712073915,-1.8477855667938163,0.00645239644007134,2.587495003530837,-2.168160500195852,-1.8389460286865247,-1.2791245899652393,3.765545334533386,2.265917827883526,0.6161256645076612,5.9842251962421615,5.111439986245195,1.0708377870463195,1.1976485042491132,-1.306614343441904,38.27554882887961,-96.00753293238124,39.24383438136492,-12.354454904821944,-2.835514390616289,15.142632964690215,10.294763677847754,-0.4168401219688227,18.90637899140122,0.2099684345833892,-8.292589251961498,-4.241832084522324,11.820767704068343,6.3710880187788,3.890425634901507,1.6293499405909273,0.7045666035014593,-10.614608146568761,-8.82769104398519,-13.404076437372854,54.089586099589965,5.61034341251151,-0.40995934525864763,-0.2005184876653714,-1.5982809595885397,0.5869622730749389,-0.2583986575387218,0.48985239077190235,0.6446542184945967,0.3601650480636991,0.5110498499015514,0.5263484976584871,-0.34031781650807313,0.2946759895066422,0.29815882182164755,-0.011618018121645868,0.03603152490441319,-0.41161050200755445,-0.4279228771127458,23.391730069275386,9.028730288709,-5.9089329557797825,-2.2999519967757185,-4.117325331736147,2.8314498951879976,0.10818341513925755,1.0009496873053516,3.1470955796257205,1.9231311227735373,0.07356184324067239,0.8981496674789087,2.3254819264882305,-0.15107721167309562,-2.5787491702546603,-3.909313490473367,-0.2452449128447176,0.5618083598351455,0.6235223168709962,1.2217421721042734,-1.306614343441904,112.62667964243867,-112.01885260780654,-18.869921950329953,-2.676710740235012,14.007746078842459,-3.9502147414079856,-12.973352537209808,-7.693647340317771,-8.89006946508817,9.416028393700465,0.5481918575191722,0.19869087867435464,5.008942901192005,-3.571248233789027,-8.268270694194566,-3.795564970627896,0.6200357429369625,5.13005746377115,4.939290776184152,-13.404076437372854
59.67716944903795,-3.187130004988732,-4.002344732929977,-1.2342733118744382,-1.6710225295436816,-3.900226894410125,-1.7747762003086351,-1.4311248438948874,-0.9286791621396788,0.217299653003582,-1.0402613650266561,-0.291373039066559,-0.03629992834617202,-0.5433962638971024,-0.19415204924796825,1.0157828463804157,0.7280204125456784,1.1341937581760466,0.33035437345748186,24.01036045038203,-2.0565547995029476,-16.89316311752254,6.182095757170711,-1.377718878874373,-1.4667413220466523,1.2395231416477317,2.092592886533064,-0.5816257070421356,3.9970506973686866,-0.3932918596482229,-1.0706468778282487,-0.4102130983785557,3.942783329297433,2.955224343331257,2.739015772481365,3.9490874451794804,2.344458539036983,-0.8548303206381784,-1.5591363762027242,-4.814772716327081,5.749142834952856,-39.21165929255312,22.42696946207205,-9.96829948755219,5.641454360222568,31.164900533996544,16.647417141056437,1.0630335825403785,6.643915969390839,6.430972323361478,4.381063448030204,1.0441252672270669,-4.849035792066243,-0.17644489703796573,-2.5164339333714287,-19.413724652618285,-13.608425066286092,-8.330146039608852,-5.330879449993791,-5.455781700963769,59.945667630470986,4.263912024124263,0.08666140245680687,-0.7325967775786633,-1.9216156694025703,1.73330117786765,0.23682721923255912,1.048960233817089,-0.7094833118334907,0.5596452449286291,0.7168951869146001,0.33237335757292596,-0.20917219862292935,-0.910232393852199,-0.07949080549317,-0.08442411894118296,-0.6534044244218196,-0.28761441954601086,0.32579904417501937,24.01036045038203,10.803146370356089,-19.785198617754997,-3.624128126025015,-2.9526304337120424,3.637677816121229,-0.8221654955894855,-2.2097779515943548,-0.9683622625176054,-1.250987519323865,0.731029414615664,0.46929832305216124,0.7712843686300965,0.6167510591484968,-1.5454763166246899,-2.0436102732683423,0.05224528240285187,-0.14349089711411844,1.003653611274368,1.479575164430817,-4.814772716327081,37.72409221678451,-52.48916904327258,-8.641860963556377,8.440401295966003,7.653513917619023,-4.432148605293965,-12.721466663252485,-15.647880680093362,-7.899402067962688,1.169682266523221,-5.109305591502231,-5.250175722455376,2.2331894530383902,10.553337340520894,4.703646819770945,-3.4834471697978406,0.7730677853692807,1.8845950811914616,-3.4814325520917526,-5.455781700963769
56.609850348532,-4.707027144354607,-0.9535381479945526,-0.10653959321459716,-0.4343838982827548,-2.571975767386953,-2.0382702747422625,-1.604968372777077,-0.34666652434157585,-0.9769587416496859,-1.401504000152606,-0.47834161194211156,0.4496215246443187,-0.18223704947406638,-0.4030695407165301,1.1580069353445772,0.23701265179399988,0.17175271857564312,0.3656670511057303,22.9846626275828,0.474907657457905,-23.524872071481706,8.575887412294229,-1.55965311497138,1.974465701715844,6.6788531975676575,4.539366377736052,2.5653911485522567,2.8122661621455034,-0.04943905850553332,0.38243474118736565,-0.3192338730163975,2.3067790238882013,2.261376991859898,1.2642838476854212,-0.1478496968609675,-0.7385371906269347,-2.1511782912922612,-2.16636761883186,-7.03448970841934,21.744537743042777,37.030342661050405,-16.336216875154932,-22.169352363565164,-11.969013999615338,14.753978078817134,18.948725482201894,-3.501771023760778,-13.981285982859847,14.006682865022125,8.27577283759205,6.926321874980957,-17.481413285001842,-6.820567447430271,-13.052560953193654,-24.13752053158575,-11.864492619364402,3.216343759101381,2.2137197492471525,20.861315023415873,58.57856264473631,0.4223346377838255,-0.17469093522712908,-0.7831304501617056,-0.4571410484454681,0.8396987480844027,-0.3821380451066436,1.375019271936071,0.37301081893808163,0.6569713857011545,1.111593390541331,0.9647933391960133,-0.45704467365412604,-0.3799271605490917,-0.760303252630689,-0.09324327570322044,0.3291950306347071,0.40013520234790056,0.20624098167613059,22.9846626275828,18.17329613423503,-26.68976756096423,-5.795368114161938,-0.7126711910594765,1.5776018831401974,-2.8553717031222297,-2.6948492884975703,-1.6053751317895188,-2.0980777716744416,-0.4659604406701763,-0.8844905139767143,-0.6209153977766766,0.7742835677164153,0.18114924095638463,-0.5255876803550941,-0.29509179849982403,0.22324542281529736,1.089063358635762,0.7712046230520138,-7.03448970841934,-6.637427935614369,44.84146076056841,11.460276017612378,20.087659106682768,-5.799784747552954,17.1671682457591,-6.624362563967674,-18.258808058280774,-12.481367463536374,-11.538490655389026,-9.124321743671317,-8.955808282628029,1.4410439687198886,12.235096267700275,12.186747769840956,-2.432432061268253,-3.1293926839612984,-2.3108697332215318,-4.942783427443473,20.861315023415873
51.8895910361651,-8.795513504048564,-0.6765579810851663,-0.5127073662414876,0.5483997670562166,-0.3621173207072115,-0.4763585938074497,-1.260391072354515,-0.3136597907584959,0.11100145340896939,0.1465121811970569,0.18612086642436232,0.17184893898025333,0.009615765225874373,-0.18414104822825017,0.3574010605589293,-0.12401773182135534,0.1993362648508039,-0.1901528387686986,20.818396471244146,-0.9832603951962184,-8.784845274344182,5.841291403932572,-0.8007843982884717,-0.14334202484265335,7.600494082732898,3.7783125979003285,1.1462320693136256,0.22083529190041418,0.9987313947779195,2.216363077123753,0.13554742813276688,-0.9242554640798062,0.9387443356194134,-0.23548077131467648,-2.654008685898263,-0.5326226562306602,-0.43688332648638273,0.4679570330928464,-2.1431024886633807,45.19294736509611,101.05214179780856,-34.67262117666371,-17.463378968829062,-22.299553951743153,-12.860519829429476,8.014532171268844,-15.274109858603282,-14.352227246637261,6.14318305491161,-1.370240840567023,5.746182179958149,-14.87254256710711,-10.018098782188646,-19.10718927341699,-10.560493450588428,-4.580186887191688,7.509672459461836,8.32330005370959,42.62960559841916,56.677087449121494,-3.397023492150602,-1.3219053414114352,-1.1462981650171837,-0.891679459350482,0.11500803784624436,-1.0267218602460098,0.2549242554351734,-0.51391698488947,0.04408001915735715,0.6148771371539867,0.2800146142908577,0.033921473083160514,0.2771894800206809,0.03345688733920271,0.2109004041116671,-0.055584319542511196,0.21558484260059196,0.031122965009904968,20.818396471244146,6.08352019928563,-11.9142353304793,-4.163602572616464,2.5235332698916473,2.751714349853322,-1.6130094048506542,-1.5324751229096125,-3.263139167672628,-0.9876328318876371,-1.4701001067783852,-2.5542575690477864,-0.5848124054189365,0.877998565776752,2.4787039323801223,0.3815423594331857,-0.08254886234245862,0.17008998853286106,0.22096164756927528,-0.8093392519224503,-2.1431024886633807,-30.89518746970888,112.32976855052465,33.51219737716013,11.228412357461139,0.705206810488821,30.803488287021295,-5.369905310696222,-6.26670848220345,-5.810632570748871,-11.4264034239545,0.0897981579508309,-3.403585220741532,-2.839464328415725,4.882212092028813,4.007372681269498,-2.5049459596808417,1.0316935705673398,-2.261384762207115,-2.2778120777942377,42.62960559841916
59.31512932976351,-10.137707088168003,-0.8249079600477485,-0.7104822928161099,-0.08608387718041843,-0.11993163452592359,-0.640311060384962,-0.312967161252208,0.08409100409432257,0.1646068840462993,-0.5201952832577197,-0.1339880330405765,0.12393993543259363,0.09421537688384563,-0.20802210051679104,0.05183260151325486,0.11679533556970201,0.3685989598572772,0.0019696349678641756,21.47046720463466,14.855532409140004,8.33490105810087,-6.175025166313046,-8.674895167640592,-9.131015500843477,-0.6590821432079315,6.7837173186235,-2.6083620036181983,-2.51504028516495,4.139169305102139,0.6554354126334996,1.9111560842695776,-2.5416419112789153,-0.1361258919756878,-4.4229065401911445,-2.782987004011842,0.617734274196815,2.470036169521112,1.2909616742249042,7.7882080544341825,11.20498461282046,100.4703512981407,-32.204297354509045,-8.13337211604532,-9.940460860165143,-15.49460000962277,-2.3567571365273907,-25.150458933105934,-3.5289729605617772,0.597631551878405,-2.854234454335507,1.7165800347354416,-4.485338503415813,-9.289008001905021,-8.001008025747248,5.082780527385081,-2.326319728298696,3.7350527453732223,2.3923743773730246,27.592367082903547,64.81052425738223,-3.9040726098331726,-2.603360030405496,-0.3500033894758494,-1.3244481230444851,-0.03157700847547318,-0.9740487620482225,0.08418281406810069,-0.5021678308146345,0.3849674406142469,0.11981361779350097,0.24207017041118295,-0.07472286850291043,-0.20846032695160543,-0.021108864772085845,-0.3068261788979829,-0.1512558161275923,-0.11867845376297481,0.10501747399581829,21.47046720463466,8.069829406437044,12.576315780866576,3.6999232353261946,3.1884223698033924,0.374539254545474,9.087189492649392,-2.6498830090208565,-4.834919996937156,-4.449229952712765,-4.595118723756816,-2.152233258306776,-1.4743738278012675,0.4388210193727211,1.5267088390930708,0.9714840780963476,-1.394063871106189,-1.1596784249689933,-0.14056656788722321,-0.10519233344082912,7.7882080544341825,-63.3154718943717,103.489542743561,38.78295516873599,-5.69169782238725,10.177618384216238,16.166858564169637,-8.378914027221153,0.117049143390902,-5.494517414437148,-0.8789682220696875,11.968951596871975,-0.38861278988540127,0.9816963136449572,-2.8586038183635685,0.5681732057479312,0.6574016547012873,3.0971960828204503,0.3898932892893241,-0.672827415198791,27.592367082903547
57.832899760824084,-4.864212670254124,-1.1460141249370932,-1.3326941612179177,-1.9168435525161764,-1.3260019194741908,-0.5845995085371212,-1.504009415000509,-1.033640280407421,0.14588253754454916,-0.37273418491222277,-0.3957761144509431,-0.3355868657802126,-0.2122503092663517,-0.40941615500517603,0.24186567034694528,0.5218177425424972,0.8173289742920382,0.7461815980728381,23.69590691752441,13.349606507204058,17.70302121659045,-3.778758541857506,-6.551787336954297,-7.063777696638568,-1.5217691026792122,4.977683501723762,-5.631804060258549,-0.5154097022947166,0.583995486003746,-1.8922676338348272,1.3476830129575315,-1.0692774866725645,-0.855073605845273,-3.970983670288846,-0.013590626539296657,-0.6237706369707361,0.589398678686053,0.8738490041236882,9.088681201455739,-17.714862526755034,32.288916056860515,-19.893125925411173,9.88677683964941,9.244372503877376,-1.5159895553263336,-12.603736657928733,-10.159893705211372,10.72655021087806,-5.941187797026083,-1.7656269468982688,-5.965324944378329,3.077183481142811,-5.7240209359734155,5.457936595393495,8.706403793348374,-6.80180370862466,-7.849967917048684,-9.287732590509432,-12.601061104231693,59.87144692379084,0.469997982693112,-0.7808053362622416,0.3126063270242323,-0.11210495717640079,1.3624343537222607,-0.23345498375145768,0.06280887891476006,-0.7657104029009512,-0.03940283591710969,-0.06434371123537819,0.40132873925587287,0.03866618168983882,0.24338615553911902,-0.2583168197058787,-0.01890709851503103,-0.3281340067742393,0.08227323229406447,-0.028258827946049614,23.69590691752441,0.40728599940064214,16.746643986591927,8.384324887810983,0.7110289645870926,4.591812535663001,8.608298050035351,-4.917213746680822,-2.486944071045512,-2.9807277141791393,-2.9175931558182664,1.1480687741926074,-0.5037790267283739,-0.6352498308875185,0.22284993032137357,-0.788459811859314,-0.6507416611343864,1.0638178120616968,0.4877761934323033,0.7788676037801197,9.088681201455739,-43.96092635091075,38.43792706461905,8.329988545474057,-16.172941215409914,8.486816698634385,-15.253583451098397,-6.4902804432621135,7.679076498362637,-0.2660782435016418,9.550136601657623,14.200032913382639,-1.4345231426935237,4.19992165416677,-8.437488225562118,-1.071246839297142,1.2537009678284767,2.7952061400509867,0.75099164449387,-0.4482420219710763,-12.601061104231693
61.06596219077251,-2.5052270322013914,-3.806322659225112,-4.0339937795466785,-3.7672699889182963,-2.4195745396074293,1.407708841934323,-2.787340203263179,-1.2441964220995883,1.0751853688335937,-0.8141631107812164,0.76818492063033,-0.567481528614906,-0.13936695821579725,-2.5018852574236394,-0.1757188715553517,0.2229620517104811,1.097774448615582,0.542980669797414,25.44001143165976,-1.089033487332003,13.466370332121326,-2.716236292065254,-2.7508377036611273,0.4644531075312299,3.4926847854623277,2.7613023575606395,-6.620820253214623,1.4159021789621802,0.45674467182075595,1.0096328694989025,-0.06701164806105897,0.1366207834766744,-1.4862180383602688,-0.8684687157011184,1.07333153715209,-1.8561230644062447,-0.7967929211918678,-1.1731264156607686,1.1458019879728738,-45.33033452673651,-26.395790112001368,-5.235839899071726,31.70134026897865,22.347631860885556,15.375748245495977,-25.828535064135146,14.859309254857264,12.648655463678324,-9.480007400888972,4.088068719173623,-14.440124785811985,2.482251541859264,-0.6240842622470388,20.460855224760515,6.387257711607118,-4.607879536894328,-12.5129024339555,-7.657912550151184,-36.85037692165136,61.01629761062016,4.776981790795256,1.4047206798613714,0.08162848871928263,-0.6596586722597717,4.759580336471091,-2.103712987864348,-0.9463830382723004,-1.7257074484125603,-1.59884654864002,0.37508718558262566,0.16694936281287198,-0.24000651827110464,0.4003289212382246,-0.12867436005997446,-0.6753714599429659,-0.11436933823392548,0.3965077235575527,0.18333571143369332,25.44001143165976,-10.646322713008324,10.724564152280658,7.322145739992334,-2.6522679496008243,5.746361982343476,0.11740385151958499,-5.191936990222542,-1.9349481084076259,-3.8487890377472644,-0.18169802718507944,3.2488221128390764,-0.8557384820646585,2.021755922871029,-0.12022566719602512,0.3435000081651214,0.3177054282467835,1.3249795524611045,1.1506027303489101,-0.3593125123986667,1.1458019879728738,-29.97039667653236,-15.778835951664714,-33.71774127554008,-8.140753448638971,-0.8454285662655967,-45.359554629975975,8.10765719223022,12.301950821254357,11.013817443036164,16.549499343728193,1.5999725685873918,1.1608536135141043,5.682504234938418,-6.052200027966573,-2.84137570054712,4.427089814583862,-0.22499660346742179,-3.1001726351394856,-3.198593509512741,-36.85037692165136
57.68897785926263,-3.7602429237366457,-1.0752299024252374,-2.126845291353352,-1.1428960253941285,0.02681958049393529,0.9884732058947887,-2.839106581478304,0.09277907119110118,-0.052290045982804845,-0.6526377219586084,0.4088758960676748,-0.01707907233227912,-0.3011298701469407,-1.022701304919249,0.46438148382358424,-0.48898640837711294,0.129447859814678,-0.023733854121629427,23.377964958459465,-1.8684087103377323,4.793878117075849,-5.834665995896909,1.1805752895465011,-0.3188900770913179,4.766615840734602,-0.5123482505326078,-1.9274856584938487,3.618639165275879,-0.13065018709443033,1.1564508752419171,-1.8580311778910792,-0.7247950708861954,-1.2482200591750041,0.7162686141370576,-0.22896605980604257,-2.6965958412414603,-2.7284527396542346,-2.9438652172190336,-5.122430007548573,-24.779049411135077,-35.8895544112456,-13.730664631358925,14.04471098911808,4.619239654901845,-4.173788885632009,-19.844666540327925,27.982339452646087,-0.9158627100841232,0.31037488061197127,3.0718963811598554,-13.521464507909075,-4.63123851199429,4.653153278371316,13.838605022959086,1.012407096215806,8.086323888496317,-0.5882909300736501,1.979866351251567,-18.072119730826238,58.77784377220285,0.6357713008311463,0.8662167473606233,-1.0065996218212034,1.0718320830886618,2.0235783903906386,-2.920496620678358,-0.47326485391738204,-1.3925110331800767,-0.42280956412464255,1.061274740355728,0.06568550472582624,-0.20106161747650164,0.08421982108645265,-0.30699027094651,0.0698022140669654,0.4578813475415038,0.20187985065647984,0.3813976481810273,23.377964958459465,-6.538866916447063,8.230604016123184,-1.809719552212505,-2.642592178111201,4.309211335271513,-4.754908309834949,-3.5065883539398266,-0.8735868627560746,-1.420892411121208,1.0982578457645582,1.8452312020706079,-1.6113916496340028,2.186491941110983,-0.9165729272563887,0.15991097475022786,-0.3115830281047065,0.32536406984330535,-0.049127179301856394,-0.9064001734290696,-5.122430007548573,-2.813596859358533,-10.572253727592726,-33.837688036509725,9.00053865674811,-23.511432750141772,-23.01325230240723,20.9490281987293,10.181933706869929,10.206797006873611,7.0592839235301605,-15.52919776937518,3.469898150249806,3.5212309321108965,-2.679283715353735,-3.1586223446204373,1.08429730720309,-8.968963101787928,-7.158660626298708,-3.6706541519358966,-18.072119730826238
58.842573536878234,-3.9565067953660793,-2.2184182173363034,-1.6888255795789564,-0.24083108697582745,0.9500000082211773,-0.0461962388205972,-2.9558287046206217,0.2288324177761516,0.4920655117203543,0.12457292001492437,-0.5698198623304149,0.0329964304469641,-0.6044538618559943,-0.33561388341031373,0.47724046335098036,-0.3058641211736153,0.3141430565000234,-0.19963584676528634,22.20233917815357,-0.20062724545735477,1.5915775518574873,-7.764991388829207,3.3095936535983337,-1.3296433801743235,3.88459950783315,-3.385534337315886,2.9691334229280835,1.7422630128889147,-0.24351155879325947,1.1751105176819387,-3.70604921321211,-1.4727573482424678,-0.2515947964343417,3.4638949299761608,0.5183295684250901,-0.6497928921149867,-2.1274893382864937,-0.629137490179327,-3.5314248018893437,-86.63114872557483,-24.875988785734272,13.859030715949924,2.4999954642834687,-3.2305954480727097,-21.170014120841422,-6.4648605278771925,33.76625200277416,-7.467247350727612,0.4075317426423579,-5.097204453009421,-2.0233874623866797,-4.209364290133061,6.184433574048381,5.463930677718657,0.654734916076593,14.039314443913652,8.41025961107325,11.248801989196046,-16.516885276256353,60.03416447667206,1.3753228072381387,0.23420179777923877,-1.0165343898535437,0.9567643479947217,-0.3034471010498696,-2.2264964386960435,-0.6152543737196412,-2.113162034548704,0.48582179112547363,1.181415448417486,-0.017977453356122997,1.0560189925157744,-0.1889899933232848,0.17497786493079048,-0.19232812106558939,0.11822628294508841,0.3968196022302726,-0.2794670202670535,22.20233917815357,-3.442292473905283,8.94491779026859,-8.061925182432102,0.7948562168330531,0.09312557160841961,-6.910984642403443,0.6986328907237556,0.5093768095453037,0.27776111727635167,1.6717054473158686,-1.7008281879520801,-0.34014070959140086,1.869202250842679,-0.9296797461013349,-0.9233891654819832,0.6499017196709023,-0.9029498555935085,-1.4222011990898862,-0.8618551995926051,-3.5314248018893437,-66.22996314857855,-25.457682564465355,-11.611577920052175,19.97518546312328,-26.807404194284935,7.196380093290602,26.046238661282697,10.173909847009192,14.968265657188343,-1.9328484299258881,-18.520691773161122,4.588045568833827,-10.41415624711798,-0.7662046168229313,-4.0111921136826485,0.06460807479309416,-7.073755217762543,-8.107118492881265,0.9856541743644377,-16.516885276256353
58.010389732602356,-1.7416337301338558,-4.857299343829952,-1.9149906164285282,-3.83950804203307,-0.6274812730211932,-0.11382109342596491,-2.383507993568712,0.039164882292648695,0.3721173725539537,-0.2638767626893346,-0.6557893119161102,-0.9982233807542453,-0.6038168870337552,-1.13441753494331,-0.19909702700924203,-0.5620670916361847,-0.15508169947729966,-0.3544427522553284,22.75352804050322,0.5158786806991955,5.695640401099572,-8.119713309154992,-2.559647521024987,-3.8571096253348687,-3.8046209066806274,-1.8712314210019372,3.564388827993142,-1.1365214743001455,1.0893110416167393,-0.4390582673464176,-3.5935304584214807,-2.5802076768101387,0.8541914123774215,0.7821370183520571,0.7701139059321063,2.816226221131793,0.9606014221965409,1.5917877170087509,2.3912347309737285,-104.4490297809323,-33.61653337489556,50.226716843820086,6.156636186822743,19.633733060140422,-9.458988932088884,3.107334941719282,20.28802379907232,-8.747123892688215,-2.7175396142377313,-1.904830595147653,9.067214156114341,6.99844545805254,5.048814110247395,3.5635418353370403,-0.02957070900248282,10.596378384587675,10.447038460257238,9.370833408760552,-30.044208294287458,57.09308003254136,6.286129482533263,-1.1004056713274277,-0.459608322744955,1.2342892003321093,1.516493917565266,-1.9253574353055232,-0.5395488847396068,-1.2824293153934834,-0.5326080829175774,0.4551077583824956,-0.31190367747663106,0.483899396851891,0.07975914919167937,-0.33018744482614726,-0.41622028200607253,-0.2817497824420936,0.05755370330677634,-0.25005754881021103,22.75352804050322,-4.601527549830145,12.350340303801598,-0.8424836692316626,3.487736209744209,-4.337285634040358,0.6158661457932504,2.6120154122106793,1.3818603234129876,0.05939571174585856,-0.3146529313036601,-4.141704960099404,0.9733711621599004,1.2016424711821048,-0.7120648879028391,-1.7343263973459804,-0.2746911532449008,-2.306699034804961,-1.8051521549976526,-0.8051881285908594,2.3912347309737285,-71.14259733407266,-69.27674159164803,7.409176423031066,11.806759442517931,-15.423678598052252,5.961743217591463,20.25580366508565,7.000054371998638,10.04657501950514,0.16807436281148425,-7.115161506199694,4.7125905106893535,-13.142519291195981,4.455756940899692,1.9701644793187756,1.9023271345778392,-0.44104153100888555,-0.7951967400384612,4.5450538233414965,-30.044208294287458
60.80494263137397,-2.7187428530740427,-5.797783632937358,-2.4851242902099235,-3.0837856706859874,-0.15012435893329013,0.26608882293675684,-1.5305727857539333,-0.34625782120590465,0.7412258801685847,-0.4209883315748839,-0.5525070819838325,-0.8132880485251568,-0.11382084798956082,-0.7140796774235285,0.4151851680736065,-0.06539405271747634,0.17629455911832403,0.3937663737746,23.98651748969321,-45.596751545637886,0.577494797242327,5.3558027225387494,0.3692714337663512,0.6182651576166505,-2.806703901250769,0.20831367885670815,7.51636850492896,0.05985882338638637,0.0505299287863501,-0.7412147857116405,-0.21095573898919806,-1.0403550586278842,0.554793012887709,1.8305624210507103,0.901159012321312,2.4071231263639543,1.56380980341937,2.1834481118233624,-10.869473019416453,-68.50169827498041,-52.54284492337402,49.73894992973993,17.903278992063008,26.97456318548921,-0.25157599763667804,0.5207696820264838,3.4269079900342327,-1.3113972196191699,-6.871970317086827,2.0450329129121148,14.20337686594624,14.441937034875908,1.8144825245540799,-0.2957632899553717,-6.260000253554233,-3.243736861769755,1.1622783047102105,-4.038009910859607,-42.931632658561455,60.13753324349826,6.424261595078493,-1.6429307020106538,0.20556094759768495,-0.6943244450772856,1.5576302516820553,-2.2519661351888876,-0.6585526180885362,-1.6418677486676811,-0.7080945655856183,-0.17224341740679816,0.1856735991184002,0.3521140999860386,-0.06228061586505618,-0.5787703558611474,-0.10740935207099578,-0.19602870103888104,-0.24242980231253863,0.0681357101330099,23.98651748969321,-44.72997397060605,-4.064145273791226,1.032738838475825,4.270160588033112,-3.3340916301430576,1.0302066703507866,4.771880457343553,2.0242832220124387,2.8951997294133744,-0.44166685361391433,-3.0180556926564783,0.14590289645530374,-2.6928974657235214,-0.6055819952842656,-0.7149773626280989,0.3315635282134277,-0.8958665040960336,-2.024944028243824,0.08290855236444705,-10.869473019416453,-22.740648840419745,-85.14851828965857,1.6323653286521225,-11.047656791561922,1.2920007733545087,-6.036039116386574,9.707960969307063,4.4914361168949615,8.69514969865593,3.1905730663288048,9.13903478182684,-1.023063206591699,-10.099732582272802,6.577155984261329,6.48810623252491,-0.2634644971747222,5.736841554090521,5.712898986440472,3.335432154946104,-42.931632658561455
56.96573265236436,-1.5313046943328779,-3.3454038492022065,-3.008519696550362,-1.6499735462064828,-1.3254286892691447,-0.1032850354848569,-1.769540126915077,-0.18793654646794344,0.3677852906014496,-0.599386229836913,-1.3965457233163567,-0.884040671251288,-0.11935067089144669,-0.4423998987366131,0.8804660844283243,0.7988916679607141,0.6786728196037981,0.47545889411280284,23.68149316817651,-31.39486145071362,-11.507347193064351,12.718295370329155,5.729054492873864,8.524022184083407,3.382773079232119,-0.755604787759264,5.9429087000418725,0.08627931368303532,-1.6364407380031007,1.1621982293648803,0.9280291630546356,2.558226513332783,0.8729930912876687,3.314705786268303,-0.4351661362553949,1.0731353418129066,0.6494169196214523,0.3352586861598974,-16.475510045928747,54.527701748666054,-50.563526380295755,25.36466801810598,34.58608586061168,19.34201428702878,3.958588275236803,-8.255178994107082,-12.560314000840648,-3.4476004939314837,-7.258900165281467,1.8085667182325844,10.140267807062198,11.868977090768496,0.44230104298737394,-1.8296874033307704,-7.542715267415092,-13.969819584571027,-9.419135652835477,-11.266051636250284,-10.130051834565574,56.42539561387468,4.286472058811768,1.3835411626397383,0.12622081432528676,-0.2712663373955131,1.4009727869213013,-1.6017540663265963,0.23931442997355923,-1.5984603202476588,0.01682214857907338,-0.332748306781832,0.45054555956851483,0.7517120643794186,-0.3351673115940812,-0.7972793592235312,-0.11000274705278179,-0.5383406778689921,-0.38107152457094084,-0.19499778131443413,23.68149316817651,-21.46632483513301,-19.90323524767092,-2.652463351150936,1.5231353575477353,-1.6890193628788746,-5.744632357416332,4.584689695293099,1.8689871170096766,2.2936757925628504,2.2389811776351918,-1.0537357986770401,0.5018818026873215,-2.1037178462039074,1.149256667784923,1.0407873129826735,0.7987496349129504,0.10130162859012515,-0.14535413474411818,0.8937448622631526,-16.475510045928747,89.7196599781193,-53.771808523010264,-23.570266612431062,-21.904828236101316,4.946432561432365,-7.069010586005621,1.734493411469412,4.4408252127318795,7.143360377759283,5.530426199213358,17.29655775283465,-1.3539810085864208,-0.3976984339224603,7.188493647305315,7.058449718049031,-0.4165756072874962,9.411103690633004,8.065249922158833,2.5873930419562825,-10.130051834565574
36.56652630417829,-3.7729239146454048,-0.2964646033808016,-0.9574253226348639,-1.0264657560807957,-0.1043782342802313,0.05269257163720287,0.4953716145170408,0.37231254384964085,0.5194965170897814,-0.07827973926710663,-0.3049195261248907,-0.5442724536184567,-0.569290463483294,0.23365850901169294,0.3880384137928532,0.21721806220991247,0.6791706986691595,0.47713738596232913,16.303620104608697,-18.49610631724115,-16.078351112747562,6.685479236298685,8.116882142680414,5.9670723078611445,0.16511451605843774,-3.682962812923981,3.4933274819208346,0.47516400908773937,-2.316620827526753,1.396998725782347,1.1348594090229516,3.1789940741240255,0.6462456263875747,2.049728901040352,-2.009030537258276,-1.4001158833404208,-1.3907579346438441,-2.0198779301847036,-15.563868742718835,217.6314087828464,4.5084022512205735,-17.42934035561207,21.31253579469775,-4.416797184249767,-20.945001818519557,-11.563917249655157,-36.45995137535765,-10.444614316060472,-2.8665073806957877,-4.731441315266524,0.528750653243061,-3.5690644680029147,3.2667278790458094,-12.38748438099141,-3.262090009397119,-11.711008302920193,-12.461578579393457,-10.514977979280966,71.94196232728777,38.003019700702374,0.3430788822032733,-0.49140219996643175,0.8256313356278913,0.04249630178700414,0.2694167994475061,-0.002357894513730585,0.007455579929995126,-0.5075466674149289,-0.009726751429808944,0.06631563467141066,-0.32625062365104407,-0.42433607410975016,-0.2843177605725373,0.05103514081543303,-0.1796551244355209,-0.20141152138947915,-0.39633979795278085,-0.2655426278327184,16.303620104608697,-6.380218251463724,-17.502553578824436,-6.340752677146404,-3.746671752849671,-0.5850071772950676,-6.748754948991939,4.566276233836078,2.51153147119444,3.5081959261958207,1.990174926010845,1.3247046222501582,-0.6159276331509609,-1.5279838816007159,1.4282374681854486,0.9331070956161447,-0.01855092299538441,0.7614705897542091,0.6043492840035827,-0.04360561754655934,-15.563868742718835,206.79163318320946,31.18924789215464,-9.500657877236051,-23.770304296830638,-0.2996829277937376,24.233032712823395,-10.601585957296795,6.5569317038737855,3.693644252363697,2.6766640052422233,11.984032281886131,4.826919734563775,13.431230740347374,3.6180997330037257,1.8636333590660863,-3.8169419473545423,5.368318154976805,6.429910632737943,-0.9198938353014575,71.94196232728777
54.432167170843385,-6.96821679588035,-1.2488111734436527,0.18568714622087423,-0.6061569072939625,1.0410322042683369,-0.3849253616558199,-0.42502584368326257,-0.2769806433936064,-0.335238314908195,0.14586805583921691,-0.31556850831826333,0.14638207845879592,0.060414466356945695,0.049066264973230744,-0.40310671799656284,-0.16680547819342584,-0.08181130944199122,-0.22849891526924426,18.357221710081102,14.229406940833854,-11.25819983405336,3.8977824430180297,10.859590054823824,3.1394939430572744,-3.311235977716829,-4.053182672165134,-0.7042476609231199,-3.067974314116564,-1.3565636628674427,-0.6038816639771192,0.8036958711035438,1.244606302198154,1.0296156271211756,-0.24228992330814902,-1.5461489529856458,-2.265064066301533,-2.2716825351895906,-1.939575080112358,-0.3265933246578676,126.81065969787304,66.8826491054556,-19.171247962631504,5.771429175641451,-19.490486820045685,-31.168622214420484,-5.099190122584021,-30.55072287978627,-5.277210561073013,5.09470317531403,-9.791364907374655,-0.01511435085661228,-14.842723263143295,1.7609511455686402,-13.001390757510693,3.602303769911269,-3.3804326946458843,-5.921658143065599,-1.4035721675143853,87.71783837669649,57.4271743863728,-0.6248967848645872,-3.0024015979250067,-0.008075837986190493,0.02136914546052715,-0.7117155350256255,-0.7578167079965525,0.061940574755965816,-0.7027519597384342,0.23769859882211364,-0.19103966699512887,0.19499933525175184,-0.17973443920216825,0.7654060554378814,-0.12469653667310077,0.019277421632665215,-0.22840755797173196,0.061831633754838355,0.36365405130422945,18.357221710081102,21.08342457965834,-7.8163598051869325,-8.94087121763608,-3.456261737865057,-3.23861157974817,0.9708416624618024,3.5820642296991227,3.3586488051879266,3.324577802234277,1.2346392784906393,2.3351937588646026,0.6772959226698223,0.42033646215947185,1.8652722040149616,0.9708562325564136,-0.30792173128424283,1.5701842635864192,0.9128261499580607,0.5517654773427851,-0.3265933246578676,75.14640271435,79.23482760190109,16.51201352039096,-5.678101928102043,0.5327934429861068,45.67631099301454,-9.923203462565851,3.987886125838833,5.694243020857487,0.405392933482172,5.803132458949799,2.3767455585234485,13.863884819989371,-4.479358750643536,-1.980833200451585,-5.233305943741071,1.4632065399282146,-0.3459891606977419,-3.454193921430912,87.71783837669649
52.82367221351388,-8.039462358674086,-3.5033403526672933,-0.02378664025533439,-0.6221578362116755,-1.250797547672812,-1.434572420439752,-0.4561661864094231,-0.06415376819920349,-0.0655727308399694,-0.09511611152177535,-0.5255659849714034,0.26099761368181396,0.11941939658003031,0.0650516912417256,0.05245630065691187,-0.2826034213106168,-0.13884234368070336,-0.26419368662672826,18.866718847381495,40.40681865001157,2.7071222433471176,1.0513890083882775,8.460271550140245,1.1021306860048328,-9.932200282036074,-3.924856003767935,-7.390029002267369,-3.58532152074405,-1.5226622991293728,-2.223895496673903,0.11558623360787834,-2.168077187062027,2.1098456844938602,-2.5846819146567688,-0.17439458401212193,-1.7792813210389231,-3.2064297588718365,-1.9366239946809929,17.02704978359199,9.007798608924837,79.5953766408297,-0.9768251708118116,-17.384550754755036,-12.800086817678286,2.6721983363307578,10.921978578186296,-8.214886050091483,5.45257495890854,5.941104103906532,-1.339182342103791,4.81842333439104,-9.682704005983762,-1.4778262514285494,-5.733743361820276,5.109515054644879,4.3420437588117125,5.645806675234219,7.19854679525921,43.63554329983809,56.44653473151734,0.1286692275044521,-2.620335660301483,-1.600626602671412,-1.1331457751528395,-0.7604030618404507,-0.39079669743587075,0.6859000451174806,-0.33562396582438314,0.17655467229828403,0.41925457382492937,0.005482894701301255,0.053845410976474106,0.10155143471168682,-0.4485082193282903,-0.1813248979114115,0.029740033889593454,-0.1617067394736369,-0.23299301494960156,18.866718847381495,37.39096791360301,5.4870409510441,-0.5733861668996285,-5.125293012675812,-2.7091369856052787,9.788986016823417,-0.02759978850785627,4.557918229860206,4.22657085075951,1.3988360985794737,1.2794956695157664,2.471655703745941,2.760690750268476,0.8454601031025779,0.2518048571180742,-1.023571762365247,1.0538512558942217,0.6609211457740589,-0.20604867282609796,17.02704978359199,-44.912272375654155,59.76369249484211,31.73646136556991,17.361438023828153,10.795622454673904,22.650788163122208,-13.032081605494126,-7.4783563352053335,-1.6909918304737186,-2.7995807324534594,-3.0776324742899885,-1.3842474939175564,3.5644141392399136,-6.640771518961543,-0.5435808449541779,-0.18602568059993674,-1.4809882041916194,-3.0550618209820746,-1.5216800601098175,43.63554329983809
55.95186316811349,-5.027135389345217,0.2069252469500542,1.9544559896717852,-0.28238053461240575,-2.407837021431269,-1.3862438755289461,-1.645895056913405,-1.5036905475018032,-0.017961916867396344,-0.8929088756981383,-0.8843745583413285,-0.6643725538023464,0.05110221263747894,-0.47924145150570396,0.27518266450347206,-0.08372962342978774,-0.04816192681606579,-0.12366310964884741,22.236647134461176,2.5590059145965327,12.54124068161611,5.949716502968608,8.443074376964674,1.2112495849887202,-7.152880628930868,-3.1842532536292976,-3.8907744977571608,-0.5220832019375767,0.5139315854552242,-1.9230371130943218,1.430108575333866,-2.189599487645839,1.021668635018846,-0.8687841846384825,0.4486677720771626,-0.4274982866607844,-1.403576239797351,-0.4081543653491506,11.087949879264084,-131.74776797084502,49.58909595503624,-2.76785007924462,-35.4163217852951,-1.9463803170081992,34.8338360752063,17.302030956302623,19.202278699386003,17.41796653368231,3.5562807429486636,12.568061659876314,7.11651924981299,1.2632544831311443,-4.585102319500972,4.3698329268882645,4.182364900210701,6.1563442168655715,12.1163336410746,8.184187572804287,-33.361801286928724,57.745350388296366,0.4854969835677121,-2.022427716010776,-0.38878108545759016,-1.3027510887996763,2.401303548796181,0.3834974499840351,1.5794165999737797,-0.022132769925793383,0.5410010759603465,0.6583791030737098,0.6233267617272533,0.7227895529160424,0.40453419277128755,-0.062079562873462724,-0.2631287259569579,0.1311756762846812,-0.04197497883148249,0.06461015091540001,22.236647134461176,-5.778716560491375,8.219381288345353,2.719860153921156,-0.6266049765902162,-0.3605577372307156,8.824652656183261,1.9200259751821398,2.83973680059621,4.781609840709749,2.7373470580919634,1.870434907165055,0.14646291350059482,2.683887247856182,-0.7990340249954098,0.3910218320059162,-1.3153929172726535,0.6867145654842262,-0.34663464597822724,-0.7521305708125341,11.087949879264084,-160.80434013091957,21.35608492957115,29.69289057010513,22.15581204445275,17.18156171539634,-23.43841642182492,-12.289653954010058,-14.976944288914751,-6.7014831313929655,-8.863172420832335,-6.783718104906426,-7.339420855559901,-8.676396572679685,-5.236799520830741,0.05875147699776906,6.303410395632731,-2.895374650367022,-4.09130153064688,-2.710781777006078,-33.361801286928724
56.01008763054902,-3.3899034962394126,-0.4986383093835163,2.388326030709803,-0.6372885994191577,-3.346043762448466,-1.4090761733102015,-2.5892082800015723,-0.8069932644682858,-0.4004728314953043,-0.6708390218353806,0.03727661569058105,-1.222933731018899,0.49028850562336945,-0.7945285900772241,-0.03830356946322522,-0.7139605256913681,-0.9408688720797214,-0.5435925141883657,22.877432284214656,-8.15700649966007,11.819616949832552,5.17109962091749,0.6328646042324708,0.5311510780562783,3.422036009830836,1.343561766901249,0.9791478752921137,1.928505932452516,-0.28131639973482025,1.386985279289053,3.2308647241033106,0.05474496605414059,-0.08869400327553523,-0.5038956492046196,-0.45168137246724105,-0.14787689375493884,0.9980922552771454,0.8136851100632974,0.5466313052392344,-200.1552925544139,4.6537982288897854,2.7954956476327393,-35.75546236371744,7.52577995428133,51.0429401657577,18.703087653087223,32.475856692935615,9.78714810425719,3.073612044528265,17.138848892093588,2.223347362644755,8.390092360727127,-8.027883148276565,9.651712678579054,3.1263427478109977,6.178114586744067,13.24676821135479,6.173143730600756,-76.77340518545213,56.5394156565421,2.5314024735091736,-1.2680822243733614,-1.5466625469743147,-0.6500120738855335,3.6074002659483115,-0.5868148677579526,1.5276766822511911,1.2654291630585057,0.5380400592908114,0.2813540843948745,0.6954135149841756,0.5047473049653826,0.31884822231204857,0.14562908247465112,-0.5502379318233328,0.14572248942942512,-0.013975918772590967,-0.21904501405135268,22.877432284214656,-15.405283869215943,4.361422121830475,3.697112319859933,3.5192188784269844,3.3737771287831566,0.6497336357084356,-1.1187454416524938,-0.9681906941123684,1.9341839917212251,-0.16096933001654667,0.01826781095493768,-1.0426348755251253,-0.8775522048291142,-0.559995176790137,0.9512338734143044,0.39217182969885256,0.46271133670949594,-0.2934512285193107,-0.15249762352380847,0.5466313052392344,-197.3003749020098,-21.235409144176696,11.615205374991682,25.94466931278279,10.156557978353923,-46.588098405856044,-3.3000044522081784,-15.215324207748449,-15.258067877666829,-11.910232761598555,-6.395466814241735,-6.666988560402452,-11.742932970597945,1.070730053287827,1.6389800073151723,11.465196467092435,-1.5444096885676781,-1.8273910967832447,0.9295463028086135,-76.77340518545213
54.11846241962408,-3.022375886289632,0.2236960563987629,3.2011679992206425,0.007033266804138627,-1.48778500280927,-1.989800112035244,-1.3038920457657683,-0.1666024962278536,0.08917752814708457,-0.5277890455511414,0.11806447901767747,-0.20645199301376715,0.3858142293446991,0.04446431331346434,-0.133392896897913,-0.16487606933344234,-0.38258616514115773,-0.29287668416300083,21.895839931296564,-27.362564469752826,8.980100790222046,0.4540020971311134,-2.9348673648698407,2.451793588527452,7.428563913952866,1.9636239206515862,4.71230324999014,2.8840952261263086,-0.19909624109038715,3.8747087779795595,2.804316250762323,0.7648224672056423,-0.16366568874461263,0.9022334074099085,0.6836768913472642,-0.0025941715107389296,1.6842232782732185,0.7773641539176404,-8.76728472894585,-144.8032158417996,-32.86286494325377,-3.9713160043529747,-29.92448764136168,3.975548775332599,27.379521337604814,17.090881247998105,17.510688213495207,-0.4908905562267152,2.0862970217693584,9.771303158848086,-5.7136480739217514,4.567864837294421,-4.6848377118691165,4.998167690031834,2.4037987945947346,2.496660055919361,3.930754090816091,-0.3328568566166431,-61.99542765834572,54.49137564361473,2.2834272363057284,-2.3185982389284896,-0.3483603541298472,-0.40047657378848367,1.5167091291716246,0.30020536475555826,1.0609206564872156,0.8875263961749962,1.4256294343718316,0.8131280313024261,-0.07673451813938792,0.9367582377314685,0.25724064913999567,-0.22625427157161337,-0.4539625200477009,0.05695849700046529,-0.18535109958479823,-0.019385234551162034,21.895839931296564,-32.92061959439196,3.424492074205456,3.770324824036707,3.2993883388099197,2.310712220755784,-6.178740357893165,-2.0171899207335877,-1.3667688772831617,1.1200296660569362,-2.4170442176275184,-0.42605136430819646,-1.2352692154745952,-2.098740346631576,-0.0503999164540514,0.650517462907183,2.1359116705000734,0.4180668979952711,-0.6556384282186942,-0.8304009358113986,-8.76728472894585,-119.12950463527665,-37.91410979036006,1.6524078655340908,8.39766837796419,-0.42226820976188595,-27.302518287562815,-2.6331048985291803,-7.961440654716336,-17.205737795571356,-11.110475159953577,-7.585472548693388,1.3061923538586506,-6.922425867903288,3.346016638960605,0.8798011150861944,8.133189070177,-2.482354165932324,1.7723086472978737,2.773058395183575,-61.99542765834572
49.66186933792855,-3.1320336352856026,-0.9261759469329025,-0.33071034291352763,-0.5012891978918086,0.00019444793160650065,-0.4610134187359787,-0.13759375433718457,0.23155517239007972,-0.25980065321462,0.41581661304925266,0.5886468584007489,0.05940981631459463,-0.09228361341134739,-0.44874901577016835,0.03090339512398388,-0.3159686452362589,0.5274159031204153,0.22725565566199712,19.31043810158342,-44.710042435020696,6.814591303489042,5.196994035123394,-3.7284887608012185,4.244748661376132,8.298547529400912,2.8527492356352346,4.546360470326789,-0.3948366826473979,0.3706576364075653,3.44665600383595,0.5401560772160274,0.5497580158757955,-1.3114287277626933,1.3556656286085624,1.2712722302583261,1.0973239147580875,1.8730545877702738,0.5571886109859899,-11.432035505029113,-92.40409141392871,-48.35787491442074,0.3176283548382215,-3.44438174693781,-2.505271595399753,-6.79971869577539,5.669876316857234,1.129193275599079,-2.842108792640801,7.086555986662401,-5.11645602653441,-10.691960140261777,0.8302801563478444,-0.30203023304769006,4.007066997359431,0.6616694435300472,1.3032066700692457,-5.4490618054030975,-4.880076100021293,-30.08935299713215,50.370880169250185,1.4104151620506813,-0.6236942389126598,0.13877247087820876,0.10260553173314246,0.00676096582604524,-0.9085233756478792,0.4610526698045785,0.17663844698583464,-0.34624417191573187,0.3510140151880401,-0.1658039031279408,-0.49191503384579605,-0.10479938186773574,0.10919607172793722,0.11017791398338628,0.29820429188644937,-0.23674429335663438,-0.2672441339782248,19.31043810158342,-47.688268020451595,-2.7332190139743004,4.708984185538437,5.884044986015516,1.0335070245784328,-6.003366679066394,0.2910059333459183,-0.9464910350743316,-1.571673000747499,-1.9790846443600631,-0.7699946018684756,-0.17097251196769037,-0.7194619377866172,1.0065080754758122,0.941547045325027,2.9833741772946074,0.41597024535486016,-0.09827251149732996,0.29785966107764106,-11.432035505029113,-58.506908756529626,-36.91723831003637,-11.843534641452502,-6.88013315134684,-7.90761617673609,3.324200591878921,7.664577006233719,-0.8690584531479424,-11.424406255687778,3.3324242926900505,-2.3094348531519557,2.5480169641063535,4.614764298741222,0.0337774479727726,-2.327167941549617,-2.3125198716907165,-4.702855462364558,2.731468033509407,3.325877628322154,-30.08935299713215
45.444690079547314,-0.6660199247110992,0.647695114290304,1.8465404940485302,0.8755165588876457,-0.36667416964487254,-0.8784632924902644,-0.5155506947505288,-0.5809171528678316,-0.1878461265529321,0.5011176958493249,0.24209844568474903,-0.9231330938662721,0.26055542778253105,-0.20101453495427757,0.5824176278834996,-0.2840226494127118,0.05980732472047512,-0.12040511761520867,19.63650186130387,-51.566084038622954,-1.387678966839018,3.951111293689168,-4.338492761199321,1.3422251809950927,4.098624280086501,4.6065936360027635,3.080963311473105,0.39414282749902263,1.2310930782687106,1.9327791040562727,-0.08136113818336832,-0.15317359390945628,-0.7093828586721331,0.7005190214708434,0.7890903680117463,0.19823133704238294,0.12431963936413037,-0.44633454411881845,-13.920430544774604,4.437486134423693,-55.17560781162688,-4.1367330039899395,1.0169696117841478,-15.506315465860126,-17.845458961001086,2.780660966591187,-4.991599710412642,3.5664929869720297,7.157889659654115,-12.211947409110957,-6.785903333101489,3.9705800723701765,1.0535561064883932,0.23629839401152952,-4.679362421877757,-0.3665732363014731,-5.639836018934775,-3.30312684979169,-5.4112303429835364,44.36930833474634,2.758236676399686,-0.4594592967227733,0.41819557502110793,-0.5237037812311223,1.1122530199107312,-0.4642432564377954,1.4293441675555052,1.0822774211390103,-0.22537891725014103,0.4105234555230288,0.4363008630460139,0.17175054900584374,0.591158036634154,0.28139567395348575,0.4746191863897191,0.2639682240538046,-0.2584100056488079,-0.32649075702686325,19.63650186130387,-49.20197680251187,-7.190353038932287,3.0401281538489493,2.389816158597613,0.5984432099907033,-1.5000563302107321,-0.10140216158165649,-1.151833356280976,-2.0683305608415665,-1.9088328647130666,-1.5281701607699323,0.36372790865120264,-0.8563708196167108,0.090722668351918,0.8357658035936522,1.4556004440179686,-0.5310919718046178,0.44193031915971925,0.4092199844785287,-13.920430544774604,41.20760168498018,-32.214677761839866,-19.71784298772026,-13.186471714501511,-3.225501223552236,14.46497100966436,6.422889645047164,-3.6054507281741,-9.442338754126792,8.88436182022268,0.253617685319784,-1.3055003991067118,3.976676579887317,-5.658512211532917,-4.008667099995062,-9.989838321067529,-5.3300396977861,2.603052892422857,3.451964224712261,-5.4112303429835364
37.99195258307706,-1.160785825284158,1.88785917923241,1.2013954028952498,1.0508440852271548,0.2426745856697914,-0.538369965265074,-0.7101987203457978,-0.7972542774719957,-0.07663218594151333,0.5380356093823615,0.24533767096505898,-0.5897141726547488,-0.10279645747689314,0.006043648360928078,0.23942728327523155,-0.10572527827268963,-0.2255383231254009,-0.35123399196926686,18.291083566696447,-42.257292422189366,-7.175430628847286,3.581359200057573,-0.38751357107169415,-0.16670051587741863,1.6871464788763237,2.8570150676542774,2.3594144823501706,1.7524277354457585,2.5468669339168315,-0.20027789701650844,-0.672276651554732,0.928883074785612,0.03314946516438,1.6004950424446278,-0.1735533890344585,0.4033136870031231,-0.9464868279698591,-1.0145035909291198,-11.921472285412463,61.87557968179441,-47.07958008840877,-16.764740325928795,-0.49514017872582894,-19.118641171074866,-15.26111446274447,-0.25662764346025746,-2.2437550858102995,11.17665906949301,4.902823468862271,-10.049485040177242,-0.9462081704578131,6.7353074839653315,2.404710118305662,-0.7179465861950465,-6.132409358364065,-1.9095061939105378,-3.048200884876986,-0.9331021879151115,3.0999570240950014,37.756315300750494,0.9273882464750445,0.1568403972929988,1.0120819814579651,-0.0716449578749978,0.8079449810455615,-0.05908759048831658,0.8702194091798805,0.38221715020274916,0.3740019129217662,0.09765907135033536,0.3534095684076295,0.5275201804348864,0.6551435663028755,0.36257763237461504,0.4771583036052609,0.25020274858018554,-0.026582721489251115,0.08343757772531846,18.291083566696447,-36.5180596434208,-8.789774476618838,-1.8595566657724398,0.5339383928597181,0.27610354579765173,-0.02750808219332046,1.7556491818884,-1.5101876811874324,-2.1838390226734123,1.2511371398712527,-0.5853902173901722,-0.5681249555348475,0.808645181034064,-0.6136677452067354,-0.3049742677037388,-0.4239324929054533,-1.4141369595728384,0.523498414546186,0.8906307304923049,-11.921472285412463,90.87274402216326,-16.30691615929573,-20.87107525742978,-16.014288796217457,0.5645327859626015,7.704237233850952,0.9051901274460803,-5.618122328511344,-4.673493537793944,7.097079554537684,1.893525222844515,-5.090112464448939,-0.3280721531048294,-8.312443154941251,-4.910526185971602,-10.888411263408166,-4.296546564206892,0.7596223687478693,0.7926476188783897,3.0999570240950014
34.17037877773835,-4.701839274709863,0.7922341401606907,0.2658687457165936,-0.09792078425779671,0.44028706836488807,0.3521749792306852,0.5228920929750909,0.5448736424526954,0.6131398336448866,0.3774910083104406,0.24903850364383828,0.041523204516176415,0.036379222041405423,0.16732749198333785,0.1568903430323363,-0.1708820842940355,0.05605076766381556,-0.22679913240677807,15.445301926352748,-26.370196408956645,-11.612692149423234,-0.8065469873309459,-4.096870153842529,-3.0956395557758363,1.811534958714618,3.3518214879376584,3.309976388772128,3.5937095105657453,2.2917439399820374,-0.4077979761496895,0.0175809485969578,2.560549973935822,-0.3091767319639527,0.8979678974976406,-0.9335915099452219,0.16112432421600675,0.27407597667589734,-0.08835317002065002,-11.228181510245943,66.27887127256534,-24.887287885744378,-13.903222749428746,-3.22611136805725,-11.804668513440275,-4.4497901629054715,-2.01473787584683,1.4085880610200032,8.240415141253433,1.8661787294918595,-4.8886742395451055,0.8877417737123421,7.059114034840766,0.45808605628802823,-0.30762939289339286,-4.2054018768247,-0.3164033884398687,1.5200754792692903,1.6421131691048068,6.077788844223846,36.19766967660864,-1.0702358253725963,-1.1888014801068443,0.4098929698790812,-0.014129723989061871,0.3660889564565004,-0.1752136086150513,0.2804206086590766,-0.24942823585424434,0.11108995959654933,0.17572042283631228,-0.15447729958157175,-0.001144779217228109,-0.07736949076935096,0.06493784990187379,0.09034750715034612,-0.18458671724871167,-0.06946672593863024,0.0098839018363307,15.445301926352748,-17.901922940417265,-9.654569075392207,-2.804326244167985,-0.6187942218629374,1.0766633483700567,-1.9341841514975227,0.46193327751875346,-2.887645918313661,-3.295056700043503,0.41002580036816383,-0.39154471388745615,-1.6894431932443725,-0.8744556160982582,-2.0695681118792364,-0.7305554305759652,-1.1553541549336608,-1.3318993484339297,0.3350025549709762,0.5991956418374002,-11.228181510245943,81.21624442719275,-5.793226671693208,-12.633678374429415,-7.169953375643757,1.7570000793311116,-2.7749317118777834,-0.16704502616882655,-4.8490833611915996,-3.5646699557739634,3.796605990659372,2.4670963972676683,-5.227660441500675,-1.7192703900954172,-5.77648192713481,-3.5582236312114612,-5.953330859931467,-1.5193771421197153,-0.40235138795269576,0.08851622606283827,6.077788844223846
