34.27503737127195,-6.452241383354455,0.4931972908838187,0.12385641842122874,0.14558683171317766,0.1633890275435652,0.41248651549672743,0.17272841859162247,0.08018063065857461,0.5618055045966353,0.19541319840685678,0.05613898950528795,-0.22115020665039364,0.24671321699824444,-0.0248087516115143,0.013770904075667945,0.07828541213344953,0.06968631202541276,-0.2947855094233428,14.647358839767591,19.071556987539594,-0.809709340399392,-5.127915282774982,-1.194987586466063,-2.3620037276444306,-1.3438413650718375,-1.9675191917932977,-1.1305919087471246,-0.8322790062985312,0.7922353184050097,-0.32596818028626173,0.30643941752796766,1.0453527898419221,-0.6150581935950463,-0.09797567385567207,0.23402830063043822,-0.002014588962274688,-0.17164865318150757,0.07681140927846941,5.539640143532765,99.85238387803194,0.6786928143325586,-12.275011918652483,-9.133848045598915,-2.553163038797384,-4.232458513097269,-10.003781194170951,-7.760219088395875,5.1676859049193835,4.1428805778345215,2.9764476541250007,-0.31703395519778166,-1.1772769675515409,-0.0553687181986533,-1.7844827470609164,-1.4100026561053876,-0.024875424993770823,3.010390317662708,-0.8440821237833525,20.601549890453203,37.4553488194349,-2.2351272115579963,-1.460608700937784,-0.06872062621129382,-0.6487960275813891,0.6069741265465227,-0.2944183368577755,0.15638363255350884,-0.30483761493788086,0.04367011839593804,-0.13605505132490636,0.047427117539474706,0.23918109379974473,0.1510235369478774,0.039293719152445394,-0.0584304412715968,-0.14621108097174607,-0.07731837128433983,-0.23458935934506064,14.647358839767591,18.63475092036869,4.345472488015151,-1.795829438026002,-0.13769544054777794,-1.0319354492096937,-0.528021792359054,0.3689429631849719,-0.896867058849252,-0.9296791666457194,0.240856480518717,0.43279434358265867,0.30177816571013283,-0.4612099325857639,-0.3795890839331084,-0.6134957814371782,0.24397694909029366,-0.3890643499105697,0.29780552142454975,0.48629982110609227,5.539640143532765,99.02254029889228,9.547497104965721,4.7853660882958255,-0.18089394494486855,0.23135776266542019,-1.97256499700164,-7.897788443367935,1.9174609113789631,-0.3879647689241439,2.848362527965603,5.09754557129846,-0.4549882679810964,1.8003317677212625,2.9346284511805907,-1.059229357336368,-3.6898373733016574,-0.9055316170046812,-2.7745241225476507,-1.7886631457435915,20.601549890453203
34.551376903425854,-6.59483061129405,0.116455745564918,0.44969035429489335,-0.23374116348365215,-0.007887196289357856,0.557558549531872,0.6888683490952636,0.1603676789878481,0.39094983909327485,0.33293592899408875,0.11051165756896175,0.18850840907180322,0.33433683767625344,0.1658134967866809,0.07508194032943272,-0.14131948342328027,-0.2560192911538768,-0.15852041511436088,15.150097513583454,45.54445374804007,-1.4390453540195978,-6.510535069415662,-3.807576004569872,-3.752908203091238,-2.4737773106170247,-5.14380739190956,-3.408797421910159,0.05578432948524625,1.960444683763439,0.3993738910374238,0.44971718337850786,1.3657152968202324,-0.6274285566523061,-0.2937149887229391,0.07417617866383819,-0.3619434374627022,0.33081215432964917,-0.14663283853403242,10.534216664042273,96.20309354010598,8.08049308419303,-11.646975726442191,-5.207716899856086,2.4386408234257884,-1.378053275083511,-6.785375021290816,-4.175059901829416,9.151923597090999,5.838355945582666,5.182949594409489,-3.4843233934318167,-4.633265190401929,-1.8351073185745523,-2.86284466679727,-1.6556820994286896,0.8100063575883589,3.8307467362426366,-2.582704509250073,20.731933733352943,37.73485762456977,-1.8373242062389243,-1.9349940866975932,-0.3197280913867917,-0.44294574828787603,0.32366416045850577,0.14074551527574664,0.3062248686866955,-0.2093860775111347,-0.21740733090759767,-0.290474226450097,0.07864691939623536,-0.16984850982643174,0.12280740565779791,-0.23786565329849307,0.12759651473091038,-0.1165463412478378,0.022158913881789255,-0.03988401047377155,15.150097513583454,45.73274618838241,5.030479038435889,-0.946064644868601,1.138601442406776,-0.5273552445698524,-0.7499577711049636,-1.2115457697646688,-0.3410964804251171,-1.3068342065614995,1.1901090445774074,1.984787898863451,0.5086489035038235,-0.30230110684264266,0.22240517115617164,-0.5424773603726374,-0.7461329167361426,-0.609232092514514,-0.15905645096988053,0.2358103400119116,10.534216664042273,90.28056424245933,13.93670434652223,7.247096667945508,-2.7341817006834943,1.0210212468896258,-4.121535863435984,-8.455035379285292,3.9254678948624706,-0.3240940100937235,1.900663494077235,5.3542035932536916,-1.1733122893852477,3.161148555661755,3.3269605690422033,-1.2108045037968553,-4.666379351395182,-1.4246884593504368,-4.263257214278853,-3.1022105256264068,20.731933733352943
43.67264609896479,-6.785801439584353,-1.8823895778442217,-0.6365543427486351,-0.8457510345106227,-0.422893543075892,-0.6438090974174937,-0.6506375010337604,-0.37605239665532775,1.0433509965508203,-0.03633225702989007,0.18217236423743488,0.096696880409469,-0.10462769013828321,-0.16910771273844794,0.10012953626400467,0.18708056543067708,0.14671478702430374,-0.32451235193859906,17.165809574626042,55.76130054630533,-0.15569492642300986,-10.574111348780884,-4.455617400213616,-2.9431330093197188,-2.8951026488478786,-5.381265688820642,-3.8715986963635447,1.3075322782692718,2.2795709246430556,0.7995846111143958,0.07628355700380673,0.2965330525769967,-0.6365573711657431,-0.8923473899524967,-0.39104696643895553,0.16551212279105365,1.082316101894268,-0.2335075287069559,13.343126828504612,-2.5843497225967695,22.19811961908835,11.998045980550321,15.234788352621361,13.418172899443473,8.235357715029767,5.595490600794862,5.945322726034481,7.396303679139586,1.6475567876459505,3.9223722304225905,-7.041582907169231,-6.206285036084147,-1.148467688429227,-1.3456220561136372,-1.69899441630496,-0.3759078622474632,1.3072927453327066,-2.3122952134524977,6.779205500091962,46.63296987705181,-0.26129247020995683,-2.1213307270708803,-0.012064613897433851,-1.2676888918329925,0.4846182134110042,-0.32752878133205066,-0.3669705149377105,-0.8174029669741136,0.2946370833070644,0.1575517080290183,0.1827062994661608,0.213090929319951,-0.02466293937363706,-0.12887448534067447,-0.02945544472770356,-0.35557562578898505,0.021845746844870506,-0.08879212322765906,17.165809574626042,54.59702343580797,8.776717765287643,0.17197120954321043,-0.8662908544974892,-1.1685466701969043,-1.4033363014869191,-2.789706892024175,-0.216021892371838,-0.9350840311499011,1.1904114624721733,2.2055703515914926,-0.029151337177260706,0.3595015384033067,0.7867280141125468,-1.1786196706376326,-1.105886804647317,-0.7317462871109381,-0.8610255536520603,-0.28278701121861316,13.343126828504612,-16.797419386425467,7.510481654449762,4.9241366318644415,-2.770090680524936,5.097708951627978,-3.2837600148424038,0.1917416885413592,6.0737950933561695,2.8688999942667595,-1.0162887668313068,1.8756490085786308,1.0538276125831583,2.6290318908633514,2.511157175200526,1.3585922736175633,-1.5145795750875317,-1.3564815154603984,-2.2802462969812414,-3.40844669368981,6.779205500091962
52.348459881445564,-7.004984032249304,-1.5742768094599917,-1.3997262032787754,-1.2351983367205412,-0.7803583424552185,-1.6312693740009419,-1.1199873325507657,0.3361893090581489,1.3012551005012623,0.5109728716439421,0.21798089382846841,0.30278389822979124,0.10866939224035521,-0.09951676540951704,0.007679677313418676,-0.15708388324651534,0.19657815169079185,-0.3532385074327309,18.655241804359502,48.828231978209715,2.903529994708932,-8.228305112993127,-2.1685311295203293,-0.8521186750938923,-1.2572373607255725,-3.6533334539250335,-1.847618465853622,2.673777149963067,2.9677454880773197,1.7027302212181543,-1.3206443489258604,-0.8968699367265796,-1.5218622640969741,-1.1322121492058945,-0.2812751155492097,0.3192252339552406,1.116742337401923,-1.0593813763538544,12.003863667723312,-133.53171128702107,26.32833869494682,40.755383321485425,35.842107553177506,20.389577277727184,17.08276499763105,17.514936880821555,12.54840718885245,-1.0481207781148083,-5.022912892870744,-3.5055492408554105,-5.839202516969042,-3.099836034481241,0.3860352166583976,1.6743109129193858,0.0013164571609756148,-1.0032951734511697,-3.1150713932185825,-1.8813484653648647,-14.752352552467393,55.732911384817655,-0.7068050630140714,-1.6032800103055362,0.47225208883516423,-0.6030272177405136,0.29317319756180016,-0.8836359995029723,0.24751246608655997,-0.7019720422005142,0.5132411582290786,0.7095355184298568,0.23411197832804342,0.10107562261832026,0.35006936068672045,-0.14786085878731337,-0.4459843979116147,-0.3461448548203836,-0.20642865583388526,-0.18958280739780564,18.655241804359502,45.793896783878715,9.09820202264002,0.8438185721621458,-1.1404885839146695,-0.4531192152712755,-2.1511324695131133,-2.2792497988531,0.7254443053432764,-1.0890237394404902,0.7164107365806063,2.2235081362050875,-0.11941322753879424,0.7090086097505783,0.7007326515651655,-0.9363360887353787,-1.414280849738492,-0.9300676109856039,-1.2544075481765715,-0.6802620255447583,12.003863667723312,-149.18719272942087,-9.14525523103236,-3.2358471782260674,0.3884677079382197,7.26863869563429,2.524241729986165,11.843284435438264,2.6735561087742488,5.539529098972119,-1.64494115524612,-2.2428890416702285,4.405281340895284,1.4473210987109764,-1.8357245767060235,4.305364116678652,4.184423091440142,-0.07160874147932383,2.014833926390362,-1.194419712118902,-14.752352552467393
53.25714615541476,-6.325012136088333,-3.9484921059941676,-1.179244002898745,-0.8252510863282372,-0.8979267237974438,-1.1837323671471869,-0.8586430887671352,0.6460359547580601,1.2464383362141693,0.506187032639128,0.04054614987743799,-0.1300214249408893,0.041268254133322024,-0.3383173154896637,-0.1480514476358028,0.1689236734405939,0.3845456415502124,-0.31418022761763575,19.566350108631873,16.137493011156387,8.118062794780517,1.7299927292889117,5.602884152319847,2.8966879580786333,2.1655675174973203,0.08498913961186982,1.0614799762418476,1.556876423032351,1.1123633100710446,0.9835397698346682,-2.329171269904464,-0.9264971114267455,-0.7420751840873259,-0.35153812167101295,-0.4377432604155178,-0.5305528557949777,0.08903262794870881,-0.6229619285378685,8.194419391738226,-151.0296915642757,9.822219931456207,53.49971678288727,30.090595942338183,11.307923386985458,17.746971069443674,17.374288992474263,11.39538565477951,-7.887769122556865,-6.929158478597173,-5.657568620584984,0.11093567005329374,3.6004618372444326,1.8739287233885291,3.59614457230293,0.5462997666883422,-2.7208254673500427,-6.250118265368975,0.7044142251795693,-25.315114248430643,55.754833657214945,1.587972099473399,-1.5404801343622072,-0.8978561435710164,-1.1530286279535225,-0.07944854274858404,-1.1770810254805038,0.07772888766765762,-0.5260866481681417,0.2735516050636866,0.4667252520308631,-0.04488108051505968,0.28346979677902207,0.4307565664896895,-0.5950185134219608,-0.3245833872739927,-0.39728496774094224,-0.39353736325253275,-0.3011334664923502,19.566350108631873,10.2054659294078,6.0668518231379664,-0.2287027306091547,-0.38319576764952323,1.479801011955007,-1.469314450576181,0.9986658219998672,1.6067600949446361,0.39586559692715584,-0.030438748898535817,1.2512587292011559,1.1427230375230208,0.3476511545493013,0.6368257634626577,0.2627297195529741,-0.17923887195229748,-0.906887348405224,-0.2946420784627253,-0.7598873429604778,8.194419391738226,-153.93926773267987,-30.082017027539734,-10.180654076107505,11.153202443080405,8.484128835371186,7.597469707095071,14.929422786142089,-0.5607575503311919,2.460506338673619,-0.128275846216795,-5.564780448179179,6.303538277140525,-1.7702988539608395,-3.2293357212549947,5.361282752209157,5.493923269398587,2.5275059140277154,4.47012845922397,1.7455024086208457,-25.315114248430643
54.17324286430573,-5.373460265687594,-2.9646455468566724,-0.3632303803902164,-0.6700504751217911,-0.3989892862913682,-0.9991465425657982,-0.13093808996486,0.9862120782626878,1.7732789133002602,0.9130413947686569,-0.47899740971397,-0.1465674066163074,-0.49954226650803624,-0.3156877764406585,0.058534874504731604,0.02737157954938163,0.18343645028413036,-0.6933771654517698,19.951759080442194,-1.4094981278959935,7.588245132852048,7.715104552292154,9.084226995752148,3.521969952073177,3.5372701050259003,0.8805336342849621,0.3988668362133696,-0.5929481319536976,0.03259204461407261,-1.4453783087504175,-1.2671566616518777,0.4273123615814831,-0.38165204186231594,0.2730358335960119,0.09818255423260713,-0.5155585348952714,-0.7300818053068625,-0.8925798713010085,5.732394106191769,-81.08040076746562,-18.66638457003095,24.350777320694476,3.5910484138338754,-3.9615604031760947,10.509169702031752,13.108321416261361,5.643001696919606,-10.355183415764573,-8.280525434321012,-7.218087501597705,5.272587992347701,4.558332855927754,4.3322849396266925,2.1030318370338366,0.7472060811053021,-1.1301984993793532,-4.6632400691329305,5.331092106139464,-23.2951996708061,56.07087412642756,1.7871445202394076,-1.8035100969708568,-0.44707661850733516,-0.7268354878632488,-0.4698686962182568,-0.5741032620765769,0.44659732005564967,-0.8995561066343658,0.15134077650439437,0.6666930696515243,0.13273399561744847,0.1494663613193219,0.24546397850871737,-0.47296168362553925,-0.43197993886519104,-0.5607254757646611,-0.3973533051577949,-0.27384435161380516,19.951759080442194,-6.665071423127948,1.812784393994547,-2.363651263905452,1.091287752951903,1.782790262171337,0.5451521684327498,2.815910090942442,0.08429058030377012,0.7974555288860317,0.978063572639702,1.3404991892235052,2.1253523866013246,0.4272846344398482,-0.6205059918718956,0.8895300028713848,0.8827546626364189,-0.557465932607033,0.5651687746306331,-0.12284935017660714,5.732394106191769,-67.15090759696379,-31.481365818864205,-12.836797770649435,9.899286136838938,1.248634117218287,8.24940250938336,4.320423034244975,-6.121717324641604,-0.7440896206589453,-2.7669498264311243,-8.499697852786811,1.4138520585067118,-2.4010915541058857,-2.2277197055470253,1.1309805573901182,3.4283492788023064,5.862878444844975,4.03688807997978,3.096486292494191,-23.2951996708061
50.8290011131129,-3.542531925474949,-0.3222088445014255,1.646639821967009,0.32001901372931885,0.469205687590843,-0.9173759433291306,-0.6144221342057894,0.07737443025857837,1.3635207451868436,0.25440336632508664,-0.633924118943578,-0.14187602288085444,-0.17155945280775042,-0.23679126805838369,-0.1441696925394107,-0.17042359386476025,0.1978019517019889,-0.46592398719801387,20.61476063245381,5.365319817220325,2.413057470233535,8.204042210020111,4.963301508319237,0.5237843705894756,3.5811291529982214,1.0389452633114917,0.7028514799927144,-1.0029896420507785,0.28256840707609276,-0.45514543419380993,0.10500754839346227,1.4346728220451817,-0.2696981205888076,0.20310090479801524,-0.30762591798569283,-0.7775087264587117,-1.1193309594358274,0.03529883135640577,3.8213044850550624,-31.00957102163418,-25.291459575824433,-14.285838489357445,-26.11085746357124,-13.061088886356584,-4.137062715357743,5.67657522945093,-0.3270611693338683,-5.996984199097323,-7.929243579796085,-2.4938410668033817,7.0643777672142765,-0.9642146344602223,2.180545860501141,0.743030129332436,4.668982108933663,2.5304437243217075,-0.046275785357469124,5.7417039426936265,-22.344569769493347,51.56672147095076,1.5251586497322869,-2.1355670490427974,0.2560018559490542,-0.46588425079412144,0.13148193501294214,0.017037760954685233,0.3368671055500627,-0.5206781362936099,0.4603678997201386,0.8046022970187625,0.8047568095829687,0.3627211372441008,0.34605263344669335,0.16504078685492551,-0.12607711022706414,-0.7017289895194583,-0.03001296772453732,-0.4266050225998982,20.61476063245381,3.8568736729713677,-2.621581934159489,-3.3146209104767435,3.5944221986094274,1.9555630087673825,1.0472562330876842,2.127424556149098,-0.1758238050176808,-0.6480704959763526,0.995447121334228,-0.13531539900730594,2.000234994322942,-0.384785900921748,-0.16732052479642,0.5890886596635643,0.4925570738645211,0.34570583071363403,0.46425051455632205,0.3112578554077341,3.8213044850550624,-13.700827342833541,-13.89445748351366,2.2251214341979546,1.0683912323916838,-4.836984520209704,4.411276525994127,-8.835571519956785,-5.069830739497781,-1.8483740262296298,-6.1247550651364335,-7.151747091703442,-7.591543117266354,-1.6747091062471635,-0.27769082704557135,-2.6650657484847606,0.7945023452714484,6.902903719288827,1.3165298802758658,3.561159773517767,-22.344569769493347
52.857783338648495,-4.602101571129972,0.4701338359397145,1.7294453821644216,-0.046848410712730715,0.30471050436358826,-1.324180768767489,-1.0426643917247538,0.324046005331041,1.2590099183219614,-0.08582444957424595,-0.07836230258696242,0.5223673779905154,0.024257224779733466,-0.013761872327151092,0.05483007688152619,-0.24518951704147396,-0.07509090603852764,-0.7236565632930461,20.99723359554442,13.674118191444933,-3.5771596280330527,0.7100588069885121,-0.05321560060308661,-1.6464470829373608,3.2895666725398534,2.4238491923558367,1.153196630730748,-1.2238815253776547,-0.7576197775857105,-1.1869709275664593,0.0985602380990267,0.2017115245013339,0.40809167396711277,-0.35801574392349034,0.027269253788528847,-0.122396080402569,-0.6106959034722741,1.2770342967687407,2.5428212856618444,-87.85982254050151,-7.0095610026202175,-22.9617941344273,-29.748254105774613,-7.569749482314344,-12.301651609529122,1.1011770940100276,-1.4912551590542127,-3.816339825655918,-12.758338037623506,3.2825432335164653,3.9552303263879707,-4.389941894477751,3.490835460039375,-0.6131307325266593,4.437519115372487,3.275031102603325,2.5522876024489713,6.045137554248708,-32.90786642595157,54.49443176638577,0.23099385885375812,-2.487562184917967,0.4409669655510804,-0.05520427523454563,0.460284042897412,-0.07274034724934575,0.16008864729724248,-0.30594853369476427,0.9088647972207036,1.2108465905476598,0.8719692265796914,0.275092269605705,0.08216833127227074,-0.08312550749006409,-0.10386020511686955,-0.4726558102346421,-0.10560646628256642,-0.1882717044323352,20.99723359554442,15.392739113615036,-2.298264008143355,-4.031621223228777,1.820345501375324,-0.06668315506831979,0.715283443346634,-0.6834176488052282,-1.444122406996367,-0.9391005033182087,-1.1800071117513378,-1.3330537260840876,0.15875682331460106,-0.12531863956683975,-0.011054057078808244,-0.5340252800956147,-0.036004183245748056,1.3750750218774552,0.3845901953037951,0.3324085215182312,2.5428212856618444,-81.19660486670313,1.5242226265867749,19.1836815640565,-6.571649377008253,-2.74317094159564,-1.883645651638913,-10.563279551247689,3.104015626271792,3.2498688293995497,-8.963250549726832,-7.3177458982556605,-9.345009447674919,-0.29067865212270494,0.9933103987659972,-0.9537759133198502,-0.07964034715351764,5.524819442177054,0.5939721881498965,1.727712604407659,-32.90786642595157
56.59753582685354,-5.504162748250376,-1.5638606923823053,0.2560688699835545,-0.8749599332380296,0.5407879573741887,-0.5017426223905956,-0.05135419789083118,0.47562417019849423,1.6448570372413651,0.7780472377136745,-0.10726762948933466,0.25284759377829014,-0.3554805518049666,-0.3877298151474098,-0.3000120078170465,-0.08355014149333417,-0.04585616000637227,-0.2813911130187947,20.954265093608292,-6.909100659331166,1.055035387310852,-1.9104036427379905,-2.8838232812881555,-1.0496479675943897,0.22088787606147253,2.1516189753018975,0.5207844943162243,-1.1261489798043316,-2.4571525687271065,-0.3925844541590018,0.520159163827222,-1.295804010116782,-0.04667411175146974,0.33550273175495615,1.9322044442733528,0.5380877791195249,0.00620178435268004,1.16308295877407,-1.3830790827434853,-99.08198336955715,10.785435362559234,-12.842892511476741,-11.107845294628728,4.345145760922384,-16.23321021619714,-6.92501011580806,-7.67362652891495,-3.8777771956672886,-13.278391991134725,1.069374497833389,1.1856089187873347,-4.325327678996436,4.592403582584054,-0.8648420121382749,3.591439254197275,2.3314510315715364,0.6991176092801901,0.909604414256032,-27.413623059523925,58.47149167372152,1.0552564630864794,-2.8557645456270238,0.4553331637044895,-0.5110627298841828,-0.020896795762576303,-0.3640502048195704,0.13307132153802081,-1.1469256826261187,0.39251315537264597,0.12699079207914243,0.5856188011652899,0.028263892174956506,0.4287441277097028,-0.4953922716579162,-0.24236471721589292,-0.26846688514913475,-0.30728552541198595,-0.1882908623792181,20.954265093608292,-7.673853010380462,1.1751472824500873,1.7178429661514851,-0.2135290256653919,-0.013954539530016685,0.6512581749639406,-1.6694560681046902,-0.16394878115418576,0.33995659991446114,-2.0137809392712325,-0.9878383589967688,-1.669750739466794,-0.2134017615709365,0.19325438254332838,-0.3580255132059065,0.6773917236245102,1.5782940339969456,0.4539121513386266,0.7930636079509867,-1.3830790827434853,-103.15837718130354,8.29737566923664,23.70763283541997,-12.82794286805183,-0.5324209795955066,-3.0674358239336432,-4.126083059791779,5.053583072390021,12.034269456607026,-5.640317289720876,-1.5212268864902267,-2.591243909955871,1.3525566590744624,-0.8295379436546277,2.7911599959558715,0.9177709890226502,1.6579378137470773,0.343993139811859,0.6484025408185152,-27.413623059523925
58.126034603157876,-6.181224668316407,-1.9887902194219764,0.3054472952999676,-0.8957845431067972,1.2100029150868856,0.00496139314285271,0.16412625724303487,0.17514644560390247,1.2538008784801442,0.05773399529113332,-0.6930455353915783,-0.24307345269521274,-0.20353588002587175,-0.4192263748578906,0.15009065903781393,-0.0772631868376159,-8.24455978261085e-05,-0.14712645415700898,21.053417492695875,-39.202199159871,4.762475673003281,1.2914304114575557,-1.8663376623314623,0.5238113800079378,-0.9334350612702855,0.874785325294773,-0.2557272504754917,-2.43953837590488,-4.97671648629608,0.16461281799041094,0.5028826938252278,-0.40242016957641025,1.2522536837387028,-0.09973044614578819,1.1970269307893278,0.46415876361727304,-0.016704375976630548,1.5660968421145134,-8.119347322884739,-25.95946636449871,6.604274018839619,7.053224953663928,10.207983668775146,14.006722437234979,-14.795867176456651,-12.958325696656248,-8.73107537475771,-0.8158401756910711,-2.701957103955779,3.4032690700522314,2.4682149809199467,2.2669188742045305,1.01427751667651,-2.1266986907073084,-3.1493342256499153,-1.3712058124595736,-2.0064607899484197,-3.51067018763527,-4.212335252568998,60.3148585818497,0.8729636094906339,-3.459221960293132,0.3634304783026092,-0.737587825852378,-0.03603760915718057,-0.7252681035920632,-0.17356599143651286,-1.0559825851272158,-0.4047354071975282,0.33897195907929056,0.3216814114835884,0.2540356640704742,0.1985912028378085,-0.4097577944169257,-0.3918382269936507,-0.08981901701109529,-0.066421928662173,-0.2267971709650296,21.053417492695875,-41.498010514803596,0.6765310989831463,4.711957579808683,-0.2905613234148139,1.3959635655222167,-0.19867162832483487,-0.5672893725545083,1.6303608815079187,1.9283763956403996,-1.9989476719209833,-1.8921122799095935,-0.7121594703412661,0.19625323870308997,-0.30413824615877116,0.8861991326461951,0.7505171641796655,1.588649686839838,0.867324050314429,0.500104075755596,-8.119347322884739,-26.715331998069544,-3.0910043900973085,13.465460708937261,-10.444700843667484,-0.9736443361038454,-1.9929716528946022,6.0648297832264735,6.8961710609646625,10.660685051676232,5.71144571537507,2.2479910134469767,7.9358979620666785,-0.5525776785116878,-0.9259909972044276,4.512809151226501,0.6477901172714482,-1.8844491097431737,-0.9921595622538762,-0.7519237199368748,-4.212335252568998
44.74032515119263,-2.2254526832263055,-0.04794863818957529,0.9167272247551583,0.21966309612915724,0.1270034202599306,-0.5061375366333527,-0.9574252115315716,-0.41125027978001816,0.13754898074419897,-0.013668083187103885,-0.06650292062765906,-0.4070576125963814,-0.08099995628068268,0.13369234908446415,0.7743022385191218,0.014657130593073164,0.16339861365797814,-0.17264756237899737,19.895129142506338,-17.737513191900284,3.6359575009949854,1.491910152047219,0.31593989186906013,1.6112280195780184,-2.423975088195278,-1.6490278610620068,-2.4294998438616404,-2.33404981462081,-4.247079234136084,-0.5962500580555505,0.49565077992402906,-0.425925170414164,1.6044226658174243,-0.3584627501599733,0.9032148706125451,0.09493936731713548,-1.0667679185435541,0.3455697658115354,-4.554422740433608,137.52300320751237,-28.131605183340277,6.523390995262887,18.248579634922557,11.934830096275567,-4.045396823373988,-8.860627112751896,0.436635945577891,1.7484296030881725,11.731395503607528,2.363684958029963,-1.1121706728234808,4.397621869776678,-3.5813341835523205,-5.943740861483346,-9.911923447442817,-2.2087870881671448,-1.558990721148178,-3.9541143559426892,28.572950299804607,44.81958155802857,1.7917474156388926,-0.7908156782794724,0.18800558674059387,-0.13166974525021358,0.7052718485222087,-0.49142639492630114,0.4217200343398475,0.024317189379846393,0.11027753229363824,0.7466204332545627,0.24502534739762316,0.266548559226248,0.38446838893558866,0.1493441737154031,0.3566077625235815,-0.1040003691327589,0.17735083913457927,-0.01081048535805762,19.895129142506338,-19.276940103471084,0.03970834689558034,4.167406105714513,-1.7640958230214183,0.958029158674361,-0.029484143043402966,0.006318888127848421,0.8137260869251866,3.9353257828478556,-1.4152412434413872,-0.6163995653396663,1.1400711861729402,0.13070648948051833,-0.4355474020837524,1.2745564512705951,0.5581818946631394,1.0678874051059812,0.39488015695693457,0.5516113486983093,-4.554422740433608,155.61917410621373,-19.58788850513053,-15.124310095985273,-4.801069830507534,-10.297731254501812,-2.2081171967114743,9.765991802373335,2.96573692727232,-0.9967338368587888,9.279552141069528,1.8610289890081217,9.990080124078883,0.37881298535974395,-0.5135468289660539,0.38663392910435257,-3.4775778151506898,-3.6449752665087045,-1.577467338170727,-2.5679881217370886,28.572950299804607
39.18528909654345,-3.860218767140367,0.3578930145721273,0.4659473736128885,-0.3322542353923552,0.044885242285574556,-0.8845906489987239,-0.7174925101421294,-0.45228595763214274,-0.47569429657749573,0.3923396198713487,0.15269668989481366,0.651109896389646,0.5131437688869429,-0.32433817751598215,0.1161864191081059,-0.06221377127604111,-0.18807048085901812,0.005020082444311957,17.467127909653026,6.108591275480137,-1.5654836754553099,2.5355143864278715,3.450894647205878,4.026476142093925,-2.785935433560097,-2.1549902377903343,-1.7371988875591748,-1.027851195814951,-1.2136349968591111,0.6164964094079308,1.3449219205105967,0.9002315417522901,0.08968204352092068,-1.07438234831968,-1.0329030722060248,-0.5864247807311611,-1.0774414469983669,-0.069544200567627,2.022325488222407,213.08542398844784,-38.14880391501809,-0.9855882079289535,13.105200105578852,7.333806296611893,5.679641649358144,2.2094500117278857,5.465716540863854,5.504929397347623,20.804059485902442,-0.7122857777421072,-4.431115802675058,-0.8831333849023899,-7.913385730793503,-2.490136202418041,-7.321011069006217,-1.047209623368743,2.967738289819857,-3.5589674731342535,48.9079200556703,40.57138156683045,0.20101393206912466,-1.1640578286874015,0.42935009232562127,0.4530810152095781,-0.0021360934073979543,-0.2926969384732345,0.8309447316502885,0.072618228122453,0.05050877279971577,-0.04502436999484716,0.6861862182928917,0.25407655543160423,-0.04776292242005775,0.037605836146373806,-0.028087862896774007,0.23943577517708903,0.08573737660136549,-0.026959855065117444,17.467127909653026,7.836616661125575,-3.2760467354147558,1.4763275614583393,-2.626721521780404,-1.0394971722224313,0.05916877590300462,1.5111097646917395,1.5151256894462781,2.5935574310532106,1.3764458980212748,-0.3947776161891505,2.7217948415280735,-0.5736616043484111,-0.15964866336748162,0.9060883132793851,0.34749578987066143,0.6880537814513505,-0.08197358863229698,0.07717279117613252,2.022325488222407,235.00461731795502,-19.45705342014155,-24.515105843604296,-1.7538839269957758,-14.812110551766079,2.109051889429778,4.36518434058158,-3.1588899242720174,-12.181244816282492,8.409134369649639,5.929594681250137,1.616548038457902,1.1010349777904085,4.290159167964509,-3.069630261449834,-3.8318877270885583,-6.296101243981862,-0.4530312138067063,-1.3775058061237808,48.9079200556703
57.19915198421061,-4.846686948340904,-1.9912472333557476,0.3337887767616241,-0.35111107730624136,-0.08864075032279484,-0.8814805318508108,-0.8252947361290692,-0.37768453549388825,0.38606500770214325,0.3126193963957915,-0.2823133521705161,-0.40720666597122124,0.0883909566473382,-0.6144052888983507,0.16854754745408007,-0.04360516561555383,-0.48524610164755333,-0.18467949841368747,20.470198514912912,39.197005726749445,-9.84678753012999,0.7292498674082952,3.5818503814044536,3.1664346995004005,-0.8755603494806157,-0.7638067995314968,1.4798382856470114,-0.9577777683052098,1.5270044383581731,0.5633162291472198,-0.4569457859272028,0.2516810691072071,-1.256055383418739,-2.149041747899771,-1.9087922779503792,-0.04101399278983031,-0.24292504071054077,0.0038463021437954437,7.832559661605245,77.89823397141339,-28.996423628739027,-7.412123655085464,-3.2925425931502663,-2.8259195675427096,9.565030687468672,10.242367153460338,8.986708500511694,5.391034983917978,15.475291515710495,2.880001467572654,-3.037668392256093,-0.7993909766009057,-4.075412152199873,2.329301664442827,-2.353703512466351,1.2757832111724747,7.031267418103801,-0.8230991237667795,20.631358712512085,58.704760129495604,1.4110854752450241,-1.9196435585726324,-0.4596745548177257,-0.6273825710779803,-0.052589625159169096,-0.5771763433150605,0.03767900345721342,0.2564368021729746,-0.5427295563466696,0.010789173946378128,0.9734019908471083,0.09359669123465064,0.33414748929675975,-0.08179586130426841,-0.14514895193276156,0.10084942130976371,-0.1859250995652879,-0.012403845980019534,20.470198514912912,45.46842045476181,-6.642508052916226,-4.226497072665979,-1.4459838417363637,-3.9450897979085986,-0.5817206255057163,2.174340264458854,1.3765372785127945,-0.4910008362213387,0.9382983462924026,-0.8059911963529294,1.6083121666379776,0.360962152634686,-0.13576382333534331,-0.1746531389703252,-0.8598864967963327,0.20610435343683697,0.13982730172662616,-0.2794648106278258,7.832559661605245,94.65636913941884,-12.54780478242991,-16.796390838051593,2.3756429459622965,-8.323182192879788,0.5126499924948638,-1.9313584063124782,-3.1001749822844227,-17.357357968959768,2.0398328615222496,2.5516521696801213,-9.008109573083805,2.8011315702446655,4.644649708245856,-3.71559874904095,-1.9086735698117092,-6.328635151114562,1.8473325468064603,-1.3209504327855224,20.631358712512085
54.950916824388955,-5.653349373486763,0.2506162713750455,2.322363842899674,1.4028406146578645,-0.07514271640180015,-0.8848622281435854,-0.7705384242378037,-0.355562024446638,0.5227253665716165,0.20283846020365104,0.08732064063514855,0.20711684486835225,-0.24339031472942185,-0.5823687300263232,-0.0634835315326776,-0.34134442909888296,-0.2144808114442438,-0.17588258642347743,21.77704555060379,38.87325337502806,-7.570553768943278,1.1799664498125408,3.0533071456902667,3.4131111883526932,1.1321783940514552,1.5368998003934609,0.5224619552021093,-0.3752097003888686,2.5382714204080123,-0.7713132144820278,-1.2363769245866854,-1.1827899817882908,-1.2742001570399668,-0.4495090484849098,-1.0574750294323185,0.008530631986384485,1.0552433300167914,-0.042525162618743506,10.141121503930986,-33.1212608701581,-16.872487541293932,-21.898858127414886,-27.26041762168277,-19.81838649242369,5.647464123860425,2.7266854126371443,3.047329075297975,4.514653578417793,5.042281872625871,3.453916725492474,0.354493828395275,-3.77913319912547,3.3668648353908974,5.76644694096678,6.7385744491593105,3.2687676347175127,5.0114300025916245,-0.8183473332280192,-15.30423055616927,57.29057762667897,-0.5747287880198098,-2.1566442394173824,-0.626090211808433,-1.0094799990497103,0.37247751563501064,0.07316175294818628,0.7760173687279432,0.12473632400282542,0.6099910861332631,0.5094987806388076,1.3183905105228826,0.05368079589206731,0.14392732097348215,0.15885637973260258,0.032788025169851576,0.15178297849331868,0.0742292463716121,-0.1874140950659824,21.77704555060379,43.63161786505746,-5.710887411181724,-3.3486437528032207,-1.326559277555229,-3.558532232069343,1.1319725576212107,0.5312921095707788,-0.230489676421894,-1.949082702966249,1.0288497180369411,1.1674808762221067,-0.1380059413448338,0.6316428960212104,1.691049548449279,0.07598879704173833,-0.4563925036348777,-1.1285094093165209,0.7683348710262301,0.22688925235677315,10.141121503930986,-23.6539571201967,1.4195369357674865,-5.533740799721251,7.358188991655609,0.3571067956588343,-3.4671530737840754,-12.43526316867258,-7.227735537425234,-8.028126620455753,-8.735719039013185,0.569723152826507,-13.01791806952167,1.1281828564338476,2.610155917929828,-3.7959689678875375,1.0418568220430227,-6.230813867961823,1.2514101126631858,-0.13140608793152453,-15.30423055616927
56.4560141506446,-6.252281145118102,0.3703146671131132,1.7794441808139925,0.9353330208542476,-0.2507627751366899,-0.8879051468266703,-0.19098311166022874,-0.9385011305253754,0.4018413683487294,0.36274061122035484,-0.2622877889614279,-0.05922055228213097,-0.33076060618186975,-0.811813248610251,-0.09025892513567602,0.13371546310957894,0.0551412585953206,-0.08027307687320495,21.656450152833578,4.829272744032451,-7.859719266630544,-1.5363777071878477,-1.1315376539482673,0.5049507126772794,0.3994833417332817,1.6262106965762642,0.9340239850135648,0.035146929625137435,1.6146133150856015,1.5376554876757558,0.2674660063446237,0.2158901030556737,0.24865768999793136,0.49375143214405526,-0.26135090700748353,0.43535326654460005,1.3825234020007675,-0.07948931504629608,1.7018586079681448,-91.24685412637243,6.683326707774246,-17.688259539265964,-28.855880850337826,-18.3037565068279,0.7157164695049594,-11.76062434770728,-7.880685908320405,4.826305580084658,-4.96900158299894,-0.842588236369334,2.806014293262977,-1.1614851310244347,4.853151796891211,4.042423693498174,8.087975015899902,0.06465402995781089,-2.550531198050455,-1.725081394429587,-24.119065746366275,59.194193755485216,-1.1416352507747534,-2.4077710092474716,-0.007266182060560844,-1.3729341370748687,0.22710473124814623,0.4128143915924154,1.1374523550574174,-0.24724227667100918,0.29968554877306586,0.06636325976127067,0.7330792846016165,0.5472275153133594,0.22074135557114705,0.0013923324371261092,-0.10377342990789762,0.042878205927544766,0.25301855511276905,-0.07031577067153805,21.656450152833578,10.153743864272393,-5.016773706435892,-1.818303656180504,-1.2263554721528576,-1.9440444078420773,-0.30956103765507414,-0.4694514874679103,0.13644627871706128,-2.472033134622298,-0.22152672268809548,-0.12170272670523419,-1.9340832089325088,0.9286200244180405,0.9614283461307953,-0.16819316513105642,0.0057892565100543525,-1.1881485750673642,0.8933922005309012,-0.18372209828477226,1.7018586079681448,-95.14723205130556,13.077617083637683,8.209692438304945,9.58624614961344,8.77076338735555,-7.207833820181193,-14.507507223667922,-7.270589399000192,5.3278469049348,-5.778380467119247,2.0440922217564,-2.5035546749797186,-2.765740373753125,-2.289714417623024,-2.3484706846822156,3.4776750950606306,-2.6845047132563638,-0.8458729686791,0.34765707737951246,-24.119065746366275
58.99348470084048,-6.942698553223407,-0.2329047107560327,1.2697732444318377,0.7310793097037469,0.6920354517182497,-0.11292844131406365,-0.7734173447754951,-0.35948251031083345,0.7855532333032174,-0.018377594781946893,-0.4755045540030731,-0.11427815134904451,0.08561947178156348,-0.4503887219024869,-0.2831478593131753,-0.14660876964541525,0.06935750402794061,-0.06844570963530106,21.944562842658186,6.7318273317595825,-10.995261577851998,-7.2811008899815,-7.822620145959146,-4.55197511070636,-0.5997252172368328,-1.9866562795256426,0.05937280040653592,0.733013244428772,1.26370150109011,1.8562851428898999,1.159962938572321,-0.9714395747846782,1.0207579245080343,0.4874445321417973,1.5126634669021826,0.8097754069603802,0.6155493329417914,-0.43705005858659085,-2.5644392630436776,-50.2322234209571,32.438338968046736,-2.4075731276346604,-14.092372073267423,-11.448666360042283,-7.112038941636181,-12.744009330400576,-9.620043102953524,-1.379453398301517,-8.016792857885523,-5.725004238996368,0.9400145556008157,-1.224216383462224,0.7384493509317012,-1.0837472307319547,3.1770047550834533,-2.2906719914409837,-7.064284628059203,-3.842957661570032,-8.039480288083979,62.142473686364376,-1.3780694105118485,-2.5943159797515922,-0.4601337328305757,-0.9534093178266492,0.42400300719954975,-0.5220462511415831,0.1658132176392395,-0.6500835839386796,0.1437260792583186,0.5109290252087599,0.7373446007432207,0.343082591402855,0.854464918667388,0.03400613779654571,-0.27697187572664483,-0.29583332179006194,0.25043298477545206,0.11544073345902839,21.944562842658186,13.666976396271934,-3.37914544077118,-2.4946395466450237,0.9425587892556475,-1.8614664694262748,-1.8104875549143542,-3.3846259436811685,-1.4786965793684725,-0.42998972997418594,-2.4115010869950693,-0.4520602745997446,-2.0159665054475187,-0.2933991120231645,0.596833210864363,-0.995126157584018,0.43558632423897925,-1.7302266882774602,0.16694901829715847,-0.03640160896115652,-2.5644392630436776,-70.46103166545542,22.558873377363035,16.416047928721817,9.280437465690209,9.143052733769307,0.0678210876726637,-3.015835307678495,-3.242936140578018,9.521760512496495,-0.8874507311222732,0.270782658541596,4.223578330073362,-2.0557487853415406,-6.339156971121105,-0.5836096692990151,2.93832033188842,1.6448240573170756,-2.898329840568348,-0.707062627131199,-8.039480288083979
57.59250441800107,-8.131871991787854,-2.5176755958841324,0.2943152490214085,0.23724493150945714,-0.2724881635161789,-0.45434207697743956,-0.3568432833534412,-0.3581508277492218,1.0619577318791436,1.1920551677264684,0.13283224832090657,-0.13856411633468602,0.04821490839081122,-0.43351957688824116,0.14770425784058716,0.07670363793001234,0.06409644161673822,-0.2781425943309237,21.237369172869787,9.644291685197473,-4.792770271788507,-3.8843462323276663,-5.408126397939753,-2.0029004043840217,0.348249690916008,-4.882340933425585,-2.228960091115405,0.901263549328299,-0.32021139348234584,-1.171777067723411,-0.25210857087521754,-0.4347366999068165,0.023041474252865957,-0.5963066914640378,0.850125981832321,-0.4093093652979227,-1.2983436411982683,-0.6614319470870744,2.1258071719094396,4.453971345879573,46.76181057679718,19.247193764461137,9.196791843132068,6.868229004061718,-1.7275557827995844,1.0203234508603631,-6.51633634343585,-2.0695266509069588,-3.7946685630357013,-12.661466967729979,-3.343867315440281,-0.3710365824445363,-2.5096771378239566,-1.149302615490138,-3.821577403402752,-3.7077244892296664,-5.5709140341024925,-1.9597500881642718,12.375725778587572,61.355684031789096,-0.6956310667269023,-2.6099595164957794,-1.1558305303830831,-1.6274401156105496,-0.23313288976897573,-0.514298085004131,0.41100421836009593,-0.5921698111674218,-0.4203604142532451,-0.05077731169121513,0.29688334127068483,0.41320580568827703,0.45959286351520445,-0.10346732290176819,0.01262562677051382,-0.26941671608222806,0.1726691314982427,-0.25569230938491105,21.237369172869787,12.877125163501795,-1.269570496302657,-0.5486529565926053,2.2125801996649184,-0.40824098555235766,-2.7144074793285307,-3.1214543207491334,-1.6346539695140123,1.4133761297500298,-0.23071648475121576,1.0258254899361963,1.2955151111994607,-0.559387030219689,-0.7335128633543975,-0.8133310039985548,0.43296163679705413,-0.8352893637108751,0.01758374375161198,0.026009158720895265,2.1258071719094396,-24.867741902169996,18.29653276083876,18.56647277756734,3.6532872288474656,6.401255773318303,9.246208186240949,6.246521151290732,-3.32245177243241,4.942195992370003,7.606109365955616,2.484608505795618,7.373992717415772,-0.3249599169051791,-3.9962409483186745,2.8658522369377453,-0.605003461706374,3.3941096446651593,-2.4540047472645967,0.5465726028533173,12.375725778587572
57.74858535659051,-10.211184739077886,-1.945939042117082,-0.8463817641836071,-0.5241028960229204,-0.36414263083047205,-2.094971902831022,-0.6579219381879295,-0.2792305536203288,0.8245179353514644,0.7163237533955442,0.46974209128014177,-0.23893116049770935,0.0775008902382548,-0.5277932998164294,0.5738666104302821,0.09204918697109044,0.08881626351594307,-0.2954728569879135,20.704366409063848,11.349632193966997,7.115141217659072,1.15016414856512,-1.8545845189477022,-1.0572964331377976,-2.3982242513579983,-1.5808290498059026,-2.7060675582101674,-1.4979947093912078,-0.5027126542507752,-2.2790990562806286,-0.5065823581763569,-1.4695847720381576,-0.7921673737015835,-0.4463536020468406,-0.024711096310494174,-0.714474047812846,-1.136465462413292,-1.6730326773833701,5.909407077918349,-47.22164324356634,37.40160914267367,27.152227366557053,20.62560015577775,17.14797515330779,2.4283228382469697,20.961764670678342,4.572955875634514,-0.5950914342852363,0.23721384275062585,-4.311312097073216,-2.430862297326601,4.8689599046817955,-2.9454955636895397,2.729611370267121,-7.199344609031527,-1.262355396723542,0.7009437519225936,2.482208447633965,0.6923293222392353,63.043320686662994,-2.487303600429325,-3.3028697591157403,0.41947135698065185,-1.8129602444950073,-0.3026474513136055,-1.1555949805941248,0.3998931473923677,0.08220522626393878,-0.235736475851116,0.3420389290651782,0.5285052294645891,-0.026007905306973722,0.32291817243363496,-0.2862768713899593,0.19238165895013548,-0.557182904640525,0.1978784673274545,-0.11292663018987414,20.704366409063848,7.039411382715045,3.6949476724331753,4.224554861763739,1.5941916193809873,0.2450924236704508,2.368306322294271,0.34937587237214274,-0.9664076225953662,0.8690929210958349,0.5897192335073647,0.7291080971721895,0.35898406362586277,0.34777203066930484,-0.6310583323686774,0.10675288182597997,0.7991814721658324,-0.4825269863362276,-0.2429258208682994,-0.23150768971166014,5.909407077918349,-69.26948240528193,3.5066573911136465,17.104045955519535,-8.052209253650211,5.558399039599789,9.647236711673877,13.783742962891456,0.8372352109676995,-6.522264084961325,9.06602569332572,-2.447833704873165,1.5810691289083327,1.2402116470402884,-1.4844591292322034,4.821983327086935,-3.029183537134088,6.038335458692694,-1.4654064197493497,-0.059159382323243914,0.6923293222392353
61.90060966536832,-7.014423188085116,-0.7153412833701953,0.13345848615183797,0.5614739215255704,0.45145111159567497,-2.338053882780984,-1.363210860511714,-0.5279953342064783,0.22225332058343295,-0.5904985967300962,-0.8609653970406441,-0.2142623976612068,-0.31518057828378243,-1.0712643053852986,-0.09370316909124421,-0.19026819784763527,-0.6037599417478148,-0.29747547674043595,23.339451955585467,4.747355985868531,6.46598462401251,3.871586655769412,0.48284045411204435,2.1917258759238574,0.43495496739407224,1.9334588071465757,-0.9414240073960087,0.11588758108164798,0.6004861112381934,-2.7253858966039703,-0.5711950030011779,0.27944441046014523,-0.09971822980923806,0.3859991914933052,-1.4034523271025212,-0.6563842506836199,-0.526926217372937,-0.4413730497300423,3.6527983267809176,-70.82233650141835,-1.3509023128026962,17.281951226697,5.835564827899217,4.636769033523636,-1.6343909738440319,13.230817803143246,8.2897205060134,0.7427427708414838,0.7459980935062354,7.723186575213786,2.7759202958586044,3.8977922164216072,1.368488553438973,3.8550151274145623,-2.974323234752686,2.3355795224950215,5.498882076353464,3.9398479755238056,-20.472338276498217,65.1823328370868,-1.2218034039673435,-2.3278205978617,0.6592213728662846,-1.1472791665168685,-0.7667737791595415,-0.8311384040558805,0.20308540542384712,0.09330138310269653,0.3740585839521753,0.6637210528011597,1.4852565258406627,0.4520792485584293,0.11975829701082485,-0.24513166496889882,-0.12196937884776071,-0.24409168450266128,0.2880876857125738,0.05687249051336085,23.339451955585467,1.0336554199658394,0.5944461173813096,4.105335528398785,0.27447172720820534,0.20330403226871097,2.2241461168610885,0.7868081801508002,-1.780924085885697,-0.6504764639723071,2.080917800038496,0.5300173403066077,0.5654378652386862,0.44555449461921626,-0.42274635641202174,0.7137934336328171,-0.4785100483065592,-0.1149436037054008,-0.12867275351866825,0.1871172435171382,3.6527983267809176,-66.53794941084803,-16.594343874362472,5.461629591489077,-3.817522551713047,3.924331028623331,4.237644443644275,7.096846106154617,6.465293852646667,-5.287346818383025,1.302705017931724,-5.458185445641858,-4.704196598386416,-1.1825854207683184,3.3487117865098184,1.6598097003312464,-3.883418250699033,4.504799831434275,-2.238056022555314,-0.13687741564436307,-20.472338276498217
62.514248174140356,-3.9438523462452397,-0.5589897927304412,0.4229093663927719,0.04031659812679145,-0.8690463115166764,0.03851293668475719,-1.6232673353014424,-1.0235576117778091,0.9540491118256851,-0.2666502406939788,-0.23189691041047622,-0.8112213967048629,-0.12876647173193145,-0.3546931586773785,-0.17479969400250672,-0.3703598756630144,-0.16494703549642886,-0.89529560712223,23.84822499025952,-14.430526440359117,2.0761655455843293,2.417046349248487,-0.4553034940961691,1.9246993257935943,0.5710835636476199,5.086326185527447,1.7020826963640947,0.8281555114094794,0.9219596701051533,0.47743350879357127,0.10407500597200059,1.1059498223727386,-0.39061000530568357,1.3610972757966864,-0.96021968314616,0.30213515129145785,0.5803124969904225,0.6940247165518756,-2.981770179359799,-75.5238987402023,-8.780487955035866,3.569128448699976,1.471222669675098,-7.808458957670949,-2.1730355382969866,-9.787426700179516,0.38044105817378426,3.3967895007039415,-6.043736742410146,8.152123609715463,2.3989210181559137,1.4579772501639954,4.929586050759881,-1.0056862540417848,2.2235019221627557,1.02655586397559,2.274382003863583,4.616880242226727,-18.74005045070163,63.748854975073044,0.7324905943249598,-0.6231080081867626,-0.5705638747647659,-1.0709435805382643,1.874976613041968,-0.188938155429637,-0.21343118719031917,-0.5582727205258213,0.04137619690929073,0.5182338915486673,0.3226500402711632,0.4975318853024313,0.7088530357352392,0.158214749743101,0.1899163631654086,-0.5497593307479591,0.07126079723413681,-0.15659551134593763,23.84822499025952,-15.046029934601059,-2.55782505205634,3.7303891886190477,-2.114491601341102,0.6119605414630853,0.5438540028277745,1.553114287314593,-0.9869439156987805,-2.65919547559368,0.9656946172729355,-1.4280730522215328,-0.860393318012965,-0.17576405092247294,-0.3007796072229265,0.6523032871437633,-0.623269601776258,0.9287681610661491,-0.49262594294237627,-0.14653534252089995,-2.981770179359799,-68.90648902782654,-4.493087058613204,-6.951970333279421,3.7967373173101784,9.425877911113199,-3.726571405129373,-4.117968592421585,9.841893497028924,8.21503898360219,-4.046290181850464,-1.8531983852368397,0.8225734813255592,-2.230240028978927,2.03069839118958,-2.9546460535044705,-0.9672220293513087,2.0135674506032193,-2.637539192679892,0.9926943504185879,-18.74005045070163
57.58335100216041,-8.032545876197922,-1.2753568926927468,-0.09891008921075883,1.05089812239653,0.19744116052395944,-0.5543550931620413,-0.3448825884946891,0.07195649187034237,1.29743519926113,0.3208492164692447,0.19805424766562663,0.2873032069989634,0.10148947447128531,-0.32707005171111403,-0.17968875349427904,-0.020283956094745204,-0.07248501756354431,-0.1989177441287866,21.49183904566241,-12.876797248348645,-2.948733592152484,4.12318828067915,-3.1899844964159114,-1.1755137670879,-1.953599703508817,-1.6005096495206366,-0.28817496539583676,0.10955982434869727,-0.6595485089071924,1.3115499373463821,0.830522894979906,0.22639211109853896,0.5065070667744025,0.42747543332147986,-0.16928134212618895,0.25017579639743603,0.5927084172766066,0.12496334370720552,-3.664773337700595,-39.28261054772685,36.35815504567954,-5.598314479091601,-1.8801102113772141,-26.698816191378427,-9.925612843454408,-16.882171985701355,-9.905584066912315,-2.220622052638966,-8.152283163517703,5.830183371358186,-0.39691391671031573,-8.461685661161518,1.5418827595602407,-2.717103772345748,6.682614072891313,-2.9726914890094465,1.3845725373963418,-1.7798876774734496,-0.9410478214870821,61.51974459756699,-2.00830510541339,-1.8971726277608756,-0.5235770509062716,-1.8967964314545656,-0.20987186351621823,-0.6042224075109748,-0.1727956572914091,-0.5971690697586953,0.4815421493857994,0.1261338772203442,0.6825298684867409,0.37421315769318264,0.05525225365839148,0.031183583348110222,-0.22539674949040234,-0.3306003048812114,0.17164158978556743,-0.1402992470483102,21.49183904566241,-9.349128883264171,-6.440356071239134,2.429244675724279,2.1581605341694394,1.3704904698629905,0.3166409022268546,-0.17490047514304985,1.6082611033610283,0.5338469189032748,0.23264833233186089,-0.6246766581878713,-0.44689449717433316,-0.8889116998079594,0.7757036673276363,-0.2562013564918233,-0.7975219515814171,0.7114629783050741,-0.9765942064890065,-0.08491572269666636,-3.664773337700595,-66.06538682682552,42.14290171047177,-0.6669135915784778,12.353325450473879,17.88535709180036,6.825546941724655,-6.635023862299548,11.062811812365918,10.778482494824942,-10.103863404249395,4.554226820150251,-2.786248826554579,-1.505215978471734,2.694004681954774,-2.484930171644196,4.303933406425905,-2.882687734300292,-3.3577159958329217,-0.652716684677191,-0.9410478214870821
52.691951468014906,-8.664040622229319,-0.45740806283156266,-0.9578492235503933,0.193534666438397,0.04840412652919568,-0.44365820487676944,-0.3160447260143946,-0.1651287109539994,0.7479068310651926,0.4993666011926594,-0.007730228086993307,0.06326094835857488,-0.32613913879212086,-0.2193417887551785,0.1367495610587195,0.15812464174037433,0.1133350499190191,0.0022606349821996385,20.137287774345477,-17.600240559025565,7.4322563482236355,2.808927560460239,0.7174392911538248,-3.2779060904673933,-2.290464685055047,-4.707558171562055,-2.8424715501233613,0.20356391932723827,-2.894563715383155,-0.22150516839807288,-0.00798079808894192,-0.7140699972753568,1.3695130033865368,-0.9699348499818203,0.4699543722827175,-0.6544761393655789,-0.5590917778062723,0.3522392470113691,0.19816768480828983,34.608088936475475,51.4743924449951,-17.108209476163495,2.627126592977871,-21.653843026689053,-1.1988471109053256,-6.276167844668152,-4.872152599280968,-3.017327341958698,1.059329692796065,-3.043050381012316,-3.1231341706704154,-9.85805974501989,0.7621124246822002,-0.5013375726904734,3.945244766739632,-4.05879160519662,0.32739235788236165,-4.265338115666926,14.337186160581709,57.35159983912237,-3.372965275734472,-1.6529991498566288,-0.04637523180362102,-1.132221341294616,-0.30917140772137985,-0.4924958352092812,0.09436172090060557,-0.9021572851022053,0.19336905006853966,-0.10320400925518047,0.4996718991350675,-0.07495688533558686,0.2047813904983884,-0.09828285197658215,-0.06753945661667271,-0.04954451391817538,0.009788543819769568,-0.08760843266948859,20.137287774345477,-22.22244097958322,4.965805237436795,1.5866151214612816,2.5507158745554595,4.374438160429911,1.4587732270467013,-1.2287540961917247,2.259946531295733,4.384450721459139,-0.5092911235645499,0.3798559038010092,1.276436985495152,-0.10011488660657086,-0.2149341486437164,-0.8855727498639352,0.47507640912760696,0.1110534479601446,-1.137734690723076,0.4008559686045361,0.19816768480828983,-7.13527476957664,63.25846983972296,-4.478788416167032,11.470702026482712,6.9257286176991,9.66658745605692,-3.622099061013544,-1.0144109494601978,4.004728806131886,-8.135684801919034,7.0889105759643956,-5.094899900204202,2.0036623841290466,1.3653762046755067,-0.029242391542509516,3.382837020490963,-7.278816137740404,-0.8832280105711117,-0.5986908460113805,14.337186160581709
60.373359394256724,-6.128695846169319,1.2954619920199404,-0.7711544670845352,-0.10289199617418232,-0.9840739591816696,-2.8972231367605388,-2.160909647853156,-0.9024298724440345,-0.004449793489917031,-0.3177320490002242,-0.5577872907124326,-0.5383075146436562,0.03675928863351352,-0.9252022736856587,-0.3341184676849518,-0.3294225583506116,-0.44654677581723545,-0.683771925939048,23.36253389469219,-13.309092228661669,21.967016745532625,0.8764888106177353,-1.0435860442015596,-8.556379511634862,-3.097077329981798,-1.6106850071593501,-3.621938917608438,-0.6821276491967145,-1.5673937777765041,0.5391751276709447,-0.7136240593258645,-3.0413885102965663,-0.2088383543752279,0.19296336820968452,1.2227676816286963,-1.6644243498598248,0.7350621887235813,-1.1604241536965139,1.5923054839533322,68.92053343361043,9.682666549973588,-35.677183625208215,5.391340276207016,0.46463098047486984,13.419037252267726,24.483716082891505,16.361811289381492,3.626211388345716,12.047367664396784,-5.910653071923236,-2.768013130947138,-3.873915677538968,-3.3258454992557214,3.6057519144784744,-0.836616386785052,1.3371859421398202,1.521195089499512,-0.07665147693841945,6.195989333917108,63.706395963430055,-2.3892535045571948,-0.5982526891646276,1.4762073184704319,-0.43139505120719734,0.48362068233555977,-0.7668098017375833,0.8533195030588989,0.5321671248425259,0.41438632353848126,0.6621016741091479,1.173298347821544,0.2938677839734587,0.7596459532930684,-0.2449835423549689,-0.3920024447474286,-0.1384676037650161,-0.16947329082474583,-0.02007891017319685,23.36253389469219,-28.41083247095584,17.904081827870627,4.8437657661884295,4.118530714496863,7.264743768685477,5.179459975613953,-1.1397695592458148,2.1270365968000053,1.2169416849137544,-2.2335210316674585,1.903166272370462,-1.896101699792662,-0.3448780767746018,0.8813332552757602,0.24026636631456832,1.124283649454461,-1.1474301143025445,-1.484976377544779,-0.4129367543841753,1.5923054839533322,52.05731474004361,37.206109274899596,-14.519272499652844,-11.75821960761101,-15.038055150390667,-0.6397381534880209,2.729222002975499,-16.4663558687745,-12.383996165545094,-3.6343482438230463,-1.6965634022939406,-8.82703739566003,1.007861351874725,-2.4848821037338262,2.0287708459685447,-0.923125863334594,-4.881216836865928,3.3241492509147923,-0.7843288184236087,6.195989333917108
52.31912369857942,-1.1796491871477235,-0.4399354548566654,1.1177512009065724,-1.021741387821549,-1.4235210941913854,-1.1438321272970216,-2.1364895806838895,-0.43458246995700156,0.15770975050963099,-0.058112192158280784,0.14203345973408243,-0.7554510345212315,0.5883551228802228,-0.5405944726810163,0.13739234923418842,-0.5430286442178707,-0.25746204527271943,-0.47674889271141474,23.011961408148775,3.089665518035133,15.355486599239322,-4.513708653802554,-0.21493942371440955,-5.211789315277452,0.5433988214314476,1.953329942012728,0.9328883728299115,-0.28466442279716375,1.9055471509378417,-0.657904276874868,-0.6854186022103219,-2.189189739439654,0.3481189176102317,1.2276845220073473,0.31637818834621334,-0.7699605781782219,0.672831790208116,-0.7959505925797274,1.5582834901040918,121.87035865693585,-67.59665106353712,-31.987152073115954,4.293160630227928,24.16553618095503,13.714480455333105,23.00702132968558,24.59377083463496,3.4117583134290763,11.545801513168396,-7.805641698623935,-2.3485646482323954,3.9401462056235776,-8.954314700298305,1.243267352220653,-6.334832586546423,5.64237642616701,-1.0248370616619784,1.1211589055252211,3.6602155777680494,51.5443088023499,3.40586741261526,-0.4792604167542458,-0.2950981221753879,0.3835748095530067,2.2576169536394297,-0.7220215064121951,0.4034844982823933,1.0692845429031377,-0.17969145194932512,0.44017794500477003,0.7154842933513377,0.48764712885900785,0.2491891115960425,-0.14648806233732703,0.5107574153577252,-0.5902989573259845,-0.3270491078222446,-0.016277695481226262,23.011961408148775,-9.082815525543545,16.89919091825026,0.2837344353034563,2.6406743217365425,1.1276982009013923,2.9457381941626855,0.2244992988592034,-1.753537137148368,-0.9983784555329769,-1.869063101686921,0.8524607704814984,-2.6832396668059015,0.5540503296253716,0.32909370114076486,0.3894482299693127,0.10724610795128453,-1.7811933615002435,-0.6800488627000458,-0.2818702496828357,1.5582834901040918,161.4713510576986,-31.477353140733175,-25.150565186808908,-23.522776193655403,-34.459285344698145,-17.30461847468227,9.146711311162608,-16.149340303438308,-16.445857391678633,5.924639089796381,-6.099400461145093,-3.6622507921646115,-3.1610468177763416,-2.1181103255380904,0.7655618842917105,-6.092023694468008,1.1907965838664523,7.128977674545532,0.11620026008748963,3.6602155777680494
51.11521877254732,-0.7912332209724062,-0.8458487913713277,-1.6585033235400215,-2.619653606290928,-0.615134894106649,-1.0096106355315904,-1.2456296199641606,-0.13438045322651382,0.8088368506506587,0.8691761769801871,-0.23363962590784348,-0.8240350567094166,-0.4601768335525005,-0.06996202564335285,0.43137369323233465,-0.5019194880455351,0.4804446243941156,-0.5396250571302363,20.850654970737427,11.238516429926221,-2.0690154426735337,-10.054085424793561,-0.02812500087828651,0.023743335554564204,3.3389871693817987,7.310904335137724,6.005050717818273,2.1667796895837563,2.9640798901307006,-1.4255770443768383,-0.21476476843297299,-0.9730058565887965,-0.6457186399653057,1.1315417045661331,-0.5108014435504629,0.9765109868736677,0.7373441780191685,0.6607325250335441,-1.2468365733899418,112.06075367546717,-121.13292758117666,-6.8929012736241075,19.7811511508685,38.39525402339548,9.820450594210921,3.8419618669434783,14.138468198523169,2.94075762431604,-0.6379900122102162,-8.838749141384792,1.2737629104888675,13.135158134816002,-3.636458282075201,-6.172756337227636,-7.223603845606354,5.324940828986439,-8.061085134102576,3.5362265319221184,15.414240244961714,50.217973880475306,3.5543194643470573,-0.06215911121785256,1.6600497515280437,0.9776773774643617,1.0964639436103534,-1.0593443515324252,0.7361612524176997,-0.9744191413044896,-0.44868811543899745,0.8060260362756,-0.3734271785177252,-0.07952788779141562,0.47371502074744454,0.17541937168576682,0.0475966392496292,-0.6339381403285791,-0.402427773165815,-0.38243299283452903,20.850654970737427,10.109715759737796,6.196005725803931,-4.17895123102323,-3.7659284932266073,-4.525167125568084,-0.7467106580751479,0.4630838288192356,-4.6181749968041705,-2.966736575373214,-0.9046398005184768,-1.7092607926750862,-2.880574868853821,-0.7120636319865681,-0.7387513094315175,0.12067357657582511,-1.075169732660553,-0.783022035397696,0.4566375049568745,-0.1357170227647848,-1.2468365733899418,192.15684831346056,-87.1628428417142,-39.33081474495633,-28.12483761847861,-33.31513239858274,-21.59387694245239,5.830889559736487,-4.9767243310053795,-1.7891956203290502,14.250900338372945,-8.070836641093583,12.304434538960603,-1.2817736607734327,-5.319483387406493,-3.53475489521415,-3.539820650688008,6.973031154953102,8.709836006966135,2.982283847531764,15.414240244961714
58.865854537887174,-3.6550286352081143,-1.6436069980372054,-0.6216445071798549,-1.1539791861419562,0.13563400470740916,-0.4107994844848797,-0.30724055354393665,-0.6914856319613416,1.2940370844638256,-0.42303965023498025,-0.5125133615944488,-0.8884701503283718,0.09638838110600201,-0.03311965177265774,-0.08780742522681706,-0.1406071825012749,-0.013744755082598425,-0.4677880957120699,22.172368981374905,31.061134440148415,-14.348053089441848,-7.719361358392091,2.356289084606152,4.514800576415409,1.348743292929707,2.335157822132198,4.640919049480763,0.484989406651541,0.6126002072474397,-3.141949931686149,-1.4316927676515854,0.2218117786825471,-2.889204203967577,-0.8175903420497181,-1.8306773584009146,0.8462444053511795,-1.072651303285055,0.0022403604089507034,3.4478465023639515,31.46713886754273,-103.9119410997447,23.146632321716133,11.495118511002847,17.10098622525426,1.9551451199874088,-14.980462752365698,-8.856156330865147,0.1327219546154037,-8.98787872719524,1.4017481374082577,4.239016929692669,14.098469604999314,-0.8797575069543577,-7.497152703999104,-0.05675755800967419,2.0198280015460064,-4.4932030339231295,2.2652285604010896,20.236409175559405,59.554403117827974,2.104843698938531,-1.7791787211782881,1.1820407125358443,-1.2729084551796994,0.8572760587225661,-0.23397891088225853,-0.7238277223529788,-0.648053379795186,-0.3096252812861815,0.25106419490234266,-0.06858517109824858,0.3887661153595361,0.5122937073415827,-0.11376019401229365,-0.23371594463955936,-0.6924059263865157,-0.21375864635971875,-0.04736651618024035,22.172368981374905,39.25296043391926,-4.918833281896445,-6.477308973337342,-5.268442618410508,-6.9602490647923805,-4.230450693449884,2.543174865357054,-2.4421178236213326,-1.7466388442366938,1.7885878057591496,-0.8636307942487629,-0.06245182605657429,-1.4970455178887585,-0.4639470290591228,-0.44299541284870836,-1.4712087470488902,0.5242477004409465,1.4559472052988631,0.32034623283858565,3.4478465023639515,106.1998200332935,-92.93105779481127,-29.446668658810733,-9.837179780648812,-4.497682140722391,-11.008285301251998,-5.623281090224239,10.791258158755397,2.0713767018444855,11.652219974139237,-1.3012473649271936,15.585981825899673,-0.03030208025337844,-3.969411675370522,-2.624290138601285,1.9998691249723186,7.345170273459824,4.192408022754994,2.3092147213766743,20.236409175559405
62.71925218956596,-5.9255138434758905,-3.12974494878657,0.08448088651953523,-0.024901429236696693,-0.09415792394016753,0.3917127094022521,-0.07300880251399633,0.3094115533500137,0.909426484598336,-0.8480568421502936,-0.33789626426465347,-0.9583008850344843,-0.040116660462028886,-0.6131688318567714,-0.4769193022296805,-0.04237779577207568,-0.1997333319027117,-0.3578860619219484,23.158911821384155,28.735550148015278,-23.747677200715128,-0.9671354738995497,7.5613752770724085,5.777952554216448,1.4104757313745329,0.11938198625265395,1.5932798433277204,0.403424248236953,-1.2399153120364113,-2.6381766156158113,0.296394478639201,2.3206897980503336,-0.40840593462392416,-1.870777368375601,-1.3155064678009167,0.189943572868694,-2.422738831581121,0.2085936357702063,8.35464410030426,-26.646502596256603,-43.73894649011248,33.57074535915328,-3.92999253140859,-7.481589363599559,-0.5270571022115758,-27.085160631655178,-22.154528630464927,-3.963909313736243,-2.441746126120452,10.036495730529708,5.270679442703256,12.439687294712979,5.622068707203664,-1.7239076213241347,6.782580600880857,-1.4358810056176634,1.7238500128098933,0.3549467651284475,17.645306007884688,64.75620668555992,1.3592612151831354,-2.0377691524642216,-1.1453263454984879,-1.8657369816248859,0.8104358007564176,-0.7792891850929338,-0.8921118850255003,-0.09253220149491925,0.027033337947671043,-0.09797184717718155,0.12504564561942644,-0.012723525270089464,0.25871800070453954,-0.20101068822957302,-0.5573506310790628,-0.4789251369335985,0.002200230922428492,-0.07239301120608221,23.158911821384155,43.499703706043036,-14.768327492913123,-11.441119901969333,-5.989329624668917,-5.348848797759006,-2.029384051805958,0.6163374373735038,-0.017035225466202064,0.6964740691010878,3.0631036837959793,-1.2742062658111988,2.9457216493129756,0.0397830165957469,-1.3818880733275423,-1.110889259883496,0.1436007516105442,1.1863649322034115,1.801943591938834,0.7770969281209961,8.35464410030426,9.038488309472179,-52.29173041237043,-12.60747113376629,17.97382879610815,13.915475251676861,-0.26891821307727026,-11.476252885395496,14.543542022079572,-0.31739711855239605,4.414605464718459,7.606938604117739,11.192346873472879,5.669792671830587,-2.208882363199174,-0.8571810699265603,5.117907017755858,3.1747809932093816,-2.886156421060063,0.12463711980324776,17.645306007884688
62.04767421014431,-5.7865354206169055,-3.15766805534509,1.4244036381798701,-0.06171718814096039,-1.0096379328097727,-0.6769148886978438,-0.40234046466858997,-0.4139837699194948,0.4137150371595122,-0.770470648436115,-0.5216846049133053,-0.5774122310174241,-1.0662770656488014,-0.6777862405991661,-0.3237998322352613,-0.34967728767901063,-0.4536987187668333,-0.5664982101110834,23.581756234007386,10.07471809276197,-25.761153071612227,2.5161325316085064,1.7378696928116666,0.46159918801873623,2.485227100428785,-1.9411402597275864,-1.2893043553573853,0.6633742751839398,-0.4863946115762219,0.6492695774487474,1.1785102390999254,3.2131972357404384,-0.21041618853763788,-1.0197322935213373,0.6903519214666032,0.6332371295972681,0.006271778046696097,0.5627331322524862,6.875747741036694,-64.16810848487798,40.46988334885789,14.558613743132758,-24.30337473739941,-17.601249950917495,2.0412479704150606,-11.556151894601935,-21.24254396825461,1.9088192837855638,8.888899697480065,11.584805360823129,7.034834493060512,3.381050258203606,10.249305032129225,3.7358451478300845,8.059880673636306,-1.1005900689366703,10.126840780483256,2.249383983616808,-2.851076888894333,63.90167261676723,2.0439798962489983,-2.7301098827997325,-1.526631382867376,-1.6748425432985599,0.2854056783414558,0.4095383430465862,-0.003437844806672974,-0.2449783491199944,0.4767417242369154,0.46036148960677936,0.4350219682544747,-0.2942778113460345,0.12471410708793362,-0.1797707388040113,0.07762667699762615,-0.4056816088030015,0.1986104927830652,-0.011124569876156842,23.581756234007386,27.322100517950588,-19.08417136979685,-10.808515558628859,-1.1662150028667084,-0.7093020333643425,-1.9170677595979089,-2.6637680505300505,1.3415220565603465,-1.794295426847885,1.97317514322547,-0.015690175414042162,2.1966029870605372,0.1629759652075249,-1.3340437545964838,-0.30691542110166914,0.49779542830189527,0.9066982914291144,0.7435021051864712,0.416330135562611,6.875747741036694,-86.55806842925558,16.217240903784923,23.708863457253422,23.06675681278766,20.241059207772054,9.518746682249612,-16.982290192272213,-0.05582258217664782,-1.8808716543790949,-7.103368113244844,11.43754922080084,-2.4895317180121546,6.976346373661736,0.9772538059204949,0.5879029998337255,1.7186253337794228,-0.42275067247432996,-8.288976921900973,-2.1244797686838033,-2.851076888894333
63.892084010426395,-11.599318428625574,-0.5723859996671603,1.0991602423163203,-0.27680832818320233,0.6627389403392083,-0.8168619402987813,-0.40143974273797367,-0.07141926012896072,0.6290402182846098,-0.27619663172715114,-0.08085676492881477,0.18078088266027637,-0.08304707748706086,-0.6830174154178992,-0.10838333716390158,-0.30241264902232023,-0.5109478095543276,-0.3859731820456265,24.323283394573316,8.408473305491142,-18.231938696644587,1.613540309782779,-1.6839115706853387,-1.690450652046879,2.507216714526472,-4.093526939759974,-2.1071018949951172,0.0956325984494355,2.2927042364823054,1.6970610663205674,1.1154734495428995,3.751145062238747,0.8259217059215569,0.3706588696398754,1.6199742169562068,0.3650741219417917,1.0598076437582395,0.557959521676,5.861865811216031,-57.39840592859981,118.08390606538583,-12.391440393948956,-25.556549385727962,-9.898172506355976,-3.403743259643219,2.9397756596892566,-11.830205954763024,1.0578967977545388,7.909147270966136,7.719925894246504,-2.950090874715992,-10.299724101225305,1.9151558180669883,3.760695351486143,1.9905186341085606,-1.9484151868690025,10.043425261528533,-0.4926345708377542,-24.342748800905287,69.7941909840272,-3.799412380764738,-5.307253481391797,0.019720986895195303,-1.4957799773557112,0.3677071078979295,-1.0729342598100957,0.36744870091144577,-0.8277196220915415,0.6896802236974438,0.06427425601778225,0.847630076462401,0.2818855838592431,-0.023439215789502033,-0.3470199858601224,-0.036274295763691455,-0.18411783301863038,0.29235945323221,-0.012005501926072748,24.323283394573316,20.594389872458223,-12.86719043643108,-8.317083505260618,3.1698720970555683,-0.6929030154436719,-2.0378612315397704,-2.6715711559349606,0.7617760741447763,-3.1016068433438164,1.2103692631075926,1.6702381999664233,1.5860711613240621,1.2928219623805837,-1.4081441282624239,-0.37595695426097464,0.4992816885419835,0.6131431657129107,-0.630218155516961,-0.1213904142251736,5.861865811216031,-133.4320560948567,84.49093031832103,58.7198172942519,9.206452902578528,18.808342485486797,4.744350623290062,-4.432956119088224,-7.201273882075007,1.5285340530676401,-15.756061696987835,12.139992917517205,-11.081580584545108,1.5817791331436206,8.381320524008402,2.306729442298469,-2.0921357624451544,-2.462851763779913,-8.427499988067634,-2.8205698787273636,-24.342748800905287
63.31679767383794,-13.698702878439386,-1.664220206792657,-0.2600493386724141,-0.7972261426593352,0.9997991227821137,-0.7770822894981562,-0.7876772611106406,-0.16938308762988452,1.1910329118325778,-0.3843349667221778,-0.05177799171240549,0.148587583694467,0.012645495349699054,-0.5080615067527625,0.07310055297359508,0.3060288089224814,0.14499837276655758,-0.17237796952398776,25.028057065298672,9.140618618971494,3.1290193329518274,-1.7303923786668767,-5.172754860214679,-0.5516227959116753,1.8209967865612677,-1.3364636621624557,-4.130162065485121,1.5932948734380816,3.2907402817281137,0.48283390775722657,1.676184993426821,1.1971092756901434,1.6182844918242951,-0.07038588714241412,0.7315226360386764,0.2083840963462955,2.249495849286893,0.9522494092644578,3.268697202460899,-47.716417349335885,137.12704117685573,-16.28146284202655,-0.7184106886467463,3.3981237054224938,-8.342079384832237,11.267120366339697,-1.6400350375575612,-3.8259488020257586,-5.789679956375288,0.4870152864078796,-12.347319959176936,-17.797130245236733,-3.7045086102567755,0.7024531089304751,-5.532287027895933,-4.8937481082130105,-1.700105713575352,-6.2360884185653305,-33.47034386928718,70.69646122756963,-4.857905187985956,-5.54869433602893,0.0164095449056485,-1.812537973996458,0.12010652535285571,-1.4190403987887028,-0.6828469870412786,-1.1776073829208173,0.3456388474516672,0.16209605559783968,0.6684241070105328,0.32294954339863224,-0.01364956170963838,-0.19421325574785353,-0.2453563981462974,-0.3864604326294425,0.012912795078626083,0.13060479696106042,25.028057065298672,7.426583136083877,2.239218641754995,3.81510455693501,1.6853349271210796,0.8323076479359801,0.5331612375418286,-4.30401593412482,-2.8594347645151457,-0.7880342152037891,-0.8367290405190793,3.382921583262846,-0.6273924410681948,1.3646081960496907,0.03780790136856549,-0.5165100657431063,-0.7897365486248984,0.5994832474490319,-1.472460381923726,-0.29264998033023115,3.268697202460899,-139.2984607956368,103.51378235308259,58.20551641102859,-7.481299212291254,15.320641793244388,2.124844388632401,10.124431955775393,-2.0931013949283614,9.258739670790249,-13.161930311903262,2.6425628466369555,-7.558504294934931,-1.5982435826715782,11.291401902923209,3.201438364629964,-2.024620203755294,-1.8375673362392833,-3.008607253603837,-0.9907588726686123,-33.47034386928718
66.28892711046471,-11.085399462886944,-3.069698718171397,0.08475158960300799,-0.5023722780009487,0.15473190552712524,-1.6049670600775787,-0.9338913517905296,0.2349275114299263,1.6671196655029559,-0.19259414984697854,-0.015112846093653598,0.5542717387289438,-0.16661708800050068,-0.5127017639600355,0.13461761364399472,-0.18769378310192586,0.030821944209712626,-0.27596642137749616,25.366694311346528,0.5033969206106121,20.849189629695758,-5.039593215736336,-1.7615871392783995,1.3354772930036658,0.04071925848668201,1.2869315173147169,-2.901394278989923,0.4674123479871515,0.8260908767944888,1.3050041663532013,-1.4274883358822428,-1.8211282725371705,-0.3651783657713965,-0.46510289582199116,-0.34083250803267306,-0.571837503940321,1.4773617635630465,-0.2324817881546566,-2.0132050308604867,-95.79110077063308,87.26908944643229,5.558750693334425,11.075593159861231,9.017311917384857,-4.976715401332136,16.6661368661123,4.764037000465528,-4.446253315933658,-14.272669275862112,0.4182352905180049,-14.609449844678688,-17.262504621762165,-3.8118863033768458,0.029664868796533295,-6.784711615938302,-4.730052553502835,-9.714202682513388,-8.351215106256419,-36.940219252014565,71.65600731638783,-1.6233914609149274,-4.787018678479932,-0.33191076085721605,-2.143340773997773,-0.1258452385191675,-1.2007853921427696,-0.17151927683580936,-1.177021106266416,0.6977694078940915,0.8862799698105,0.8013801569034285,0.325073778547869,-0.3761722290278864,-0.3817679068881392,-0.14621824923610927,-0.18196414216392265,-0.22005999798383247,-0.20395290173727765,25.366694311346528,-13.268565650451961,16.81544266047147,10.60697868737468,-2.8118781383735474,3.2845176043342312,-0.8823232387307955,-0.7800166803732234,-1.5171937559659598,0.9576104898128599,-3.409975072825664,3.09648431360896,-1.1830709288952126,0.22985646774647428,2.122846360694134,0.14727278358645712,-0.2587011411486362,0.10854657230349618,-1.3038251585398848,-0.27869795329626457,-2.0132050308604867,-151.89369730277207,52.50578604134129,38.483754640841774,-10.807608734067902,15.021904576667714,2.2382742188205675,11.412318305278255,6.021603746086494,8.456761240356943,-7.417195912511474,-8.240077725891144,-0.7135905198646051,-2.4265276049538187,11.453957958034927,4.884528134480142,-0.8903264524891066,-2.2832762751414073,2.4017003959805616,0.07824750463421393,-36.940219252014565
65.4195619696109,-4.478985237010307,-2.77420788542641,-0.6547694655708134,-0.22474661118792483,0.15486397787690276,-0.9510941598896729,-2.2011956928848724,0.2294902810201025,1.540045454414396,-0.570854935497588,0.2835359323825246,-0.16560302120668613,-0.21534981447993395,-0.798137009899305,-0.07953898961987127,-0.30284467246606006,0.4001643289945931,-0.14537688581291963,24.69439937685123,-9.830952389465708,23.261803353645462,-2.29803212664521,1.4175021327848238,0.6476970682047107,-0.45256386396743853,1.0021906949049164,-1.712175682138763,-1.4354900005977975,-2.6479279099199577,1.0888056706363702,-3.723668847775972,-2.8992312194899688,-1.467120457819549,-0.2506248563251665,-1.095388229986923,-1.345181111568181,-1.0525581386433833,-2.160090422114851,-5.921888772568636,-138.28967903365438,-0.025184613393573585,30.593020002303216,15.050318185699757,6.276053991699559,-2.3232095175074616,8.288454693941722,16.240346670250897,-4.233845278980527,-14.212531324222672,4.6968863199489075,-5.750183336870327,-3.729863849910825,0.663037884112935,3.2409260478077178,-0.03409051409092889,-0.14326982337630745,-10.921501018032657,-3.9291138836655284,-18.684764122882843,66.68405601862885,2.0755787572015905,-1.0826750057881602,-0.5081480454306306,-0.934908321009539,0.7987624703209186,-1.678544057849487,-1.1636712381906182,-0.4643447146344517,0.05433261187905192,1.7408194243418436,0.14445070749986355,0.36643218933449795,0.31998456439140854,-0.42065181116155603,-0.26226962057861414,-0.10701683050583943,-0.2814099725707766,-0.06147586013566997,24.69439937685123,-25.395652118412713,17.83140325829317,8.83221155056779,-1.9159894912977773,4.9623085533689,-1.4324145616861959,1.452670689576777,1.4344562741515339,0.8054657419689009,-2.297617844759532,0.5924681910831673,-0.19807811529729102,-0.10466307881120951,2.546161952386841,1.032188892289597,-0.13552325873044202,0.24021292001418004,-0.42399802010398546,-0.0003955312361496599,-5.921888772568636,-134.6354823729361,-23.176551251410373,-1.3129470318919285,3.227768865178392,4.5339485050472685,-0.042077152058061174,12.080450079584091,17.1365412666107,3.0198684063973555,3.1488768334303554,-17.00567846967743,3.7296689685489275,0.59683223457011,0.7080263089285244,3.30187232787394,3.2430675166240572,-0.6768493150079746,5.232769208936026,0.5656632839124147,-18.684764122882843
63.09240032284522,-5.7845824344922345,-2.537188768218452,0.41572673612632016,0.10469055258292537,1.1055661420351548,-0.08639024644566451,-1.1453776663458193,-0.037149770460378484,0.867579385390945,0.4695654358371546,-0.9622578949174012,-0.5726879511577323,-0.1516386054579426,-0.7705311117556235,-0.20247981988350494,-0.28389466029821,0.10015009411317788,-0.5157146179784888,23.483509723366794,-30.001291575606793,15.33621401622474,4.676735530439158,0.5587565127455258,2.218545374587357,1.155639339124757,3.0702143147624907,-0.9340765864355323,-0.6131016224994541,-1.8742963056247155,1.603192830139998,-3.4893245521950473,-2.831937001052279,0.46268102905505604,0.4756107886295182,-0.8589261580001444,-1.2231695508523874,-2.146266703533316,-2.061478115762555,-8.012950827276484,-89.88969771730245,-48.953775218198146,22.579994054124718,-0.32154267354778376,0.8399764347098215,-5.210506778460577,-3.7853069905196794,10.508001198872474,2.3193862801205727,-2.632388193278465,2.450904207958297,14.59317533229141,11.102216486736308,8.186730770505871,5.4346918126212085,5.822277647130419,7.488318805420197,-1.0680346038353163,7.448325416845547,12.496930125963203,65.1661107632716,1.1415669768772232,-2.236773802824842,-1.1239392871234388,-0.2923360016820551,-0.41278248395149975,-1.3331907704663153,-0.1507360514968643,-0.7055457113282944,-0.8696541949290806,0.8231547284502603,0.5180813117701293,0.3750724947645474,0.8711669015070416,-0.16016431636004258,-0.15716825512185117,-0.26956634792868384,-0.21239174221303103,-0.05531415002583984,23.483509723366794,-38.941341151679524,5.589610275970475,8.41624031834388,-0.43327006076895413,4.753048820173724,0.06406377748452563,0.15624468485336873,1.6256324278546836,0.3300237982483103,-1.767784291027918,-1.054573966889309,1.0146187385063077,0.8141937973341244,3.0646578252459014,1.2919576339627448,-0.27298818264979796,-0.3488598081403671,0.04640086156344947,-0.2283938864551074,-8.012950827276484,-54.24786123795282,-52.031165311501596,-15.700219688806012,10.063906711791272,-9.750357356902082,4.294698218746703,1.7300667576945643,7.249702437179293,1.4611137053561474,13.406894408086298,-14.00820051696881,1.1984960003609961,3.881355148280852,-10.832774511754304,-1.001561941586982,2.276946248819346,1.9271810389120054,3.609116532727134,0.6151656753181487,12.496930125963203
59.99958487291483,-4.718209715814011,-3.0794912450917344,0.28321415445834175,-0.7769090238489169,0.29810007254437965,-1.035275348861655,-1.5380219449023773,-0.7510894469836309,0.2668390969286043,-0.17101192424605927,-1.4400398911885177,-0.7375481811071793,-0.7284039748313544,-0.5044592610175518,-0.30604484525611664,-0.3184613082634671,-0.4159447715068667,-1.1325490822809168,23.00870497300422,-44.751876649747,5.872914832990549,8.707953249396983,1.1922324066232362,2.144870159146259,0.10193198748849941,1.916122286084518,3.006352423363132,0.016629219191120814,-2.46533178917362,2.682182735838282,-0.1679885668519403,-0.16241828500771494,1.5358737364675363,1.07972029453569,0.9735242039769476,0.462415208114175,-1.399440426181255,-0.09780936876435731,-3.073811960772524,-18.655354703623466,-58.12748147698784,-0.6136297118342906,-2.9034591457660346,0.023845757257555,-9.243939686083365,-9.905827254264008,5.035301295839375,9.650730904423432,9.211647753148915,0.9629306975267182,25.444873112541522,19.5196261884703,11.50797625012603,4.961587559662654,5.631404556497057,10.617156044814323,10.298296395975091,14.820401112105975,23.98876091533714,61.243583444921384,2.6753172222645554,-2.4077109985725804,-0.5455709376101288,-0.25688608346986674,-0.4526321327740761,-0.6265023648385415,0.023989537365015856,-1.0106122094054277,-0.019458273516512747,0.48989277181954316,0.7110344719285369,0.2456186458846883,0.6357618492163182,0.21107939513289664,-0.30764302456864745,-0.2225528697399719,-0.20292034285876737,0.056087655487266685,23.00870497300422,-47.0547702997704,-3.736140791699695,4.254000225504446,2.109915320907979,2.3650162925398677,0.03892915340513747,1.2680784230539297,4.137422776879882,1.0356933337771634,-0.08338601470277451,-3.0443885113267344,0.1385972095055088,1.3708556485409207,-0.07908467644305595,0.5620836730057197,0.838940730437711,0.48976178016697625,0.4688112124926198,-0.034970371794602384,-3.073811960772524,20.393619370865657,-39.89660255282906,-19.066949202271203,1.0077878833833065,-17.434299279041632,4.242278998057937,-1.4921932220132663,-3.8194100701562888,4.716978386129714,14.167953287616175,-3.2911671541705743,-1.8969141109238057,1.2794237156399442,-13.831434633207323,-4.670533784401414,0.13270023581560442,0.5744201790015828,0.11160918327689417,-0.3968503737257163,23.98876091533714
53.99826987100935,-3.2976802153727225,-0.5786892731191555,-0.10486196403880665,0.8829816156232257,0.6609335277557653,-0.02776930821034229,-1.7325165189995433,0.41866656418206594,1.366574691433494,0.4090807595972561,-0.8979872104056561,-0.5757241818469492,0.3212505067027376,-0.42173524408615304,-0.1815925375379548,-0.7914702406294161,-0.6342568573062155,-0.813119381024775,22.20306609963179,-26.980989807899974,5.066746280924139,0.7474111233049268,-1.8097236129714975,1.0068789648878025,-2.8417820564715757,-1.0626877735349236,-0.006657732304632624,0.9010458781529787,-0.5814012802179125,1.733767737731394,4.0912591898014465,2.3615735035898564,2.226689922337996,1.5870704350581848,1.5358500985506012,2.2685237389285993,1.1167856054143241,2.4605403935928702,2.811221626223059,49.893403120996716,-41.30645298143796,-23.855388407077857,1.1387638413985455,-6.990349386345324,-9.303777427942,-11.45637367573425,1.8994751103953842,4.166190098713429,9.434612824377943,-5.842751182327612,15.805624584613202,15.14373363085637,2.9543788034174825,3.209579372389497,0.8839558048327607,7.350396914945668,11.569865461554159,10.664750572396184,18.881142177188018,54.9055730274018,0.8715444445388276,0.08361947708421846,-0.529834345151944,-0.1058274826807466,0.5318839517705927,-1.648683896221558,0.04746654931371541,-0.7388754597567728,-0.1492272949220852,0.9844563126269956,1.0253976439422456,0.7925774489398361,0.9982680411826095,-0.05165469305399317,-0.2600256385659916,-0.29862602661703996,-0.23610438205811235,-0.37693160277629967,22.20306609963179,-29.56293717874953,1.5836320297171032,5.045974505503345,0.2071228114192114,-0.29201494370229364,0.529354013096889,0.1773128317354824,0.7561742112595122,1.5730535465868023,2.1863562161891066,-2.089187593670495,-0.7521605911161144,1.4327746782108353,-1.9809175807680686,-0.11845557756509528,0.3925399886769605,0.9473626616831008,0.05432849152537966,0.046172304642036144,2.811221626223059,73.08608034178688,-5.933965643175561,-24.106662848949057,-5.1907473117782,-16.240234388927043,-0.8448179271732594,5.6533313404868295,-11.09036361362422,2.3620690713058745,9.278352896907172,3.3598662789887435,-2.3828247565761593,-5.208583099432126,-10.507057145645717,-2.8903496788480396,-2.107766202326993,-1.0749632805317464,-1.4809572975030163,0.38116128377152214,18.881142177188018
47.590688870655335,-2.7859789300747884,0.6005189917224332,0.2016410878233681,0.45854293686505443,0.4281462787608472,-0.02234348596507507,-0.4044500548764445,0.00989672329444069,0.057881906806311445,0.8004787705415022,0.1674063067006819,-0.24529404836593516,0.3161424976734941,-0.4326747964661952,0.39677947119582746,0.1821507217566305,0.0676475916136623,-0.045579188671955206,23.79771520833247,-20.66878062513085,-0.6672035171981565,-0.6401847789952395,1.1500126227603182,1.2654531516832654,-3.075823009210955,-1.8842718880783806,0.34176553871547455,2.6328017012877023,1.311448453951098,1.5049835656040313,5.208475837496541,4.263826622424114,3.4048632206019964,1.6744391002918269,0.5229259199862328,2.2175502659484874,2.4650639048703424,2.9891008792604246,0.6604054583501622,43.431747273994354,-20.991304981391195,-12.891341587181007,1.8126434347264295,-5.341675050291377,1.6444279741527037,-0.7420616568538687,-0.3724447226703913,-1.1173703408264672,10.069008120180955,-10.519979156275689,-3.693115527621938,2.7680691443744334,-3.404746406468276,1.453443633816528,-4.433834443905645,-2.59221148177983,3.0074213456613155,0.09546120371613798,-8.67556934333994,48.286939736678555,0.3425196275209408,-0.1158715329904676,0.2497571440376114,0.15434556575974057,0.34589382916244116,-0.8867582834449008,0.8059388498440332,0.07016682646836925,-0.34757384547583303,0.1379743765901087,-0.03990885383344023,0.843107536517314,0.21689165633209662,-0.19386478631172088,0.20862943636231157,0.15239389892182675,-0.035148046401926036,0.08184768034225876,23.79771520833247,-19.88804441944488,-0.11390889499467205,0.983869855852455,-1.7322919857002068,-1.232309204213907,0.4560798195365914,0.6960400051290869,-0.040519652629024794,2.542440060864512,2.8092885454400434,-0.5358085726115269,-0.2631455059479828,0.22575833857040717,-1.8467676612098352,-0.59787139414719,-0.40193722648601904,-0.1206882253967625,-0.37215724344650347,-0.3361038136475796,0.6604054583501622,54.61382630074091,-1.8680968533310756,-16.121065073709552,-2.3425494948639933,-7.370205546466714,-0.2708353557718701,6.756939870276563,-13.348063995652762,-4.613119821451946,0.05462632439578474,8.825460813654333,1.4641319872771243,-7.277943590337228,1.3269132105654236,0.0980052322722893,-3.7184859070424,-3.5412093354982046,-1.4800969992033535,-0.13430203687101616,-8.67556934333994
55.80635342002498,-4.217324686899776,-4.003488324973072,-0.4483485370419418,-0.009595945330159061,-0.3803479893088668,-1.1242000646614163,-1.715492477511102,0.03288008347707505,0.6813573403431352,0.8507039573090709,0.27964860103872224,0.3619717342665738,0.43943311945863117,-0.012888126502209385,0.2140330711658236,0.600061194156041,0.41674671526007545,0.17107063201346562,24.4946154188142,-17.096138027416508,-2.0469532993998842,-2.576889658903659,1.1492483253762575,-0.8369208148538081,-1.9073718764965162,-0.7577754360231852,1.3479544110859885,0.1619071858089698,0.9546199850018975,-0.7295831759066829,1.7252555379373127,2.5268073606599923,1.0053756886965672,1.7830410719461984,-0.19164911358840664,1.57446137770329,1.7064138617179652,1.7274420464231461,-0.43948844824381794,-53.43180592815715,-14.404974562498376,27.103396321039153,5.045944851546308,-0.9596488756501489,15.47683815613995,14.034960514285153,10.332697590884582,-4.817609709051355,2.0478831501478596,-8.122913860158793,-14.745189542043683,-8.501422391683565,-6.89372683035974,-0.9067058591386628,-2.416579147256787,-8.867833678712197,-6.405825302438179,-6.658320107405622,-25.36435056332212,56.862964028018254,3.099781789107582,-0.8597062828642259,-1.4180419222377032,-0.6439592981480056,-0.5473684583713139,-1.1144063952953944,-0.16362360210661686,-0.4594084559717917,0.38758169914513285,-0.04547987077026994,0.5174726790930606,0.7927153885536522,0.09014320756511807,-0.01692001442028146,-0.21903449124885044,0.016641598581967232,-0.26911364467876187,-0.0451080101323178,24.4946154188142,-15.98166392094884,0.8115115060301834,-2.0020259213046536,-1.107540063353961,-1.5684056259129102,-0.566920519167831,3.2689295640592047,-1.8305781642029726,0.7576849703575732,1.4250548773542588,-0.628930796752541,0.02407771794497382,-1.2175490973966816,-1.3050292551935683,0.42676032811517994,-0.7064323053514294,-0.5811164456243709,-0.27359355921849704,0.11275347635714228,-0.43948844824381794,-41.50542432949299,-30.569811165919084,-11.385876890290586,11.825634260145705,3.1359614083644276,3.4873703547494377,5.905941113040696,-2.2980424658641923,-6.724520809621053,-9.450451203864382,5.295864452960977,1.0742462915541178,-5.6782987760348735,7.039794681002302,1.228970110522678,1.1325302101982149,-1.737239362856196,1.6712204187442736,1.0287652872379458,-25.36435056332212
48.76115278584159,-4.591989238649562,-1.6871841086623958,1.0299637523400684,0.3021063324694082,-0.7191706735287817,-1.4291959146753084,-1.3756511962888607,0.7582046440127157,1.2651719994493327,0.360668259700049,0.5753801218375636,0.9255171720481159,0.914936329091697,0.12833673033638981,-0.2423946896148894,0.09454810731804808,0.29108539464515903,-0.1300936491698248,22.193133042588098,-27.978428902991553,-1.0658878675430374,3.924432846910773,0.6190681548125734,0.3959325238713758,0.4569408845773215,1.3926352889017144,2.1428239903326256,-0.17248660505010838,1.8011616383069526,-1.3461313854805237,-0.8315445047308423,1.1389993586444338,0.4441576500541127,1.7084567929999472,-0.37964341190637096,-0.4866593521630853,-0.19054388150241786,0.31647040667857373,-5.786241595209056,-62.604045357576396,-7.084362372282106,28.269382777319517,-4.143247481708037,-0.4329115626924547,17.47733971939967,15.991663346825366,6.946680458793864,-6.291907510237294,-4.481354046782787,-2.935747721269548,-11.639699259023583,-12.681755051811953,-7.588806937472756,-2.2107184999311733,2.8247632581865494,-6.493231823449004,-8.056301996512879,-5.319347487209498,-13.545796352389136,50.32086573489072,1.5042441024828421,-1.4441131906721307,-0.9676131419173526,-0.6039747778431908,0.31503398206517286,-0.5456211127370798,0.1092747867606696,0.12087431913433777,1.1167815021699,0.7369565772124125,0.833424201379138,0.3584288453629838,0.1664404354201463,-0.10522364125755423,-0.5291072114702275,-0.44053079503785675,-0.37249433327169434,-0.27787604765851404,22.193133042588098,-26.538493778300285,-4.284128956521773,-0.2825320979463304,1.5959720108625683,-0.6818911395881813,0.45164874165156244,3.10073999203035,-1.2432330332152566,-0.8631822888341949,0.32457781691254173,0.6382134970414555,0.48254404861352684,-0.9429542588239344,0.24642776605240568,0.33847833630172675,-0.4708160760692941,-0.5166033339283902,-0.10727626173711857,-0.13541197608766353,-5.786241595209056,-54.64344108173914,-29.553158285271763,-1.5472816503328248,14.0760104679638,6.557443957207037,4.130506345182729,-3.3169249491266664,1.606853398616535,-7.099393882289811,-10.962058334075888,-0.9106269440713193,-1.2585872410628063,-0.6412131652787747,6.0014906305481714,0.9246588916769449,5.229259372124415,2.9087972785096685,3.57785635942776,2.503101694328695,-13.545796352389136
44.86496889970797,-3.4181517107852777,-0.7232825523785706,0.05560086639097195,0.5427395103941448,0.2809060656523217,0.29676918813318176,-0.572938742750341,0.12546619672741333,1.240239637612932,0.26419442706464125,-0.2393463490054406,0.10227388827602146,0.5245414353419198,0.18927952848565366,0.04216998607320033,0.039561755441520186,0.10723117203701871,0.09285887243573288,22.785612958382067,-50.042068633048196,-1.936398825152608,12.016800470871496,0.9787210467755285,0.9618148409686729,3.1302550747042615,4.316338895117605,4.259161837329083,-0.10511482320379395,0.19768370267809,-0.9021317168057241,-0.26132541010670307,-0.3267240603620858,0.26017929243206783,1.1167086591347932,0.7788451908685097,-0.813288291371713,-0.7583231526183849,0.46769557618098445,-6.647630128658392,-17.15246906017076,-11.728826184266318,12.674894717573792,-1.9363548923931613,1.0890611003257957,8.699428780523585,4.609122343291812,-2.308324093005762,1.7369145397660812,-4.140517325224235,3.248398162374227,1.2847336015229411,-5.554057855139584,-0.8864070612885078,-3.0739524474019575,3.4734254834524663,-2.306908448634579,-3.5188272110286425,-1.903069517657759,-2.67693216951443,45.8977780678213,0.6964379600729687,-0.2532726547272768,-0.4749192338514425,-0.510870123835736,0.2638536157353113,-0.18478769954586616,-0.5194905012460891,-0.3853867209109705,-0.16887753006782225,0.3704998139395732,0.6007699753084434,0.42614224581866034,0.3709790240418005,0.11740489847651348,-0.24437346732543674,-0.2927219024493837,-0.20422801823247672,-0.14069300059734213,22.785612958382067,-46.99042466406832,-11.616163522478889,-0.01376296274255484,4.455807943210676,1.0007567281670573,2.2752547294141223,1.927933394805199,0.2085096686205321,-0.08639568337437087,-1.2965140214793343,-0.02826640201649777,-0.5878822226198104,-0.8220184111094306,0.4923820461019617,0.027854612471785334,0.9932445185677055,0.27670053452081667,0.757498210042824,0.460209029481051,-6.647630128658392,-8.12699699739968,-17.548999263435938,-2.2143220663991374,4.118248140325424,5.216327502142564,4.3831427711152875,-12.724886055818097,4.886047336346247,-0.3566962228066466,-2.488564374522957,-1.5460705141233242,-0.47734914292605457,1.9718086248484097,2.6538751859412555,-1.4723944767578814,4.372779145660063,3.1190146563342926,2.519075219449693,1.1810762297365693,-2.67693216951443
39.072166679318066,-3.718509351903556,0.9226325288805688,0.2592004635131979,0.3803414709385904,0.3259896935689137,-0.03651046791151691,0.0956850729094878,-0.12263963585578264,0.6790215773248893,0.42066784292345516,0.011131529357342185,0.4540545539515579,0.49566716475890615,0.3204697725398469,0.2928893077889536,0.21907076503234824,0.12713342247398174,0.15176189445619803,21.759095640944007,-35.497838001103204,-4.264661940462847,6.197661544776942,-0.8363474787933356,0.14962954242579762,3.1440333748884903,3.5745026197639063,2.359502054990859,-0.379641049324563,-0.5507604282783918,0.12338397541877799,0.38191668200675766,-0.6502851929708235,-0.016942050002132225,0.9022460567319428,1.4500603968510493,0.16480918876148687,-0.33071858621792183,0.959300370776756,-3.0084218776371188,40.260922413693116,-14.867763504980731,-11.993836111842587,0.5094787315472189,-2.261396210615788,-0.74774803802983,-5.73405326234616,-8.288449821232362,3.851913066791724,-3.619039912244639,4.07396916225911,7.207089655558336,-0.018012530233295188,1.2296714317010142,-2.5861115959970222,1.8710768042215817,2.0724256444690274,1.190673741307408,0.2628405270973946,8.7195201437155,40.50028582762689,-0.5978729362226392,-0.5603543960321073,0.5761818052757652,-0.2531445911904848,0.1661071629349098,0.19880236469550994,0.362255782806141,-0.3984351854791388,0.09294467758691538,0.24909128275591486,0.15971452236563177,0.5549169784728427,0.19968763111995824,-0.09178807460925498,-0.014109113634042325,0.04877398247330711,-0.1212289904936279,0.061934187530939155,21.759095640944007,-31.70538458875471,-8.676650523376018,-0.7839024485950068,2.524039244999375,0.7618315973496279,1.1002453678369795,-0.2919243848072435,-0.25663686973250965,-0.5852165534144216,-1.3109561721811036,-1.2914542420152082,-0.5864591561969938,-0.29261358721260566,0.2552720034164857,0.06391090951297973,1.3628540476166209,0.9048019237854781,0.9012250516367162,0.7417192569548136,-3.0084218776371188,47.68226117740449,2.884239408740446,-7.996678178904436,-6.185100795714771,1.316715821077707,0.7225054471740651,-12.32095720515904,2.635398664496314,3.1338222347758506,3.64297744157306,-2.5595571449240273,0.5825083720543773,1.037481566422876,-0.9327789209217143,-1.2212708756834005,1.6377542504778173,1.5595708943934872,0.9021344948897094,0.6047928468068414,8.7195201437155
35.62981215676265,-5.622264042849083,0.7000035916911931,0.42639363075925774,0.4321939059195863,0.6621993644944162,0.3376266595154904,-0.32157969344573445,0.42074481180942724,1.073274402744402,0.36963830729450575,0.4311101922254814,0.4343410131338099,0.7791573478410605,0.4493996819634587,0.3358136678981569,0.1311557196130344,0.11956112503647165,0.26399064829094643,21.387819055307048,-21.91266800844606,-6.311979355073138,2.6239433509501517,0.9087786959826314,-0.16923877396812115,1.0987962686096915,0.45585207019162466,0.08545333225399077,1.1339416778292377,0.060322355682452145,0.1598582248307796,1.7608917453299833,0.6444207088978289,0.7927220080804358,0.6491702163792219,0.6302117237591165,0.09527288292371461,0.017087608561395795,0.4544923055451755,-3.1668643917870014,69.84397124186141,-10.79847847445135,-22.35943243366948,1.6052414731901727,-2.580975546267507,-6.108154718467938,-10.839624199424243,-10.621465732887053,3.991695729219864,0.33636008996956823,2.1604541326850093,5.423409374196598,3.236995440388482,1.8747494893793037,-1.1881527258638636,-1.1171156073107191,1.747586042753083,1.898627717138879,-0.5312146065031984,6.803088959592898,38.27804164961601,-1.6572414527791217,-1.308467161555515,0.037964575771075815,-0.3189960273908299,0.6647223159008788,-0.5226514366090897,-0.18585926581908652,-0.24295154535223884,0.251243100696958,0.18431957544973,0.5603864072899085,0.28346211644400743,0.31971063276619294,-0.009710491508538421,0.02008871911690968,-0.08966052291320636,-0.015997211046383075,0.015091387013481117,21.387819055307048,-17.461717014421467,-5.766727342260663,-2.858501779179884,0.48755038974034726,0.31789675668946726,1.300352553297104,-1.3971812754310469,0.11914742222877761,0.44035399124436325,0.9985396846396031,-0.4371321842858713,0.3199047488872069,-0.5568151207781411,0.017486219095019573,-0.17215319686938724,0.5631222056356449,0.26768825368584115,0.4816933938194321,0.26472597470418846,-3.1668643917870014,73.30108287362695,14.608795541551807,-7.764076963459536,-9.973003962199686,-1.8096547836153407,-1.7496971667739123,-7.755486231096295,0.19705979917777827,2.079069893896253,6.899603269058581,0.03659049319058982,2.7219378480982352,0.2662050470970436,-1.1875774383353503,-0.6360797250647121,-1.6599764678450972,-0.655138231769588,-0.9711412902640679,-0.8679593918043502,6.803088959592898
