37.94928948381467,-5.454308809077096,-0.09644566170506286,-0.43674201295008297,-0.15672637648575183,-0.013449040554749825,0.20179233276302844,0.22952227653962431,0.1934402578941441,0.26864536213599655,0.2629616307943434,0.46385345048193427,0.3824069333912026,0.09579125944707623,0.16727289003636492,0.12063418282698568,-0.02768041197807647,0.10837392171117943,-0.19645757762441018,14.577319962649092,26.16210937266125,12.259400398731655,3.7655086543486718,-0.791949137631426,-4.502696102498309,-1.495365287963007,-1.909939082190038,-2.963443053072394,-1.269926541608644,0.39425403925591374,0.0960486189227403,-1.0617185328338294,-2.498671114785475,-0.1480315724012673,-1.7949034696794641,-0.6461583960692918,-0.8865586979931845,-0.6526756440509656,-0.35911625549412074,16.332288187522717,88.8014649242678,0.18227125002732691,-2.1446099093584827,7.090029669496721,4.522895346068563,-3.6479888421369133,-2.096042914552173,-3.7509591886276183,-4.064048191321639,6.005925590711802,-2.5606363367994414,-0.8591806463038028,2.314196410369363,-0.27622975846876985,1.5999831075606776,2.41692533827072,-1.4622728309036785,0.7603456839052349,-0.3172833224210141,27.443080737296395,40.43246542874521,-1.1936067540526762,-0.9420352933899125,0.019151223307671383,-0.40765281808236864,0.21585699696904115,-0.31162591961975794,0.19093766639541565,-0.48128352591399803,0.20293950993685828,-0.07711869423958184,-0.1101578436287951,-0.19749455448265585,-0.03731033105378034,-0.09045706256211083,0.1233510243153002,-0.013151340334713435,-0.11636926414089477,0.10551353683151321,14.577319962649092,18.090233785522983,7.693887189614529,2.650989617501694,4.9034430267230515,3.356170546744043,4.078624963964355,-0.6077578598704525,0.9786456164939525,0.6617035715456168,-0.980666677003107,0.2529888011419781,0.5883919559111317,0.7275854831064095,1.2688483154502703,-0.13153912784146948,-0.9329586316912819,-0.3123208171044827,0.3744432713840532,-1.5379867065847197,16.332288187522717,87.89010215504156,3.709740140225337,-1.2034132017641168,-3.622110869282852,-6.013919989124663,2.9460800218500207,6.420061172426452,-2.2937709528384382,-0.9170386896288882,-0.17456699592990121,7.18382125200263,3.294651848109983,-0.3696935203942917,-0.4240594250189438,1.0573347484622315,1.4980169639673881,-2.6997128563684845,-0.8812534814868219,2.387198293834836,27.443080737296395
39.61893383847687,-4.183420550401829,0.2675924292903713,-0.5943767816134016,-0.6643623635038973,-0.6242079566504042,-0.18171867677793685,0.024667278471958376,0.07956199996260604,0.2566851054336414,0.276034820050419,0.11001335779013521,-0.25118799482123166,-0.0788086257752385,-0.30467432514899695,-0.20801169267647324,-0.15939613564062483,-0.13635014099374665,-0.2121629099047131,16.352523773953887,49.65730965232331,16.958527398571505,2.8093575978254473,0.240163633696592,-4.024348789728017,-3.7403987385684805,-2.309436140706685,-3.8007533491759773,-2.7226540854159684,2.9300774917495924,-0.4317411954635404,-1.116284790938531,-2.1712453252465918,-0.2259446217146186,-1.7274461517986957,-0.11246425442495944,-1.448942528409842,-0.1708933571411828,-0.6549412050654615,25.230033151994686,69.04496573984734,-29.515321267227513,-6.403146093659309,13.824464912767187,14.603177164584915,3.278701081768502,0.6921945947263883,-2.032123519716988,0.829106482345705,0.5885673805915936,-4.321470114235365,0.0833296344145027,6.281379052215582,0.8194690487823182,3.8845401418337477,3.9322633911012908,0.4510799472455367,0.8043772013159496,0.9736483584999494,8.388685986430925,41.39916383417904,-0.5736903820302177,-0.37617976244161433,0.33720845091787677,-0.06447805723965105,0.5092546139917,-0.098894280020009,0.2922048779184685,-0.0192024325389335,-0.03583894417318345,-0.24320411088489213,-0.002090009216470845,0.03464340542030597,-0.026174753625853864,-0.09525791942448247,-0.08355312580802199,-0.08231791959131507,-0.16061951585081236,-0.10768034795210213,16.352523773953887,38.102539238044784,12.333345760270715,4.387564579989281,4.707372359852776,1.3448414918313705,6.082240718507551,1.7633378268200417,0.37002146853345774,0.35314611964982245,-1.7810754478300135,2.5962251989742198,1.14338255066633,0.2878286002532342,1.623096001835883,0.16358737741171914,-1.0973741729458835,-1.4320680497376512,0.4113071780374217,-1.2792029346806393,25.230033151994686,87.44393180834926,-16.000179853983525,-11.852927334954092,-15.531805097286604,-8.00052720431754,-5.037186732192242,1.5894750346395705,-2.4794107300402883,-0.11359912606579048,4.2369646843362,5.7514155167803915,4.225838865279705,-0.09885892948930053,-3.28946332998938,0.9874680389886648,3.8726803662399787,-0.12169631733635655,-1.5607241810563357,4.83235103119551,8.388685986430925
50.195521992814186,0.039947260951098684,1.604289619971556,-0.7538991974341367,-2.1542564342258332,-0.45575222648842617,-0.5614217035615079,-1.1497717509627396,-0.3845838839444089,0.471752510115131,0.3044493456276758,0.10991423041091908,-0.5501311598953178,0.10907541585759994,-0.4942052372106862,-0.03812207745593077,-0.40510189914339456,-0.09560186896184031,-0.3681630392313191,21.855862150758053,58.815241694964115,10.000972523825393,3.171279227931043,2.2370093114529253,-2.4804220858491735,-2.196842983728727,-2.758212010207801,-4.420267499334411,-2.5755868653658016,2.129305108364975,-0.9203746422838399,-1.46402572693338,-1.5052858043702357,-0.24718992697897657,-1.0286405748395095,0.29545720224390193,-1.336503198236695,-0.5133939455532395,-0.3698454419189574,25.60495607393493,-25.331673372647558,-51.99790893352487,-18.314772225766955,12.748294015581791,24.609347259769258,6.194490321560699,6.320473336940063,0.738037696856205,5.05248611193896,-7.075717210079684,-2.956645417551255,1.941629533011957,7.467539041381975,-1.487313317030403,5.885423773877884,3.0991754590206,1.694584545678813,0.7369304206298894,2.1024247954765274,-32.58917292995393,48.994233118789786,2.3433786547433586,0.10053174988678526,2.3118441228640947,1.098845074868294,2.1084706704398894,-0.7218706693548587,0.6296268688808655,-0.3814722868287219,-0.16800460150967433,0.13241841465406234,0.1300042171206086,0.050229207119067976,0.5915460379573916,-0.15382619805165976,-0.23967621646867965,-0.13472845925865395,0.09297749740609063,-0.5568828740690389,21.855862150758053,52.02913213678286,7.229027974399104,1.1809955353758421,3.190422925516763,1.354875079638048,4.5498570976177675,1.4167248829975267,0.13607221405498082,0.3574629526790698,-0.6677457895546042,2.6732812282271725,1.958222582588524,0.7626171643358512,0.879694759747992,0.24956499376305197,-0.10174237908028716,-1.1023036289721406,-0.08461542268604205,-0.4737794456193417,25.60495607393493,8.290977551832654,-29.40166598812114,-12.10791563058936,-31.52120719904368,-10.374812164948516,-15.768456323892005,-2.8988242639435517,-2.8514742167281786,-0.3305987598959903,7.148435020651373,0.6299589314501113,3.019324136010675,-1.3706570702725445,-6.386727274878055,3.145557760903662,6.621514415931447,2.8065322432122772,-2.3884766751556636,6.299208300188309,-32.58917292995393
56.654828055476564,0.27782685519455885,0.45786549636935137,-0.1580816038597601,-1.1701357424797196,-1.662496816872152,-0.5713187194280458,-0.9812073842971825,-0.8788747138945636,1.6321305340212255,0.02634717564590705,0.0826806650481764,-0.2369466825888331,-0.02382312961549493,-0.36571112223945734,0.14378018575596418,-0.5634409326003385,0.1249151384770979,-0.4380754493536865,23.553065444591955,44.358026081433486,-1.369046297428969,0.8610503207278315,4.605804094209992,1.7877554714695814,0.4947241008041039,-1.1397053208179622,-3.251092589799879,-0.20254313855721273,-0.1789878050028202,-1.556474807591652,-0.8189001185768028,0.14532575611469634,0.31128212927874643,-0.23576484618256766,0.8491655003247567,-0.43604647424866094,-0.3201278926418538,0.13307251696827227,15.890297237532074,-130.61020966109322,-44.10621814137631,-28.88948883601907,1.3906665693093596,21.745653922309813,4.527533141986257,8.066180456222792,4.092759574325258,6.27850879826981,-12.09304691778933,-1.4334876391551468,4.87276247042462,1.6043085231438494,-3.37916492236197,7.643413184288239,-1.7541697908066924,1.8218106658176783,-1.23479610788794,2.0194253016598145,-64.25729899794406,55.202851202745315,3.204573421684664,0.730463474966379,1.2264909534558481,-0.48848101864201476,2.3106705194873927,0.7751653686578133,0.1566037994194196,-0.35461608563172486,-0.5021261582548822,1.1162253508007058,0.34145240132966803,-0.17744213515690066,0.45980948535857524,0.023021193888523195,-0.2438224417656516,-0.6683968057415688,-0.015389055895676629,-0.20288972505853042,23.553065444591955,44.842750514067674,-0.07377312976952144,-2.5404770089124264,-2.005949471317106,0.35655467813827,1.3244155310415278,-0.825261713984657,0.16022695269329423,0.757024317945995,0.9813552214407415,1.9185503459895765,2.0163960752122883,0.6606401777470383,-0.18130657169328046,0.17164283085060217,0.5877734251232101,0.021822430161168027,-0.17638947210906708,0.34608517853034637,15.890297237532074,-102.80575955142633,-19.28561240852207,-4.089135554855718,-31.788584376027426,-11.241735166027544,-19.25480598339147,-6.441956568805251,-5.439880057564222,1.5692223771665805,9.047622498063694,-8.239666630431229,-2.3305910777919614,-2.503117295374352,-4.602199964906805,3.755154840229469,6.670677392432308,4.951291219717522,-2.2090939434947936,2.636879954302771,-64.25729899794406
58.83896322279688,-2.6844462499625936,1.3940574187209687,0.4636150538995589,-1.1440507299224274,-0.5927261023082395,-0.9825136510158177,-1.4776741417430106,-0.6151348178601719,0.6455752020246921,-0.07238186814532055,-0.25449306661377635,-0.37735662491011457,-0.055296452122283846,-0.31652899883815966,0.09246684473271793,-0.4939096126165672,-0.2789556908008626,-0.2684240288594022,23.779527164297523,16.145914471782383,-4.57576722003054,-4.417723819985998,3.3993776399027698,4.895925396787521,-0.5156815468689497,0.6654321763356323,-2.8692545843323405,-0.003738959068541714,-1.589071917407722,-0.8199072837888313,-0.239596102508715,0.07681286522486808,-1.1603016064131513,0.4019677644514137,0.4226144560661502,-0.5457144522343687,-0.20959316598568534,0.2980892812272762,4.707569679777059,-144.48269374683724,-7.004468926316942,-29.943630167244557,-9.984251669726973,10.744290207191352,-5.8690012658077135,1.1482314157205695,6.995021167183625,3.1093365542801954,-4.859045201191433,-2.504709804041291,4.111687854477257,-4.428815619571654,-2.363192043581853,6.416773881765056,-4.79456069734621,0.6753840199076684,0.25050803415886613,-0.4749298960563988,-55.21978642499862,59.545187812853506,0.5317753312894347,-0.9048591444059881,1.1697214347970672,0.4817862024378372,1.5900775930300783,-0.0402933024599057,0.3267743126724305,-0.13484522302806745,0.10221022220040554,0.5798071890312055,0.6971822423923975,0.2898567979738731,0.15954492932800113,-0.024814122337087685,0.15261449275397143,-0.2712637117456569,-0.23129220546148366,-0.0837714974249435,23.779527164297523,18.865616923427865,-0.8033863594259238,0.06105259665786722,-7.500499657213847,-1.337092128883664,-1.4266906042486363,-0.762870221439879,-0.342194233950055,0.29446509244953534,1.2123354986872026,0.9068056933593553,1.66154726164349,-0.14414884077676482,-1.0223140352241755,1.43721202589092,1.535224777239895,0.3640000645522463,-0.5259467411205343,0.7989733869039422,4.707569679777059,-142.6299054969899,10.721878678991295,8.523243497112318,-14.425411415148465,-15.96571695762374,-10.530612782864239,-2.088096499697415,-5.028245356910913,2.5998247937388834,6.729267131562316,-6.583500223174856,-7.357207945023113,-3.013835930226439,0.9040315305983302,2.203048682131546,1.0098746038283062,1.3529703745633164,-0.5862072863102861,-2.2073780965474876,-55.21978642499862
57.47622626420227,-3.5057469436594673,0.8032336902795807,1.0997681398247465,-0.27558747992080956,-0.30835896833844556,-0.541025363459763,-1.4369278210378456,0.09356589764188117,0.08027985697745077,-0.3137869768589088,-0.11723305298591846,-0.2649123842564851,0.1590183728540766,-0.511394867426544,0.15127659639158075,-0.333015516028369,-0.20473717639516242,-0.1954961566065354,23.33583988595019,5.6868684333675645,2.1937881998113156,-7.840885296225566,0.35431275412634955,3.160304430108544,-2.317212886005241,0.011831994132994517,-2.529880019514384,-0.8693236394296937,-1.2572574542587245,-1.198718694288618,0.7078816320614463,-2.160140398472219,-1.4589712431785162,1.378956270699962,-1.0531277767394298,-0.9334315685021661,-0.9401918008689298,0.020804084191328842,3.55007685010159,-75.71070942570128,-2.64258453799423,1.5474560647080375,-14.757973627285951,-5.506657476221572,-3.057962123651005,-10.824621042999127,6.1335251551162635,-0.5547732080589776,3.481299712088214,-0.029521929497934085,-0.8528971881712,-5.290807708255995,0.6879876825025382,2.7339750296311376,-6.387898636688769,1.1683891248488674,1.8991161005086106,-2.6093312567564615,-27.230681688212744,58.54506174418102,0.29522471481198354,-1.1437228197514409,-0.09470494070716251,0.4223287180447124,1.4306589182173695,-0.852313820459814,0.5237446323693331,0.23599619453373677,0.31973125469214736,0.49237667492132453,0.7225190157537789,0.24514969886642257,0.09917251484220113,-0.07394254185646743,0.014188232142257506,-0.003139078267229589,-0.08667940047155875,-0.17119344700897665,23.33583988595019,3.281417069009116,6.706746722922194,2.9029682719204097,-5.84145853679563,-2.930042486921546,-0.5568884222549819,-0.3678429053638812,-2.1107853362461357,1.16925623834788,1.80269515708093,-0.6403703488074857,0.12642467224286635,-0.5103470448776339,0.27300041686856447,1.4473412814625197,1.41948094511018,0.3104257133589161,-0.472574134492729,-0.5971393737908957,3.55007685010159,-72.71772339032204,-3.9685466943587144,2.1473182692017794,17.03260610630433,-6.640712540783685,-3.9386010225766936,1.7411945519159497,-1.1171031462837018,1.2721431772906322,4.016776507379773,-3.061457843486154,-5.783305638738304,-0.39248478545588994,6.159431373769519,-0.6876039312147746,-4.974925983304974,-2.779451975415986,-0.33158727370177576,-3.970923187324567,-27.230681688212744
57.857780124342526,-0.35614944963715844,-0.7772563869765574,0.31686475067499487,-0.1535678671115277,-1.3906619241897542,-0.2438522933778331,-2.3565388247585783,-0.8726736692469022,0.4531418899331574,0.06456277998566806,0.09007303817360901,-0.49774187644905776,-0.5624961385837615,-0.220379482391436,0.16943694525933606,-0.7931718335465636,-0.035572294518552816,-0.34040804499125654,24.318259769967465,5.9094736455784584,4.717320812046779,-7.4495680472145365,-0.6293708533687394,2.205448538427021,-3.7253751232279115,-2.7598649598229947,-1.283363200885346,-0.6875283377894634,0.2389173323972109,-2.3516076009560023,-0.17157267501387619,-2.566960536862605,-0.5436592625412717,1.3723858076017534,-1.15067650789711,-0.7501186411561083,-0.0781079743602684,-0.5511761735586851,4.165173055150863,-3.90005157401572,-34.38848263645049,38.72608127786599,-1.945340236934721,-15.558900958464141,13.191933065820646,-13.304629619688765,8.890526782746779,7.221433478527185,2.3301627930707345,0.6543953974927734,-3.0942047135136233,3.422528311322635,8.65619951412506,-2.538064773718387,-3.0224895712867084,5.588811342130305,4.700147805918235,-3.1708434140002435,-9.896067218255865,56.75593630978587,3.396359828466737,1.0681511955746288,-0.7778077586613237,-0.025105857916901453,1.835131168950583,-0.28956618551598456,0.27495933543088125,-0.5295458806866851,0.027234441360412198,0.8977455992734307,0.7702445407302982,-0.23314113028097605,0.2607075056034909,0.6132616827662956,0.3989308351973133,-0.2853572907197004,-0.13435070086623546,-0.17324431964184472,24.318259769967465,1.4948461108171927,9.199707387548894,2.7208946435155834,-2.104528249318208,-4.984684816643915,0.2252026828339031,0.14396722883843127,-1.2425443199307606,1.4512593893475692,2.2862178084064593,0.6609914640382752,-0.7753956884383215,-0.15880718946503203,1.1045570307662347,0.7132401095228662,-0.012658837159619019,-0.5701200832893565,-0.22962673464935413,-1.1058562177324645,4.165173055150863,23.44966369545923,-46.9799138686096,-25.972156955981653,33.25675404918417,11.937605645637369,-1.849072578577521,-3.9553764705456054,6.517455440977618,2.677669195449855,2.759709704252449,0.017853454385239775,-3.426531357760257,2.782407946632151,5.173916981970595,-6.518399256376362,-8.98732184032211,-3.7158661145447316,0.7555442158344301,-0.887508760089373,-9.896067218255865
59.98885382138752,0.21057255493749905,-2.3769202488946686,0.0924499248156967,-0.08522495883089753,-2.422135348934015,-0.9347334011805408,-1.8067150525465905,-1.1847671079160453,1.0997184629376306,-0.6414844955638963,0.26433842868520685,-1.256824256055471,-0.49970890797401424,0.27569225488716187,-0.4212687528770598,-0.8805256063864233,-0.4668724600985219,-0.3916813991920949,25.05873756680778,11.620891781684804,-7.336882582464743,3.1507004666961196,-0.7588084727972291,0.3796651625390455,0.5705898271580825,-4.839367274238212,-0.9772757039652444,-0.13803505322624066,0.6476674261388204,-0.8053856137570334,-1.2793604264098222,-1.1781913969695648,0.34695479859407574,0.6460136470578313,-1.5581383360379977,0.25035018263664255,0.563687561799743,-0.7469603840169778,2.5461547057388003,9.420630460424846,-34.58690374764514,43.616999848841814,8.902926126282207,-16.802018328604557,14.480761511719711,1.8973312863113994,9.142285780060579,12.676243181988394,-1.7845345383887175,5.653451617063162,1.5842596013003356,11.574147125289462,10.615684436393282,-5.652733292372727,2.3034419939375397,8.965309269781832,7.299435450707618,-0.9157609959762059,-8.435899514479285,58.23818548878369,5.12565453455711,1.1954424409362754,-0.7204737182127716,-1.7000562319254184,1.9096995203996494,0.7158803575039121,-0.8728813800828736,0.4273623623715239,0.4367093107055795,0.6370709712758504,0.3681335882821508,-0.17111669346829306,0.5457284056551126,0.42765393206809144,0.34275985956776744,-0.506137159575089,-0.30014687543966523,-0.45672300084552764,25.05873756680778,17.169274225211993,-7.0595933504362876,-2.796738897740395,3.812367877887238,-1.140005248373447,-1.4708316237880887,-0.40808316316583726,0.05185042254179617,0.8146987581422942,2.4528023202709996,0.5107285389070395,0.34321473088404186,0.47172695936322695,1.8349735821962738,0.18982682342724178,-1.1257477593295198,-0.9008434836260235,-0.49034311219554505,-0.6869616128137337,2.5461547057388003,37.2788507525834,-51.29460474637255,-27.1822113682154,18.302072528867615,24.145522191833848,3.7252767494883723,-5.596996609439881,11.078407877967168,0.6210922481143726,-2.0820354645657746,-1.6771978825559668,-2.3800384801061156,1.4628905399471193,-1.2615436719141573,-7.3256292630018045,-5.849406225452826,-3.1668457981982083,0.7317154137424262,3.873006746391628,-8.435899514479285
60.53738626699348,-2.1839455932376874,-0.7406496352991749,0.6525887347197141,-0.136507721253873,-1.3985254736244106,-2.165592112066926,-1.934462126431311,-0.31973248397594034,0.2553145652432076,-1.084336909270828,-0.5310651449562771,-1.164880957441924,0.0022375570211257134,-0.0238796561941359,-0.19659873458151678,-0.5952138880155942,-0.18694203612931704,-0.445919494345965,25.00066485144416,11.228877010615903,-17.004673147117757,9.449523937486152,2.9832681348971986,-1.4932054486598005,4.636383629459711,-3.5612829993231467,0.7997066492664795,3.2413334870933244,-1.3764529610711271,-0.6893761253082369,-0.7930774300298924,1.2971025201348585,2.2648351297630827,-0.5005933105867144,-0.83612504992792,1.6568003432613794,1.3885410556390954,-0.9034501916686921,0.26149714283052106,-9.614235564799031,19.16257587045514,8.363564883401164,4.221394444730293,-15.51344825398535,-0.1893288315386088,23.25538393495844,9.029276610965972,8.647427521698079,-1.1295765290054436,9.000908837786474,14.470921302547518,6.843455266737829,4.486571374665934,-3.092638905107526,3.8487898553000512,6.736812182749981,3.6335276475120657,2.693538543364017,-4.8100975214357895,60.446048995960766,2.716414115191319,-0.7139944529920546,0.4303416988907678,-0.949363730899055,1.46315863335589,-0.7524067770225531,0.40381515893315356,0.49510138772682355,1.186830098396919,0.8379557728730802,0.4866771119090507,0.4185863994087149,0.48854549930466273,0.08100769546206599,-0.018000739538593047,-0.30482471273640543,-0.23937183530210748,-0.49393482937290023,25.00066485144416,23.64652019305604,-17.410173257051486,-10.075172296502558,4.300964160036802,3.736692074660971,-1.8942552927708434,-2.7204383278117037,1.835215607144788,1.8105784302772556,2.2671367692183924,0.34018297669471265,-0.16011344655722626,0.7560181304188802,0.7836578730972672,-1.1932303732796226,-1.6858217907013102,-0.8882983942276497,-0.13929014435191123,0.4001301263706747,0.26149714283052106,-22.503928527293525,8.023552344319256,3.1157061414347695,-7.1077102313877045,18.18028068135792,13.52842542459553,1.0179103034855856,-1.1300882344362617,2.9834975627835068,-10.221041755005405,-8.531305919809473,-5.4338463929909135,-6.520445457937564,-5.005758816417022,-1.6747115180504326,0.5117033597442808,0.30342545450330927,-0.9724455364225575,4.5752326322641945,-4.8100975214357895
61.94686908371919,-6.260290163091574,2.3602805477889492,0.5525019114037724,-0.09428497158011417,-0.019132280042076122,-1.9998390912343225,-2.1366040221841014,-0.25192222160672006,0.5030272323918359,-0.1420299391091775,-0.4463441746258865,-0.5204385422448343,0.05012892434867089,-0.2866379569962785,-0.44477473170699167,-0.30681939747553244,0.15279147531009118,-0.5162206239376701,24.267714698081242,7.737481981061265,-4.238666694428986,5.518068635844996,2.999456323134484,-3.3913777406503245,0.7422884935108036,1.3612066570387702,0.9997279454399934,3.5043670391231094,-1.3418395767189142,0.7968913764190804,1.8107638102196222,1.6949016356737805,2.444623778865948,-0.5109208163921677,-0.058682508755254936,2.345763574180006,1.9762014094851974,-0.2609394047417706,1.2839650490221182,-55.774770297867356,90.48253060697698,-38.835502131392474,-2.611177104074476,-0.3074098729081234,-19.547287967262793,30.069634016100807,10.846254931283099,-2.1218560379878784,-1.8726090513979008,7.250971422027678,16.504661524764842,-2.841434682287091,-5.058317822888409,1.0140071786674523,7.340963115467727,0.25343223496640355,-0.37005324438222464,3.8887985620885774,0.35158491718038576,65.28464251369957,-2.894599103768451,-1.6510194443382966,1.2074042694604108,0.31445503034906563,0.8812293741206716,-0.8249351062894483,0.48524193188909504,0.13102193939812956,0.9663345863093937,0.7776358575750195,1.0359100956064236,0.15514941370319058,0.9027403090897521,0.28709786350926825,-0.3402198601545492,-0.4438271090718888,-0.27934038935139527,-0.35432899855031574,24.267714698081242,10.845005404181393,-5.635615327963891,-4.290103942178219,0.10683152296067178,4.7820301633429345,2.3654789402915775,-1.7341384317587543,1.889538639199674,1.300142841940223,0.7712179443920761,-1.3185650464136878,-1.371235688750739,-0.23631443484603043,-0.19732184025403043,-1.2622381086371381,-0.6686406908453875,-1.1139080302710416,-0.15188472277023735,0.5863708273533488,1.2839650490221182,-124.42246608293667,90.48107428775023,39.85297837585614,-24.81033453418382,-6.769622525635111,15.878955442963608,7.166093052783824,-2.172188419873005,0.22105869807160383,-12.987559015469934,-8.40622512926838,-10.214556865863527,-8.572014073031811,-7.0297447750953745,3.995256361093093,7.135824378462538,6.1423705317005926,-1.2991411016368293,1.7882083766979084,0.35158491718038576
62.49321099848464,-5.623054664181499,1.578905183424709,1.5784728248295563,-0.8956405850668196,-0.2739716439058677,-1.4919409480125156,-1.7917410153065831,0.2815706311450974,0.06326102467049122,-0.5298525608958098,0.048875624814209484,-0.21738347328694685,0.2950025101364373,-0.18951103174307304,-0.236872590289658,-0.25162476637131936,0.3488662655966883,-0.729863528452815,24.844519775745994,3.0440607634907124,12.74950080325647,-4.451469690088393,-0.3978060289694496,-3.6657541369709694,-3.9058888721735765,5.7675400420177345,2.242773279895022,1.814984376884901,0.6688825693233564,1.347708322849178,5.518825857945161,-0.5817794198153634,0.6507919346557594,0.40453358677299,0.023990506111544407,1.5705807544472001,1.0323989255530372,0.5525826084857199,2.391219122791309,-82.71954246447073,93.92095316536506,-41.133737599293006,-11.049226665080987,19.03201313208384,-18.82838737872908,18.12023702737923,8.545496722796898,-15.739819235005335,-0.27915885517394656,7.705570826449904,6.580015535040541,-8.15362241131431,-14.037644333512826,2.691346752100419,7.855883456973717,-6.215144092225615,-2.888900849253653,2.9479797500057803,-3.3128852495895806,65.05596789385595,-1.2985999808962259,-2.546204010039364,0.40873532752048636,0.8359845482763419,1.4022385957046501,-0.8793776175251562,0.5135054830172909,0.5239135459386399,0.8959901881677013,0.9975546444712025,0.35629956378954875,-0.018265118657277757,0.4740304904348047,0.08692453040589587,-0.10249020029218348,-0.7606615130851253,-0.21439901608632606,-0.024376257604113327,24.844519775745994,-6.59498374231427,12.499494548472324,5.02543023645188,-3.805615187548777,1.1444378181768542,5.071260113091835,1.3159500148776826,-2.7264325454778304,2.700286128840358,-1.9835108811567816,-2.6900147032060975,-2.635093675116388,-3.0650092213291855,-0.38217466621712415,0.6019168165298399,0.014639308470455248,-0.3118750827151928,-0.8850786975732867,0.5450938783160915,2.391219122791309,-152.21062291499896,89.79501766169318,52.130486460392106,-15.797543778791077,-24.937643679767284,3.5051664661390656,10.782749141531294,3.332516350566361,-8.144384568052189,-10.783521888342367,-2.960566814521881,-5.071578154057056,-5.539300185591073,-4.058183592614915,8.835755662918096,10.252724964878732,9.550862651438688,-0.6084469136589261,-1.216923019763243,-3.3128852495895806
62.87968244617257,-0.18920625680508785,-0.7776633403341129,1.1292360413280176,-1.4013473972495865,-2.6132680170378846,-0.590955654688361,-1.3782116353889577,0.2667648540849905,0.5248254448645318,-0.5202809815418652,0.8797499489097746,-0.8831221802960694,0.576220504901304,0.1030475344655466,-0.43047307940061663,0.12056161988144232,0.2533240937810741,-0.3801790845095552,25.77879262916792,-12.174085243686278,23.027295745836632,-9.316553785212847,-0.3738599429011429,1.3122345702405682,-4.93191790565667,5.531038213141752,3.724318446362033,-0.48578851711596815,-1.3113048647573717,1.8015578731780986,3.817018691985072,-1.6594677681379992,-1.375182515296467,0.7004537877117052,1.6822854436761334,0.42017609452693394,0.5567320046516597,0.46942249695010485,1.6570861743485992,-57.159909449706696,14.102581366874537,-13.775701194438927,1.305777324454334,23.671797902996424,0.18866530774491097,-5.313470053698411,2.217816508330859,-11.96094292407162,-1.319210504767217,-0.07836010954680495,-9.7252806595376,-0.12307926236149891,-10.381648589576454,-0.6933155463521723,4.242268293794529,-8.002616580102757,-3.485833694679968,0.47619372295725815,-11.358384181035863,61.3557287419268,4.3153539186189365,-0.03350475162917954,-0.656254771047295,-0.20171528984164988,3.122899009371058,-0.08770343812416348,0.017042777474894688,1.0630277042357272,0.9677382380162265,-0.10201098773005457,-0.25229548203346774,-0.07084815185831195,0.4543249899630264,-0.20642353972239258,0.050684244521868926,-0.8351727745362498,-0.3885756464326746,-0.3983168730532467,25.77879262916792,-29.92120684857118,23.226109890676923,9.579449023710456,-4.5395097154118815,-3.2286893829489443,2.985888394762376,1.1567691918813812,1.2465802889166029,0.48037425789654487,-1.9156533622763798,-2.1772851857767455,-3.526573587768141,-1.903766401278646,-1.0969825356942176,1.2898814090690571,1.5919338803158662,1.8821301264680443,-0.7670193864032719,0.13466069956251214,1.6570861743485992,-68.4695843907173,17.261351049795223,11.188371150242382,-3.3420035666581827,-18.68862382314221,-15.008575302928532,6.116447306547894,7.578552217314015,-7.998086527194792,-2.3652864424282063,8.413226418247499,5.417962704024719,2.333210118751568,-2.253770201347293,1.5900846302225113,6.913280420473072,5.622307795539484,1.5599486800344653,-1.62681444955285,-11.358384181035863
61.593009967512145,1.1552628552473045,-1.3974125362818404,0.1653186552728667,-1.3158535769046216,-2.0544020412132946,0.013736190668960369,-1.192271679881372,0.32841616662065487,0.5788567436685379,-0.2213572266298951,1.5653007222484727,-1.2744288483239883,0.06458773407268881,-0.016455608538553435,-0.1917543076789321,-0.023614019470481473,0.2789911174117101,-0.2376489598171625,25.440735447296476,-20.175110609245692,16.32282221543197,-3.7000336516314283,-0.8546870646254812,5.670994961936674,-1.9407068603210915,3.413919736314977,3.710159760203909,-2.633498352289805,-1.5312997446388716,2.661076039537206,1.493802896607653,-1.1025239836164058,-2.8440838899121226,0.23939276341155868,2.2213327023432443,-0.4879779630248924,0.6538253334290376,0.2053587324882602,-1.5815060446275098,-3.0617491617903028,-61.99618405030809,16.783140963923053,20.159244778825812,8.858218818978122,12.531631532336004,-24.55307228331071,-8.337365360745565,-0.6347683024967279,-1.9490947347170242,-7.16384027842011,-22.320089635299485,10.026036399091225,3.205996209861305,-3.8707584707238536,-1.495679763707921,-2.8019972165393594,-1.9521865934948555,-2.1822680498349794,-12.97639221925024,59.113014010690016,5.361184878233788,0.9899633188793269,-0.5406363746297678,-0.11905966171527016,2.8779538722766143,-0.4630476036663542,-0.7253015365986615,1.3792415697282037,0.1943728319651119,-0.06722815607743149,-0.18676693682919776,-1.0009194284751266,0.5216658257594635,0.6287268053428163,-0.20613313764157448,-0.26508942136182134,-0.6272935555481112,-0.19939395296338902,25.440735447296476,-32.07568513806715,13.056472964474697,9.055294450749159,-1.2746371101724598,-4.72676999207673,-0.45187678693670996,1.2254824311338757,3.822952957569504,-1.851729561726999,-1.7811885216185632,-0.7107403608846992,-1.618233574077053,-1.1799059791603486,-0.7956035754900965,1.948587699326328,2.3102534061574294,2.3891138531221516,-0.135946269364857,0.017523680384471496,-1.5815060446275098,41.22272367270453,-49.86212060162586,-37.16313566524791,4.305709203692599,3.0590109421366716,-19.62795123909626,0.36129605620447247,10.73684726781166,-3.7980377935350633,7.839486764851442,13.998701892134164,11.882094491194048,13.704099624131835,-0.844046409330357,-8.52490942723906,-1.4354399566072114,-4.910029748179532,5.302261518394022,-2.1776233649633796,-12.97639221925024
56.3099269773623,1.864198950112339,-0.8098374849641998,1.0721490247315457,0.7719388094590709,-1.5948760342166974,0.012841445995815715,-0.5741794667156905,-0.5182392479024829,-0.4104230594858733,0.6045013303469144,0.7039526226495179,-0.8216497387953132,-0.5222549452676883,-0.022938774742685686,0.3738088488257121,-0.21073672366248442,0.46609505172841015,-0.5276166597804439,24.7981499494803,-9.23288705742388,1.0259632829205332,-1.74549998060295,3.8807855031896668,3.776146661394067,-0.1459698585429834,-0.11871821695905638,1.3749429594509794,-0.25186305832534783,-0.9013536721214086,0.1010274633016639,-1.0393650388804234,1.8937342863935522,-0.9987626036383384,-0.7750081778875382,0.9637805400261594,-0.6262653571353258,0.42257135820721303,0.15076939473558837,-2.408864457786404,17.5530185914493,-107.21239971191474,23.257950337618635,9.627617307486108,-17.47076112638006,18.240063133134996,-22.236254937737463,-12.391975048370329,10.990121406746495,4.827203297927403,-11.48057778309974,-15.652878929725443,11.469810620231943,12.569870786063795,-4.67050292228655,-8.226082953147362,2.2230409745454587,-3.872317659741953,-1.4968815963211581,-25.893466716931115,53.29551603099694,5.388563412005004,1.3706214030575863,-0.5876647371704031,-0.8223675561296004,1.6363159332158776,-0.45471551727815873,1.7279355861553727,-0.05645494354837988,0.3593165832724985,0.22138466496096387,-0.4558434479682736,-0.30540663202720797,0.33043137358031394,0.6611374305753366,0.5075685486780794,0.24945190830048136,-0.4564028128221387,-0.19948980108942183,24.7981499494803,-10.649436093300814,2.716570988932534,-0.7108504742056669,-2.829659299056578,-1.6266778431013775,-2.3772402611584162,1.3693190133870963,2.4041219963330143,-0.4228925763734943,-0.5125864565911362,1.898410991549362,0.829315612741953,-0.012260996554664949,-1.1174924862911906,-1.1405312349241266,1.6401924705476618,0.34675139958002843,0.25352340314278043,0.0367487015427338,-2.408864457786404,95.03882281933423,-87.18366375375331,-57.53861179777098,8.526821185989444,18.59472283054405,-12.404519788022524,-5.220186089578849,-9.623760839990926,4.073878099670599,7.983996500701957,6.649575436110391,12.647454889367637,10.706426227435129,0.035788677133146596,-10.55578327044013,-11.909013596146053,-10.873108443508485,5.467234369507114,-0.15896224871234899,-25.893466716931115
55.69053342826693,1.5116538400757715,-0.2550245700759617,1.1796728008150517,0.8532137925471885,-1.753521065477007,-0.08687963019711553,-0.3386772195412622,-0.6426764940060683,-0.23476459547374207,0.23829430292840348,0.8836757362481644,-0.7993816858455278,-0.5778017097351278,-0.00682149543317756,0.4716527967687998,-0.3299645761118022,0.5693934533375391,-0.5534653745732405,24.54408809327605,0.04258708946436229,-7.247924990439525,0.15457388956818496,7.554493637398052,-0.4686007730586579,-0.03304712956241773,-3.684117884587216,-0.7512216570222341,1.380637496241227,-0.5106403943531372,-1.3839466114226593,-3.213027094271834,2.654637752464473,2.0655800837573475,-0.7931146657893151,-0.36459692391742915,0.6928028720086503,0.12338595202783287,-0.3792248653245116,-2.0640016707663094,19.754995675088196,-103.37709835833482,10.533729579740818,-13.063376206966451,-24.63815433482205,20.27247076105709,-10.274291265982805,-9.641971470980286,13.634116050963813,4.825459333819214,-8.685748653075645,-5.3214680856552565,5.842445350142754,11.212489562807336,-1.3402981576917017,-7.017614541674767,3.9795282557741753,-5.104452821700807,-1.3134817149530127,-30.88503460422464,53.0482316802873,4.693031754648088,1.2793801379918324,-0.2628782445041895,-1.2170743146180478,1.9195917403138854,-0.08313036238122073,1.569535557461804,0.15779008896719393,0.30960675473028365,0.48048663768334365,-0.35104324028157485,-0.490938868153004,0.13817551088111268,0.6274378949201953,0.824194350708426,-0.1084169279424152,-0.24845856757402252,-0.11502795339379002,24.54408809327605,4.380492716402813,-2.1767963014684124,-8.410987847214013,-2.507685793880129,1.8729375193214066,-2.0611511784958974,1.3903231322270613,2.0632202347197937,1.252900649207846,1.2346990484263176,2.2714881541979315,1.1280089702255889,2.8412878883747417,-0.7939428955838161,-2.4453315750930984,-0.7272099649490482,-1.9992005933609511,1.255780666850698,-0.49476180515570933,-2.0640016707663094,93.81106134047315,-82.23553042763783,-45.46925043646508,9.611251575892123,16.89598317940042,-8.1422606157821,-15.210534601734645,-18.901902106410517,1.1751214064524302,5.961606510027455,-2.7461745203433092,4.533063946107621,5.613268581435351,0.19681841929078447,-5.633763665164704,-13.473794196600087,-6.490419391382911,3.4937685444637623,2.402541663831699,-30.88503460422464
61.21447718708324,0.14557989224094525,-2.2216073137385273,2.5624517201517585,-0.5978077512784581,-2.83669343417752,-0.6000068527348512,-1.117537385833523,0.6263796552356782,0.48095927837496744,-0.6995930146701825,0.7008799224697171,-0.17377861833852348,0.3980339249860432,-0.2892736110309104,-0.28028636161140286,-0.03939578036556024,0.31940860492176615,-0.14688617976372198,25.022684077284932,-13.506424797316654,-18.793530507184993,0.3851176129966638,0.23535835983014497,-4.353348125451797,3.23428379553149,-2.0380704452758835,-0.24097836921006022,3.0022042619917633,0.5919671090634622,-1.916219692891839,-1.6560057774379056,2.196856673937533,2.454920890900695,-1.118543958831133,-1.1377912197672106,0.9413061642828919,-1.1142071345187143,0.013273497695911685,-11.048399371047559,-3.881823620690632,-39.12444865037291,15.467045209057318,-38.83876175107817,-11.07621304137896,17.687127628309344,7.796728352006124,-0.5026400349003604,-1.6072061156506634,1.8284971501945457,2.9730584795688992,5.779366727450578,-4.668051329165893,-1.7705226266807879,2.530129829733654,0.1781746373495363,1.3716609700229183,-3.3636715364539147,-1.0100771386519474,-17.61856170434045,59.06340186047775,6.007715974878053,-0.5336383982882658,-2.209963485638373,-0.4660468849409498,2.4134599447732143,0.4069974479268179,0.0716852286111691,1.462307156429485,0.6538280483380725,0.5733371111642389,0.2445004760636973,-0.3319689302967057,0.08732390425660652,-0.7760447019731453,0.3556167356206996,-0.7401333214559387,-0.4512314388483287,-0.4221255220666793,25.022684077284932,-0.629884366139045,-12.749087353228177,-10.456715726193448,0.3404252194366748,2.7688182766240117,-2.4117343034692924,-1.5357442034546365,-2.6854337696540043,0.9649982022644221,0.5684011030521581,-0.3436117252628652,1.4240325847643565,1.4388497786713734,-1.0799185370807844,-1.791050588941295,-2.8438412322039213,-1.3602668720446471,1.2707343302425076,0.31132231797642806,-11.048399371047559,29.768455332456718,-53.83867870212924,3.9759837432875687,22.72994009189393,3.9751529746370355,-1.1344020320099673,-14.695778373101597,-12.612604896193966,-10.73898370165981,-1.5163857558596847,-10.59300644662654,-4.055176805096219,-1.9388232695752685,1.770151822136313,7.788287585201298,-5.179498748029885,4.299770728264768,1.5565937158529988,4.323663668975393,-17.61856170434045
59.16202840738386,-1.609390111036761,-0.6142406771105842,3.197414126261786,-0.865280683065186,-1.4500169060140922,-1.5218986022593142,-1.2962035488335728,0.4464254631721878,-0.1221546224384511,-0.26128335983267625,-0.03967647479754399,-0.2710455323201466,0.6372333408244968,-0.2798455232890986,-0.047005164419089196,0.2371169448853816,0.41402731682894856,-0.6176266324877793,24.296467548011005,-8.160843901755207,-25.455980068682678,0.5015223414391743,-5.563661596428946,-2.583334812051419,6.505401693170216,-0.7635497825180124,-0.3028653109557138,2.556526013033546,0.1347695316783004,-0.6731747089038653,-0.8586107769412341,1.6671374976829805,1.0353191442220289,-0.25898842496249475,-0.23668868859745418,0.7180004041530863,-1.1300118310584022,-0.3826341764684078,-12.704255890109252,22.625631027895977,52.15346794325549,5.390535638357208,-38.74519390601136,-5.16861260227741,-0.322271443960934,22.425679246263723,2.226551806955065,-10.62899620724355,-1.3782271048187567,10.223583089576053,13.123667829366305,-9.321215798150709,-8.490812639503488,2.5876515002096525,1.3245216054117441,-3.238902753841819,-0.7827529758761396,3.231572197170661,21.25142250461387,58.41931745415102,3.963210446063057,-2.2634007040547535,-0.9833298973358473,0.6392487623511078,1.4588062772499972,-0.1987425201553119,1.1344337595333371,1.2463108443431943,0.6644666236454837,0.8925396979198967,0.02706558626761124,0.4330056648469931,0.24624811262940915,0.1246520840705081,-0.4937622135874087,-0.7698971031640869,-0.001988909109667203,-0.33545699505261495,24.296467548011005,9.820069668588538,-20.328463078263866,-8.806398141489492,1.945946418526975,1.5234735377607862,-4.505760073672322,-4.927253261312581,-3.083220212642245,-1.9581142478197422,0.6591209535735172,-0.9628162626502401,0.35093991296555593,0.9011729239443076,-0.7159813404499074,-0.5430344562474394,-2.184626840766823,-0.0025867067569662616,1.1023325393171606,1.081507704083474,-12.704255890109252,-7.281721868537389,17.183127527272386,48.04108160603288,14.297322768224248,1.4014507929898952,11.913385525543255,-3.630620498960192,-7.708334629396753,-10.229855447389332,-9.034479407105334,-15.269095271040403,-5.793743168981718,-9.139840276829483,2.1891129069695667,10.410056390534546,6.01233602025832,9.570865176027677,-3.4344246181338973,2.142141740015948,21.25142250461387
47.82096708914551,-5.972044327923892,-0.4376706249485567,0.18095754192325098,-0.5454880154606401,-0.12948621618240974,-0.28868429061102674,-0.21590548667456533,0.4383119045042707,-0.17074449147178772,-0.10381968471846514,0.3376258394534193,0.012610521410762576,0.09768797490284697,-0.44569874023029166,0.06424221953605125,-0.02362440201963034,-0.013325447276651747,-0.4888992819752187,19.397760536589043,-7.072083372159412,-9.432233503144346,5.8145483979902135,-8.979517755435916,-0.7045928397990324,5.428369544245371,2.3193619080094035,0.8994447689675391,-1.6434103745468391,-0.30981006003985456,1.2321707518267164,0.6731101661795655,0.053458749201352074,-1.368893447211073,0.22299361656587857,0.9889137410409401,0.046966361803915335,-0.6325655184766268,-0.3525645190184372,-5.898018200285158,85.47267836863234,126.87922083945209,0.7066137603872953,-0.5369323655547591,-7.92859468889746,-21.600098040968366,16.506372596264633,-1.1198791414932607,-14.33356817785183,-2.2117494128402524,8.305903056207663,8.665802545414948,-8.689524669287499,-6.046528100227098,4.64703423966048,-2.5795675010690315,-2.7264551234769283,2.753639260352444,5.348618623943036,69.56960903850879,50.29503096099556,-0.6210696103165696,-2.0863460390158446,-0.057226301036236826,-0.3661199563021724,0.6608415130131755,-1.1647815401184314,0.602769600292604,-0.11821622010416899,0.4660872003409775,-0.15644772778874527,0.0671184311393116,-0.04795400919151982,-0.2635641958342265,0.01700504152953264,-0.2553737852759639,-0.09994144011100636,0.05572952306693746,0.06638587872820467,19.397760536589043,1.5150030968346826,-15.126934973734361,1.4748465445758567,6.308494640686835,0.5356306349974504,-1.7221368295751875,-2.8197819763938803,-1.3289602280829493,-4.186876978689606,-0.9829902870945784,-1.7809400233398218,-0.8097382611761401,-0.01161514912708217,-0.27139735278998844,1.8024639982536925,-0.22084846555839333,1.4983298204104198,1.1085443248360485,1.4104457814108387,-5.898018200285158,0.05823668764706014,90.7966050494564,54.11106771479375,0.6122354468091671,9.978175267452704,22.59176923885805,19.43471034872556,-0.18435295891915526,1.795201607645481,-6.8374899040422985,-9.866766366915098,-4.517192000633413,-5.886663168581877,2.886515444915175,7.5926960624157624,10.295250320851332,3.8051772350031547,-5.59170993224993,-2.6976038051378612,69.56960903850879
58.30686652635819,-8.157524084183148,-0.8962317437513598,-0.4114109082851676,-0.46461348138742986,0.14557617211054596,-0.624315802518034,-0.9409258245985979,0.7296203878764085,0.15847205528878572,-0.3961797164993879,0.6359973892856963,-0.059007506878680616,0.09003083741748474,-0.05810314331473432,0.18104416189634565,0.021149936791776014,0.17075456390754695,-0.5737759117016961,21.004421918569367,8.13823189083373,14.148160479167899,0.13512631625001426,-7.210665257974597,-4.877284717023745,-1.2912257258998254,5.350005561902002,-0.20815732263350117,-1.6110532891112466,-0.7488653622108572,2.1536497110060893,2.1842488486025826,-0.9342711842427911,-0.26791906693851253,-0.17005770338299464,-0.7656886016156323,-0.47947860367277095,-0.5088113439312807,1.4194802416179932,5.986518996159425,37.94245680036238,107.95337779070249,-8.59378688590565,21.978357244611352,-8.623107782631081,-22.899250744588493,10.909987347433145,0.43007544075180637,-9.962070978237026,4.121866573733811,3.462363096442239,4.353066769037152,-7.981487571336512,1.209796015617088,1.8472844096495566,-5.146668194637806,-0.2236069508524623,2.1828803448152376,4.901342762755542,52.27174384226228,62.34245196432266,-2.1568069918865325,-2.347465112389124,-0.3662736275417702,-0.5053010100570434,0.5430209193577435,-1.7608674990148865,-0.23761673470003597,-0.0310053466758502,0.7330376555155897,0.3639709258347157,-0.08688226133660404,-0.18235986673344318,-0.04437110929842447,-0.04060420495486339,0.03737619077334631,-0.4298062219933645,0.04922722112692468,0.18147019825050492,21.004421918569367,-0.3328119493527453,7.603691272420873,9.643771820417776,1.6569408796069154,3.690256736629635,3.5507428473286775,0.2170317692165873,-2.46918385076411,-1.286089484009806,-2.5068449600529807,-4.644395332283792,-0.6519771912950216,-1.003399786140772,-0.10364703424443067,0.962939326576681,0.9674616618573477,1.3569336484253545,-0.3803366395130212,0.026747333135059503,5.986518996159425,-39.77915084145776,95.41292818589217,27.864405966747768,-9.307806685072359,6.052996407087493,22.16487661749529,25.406206226917377,-3.216907140424057,12.22598404511516,-8.397926211654754,-4.5135423404271116,-1.410320230965028,-1.7230026186694842,4.219098170319597,1.9861399906918928,5.776680310061543,-0.9242730138522781,-5.970694730548512,-5.3183634060402065,52.27174384226228
58.10601644151637,-1.296469872758034,0.8266624185769675,-0.12289464029272246,-1.1504377720168524,-0.9203052011171535,0.11088270139921041,-0.8454538634672408,-0.33692299438985174,0.18574090949142175,-0.016059460423468508,0.6995980735178797,-0.25306825645858044,-0.012811546915987293,-0.2886479927351533,0.10014584575134977,0.09207090458320022,0.12476222214415356,-0.3450937996659822,23.719697791863172,21.08037649070505,24.844009638615766,0.9216225057848915,0.7903940078255909,-7.170670517414364,-3.667451515417672,3.1583381806464264,-0.8482719341177969,-2.0807901758617557,-0.07209015041208522,0.8233196252570154,1.1554656824976597,-0.8472013197433306,0.08327594636741642,1.160507800209357,-2.1630750137926373,0.1768181064573564,-0.04798774790605287,1.7865256006242292,14.3910177050725,-3.7708885401842522,11.25315094032313,-20.65470972557573,28.85781986956325,0.4118528320701045,-5.408236571403361,-4.539720846256515,-2.4169267272869823,4.409754289273177,8.074221585259384,-2.19925656328836,-2.6832071433016793,-4.925869148981319,4.71276142184478,0.06458718610650194,-0.9934716260652208,1.3502849069079592,1.3121158384012162,0.391944892965405,1.7961591299676947,57.85933615380927,1.5042572069856677,0.24581707816684784,0.6357556998080054,0.37404331876185104,2.0102842089317474,-0.22183105084033494,0.09323036168638099,0.007526762594204595,0.1280473888557303,-0.052848514463081475,-0.10339473072226513,-0.030093739070028658,0.09693483882552911,0.20781544166638666,-0.020376699338874538,-0.16101385183608996,0.07743265845139957,0.024633771987180086,23.719697791863172,4.4756747866551265,18.683137996157654,7.373733150249792,0.7910457123012882,6.6745143109159395,4.855898855459232,5.60946845564356,-3.0846284300526494,1.5265866241821946,-1.2673608921557424,-3.436205373903638,-0.333104863422061,-0.5521954505770252,0.057172032274064755,1.2523105508545258,0.7277396769096596,-0.13743843213423013,-0.7837860464673669,-0.5100993991182952,14.3910177050725,-20.188498251365793,38.53341036393846,-18.797591843302353,-16.999015211136353,-3.3778250558252085,3.50129008026181,6.307630281653072,-3.6233420578741327,13.332351234617203,-3.072653606444045,7.836073297079643,2.544736799586687,1.1214352780850336,4.28094544540261,-3.954795822723615,-0.869592100536839,-4.766641603649461,-3.593460125320923,-4.905625775971693,1.7961591299676947
58.088619676615295,3.1269029009642595,-1.1788440407483392,-0.2559924116175254,-3.0014481632989525,-1.700220276496633,0.9533206826865679,-1.0855080217539856,0.028516268063625727,-0.6748300040254844,0.7716613835228701,0.8714618324715171,-0.6053417355068706,0.5585235682646577,-0.4433997487281651,-0.44780127833455463,-0.06047001025241916,0.09057781015290556,0.020210747166599097,25.128758418453653,-3.2658454330062483,11.382587255788504,-1.3489081554109896,0.5405611442459768,-3.661849864559294,-0.3963131492925096,4.271955754880048,0.7860307609628574,-2.2058195754275087,2.076842863731321,1.2624324026021045,1.076744849418295,-1.8732762535129344,0.9141324552413281,0.1958966880405444,-1.2340284084995685,0.5412710564001346,-0.33086054393607034,0.99849214508803,3.2870980783430603,-40.496467849086784,-66.48292392842892,-9.81915185632104,16.18189492681101,16.266000059015575,16.13892870642319,-18.693444575234707,0.7124033873515629,7.625384036090718,8.696889976478493,-4.462344210810942,-7.5129732598041805,-4.168831779401422,-0.9533129783415206,-3.0957489061701273,9.05937377586341,0.92365529225148,1.6828044162310727,-6.04252756561621,-36.88159384220616,54.470758883067795,6.7023926736223745,1.3924036475627877,-0.5013504579545107,2.1142954931339135,2.55945635295505,-0.5617018801860665,0.15461145345439364,0.5403946109891045,-0.41993595063838307,-1.481457574884831,-0.2136664284491112,-0.07762436328413846,0.014175078177316003,0.5107165472904216,-0.1275299256272795,-0.06089407308886785,-0.20300879655840887,-0.3012072751145729,25.128758418453653,-11.549841597050566,10.472964529736212,2.1763615390474227,0.05076754018356855,1.4805299033452881,3.287660392558111,3.5612246361273874,-3.8138396818694233,1.2981459733019376,-3.3976568497232775,-2.3919547575818876,-0.5925369013939976,0.309961765334537,1.2292830521778646,0.7251122627980904,0.22941924302992223,0.35316091258921967,-0.9368496403053879,-0.6174014086720625,3.2870980783430603,-2.4429593905342273,-31.126724555028012,-44.177918403106545,1.1284831891320608,-19.572061486115203,-13.632251693032131,-14.705207550399814,6.498928729631412,2.407568875104941,0.47176919048507915,20.113580261245446,3.212660966740935,1.4382109396892542,4.018186314571906,-5.027098777142703,-4.198633746152695,-2.7849783738974185,0.740604303425221,-1.6398088431057565,-36.88159384220616
58.470278759369485,0.8077469988102881,0.1644467764423787,0.4984452975022253,-2.862405933212061,-1.0403137495876562,0.5016665571098855,-0.5677503551557699,-0.2515311235202158,0.20986146297930475,-0.2760804221010864,0.7976264591093387,-0.1378230241468077,-0.09492041733703127,0.3272034625811022,-0.7028725672448173,0.10559462473114545,0.0027690556476425154,0.1073701889027483,24.53110113918315,-3.255488980331549,-2.4228714212930837,-3.7707892289671503,1.5737789782354223,-1.1063838499962055,2.276794970240033,0.5885263883921228,-0.8061126364741313,0.8588499132478806,2.3144466196187476,0.5781511243845288,-0.11474140587913029,-1.939973290654236,0.39646150262139646,0.07231001390736003,0.7263478314502978,0.21173398522144216,-0.06548299927362389,0.05390197572924693,-3.650228176393128,-27.802153994958566,-59.14044102807028,-8.352224525259334,-2.480085279358568,14.611348243357746,16.997763648395953,-21.870342963659947,2.127593184633916,10.283366625255045,-1.687542002056024,0.8079482856177289,-6.3204798264254975,-4.716131715452358,-1.2862876671096397,-8.135477472692237,12.198932126855313,-1.9003302010394336,1.9197832940727046,-7.184532212187525,-33.3167490001498,56.46871489495056,4.290899555007805,-0.2694138438669045,0.40583497032077753,1.6613389475603189,2.0805732239441386,1.0403698782889388,-1.1356587088109356,0.359377113154451,0.4088935573400927,-0.9518361643807909,-0.03604191701546533,-0.3764194862046848,-0.2642512734350644,0.36749994083415305,0.1909491113791788,-0.35311673063036975,-0.21004549132407924,0.052674915851596005,24.53110113918315,-2.9707312049993035,2.705133579577195,-4.190244236390143,-1.3879262951696676,-0.04841847627298046,0.16004943794100068,-1.3380632690227445,-2.468303341467359,1.1871809099631243,-2.0739111454814525,1.010876337849048,0.43290999366669136,-0.10757828582221984,1.2026103267001687,-0.05602038121881958,-0.2866233064131001,-0.3831046134962435,-0.40992923742822973,-0.720292735671447,-3.650228176393128,7.017247534255681,-32.743396117354884,-31.47940042186335,11.728873490083995,-17.200111552314333,-16.82711444122107,-30.049706986478643,18.64677377900218,-0.7118152190533624,-0.49311626371469264,14.089667856337575,3.3799342038053855,-2.091164194995063,3.2346088945316804,-5.327197275881261,-3.4933569786080922,-0.7273923369273305,1.479137212761867,-0.6533604403189979,-33.3167490001498
56.49181265092851,-3.518338892073057,-1.2395780003895602,-0.4518003050596531,-1.4395543330694727,0.007423871699542506,1.316270147066653,-0.6867621982729046,-0.41598533527216386,1.1848332104105048,0.36504696564047334,1.1253556211991143,-1.0532682497910342,0.5881515002486708,-0.2680805269525899,-0.03446083585535509,0.2850236049178707,0.0663208751877673,-0.3007618334420463,22.24226928408091,0.0579307018086368,-5.459860955092135,-2.428243744534485,0.4885897202259941,0.2235719787749635,3.806115384482917,-2.7118108295882006,0.12696472222044752,0.7318186843792942,2.4063112410129732,0.045061856036861636,-0.9371342371111124,-2.472301088488049,-0.9011683342362629,-1.1738332633170598,2.3192868636946056,-0.03510889692907382,0.34133848986804116,-0.7354717287426207,-3.4336549842108397,-37.283727981887395,-10.016512670536759,15.443613538512757,0.43973732513186103,14.097501731987592,3.04884215357215,-23.441327264305283,3.972400222082349,7.324858876608689,-13.046432630720545,-2.858308619408303,-6.155383633282055,7.098788777937083,-4.540911774738058,-3.374172712152572,4.21371773786378,-2.2461575194915957,1.9365613836979776,-2.2263620738552214,-9.01997744482431,57.262841795226734,1.6863540989705048,-1.0016688818485364,-0.22592949270637197,-0.4086838727836333,2.1517066081306035,-0.6113556455158298,-1.5300920403860894,0.4421424646949954,-1.1062138535882302,-0.3825126279973734,-0.41682711888700275,0.1457838895011534,0.7508634729208046,0.2421096768602986,0.04642290692928075,-0.15717432630161476,-0.27545852413802985,-0.1412510780177343,22.24226928408091,2.168911351207356,0.02933120319709559,-6.663198687815532,3.3106684779084237,-2.734307612833506,-0.917458290428272,-3.6618061436501677,0.4721179697589508,0.08739781065219954,-1.8676852381475861,3.1888539424625892,0.5713458635310698,-0.5066028986735476,1.3327269758284706,-0.8964445959579976,-0.62467371955762,0.08727755215765187,-0.19696289231997932,-0.6880604201412428,-3.4336549842108397,-28.23772986937459,-20.334665218570493,-2.230000133438533,15.174458116778485,-1.7867824761411932,-16.752308934906583,-10.194650437839424,23.6852335585953,-1.1677872315939217,13.44241279702987,6.312236838549348,5.0026102025697945,-3.500771723309443,-4.32297866993455,-3.4670147992291804,-0.16350827307303484,-1.0570073314230854,3.391355617969608,2.363419968520839,-9.01997744482431
57.276675464193985,0.8147153131140823,-1.028365216085997,0.7618987955460526,-2.484576612129695,-0.6357297900952248,0.2236711634052293,-1.447883093444847,0.31475276390198337,0.41313261208280094,0.47632331070999423,0.515280476214516,-0.9990916446436167,0.17060523840270436,-0.3401525966692609,0.2566495402368989,0.025191089608776362,0.10414918998991074,-0.15765652149703602,23.33782827085298,5.517411425818324,3.6950132300209457,-2.7148219622830285,-0.42366291984370186,-1.8077073174026195,2.730216041892592,-4.284950008949423,0.5450576775703659,1.5920740068623656,-1.0805953400809232,1.8359790413485013,-0.9978346874503856,-2.905754759981952,0.34778250755139206,-2.2223659604579593,2.159733413537932,-0.4851570173977562,0.5758043822282437,-0.9387585685542081,1.0930197362745524,-75.01486994820465,-22.407533759108507,15.043610099819023,-7.6895374899555975,18.421998673407188,-6.117179275458993,-7.321238050734882,10.344222694579727,1.973468131891226,-8.966401229966392,-3.9146832590940024,-1.115423338942081,15.193477333135533,-2.1469869417369605,1.8626018572557956,-4.562353668017142,-0.3666364092743266,0.322736086522013,2.48416561115748,-19.735890943119347,54.977929095230145,5.3648432841002,-0.6522687753225616,-0.19591793040089778,1.6113237635841342,2.294183800314471,-0.8660358026868256,-0.298569562127057,0.6502432907228213,-0.5657692324100723,-0.09688281898228635,0.21464061133002632,-0.1955870083737845,0.32989580480386915,0.31410868627203836,-0.2506647688237047,-0.30442603197783824,-0.0913070964729048,-0.41549069439696273,23.33782827085298,1.1249220796540058,7.53325660074977,-3.9461869472504065,5.025531988480859,0.18187729284816978,-1.455099023658112,-5.803869647706985,4.095779633634255,1.7760530959803824,-2.2789048298009345,0.8182242042429115,0.774920856018098,-1.1894952160705143,1.622754517714602,-0.6005096577080606,-0.5918923311006155,-0.3681929203821115,-0.41416081407913774,-0.801450113543204,1.0930197362745524,-52.60661718845093,-39.119746556547504,13.218270262893238,2.46406875448076,-8.290372371632287,-15.353330312564824,7.778217385824027,11.301165304463781,-5.548063724549769,16.03631493124973,-3.685050749148822,0.8549558958694874,-0.2505538564756107,-7.737168062765143,-3.044621921591214,2.5078554734542227,0.2649302289645583,2.52746022687249,3.9158365996786157,-19.735890943119347
58.71438667510736,0.39348826626629485,-1.7965599167513937,-0.14342430052644195,-3.0785768344526536,0.0005454359986099,-0.2635870352552043,-0.5819592914992233,0.11128366654217325,0.4266900419292541,0.41799044513576056,0.5440677053633722,-1.4108579695024908,-0.02482342672334159,-0.6966383507615135,0.23208109977189006,-0.037822691155771526,0.21055698791579203,-0.21501176200481908,24.008567360513318,-26.294159627024882,3.31538859486311,5.844914980503328,1.7591507558514694,3.7375627351377094,0.9013973916672859,-5.011969678601821,2.096645714981783,1.0899978160695931,-2.7488524717791165,-0.7956358655840332,-1.5594003264371046,2.159008870119465,-1.3319839345926987,-0.34385168085308204,0.15613766938850437,-0.23336220203606395,0.31677645716198466,0.3816413803021468,-3.5945146004029347,-43.773168251157045,-52.06309862374294,-5.463464377798267,-3.2904198104340434,20.399900310328515,-15.998110891809198,5.632570983889598,1.2497104008350761,2.1655967893023575,-7.219730911967381,-6.022774087416103,1.8515773827037032,16.17410617045752,0.0018377282735677625,8.748284769475585,-7.3252151552498574,0.7036913866901842,-3.127013767874945,4.017672002365452,-26.566523273626437,56.30060745853168,6.180086410674725,-1.74776823061715,1.4548602313605388,0.7721492787052529,1.9939219195557478,-1.4394021115232682,-0.027874135008070233,0.4386604275310191,-0.8664471748370937,-0.31450727635278874,-0.05333476085632216,-0.4213420515363624,0.3834650269720845,0.08918987659248012,-0.21905984530464773,-0.04160064633630767,-0.36085944014398574,-0.41115468006091493,24.008567360513318,-27.716533174064516,-2.108429590135322,0.939332827758288,4.431267456747547,0.4719907807141164,-4.280919844095624,0.6968026065497952,4.746735609877421,0.4198162644963477,3.4260463909513996,0.8604897284958544,1.7377627687151964,-0.8994656311960372,-1.1422783782966268,-0.7361504985718794,0.3002996188371625,-0.18279859967938905,0.7609439570048702,0.6048872645242356,-3.5945146004029347,-1.324556112010157,-50.528660214229866,13.382169895505276,-32.46890281355057,-9.706355055668032,-12.206981802799042,13.521595083022554,-3.535902342128539,-4.880914306745131,17.41125677019542,-5.80488636974019,-2.814931924006408,3.4184089019330317,-8.502362814920108,-1.5351373763835063,3.418575690369024,0.5444913905734894,3.31995894814676,3.950310461197187,-26.566523273626437
60.11769746018922,0.699340034651085,-0.9144732465182188,0.13242583531376884,-2.94674834122178,0.3282334892091061,-0.8508798562038975,-0.34762296975742757,0.28087137900379844,0.04863537717946853,0.6154373588255206,0.5893530733020169,-1.4119055442820554,0.38545829992467096,-0.5697006057434157,0.24372317171052615,0.024439264069088473,0.218553190397752,-0.4048841310929694,24.19446196910422,-27.58687879001711,-18.01426307582496,-0.3855635415765448,-2.906270284555114,6.347620108526016,0.6705643289183523,-1.9220132124685083,3.381158214435064,1.6664944133483441,0.40882786103159674,-0.9588416443520249,-0.36132003068717466,3.3411103966097735,-0.46162416806886597,0.588620151303269,-0.47325440540522257,0.12754243313777391,0.10816606034041087,0.7374282267856034,-13.437743839856754,48.757885356749256,-51.3628841416179,-16.341211849068753,11.911957011904118,14.79973508054195,-20.44806195040941,9.68345086330698,-9.386576208372094,-0.3418861382736058,-2.626482373083917,-6.376980664364467,4.069365826871081,7.198057555744444,-0.09964916725665907,8.815007739298329,-3.630815558520754,1.0873372141552569,-4.082531796799277,1.4995388386013375,-3.0485050994153156,57.51229310312509,5.81066169953058,-1.869457643107801,2.078206102527752,1.1618610182399607,1.4319160564025104,-1.4475417125608345,0.161122155317182,1.2491446797266303,-0.8504421969359428,-0.5767267380816274,0.16967233197824338,-0.6876041237211841,0.7308252083965967,0.14370501211403197,0.027744321945835315,-0.595000030804079,-0.37442544036067016,-0.21309833989841565,24.19446196910422,-14.331317536588834,-15.785859302030348,-1.3823748627304342,-0.7161914073488496,-5.796753858862936,-5.834884941507735,0.3717410487892874,1.044970490705297,-1.7530601792338338,3.29738050559392,0.33253307025800427,0.2771794890093717,-0.036423847798780384,-1.428471027619854,-1.6584783907074856,0.50481776111662,-0.11560142309544386,0.3748474513455906,0.5911517218351217,-13.437743839856754,85.90225419202838,-32.86617572924402,1.1981284711643352,-46.19980619077136,-9.668105769720777,2.965482606065124,10.406299724067523,-7.285006782701168,-1.45311131759894,12.406990925185152,0.3542773413660236,-5.741300612595211,6.064934147020673,-4.900612724930557,-0.377745849370686,2.059868294884562,3.534125995241872,0.6230969671330131,2.4604943070940353,-3.0485050994153156
41.92422183941845,-1.8029569554100036,1.6259335050782142,0.7425115529822235,0.6603128990454246,-0.023859072118979974,-0.6524391824296938,-0.18856940262572275,0.14595426521172516,-0.007344408027387228,-0.10232799120930647,0.3086191594368115,0.23264313508791767,-0.18526699780866185,-0.3252323628420535,0.05007118310208347,0.16871841666968268,0.167507103564839,0.013672661506993755,20.01669513475382,-5.276508315852169,-20.636772114040653,-6.324605143786861,0.0846834973646784,6.345858420974903,-3.1631142049345615,-1.076993735883859,-0.6662303457943635,1.7774068757874837,-1.9482658155269776,-1.5689148448209267,-0.3296028741408663,2.491319418444847,-0.49554613228934996,1.7948160655401189,-0.026826804458745857,0.010387071148253213,-0.9883492331255148,0.43527087477019943,-9.451534832958405,193.9020430776326,11.338613605633409,-23.08365282423855,27.710341992699917,-12.328411353430408,-19.19216573135992,6.068091116652998,-17.656903405383076,-0.3338487889183064,-4.249849690239753,3.098906503718336,4.460113641849317,-10.772379842840222,5.403444785432344,1.197214613210899,3.118405387983791,-0.270985844476358,-2.556006930407815,-4.67054284132099,55.023125076289276,42.137393204247005,0.4092300961876538,0.07659196592322726,0.8526422192030769,0.052042890245511675,0.44238055803877163,0.02779861269607231,0.6134299058305013,0.3525999024412647,0.749145824150405,0.28765419580022433,0.47453840514648693,-0.05794036842316541,-0.02074041802387261,-0.04076373534663791,0.05736817096309199,-0.10328662672818889,0.2465726263082879,0.05999637699510996,20.01669513475382,9.234753103323698,-13.575440952527778,-1.2540197823228794,-10.052921230952007,-4.598169564811969,-4.8310562329029825,0.01118604961297276,0.22957137015916018,-0.5885027051132581,4.049800479252696,0.5292563245849478,-0.5872494149677712,0.6260658681571012,-1.3928416589643549,-1.1350289176500383,0.5362590795182742,0.23322749880106275,1.0685124490410365,0.590793892768188,-9.451534832958405,177.37313370971071,40.86400230447773,-12.147047919588168,-34.47878166095271,7.756204897510173,23.72520948995242,-5.40604112545218,2.378902180131058,10.412895782953871,-3.9621019691793125,-0.22187331195193338,-4.217865124694658,2.827016944704251,4.327135985178822,2.613220198980333,-0.25679175689146105,2.398485192431539,-6.421279486423174,-0.007773597284802536,55.023125076289276
51.87831848702989,-7.094193613960248,-2.9323936977890734,-1.134204273485837,-1.1802114246157265,-0.2882453715772537,-0.5429093692417801,0.04600106933593473,1.1306646712413795,0.83456376757692,0.2570617067065153,0.45234473383420903,-0.15028699863393413,0.020014939910931506,-0.23154551497735643,0.11102729586919091,-0.014308247735063784,0.1797571623355927,0.09671538013985925,18.614892463804352,19.387528448606595,-10.01034848633612,-4.800667824672312,6.369549215351753,4.288012379949759,-5.461559135011191,-1.4107125486549137,-2.7667923962276078,1.0774264078666174,-2.794129854748951,-0.9658718012152852,0.4219494998370359,0.5271187437275788,-0.12026097722861184,1.1158040359946049,0.4358078712011799,-0.06336304691228634,-0.8128986710276449,-0.2158038964875657,2.49727730284463,144.08997873681824,94.71867375524764,13.580176891571673,43.02630387085904,-16.759717646188776,-12.903795744709198,-1.453271977748388,-16.20580559775533,-3.221964641214709,-8.623920072776517,5.013094408366706,0.24812412700133635,-11.10669354024279,4.364176472280869,-3.701326116752277,4.284796648605221,-0.9595454755381803,0.9941457141620142,-6.130959817903428,83.4719493950364,54.893877454078066,0.35734179032856206,-2.2556363049579673,-0.25290462799659164,-0.9269999716174633,0.152512010319092,-1.4137656404018522,-0.09673633719369423,-0.18325653634921846,0.2751245208931383,-0.23169701992979075,0.08929377283330764,-0.3954997738297732,-0.1822369865080793,-0.4501537031121454,-0.13646989639926455,-0.33138375332961956,-0.20759940402624633,-0.35549036200741435,18.614892463804352,25.600406036974086,-3.1663255826760115,-2.2504464066276553,-10.832276763055045,-2.1170954192491758,0.302710473778129,-0.25791150720481193,2.711858362142801,1.5536569219857153,3.612713588640994,1.1609795768813767,-0.9332233584380236,1.0802061077632532,-0.7022702044168125,-0.5899433728543242,0.32006208600110964,1.1908570279985986,-0.25639657653071435,0.4358437258818375,2.49727730284463,72.12353013538282,83.27642176432114,0.6336086377794348,-5.304770748223466,27.5783001052885,30.01819263030149,0.1044077098370364,15.402847337252545,15.431536771177683,-5.5500553593755075,2.60022528648984,3.6444907121767054,0.2562957494857565,4.61345243486454,6.86858065764857,-0.9917546143947715,1.530004257007694,-8.062713773796375,0.8683088388824509,83.4719493950364
60.195822003760945,-6.028130966448366,-3.9499022630093967,0.5322325025557002,-0.7889160822682291,-1.272772236075491,-0.9560691466781925,-1.1118864839430862,0.5750904583171246,-0.9404070610329605,-0.1872791512152001,0.447770438026843,-0.7960075331041279,-0.08987481286114685,0.03169213662551629,0.28501563546318476,-0.013255399679568791,-0.2642196146158857,-0.2481760802361337,22.07258469668405,47.16965829247957,4.982738102935395,-3.4893592900680632,10.976412002247994,-1.3968390772893655,-5.6286237420479015,-2.233574452182119,-3.657830682378418,1.2176074243513033,-3.272298459008719,0.757332464706765,0.27902172922544866,-1.8201852248595483,1.1990568627033462,-0.00883631659330053,1.2608092250771987,-0.2734023842492128,-0.5006946423578948,-1.4770139787217635,15.949537366391013,-15.62004993714482,92.4810248051536,33.430890644090354,15.858764358006287,-9.823480761471759,7.650419916448815,-1.854669217440084,1.88293439378735,-3.6200448151635753,6.249151974501624,4.5773684193585025,-1.2634623450038855,-1.7194275632328244,1.8693854344437368,-5.0971998497526965,1.083771647335767,-2.33373744279848,7.038760647807609,-2.5062063557644993,39.187746461676205,62.22719183471704,2.1190258890118443,-2.1816887908535065,-2.4060450188532934,-0.48250500877201974,0.2180958261459658,-1.450697122796273,0.21584079632694797,0.8606096830123144,0.5956697058747138,-0.22239397313623321,-0.30677018876773987,-0.25436129240351724,0.14357529494224508,-0.18139522461945035,0.13117680362703932,-0.056795035673006034,0.08998376620932058,-0.04456172262232161,22.07258469668405,41.00417189400939,12.013804702426373,-4.7001553600871855,-7.750080695875711,2.5102640096623228,4.512887193237654,-1.6913916781792455,5.102742764224198,3.9729056053635086,1.2873288648382064,0.3353298192082015,0.23403163009156502,-0.04427213662492857,0.6581892026912635,0.036192091991706477,0.26428157794918716,0.36321477098935917,-2.1340737722685645,0.6786544638584764,15.949537366391013,-79.54530988504203,56.097779033890546,10.135114342709798,32.30980554211568,17.558938379056585,15.322123239224288,5.4143010466886885,8.88744864690507,3.1094320171688667,-8.481727608945842,6.291208450503818,7.075071574062614,-3.1990528883149514,1.5757341362322406,6.286719921869035,-1.0823351660424054,-1.414228257866067,-5.712896373843298,-2.5074867323592276,39.187746461676205
60.67566160232127,-2.193247202997794,-0.5268892748105691,3.4223399682029068,-0.07812766059007403,-1.778089496318234,-1.404421148407105,-1.2693606272125497,0.6050164863844074,-0.8818982236922204,0.1749770382208249,0.7307521839255191,-0.6340208383222432,0.27763171883660753,-0.1902608374798982,0.34415488113056547,0.08374464878757104,0.027967213974291916,-0.3818617084651885,24.41515583956142,18.23502727422614,16.535318693310835,4.986901977349893,13.161017398432751,1.8391100345637628,-4.5485787748795765,-2.0703588431935724,-3.2259444161505733,0.33541181845907975,-3.241115853615791,0.3845819050674826,-0.541570268869664,-0.05648405185942362,0.8731625705752206,-0.36021671600616,1.0253259041294158,-0.2103355769325832,0.361411622037608,-1.3719092554201293,15.597694757986737,-140.09411697547577,42.79850394076454,22.475538081929674,-31.02716361918548,-0.19920657578723677,23.716315026531728,5.276248549279293,15.28132882207365,-7.721173032103324,12.260399739038796,2.196344744469507,-1.2855636166271607,3.862908252252861,-3.9567106051836265,-1.145229171506366,-2.874909542445274,-3.375455836840688,7.383740913431937,1.6997872410491226,-24.309156999146026,60.267596806377114,3.3726010117804788,-1.8655404680332617,-1.7085886599715852,0.3705872581241385,1.6954136592379778,-0.8372495984170678,1.7158458911403591,1.771968250433963,1.0326526565223997,0.25878713482728966,0.09371494971634498,-0.04929060784938155,0.2975322497051316,-0.0809509296767239,0.15087104861441647,-0.022817312332371165,-0.42432929857654367,0.05710257285121889,24.41515583956142,5.845738135759731,13.05772875265315,0.6574972450414363,-4.5199970489987304,4.438179406544169,4.502239660572691,1.2752337676039147,6.309808462299051,3.6820040511166243,1.9035886331134106,1.7296089661912974,1.6887843225680563,0.42689302933511275,-0.1472602410153936,1.190201433295927,0.1449292047037778,0.5844070693142549,-2.0552163248977964,0.9813758557312029,15.597694757986737,-162.02818727175813,2.5466199898473363,23.55610906260864,44.828995565329734,-0.9063870344383349,-10.573209920589376,6.9950175871369416,-9.78345554543799,-12.720100925566292,-11.573729511782636,3.429717133613331,0.09699937046471518,-3.1523439845897125,-0.9577820593058191,4.832153972162662,1.6210110607891972,-2.714745114477259,4.245918711068654,-4.670233117481398,-24.309156999146026
61.11037942801254,-1.762061109423533,-1.3214983514450696,3.9524454332618477,-0.5891485216120844,-2.0932488807724408,-1.3384705189380908,-1.3598038955406895,1.0175820698158629,-0.7852626418971766,0.3173805753869212,0.3089262990038808,-0.4355825574977019,0.28545304408017325,-0.35029285988743286,0.5639120030099956,-0.01700922371624114,-0.006945243433458037,-0.48554578355136413,25.091332130070793,-12.510282697234352,12.330906698712669,5.497055277247213,4.618331584827322,2.6585692129320218,0.20560557322403872,-1.6745051973345717,0.5048128610607943,0.3383917629094648,1.3998031711572545,0.04454251171694068,-0.47957416228945915,1.923407034621936,-0.057565188969397774,-0.01577348333584716,0.2203000027450197,-1.0829953852408383,1.9438759442456632,-0.23977962364576832,3.592129670308644,-174.37250366633333,-6.183424309633899,10.770254968981089,-58.93481839606833,8.835402088079809,31.068307152707124,13.5222892260887,19.681752094784862,-14.079730785058011,13.083572706908885,1.639308751125904,2.4313774364273697,4.429166712589811,-8.799037040204778,0.9021610070514696,-5.1270658498160895,-1.9320680926162301,4.4365517240296795,3.9736199464610857,-60.63718655662771,59.952619475102175,4.908502836674883,-2.4685336325827185,-2.2945561127472818,0.6583812802058722,1.9273733301981557,-1.1061552473859426,2.2585101737755737,1.3614403117314282,1.0140461887548775,0.21007702802578487,0.5893436317507508,-0.2531810197258255,0.06846956521515368,-0.20726907606849543,0.045838487430845065,-0.0759624617321335,-0.7120993125508457,0.19302714149503153,25.091332130070793,-20.660567888590144,6.361421396752913,2.359565563197474,2.945841683077676,0.9036622118196518,0.7302407933118809,1.951763935552954,2.8743206435335704,-0.09796026109427936,0.6634991525435661,3.3905458551818963,1.6392825315604957,-0.6468040367863042,-0.882479572548944,1.1182586402093537,0.08265793714573744,-0.1706616507897989,-0.8885258636970716,-0.9357155383361084,3.592129670308644,-157.47916011224365,-41.634595379479265,29.577499960048925,43.13113699569111,-16.478313897420307,-23.130732817757384,5.649396355694385,-22.476238680651086,-22.392549426602677,-12.846306503617178,-0.7611620464232285,-8.924714635817077,0.8017278566985344,-0.4023851649318033,3.380159104326844,3.571458124967905,0.208711431934393,11.798308795757048,-4.088513770201059,-60.63718655662771
60.53855341201716,-0.9595691958172465,-1.7531446648962907,3.7361979603774644,-0.3605401876619174,-2.152296436668567,-1.3868881047086172,-1.4430124329405503,1.0771247747215502,-0.8635663687988675,0.19702279593919592,0.25098166891085816,-0.3587415123668589,0.26893229672788177,-0.22066137472396186,0.4842420641604934,-0.11759912418301921,0.23182578776318286,-0.4705543959125902,24.90436612610435,-20.819559544274327,7.714819186157515,1.9438939326348872,-5.9649923855306515,2.160704946945447,3.4794837206187026,0.947877098560959,2.792550243089611,-2.3435522774641253,1.00001919968746,0.4886955475143804,0.15846563728090945,0.5867767401132671,-1.470305253984053,0.5466580336126952,-0.48139228885536767,-1.3462944648368176,1.6566864923865443,0.015472546498997986,-3.478597348687199,-80.5755739190322,-40.66248406132575,-3.648245692852219,-55.98350786372286,5.6824622549406945,25.744432368006535,16.032316557980472,15.076438400103829,-12.482672742323329,8.964535541818032,4.740263386243806,4.463052447592743,-1.7237860316927551,-6.808014589190417,0.7247504274997045,-2.54361709222235,0.03412926310928133,-0.9306043752972002,3.791277939666644,-48.82173530264282,58.954032701765364,5.491467692823617,-1.7834652615726432,-2.568647605548963,0.7216465871656754,1.5489930885793424,-0.94841969430506,2.036833205231518,1.4073301748495368,1.0177305960097618,0.41687196258484893,0.4856290238580905,-0.18264339550106268,-0.2183142421522304,0.1578839392603406,-0.021336135949278523,-0.029596505642928372,-0.8341660270950615,0.016403133799510528,24.90436612610435,-24.581317707605216,0.9331760650843872,5.997747663034337,6.234259830133128,-1.7669880375470077,-3.0925712865536723,1.4180194794975591,-1.0656583502308803,-2.770960607568537,-1.862236311103004,1.3482301257011948,-1.5873491239401314,-0.19469993445091527,-0.4108268464496183,1.2851003391181832,1.221379436797433,0.10042268164954815,1.2437888247178661,-1.0920878317615688,-3.478597348687199,-44.53960761010628,-52.07404660905348,15.765524979493511,26.88145298308844,-19.679642076146017,-18.513069258981467,-3.6679614587489153,-20.513683996250908,-19.49643501372101,-12.517267291097914,-7.806886184739762,-11.122399558123586,1.8420352839898797,4.559031797070888,-0.5235861463911655,3.948763331579003,1.3588797204430463,11.015498450952613,-0.29381323262228976,-48.82173530264282
54.009234750295825,-0.47951662068230494,-0.5882469293429291,2.684469298882082,0.6815747877337035,-0.9828659792883052,-1.8020882671947223,-0.7726541505486888,0.5082321956032856,-0.24967140290100964,-0.1760307742159153,0.4478686143894439,0.02805632122914803,-0.11430769629148285,0.03900566357962454,0.32512204532073063,-0.4540812058146928,0.6057890706125004,-0.323719548335317,23.624044388566908,-20.489300131436863,6.301275701695105,3.4172722167799834,-8.92799230380447,2.8600645105596967,5.891498586556521,3.018452189984966,3.173798035393922,-4.482775920216099,1.1489203677940976,1.524930019046268,1.1446924943638468,0.07276773544901172,-2.028727745119406,-0.011193187876993305,-0.5493646033384543,-0.6714569866052107,1.0699437844824766,-0.1838949064507842,-4.830909858585873,9.649180146205545,-50.51131027162787,-5.414663968465819,-23.24809174755094,5.311428608950955,7.164102614218039,11.792280328974014,1.0267432618202883,-5.426532180072349,1.2897503626056492,6.6425362557158065,3.0152237185775994,-4.164381065519288,-1.2179179366906205,-0.747992207013914,2.068053368909606,3.407451751292373,-5.87694228745451,1.2160296028555544,-19.058432370599377,52.55368994272784,4.240303246866731,-1.0429436124850788,-0.5030947045257665,-0.2062035673829623,0.6564265081312239,-0.4192301070758,1.4925074610481537,0.9939485902573879,0.9348803124028158,1.3938365405759354,0.31691403994163525,-0.5110869169708288,-0.039741245403545955,0.25831666101669426,0.25860936448175553,-0.13873626441262688,-0.14936080137995633,-0.49206977226452164,23.624044388566908,-22.521880240429965,-2.7412166435288796,7.418469410940826,8.438359362403913,-2.6263092170022415,-3.255073742077856,1.061913643721125,-2.447643169836381,-3.9968867785952504,-3.252911914862176,0.14543821624163855,-2.5902589645628797,0.6673882736173526,0.5887799229424742,1.6788221912440005,1.511785524386312,0.709562680788909,2.1155780508021276,-0.3288705774956677,-4.830909858585873,45.97751566279001,-43.66579867136781,1.2073515172698377,-3.0916191498021286,-11.4190702566678,-4.059279108520062,-8.475467549765868,-6.67496343609166,-8.865324595832941,-4.826927463055387,-10.291723369264515,-5.106852695715208,4.471860706527943,5.175672371863836,-1.6749309732701538,0.4711268916027942,3.058364261449109,3.127211310047675,5.13071813808886,-19.058432370599377
53.816454169042466,1.0228901457103494,0.07843198045580424,1.073831842627464,0.36686315820975546,-0.5935390867509507,-0.6986737249983097,-0.16666037816374457,-0.3120847152413666,-0.6496842433465739,0.6660304867794333,0.7405138448731923,-0.5724519076290346,-0.25764053796959097,-0.11158108240707931,0.2228537155475141,-0.3708665925816119,0.5499433031445848,-0.4550385528237131,23.409501035969765,-18.063250968188704,-0.7811078388432593,4.2026706611573985,-8.057574589112788,4.5795935132202725,5.480690902457449,3.599320742136895,2.977782196734778,-3.4953407111398027,1.366593318974803,2.014519844524722,0.8778226266000542,0.006942581880660992,-1.5452634459449839,-0.00013164998573467201,0.1383496610599777,-0.3990401446957563,0.3330755142706012,0.49578735581570066,-4.601653128887417,26.452870805428,-61.50138985255235,-6.645863279491508,7.129859398753424,4.854088003335459,-7.202353047456306,-2.9048618486176756,-8.570789873772764,7.436414382080167,3.9581047944992998,1.916856779247564,-0.872709906533705,0.7923137349869331,3.968827886261731,-1.5033617586499841,4.177594721294188,3.2737240584714344,-5.03248053073384,1.8701775488370165,-15.212676396210401,51.67640271876167,4.173288839226748,0.42053835343508705,0.5128105509842213,-0.08061433685494812,0.7846014269946076,-0.47170242882335955,1.566018072388629,0.5702338073867148,0.14111743914692854,0.3410224414028118,-0.563744816349163,-0.017687626452337568,0.14622423178967225,0.32880637133977286,0.6551753284876778,0.0587809298326496,-0.08380414180305529,-0.14639288614978896,23.409501035969765,-15.493409493373498,-8.427975531732695,6.010807810916516,6.174470602882371,-3.6366559171178934,-2.7616377012231745,-0.11382181585462847,-1.286051629141427,-4.116750196993395,-2.396839478732675,-0.5512803067084542,-1.7576447084320492,0.6908145161282242,1.396625909774341,0.6481265845830209,1.404747076872992,0.8237347637464241,1.9504809433289105,0.5310467589998377,-4.601653128887417,64.45987045997506,-35.87937612736745,-18.521245808074745,-20.85486884346649,-6.828926714600678,3.592563504224875,-9.449328869386303,3.273277738526932,0.3976054900107857,5.300445004505701,-1.0926526989463001,5.8199635052030265,1.3636293165610949,2.5111018975916286,-4.0327106565706785,-5.691517986037008,0.9820969379462916,-3.354452231631398,3.009295540269546,-15.212676396210401
54.22677898378146,0.39734707066022157,-0.5286505657311253,0.8196323402346128,0.4771820607319275,0.07312173754701146,-0.17335161380076158,-0.41108090523213114,-0.5292011453107284,-0.31774352072627465,0.8453417394899365,0.6365064582046371,-0.2923434921421082,-0.46562441113079345,-0.4104295999843708,0.4199238756472581,-0.22610398281955013,0.3689678911170793,-0.5852511583211948,23.42330974584515,-9.063846912174391,-8.67678492460088,1.6603349287530484,-5.95942318715708,4.104839234270086,2.787053289413685,2.8959131453644673,0.9255685151483548,-1.7989801102888707,1.8613912928164076,2.602898491069673,0.6683592023397682,0.13113358097859473,-0.6290450613342427,-0.11637474504358924,0.94445571224215,0.1471033303348177,-0.33278971042361993,0.12807777312365753,-5.375558624890935,15.067544457066717,-57.051317889789836,-14.784480820302669,13.499148289170028,-5.185665511038017,-17.256496995577287,-13.476531660745383,-10.018659543076733,13.463060653200642,3.9663797306627098,-3.119241438845218,-4.743246511182101,0.5399848764125101,5.137036304931836,-0.4114261860899555,2.4474239619768983,1.1767072232482152,-3.1022458085383198,0.8987068841700492,-27.440765812446017,52.33049434638904,4.1969839417088775,0.13869926538382948,0.38389449018808275,-0.2536428662849368,0.6820322899515951,-0.8135570582662304,1.2700961552788277,-0.2184548938347861,-0.17410319024479382,0.3207208967376227,-0.1810989304270625,-0.00196476744151175,0.18059028971543944,0.5466808035137887,0.46347551740552295,0.23463016092453204,-0.029491229795785,0.10998986272184741,23.42330974584515,-2.215764164310997,-10.790902140522451,2.9567112478913034,1.4299267218019902,-3.871038976728806,-1.4648655536133992,-1.5200491916538863,-0.35296443505698605,-3.8577277642983216,-1.4826629951692918,-0.8055606132455366,-0.8289960240511498,1.1463690911880977,0.8016302352709943,0.599280030841858,0.22653756290935512,0.9968644388863177,0.32173373202124367,0.8180762353276185,-5.375558624890935,48.13262914788791,-21.720312490269045,-25.368059642280144,-25.295800938742538,-1.9534333789444989,3.360812705873579,-6.069663430946421,4.284203050414682,6.91706803031199,7.456447650648019,3.634374069887504,7.469775112659503,-2.201606695139431,-0.49698394526860135,-5.825491521017938,-7.817202396440678,-2.583323845354121,-5.7616416624886515,-1.5355268870330216,-27.440765812446017
51.39815581117999,-1.7885549609101394,0.31839248387650665,0.6398291451448053,2.0314529324491066,0.060055156142499566,-0.40159606033715,-0.13490795723144,-0.15182891039134416,-0.14623365039883351,0.6935964613486312,0.5955740603032886,-0.1950703147409003,-0.3280410688249549,0.00399043206516847,0.5060159795272186,-0.4311078080284687,0.516774134646194,-0.09189491301180097,22.70390688302152,-13.305850751191564,-15.546845426970668,-0.5005690630973989,-3.884347244477634,3.965361586757982,1.4305298454619675,-0.4432843034376295,-0.3687299336739871,0.032757008612343874,2.6228361344259548,0.9081397011264598,-0.039722669973903724,0.9537506848419421,-0.18573265274576922,-0.15243206712899893,0.8604949140014244,-0.11871259407111445,-0.15818702552732722,0.7945749811302854,-10.812611163639868,9.641969801870069,-23.592749447214697,-18.801802094093162,10.707107236957107,-18.850250660419505,-16.733229242373064,-14.254802408233479,-8.029242621968761,9.621718988882803,1.937914232848218,-5.363618082517025,-5.817148489264058,-1.4538061179529969,2.6407387887411007,-1.6954347953772508,-0.8716024711302321,0.6374213785369272,-1.7725101132555026,-2.803249464665409,-29.157520572530476,51.31892575324802,1.2991395795361975,0.6311172049511606,0.075093098535298,-1.072961721942284,0.1553713470575695,-0.8081671266371591,1.5050130435454676,-0.04484318160107348,0.373802607967229,0.6777896311497782,-0.14418684517358527,-0.09179721220160908,0.3698329451754474,0.33776516030330384,0.5786043260253337,0.1955876635617042,0.08113965877730811,-0.019103304193755166,22.70390688302152,-2.5044405156771674,-12.981669250102552,-1.0319961594782732,-0.6889582712991573,-4.559086514984065,-2.191393628673463,-2.0156635375080865,-0.47635884835711195,-2.6417373697116084,-0.09713826869659536,1.2774031909716324,0.44200115840551657,0.24762431504425964,0.7382989461819358,-0.19148390896608491,-0.9817555754825926,0.4478202715739896,0.46348486829260915,-0.16091346803843898,-10.812611163639868,20.485860780790098,6.747711198475894,-21.84061319439479,-15.958100437065802,6.41192466910183,3.2767389885005187,-0.24902188616903054,-0.36284461513653277,8.615180640415259,2.104672180741113,3.5162012100076327,5.034663922834488,-3.6602720623295664,-2.145008840269594,-4.0056399260089375,-7.041228050803705,-4.354373379930148,-4.9318567424335855,-3.6148406135609967,-29.157520572530476
50.68646047313987,-3.412186529672501,0.12194028332324391,-0.07824094595512854,1.901699517749071,0.08386354397181206,-0.5026705268430685,-0.3257461034406637,-0.471385761966161,0.42929894703332394,1.1116354840343223,0.8545181078442798,-0.09506768472562177,-0.3936299615309222,-0.07696746617829398,0.6557687694519534,-0.35040893292385555,0.45597879964988586,-0.4412524816794443,21.289062152595562,-15.334228011402075,-14.84151444913611,-1.6233483312439518,-4.265031831537032,0.5743477182718335,-0.7116693827343816,-1.698511117600463,-0.16227567094006146,0.4847055465081489,2.5039888253998765,0.5184993713227901,-0.7681581129402248,-0.1306438778253738,-0.13997498925309548,-0.14075607235033893,0.3132747511792715,-0.22326715029342403,-0.23554784988771904,0.11606472297694803,-15.445813747432656,7.464644223526143,13.776746626545142,-11.465281741981043,8.704152418981462,-20.36805598413128,-10.574539901163376,-8.130877326053964,-2.061912290490394,5.070914764256566,-2.322821388372428,-6.411997646661913,-5.784507960489812,-3.1849500415604353,0.2836393386160805,-1.2428405684802821,-3.0528206924936114,-0.14839924907416746,-0.6811847044447659,-2.9757969692379715,-10.775264422877935,51.62454634332917,0.2819268064507807,0.33012258570253605,0.43072738259969023,-1.6455493632036973,0.23860877129304336,-1.0110223539958434,1.3465277579412414,-0.6273767973978788,0.07720623040801966,0.8226726390796839,-0.3073629576717285,0.09915242149785586,0.24926951553906362,0.5534772819558578,0.4101636471676051,0.2912925881660047,-0.0709658356595162,-0.14667644557872928,21.289062152595562,-4.950050155334175,-11.324526029478474,-1.7441584250018516,-0.777826669876593,-3.141810607541405,-1.8597894254159222,-1.0219972109253566,-0.7103880350211975,-1.2758591770801488,-0.6745386945562064,1.0482835023453474,0.04480565834808936,-0.2118199734103805,0.6694514321043761,-0.8141183224904156,-1.2035643476562345,-0.3941419958019341,-0.0217447429240476,-0.7506539074930403,-15.445813747432656,-4.241742076673738,25.554288708731427,-10.312051764480861,-5.123916241054406,12.242901697373098,2.666741024355188,5.144664973773876,-1.9362477271700236,9.224639106890248,-0.7762215748623769,0.7817296720237521,2.781553106750768,-4.59766901063478,-1.1522021773693591,-3.1662850359534556,-2.56158447203887,-4.724349502053205,-2.008937787702771,-2.5372918253079133,-10.775264422877935
48.93368804876748,-4.845765767608624,-0.49714797562007984,-0.41940513651648237,1.6372852230801747,0.11635493276763276,-0.755656420195971,-0.39369274589647185,-0.32461390260747836,0.28821258998660415,0.9869534650704703,0.6116466850664191,-0.19421446891630678,-0.3865040891424112,-0.3545281828746172,0.5351787256458787,-0.36807041456501643,0.42734433611451794,-0.12975040057944565,19.070319250774624,-10.107075517639828,-9.495117800182994,-3.5563887558906813,-3.551216648444259,-3.0802860589903536,-1.136562382655049,-1.2308683304973793,-0.49291702120539416,0.17367595490308885,2.0142516691071775,0.3749103631396513,-1.3124929603919786,-0.5890717476938532,-0.4694290876150071,-0.8356583840209852,0.01813890602630086,0.10485578488682812,-0.6018004726251005,-0.899830851443649,-14.145285853881795,21.15319226222364,31.492379028911003,-5.008701830083746,6.711989493443188,-16.174165696551956,-5.799401949518037,0.2578792120778024,0.7698532792946198,1.447833832349283,-4.736842600383039,-3.3442357633793467,-3.9149254452002684,-3.846648162459686,-0.5246912290301164,-0.7429254059048747,-2.516594469233403,0.344050887391941,-0.8028041163489752,-3.243068070862602,9.780475601085573,50.77715646245302,-0.3600172181954795,-0.19117138646340281,0.14491496912883894,-1.6642043458876001,-0.08938362801284816,-1.3808015497125963,1.2896228468788662,-0.5461739256875431,-0.033106405527775884,0.7287481657175974,-0.27961222352407167,0.055565936600108445,0.48103409196882807,0.22966617763569586,0.1909534758653404,0.2543598519989081,0.1686755952751149,-0.0985164660187201,19.070319250774624,-3.88333610746686,-4.787307988016737,-2.559063949834301,-0.7007029198112389,-0.7953077671606787,-0.9258062710716537,-0.4873587493034086,-1.2887621367275877,-1.1000941703948515,-1.7485655386686614,0.2798982404999202,0.3227864117855752,-0.46022698273732,0.390210891222853,-0.6479942017553109,-1.4008159932460655,-0.657948708874524,-0.3437081904152366,-0.4920084763703312,-14.145285853881795,-0.9826310335705486,30.955049278084644,-0.4991914735549412,-1.2227340109326086,13.365551131647685,3.949710522052719,5.917716989333668,-1.0815542316348585,6.510644484968636,-2.2663652108939445,-3.350919790282026,0.935355732743492,-2.6790479523936463,-0.9473298022706793,-1.069735881798185,0.6329021059363891,-2.93877601309413,-1.742640891089828,0.21741432408874184,9.780475601085573
47.791898859286675,-5.4948047505585915,-0.932554501604808,-0.783266434703259,0.9614397745523102,-0.31086284213274595,-0.8455769926715826,-0.36282634636964595,-0.20045587594858683,0.7170277717809448,0.957912923290412,0.2443910893529595,-0.35809335396709185,-0.506380395598613,-0.3015483286896474,0.5619798781775638,-0.3692562546979883,0.2959088654390578,-0.5082910530488984,17.51719668825227,-6.930912417187187,-4.814275424722147,-2.544396095840832,-1.7739122756830374,-2.556364934921386,-1.2166705471094947,-0.7757335041326399,-0.043294086331138626,0.6660177986940399,1.0042728312895823,-0.336485663267879,-1.5875096326961002,-0.6899302235337252,-0.34537717459158346,-0.39618187083773715,-0.16077663001709408,-0.03888048368123731,-0.4515753390971162,-0.512617795208361,-9.09685349120894,19.982794288882417,24.735320424288773,-0.8301028691439116,6.75954348446921,-5.737504182317471,-1.090110493204672,2.300690053300386,0.6875861040921012,0.854966348162733,-4.0094108260381836,-2.4213660955888683,-1.913719711815872,-1.219431167256575,-0.2867524576535523,-0.07137508379154833,-1.127018298436126,0.22503706465630802,-0.2818298448908101,-0.8701519801353301,17.746352875120287,50.12635391411945,-0.6357006741645206,-0.3222356514098146,-0.03992978004698422,-1.5289268580829813,-0.1254849352211571,-1.03823845219119,1.0225972361015296,-0.6057191103316257,-0.3079180307753946,0.8193833806263868,-0.0909834120777746,-0.18155632854756076,0.45971543237093715,0.19367113360238486,0.05551876865740235,0.008173068804963046,-0.08413156950671219,-0.22563051011219026,17.51719668825227,-3.6471874067530194,-2.1109384171996437,-1.435780739171113,-1.126159074469172,0.3685224980460502,-0.7642887202367099,0.28813090113071294,-0.91488665445676,-0.01622981051157657,-1.0450601476144472,0.0840566980021955,0.6213879026342048,-0.7985397652385025,0.39957317406585613,-0.7556073407402568,-0.8447244642283436,-0.8124258219160283,-0.27913863247621906,-0.28502217316039213,-9.09685349120894,2.8418741978761517,21.103544795374752,1.7400385823246651,-1.1221209638430913,8.18449647638164,2.3525189611933683,3.3957458745462605,-0.03512175660029726,3.6031230930204194,-0.037537515062267435,-2.1242951511840285,1.4517659794208606,-1.5117523661574261,-0.5303942332340368,0.009408824515371617,1.273771295873504,-0.9910447652696928,-0.4502182211653254,1.1382497718752353,17.746352875120287
