45.39290746249137,-4.9081516382413035,-1.985640533932525,0.6849649353103704,-0.8187643357743295,-1.8465734778570864,-1.7139585044277634,-0.49006766929178625,0.6147541873348545,0.24846791084081898,0.016884942320834373,0.41140127543887006,-0.12850674303283194,0.22176374653027953,-0.24619850191176407,-0.1399824608261413,0.29849550185885954,-0.21390715094065627,-0.29805372185515955,16.69525654286487,18.037198742706735,1.3527870969334659,3.573378376541187,0.7417081677038171,3.905752638496533,3.455386285828949,1.0969304138113403,-0.0026344334120302904,-2.7957670503343506,-2.1421266121361096,-0.9179688135434803,-0.7946619211506127,-0.8491000683249808,-2.5607327269693902,-0.9434102770099904,0.4864724114436576,-1.419860600914019,-0.5183564816712225,-0.45457023448850875,9.885406563117648,29.74637506824756,-21.098654083218534,18.800511864501594,-3.4728023445162655,4.349949562089231,-0.30305399238784947,5.092960805061116,1.6752045880812738,-2.335503061034986,3.681386903692516,-3.4059235237987573,-2.6903572462808616,3.3105056186310833,2.53661471524335,1.2240140057821773,-2.3682383965946014,1.772893802467264,1.8481390619026066,-2.766274338199449,16.808544350869806,47.08562249598466,1.5670944416474888,-1.780227733594982,-0.8328239409761022,-0.7062785712582631,0.4681628824396178,-0.24774346143802228,0.5953803880246311,0.8258486682088608,0.9417695372327208,-0.037058325563190664,-0.032707948848736956,0.25818329594286493,-0.08055506218425545,-0.47481798709964407,-0.34339785490719654,-0.3444653147974932,-0.18352524748010968,-0.05153053555374221,16.69525654286487,17.460069796804305,-2.2902963875397866,1.0671402794218459,1.946711184936551,-0.840533095828814,-0.8992454627789268,-0.17825544957001282,0.7292686362506835,-1.0809223973975794,-0.4186870629935209,0.6818166827188943,1.141363701090309,-0.9766305770182804,0.1358385426208535,1.4225389819857337,1.7360977097919892,1.4637863714271417,1.1688820575098853,0.11580309304797898,9.885406563117648,49.34940675550074,-35.16945389017276,4.27117215940498,1.8419766897072778,-1.632582728399027,3.0436574587034477,6.445702171998631,-2.6967323605349875,-3.147730924317496,0.05978696636686642,2.2286108674101452,0.2644512635156413,1.4457561496127513,2.22349832902741,0.2988913069093502,-2.7645686488051346,-2.631417851644285,-0.22716520800358575,2.45491765522833,16.808544350869806
49.527473710078965,-6.4952616075742835,-2.400423791556021,0.4514563702187928,-0.5145853453724083,-1.3594804770111821,-1.4198523985400788,-0.5538711628764021,0.17639202223634554,-0.024707985594664805,-0.08390676903982275,0.34358359717895315,-0.30818722975839297,-0.04717459255300627,-0.41512328903905615,-0.12581424050246115,-0.23041955512828327,-0.16653696616208324,-0.23764241658587637,17.71176043927234,23.230940061087836,1.954445611464667,8.597746092525854,-0.04762528076625605,5.880590552450425,3.6490809212341864,1.4754998925475187,-0.9289590947130928,-4.91237789573178,-2.352031385127458,-2.016260316757501,-1.9273768985189292,-0.5727968014298201,-2.1708341021860145,-0.7379533954551705,0.07420782795929104,-1.2743001916642673,-0.2977086935385116,-1.586027313913842,14.813274379616782,27.40629765137234,-53.94322488754394,10.137643093781818,-8.531760191705635,-9.557294417609317,-3.521478105295013,0.7771040899002601,3.8439159583927927,5.339215646186586,9.191582792152044,-0.7261187922468806,1.1949122855081766,8.337445587406009,7.157611718826159,3.8158850852329143,-1.7293030237293625,6.0915944584525175,2.838672752465913,-0.1875574494072889,11.536955637047729,52.123147135432795,0.6868053490632682,-2.3749677873363746,-0.9386968765934429,-1.2289013771946502,0.3939894983275165,-0.7295022486886822,0.6227337240303981,0.45977324328856484,0.5782539853489177,0.014774103049103982,0.14702519470756914,-0.14669830701756603,-0.05093147275728804,-0.307278254023885,0.040978983015888204,-0.06772878636460855,-0.1970487959420817,-0.2917380494527463,17.71176043927234,23.762308054410113,-7.129260583886126,4.4762294497066675,3.4776974615575806,-0.7477659726627093,-0.26120977936350576,1.5188626164335268,0.5286951099152404,-1.4888100675728682,-0.5665379070595415,1.8004253344901968,1.5995889125418985,-0.2211435251540983,1.1816895473903726,2.078086898658495,1.5819586439641942,1.0854917020572847,1.476018018406929,0.602647298265245,14.813274379616782,67.50741811089316,-49.378324780411575,-12.602723200263943,0.3737012820624521,-0.43379776758022315,0.9370558266111417,4.2328411629329175,-5.64801737016752,-4.163359986843766,2.328521145176201,-0.731688462422327,-2.219677122143368,2.057683721040183,-0.22460778286392635,-3.9760924806491995,-6.6633716501890925,-5.306377848979949,-1.8851196942544677,2.894436806407258,11.536955637047729
52.34422371005095,-3.4382031051080806,0.008440283149816707,1.1725733017080677,0.9820224882729764,-0.36242683536556397,-1.3125463504659356,-0.45948313920549344,-0.5639482552830661,-0.6860074470094939,-0.3917036087705772,0.04797915399352215,-0.4632165338325418,-0.9241334474127727,-0.6334412468531132,0.09616963473384743,-0.14697727010457862,-0.496770484165554,-0.5555444917340555,21.129707876219957,30.313515617639965,-9.497369201941401,10.461450450799651,-0.6000262803192791,5.093308462564202,3.2070119719324053,3.454126076973809,1.2981301912791379,-2.9052131581531286,-0.19648077379417694,-2.0717848238358485,-1.5734830556068853,0.6680011075429806,-1.4873746817394031,-0.43413171489631175,-0.49151449511145984,-0.6061939043052631,0.29538915521372533,-1.2719788638755665,15.825744830302984,8.267983375822567,-78.5366227022669,-16.773467449041526,-9.270448318354775,-28.579633710530302,-8.808481383219236,-5.142451957318274,4.566844181784276,14.467590714603027,13.208339384282208,5.302043168690577,6.162001005322908,9.590461034040773,12.27145950101098,6.2568311262674,-0.08161081497241818,7.453089075894805,3.9426808809934624,4.739332373390655,-10.24213125612819,53.29689507466274,0.8620907941697054,-0.9492875670133629,0.19346811930084362,-0.8652337162044765,0.055626843106205026,-0.09599179259769874,0.9463380381470894,0.468425181970219,0.914183781677862,0.27793380149010916,0.4481073299182645,-0.027691191086059774,-0.027447585587312417,0.15268163735534324,0.3324625810272557,0.24905960669963534,0.40767755550581897,0.12647476791974932,21.129707876219957,38.98365404575177,-17.455541234452998,1.498181773981925,2.102206391479675,-1.7032080216113799,0.30356542486508653,2.196036603427533,-0.5188107808490887,-2.450844024468683,-0.31486815777707733,1.2368177905383158,1.044476727122335,-0.6314960281439956,0.724662204749799,1.244210677104028,0.43088291830331915,0.33722478028992753,0.9017314730595707,1.099839818053511,15.825744830302984,58.24858621772361,-38.80181313015541,-36.91160144664492,-7.135029605238194,0.4121232552510907,-0.7590600656634483,-3.3250748151698954,-6.256540221152386,-3.05926923204592,1.4049398648246099,-5.1266514520638236,-6.099461517892306,1.2973072346575376,-2.3929569820832763,-8.273910125916958,-8.898148051418914,-7.088354752292001,-4.7764717284497,0.811598029400575,-10.24213125612819
53.5327193692555,-4.665903099075582,1.3161921037892315,0.4173481117283937,1.2211375284272301,-0.7641063384857545,-1.176914635134918,-0.969839481691479,-1.2520835392220748,-0.46031010279775364,-0.7869509405122104,-0.3705761130979206,-0.24755024834788708,-0.2907047075912015,-0.42155382716867473,-0.22095459462649014,-0.11591820799155506,-0.22132983109746318,-0.9623219938726326,21.884668065995715,25.60218913092629,-20.19374719740107,5.198163886302865,-2.8533047041374524,-1.4666724823419597,1.8188343901297142,0.3068846271802359,1.268941233438782,-0.0714361733316684,1.4808418647689465,-0.7041202045207364,0.19220478883161185,2.561072137444043,0.4813941098286951,0.7098929845496273,0.11081435285653507,1.2191032800078616,0.4941070761192601,-0.13964464449862435,12.683715248048845,-26.57788031457816,-41.060515735089034,-34.42802519440191,4.6353685994182605,-34.51073624235602,-9.692255823129164,-12.178468651066535,-0.16766103828806633,14.902511533974575,7.286787785714976,7.316347014649434,7.539257544189904,1.9849805995621752,7.9750394242522,3.0792079189567727,0.3209540745805346,2.9324691621095105,0.5459015224070014,7.4834943713278,-32.136156508829316,55.861140233850676,-1.6450340265566825,0.04241690796754183,0.39287875966421515,-1.000683985116511,0.5438260124245713,0.43581201235857936,0.6842491179210222,0.2601553775417478,0.6722934614803795,0.7056582781552578,0.5266788680387116,0.29054877688027814,0.4837359732124593,0.2504756500021097,0.10965124910767443,-0.09848192451741511,0.25888236023039046,0.16079046184213452,21.884668065995715,40.451986727777154,-19.39683635428897,-5.449742067990165,2.055814222696215,-0.6260945167276426,-1.0321229932953626,0.7510191053976727,-1.4707003402831904,-2.4776415772839107,0.6936640569863579,0.038471897598020055,0.07996862700261209,-0.12035599093533111,-0.27087717987558246,-0.4763431058980132,-0.9429807195582218,-0.6261217574942257,0.35989750260780884,1.071003133748842,12.683715248048845,-9.001536147795797,12.715349320778648,-44.06803371062381,-8.963204542450626,5.128060988449311,0.8012196500987976,-8.924454854350314,-1.3803548070958236,3.327780590385059,1.9997035918282564,-5.910327903063646,-7.559049089123783,1.433473519008791,-3.1085832151579593,-8.39214282249598,-6.328130460835393,-2.7217957905431733,-4.237510301519494,-2.6688932985432405,-32.136156508829316
58.547042441723086,-10.571515493461355,1.386776743794674,0.4020059243959304,0.8600284586079527,-0.5407545611535975,-0.10836434764343927,0.36698158575532114,-0.1236146110124996,0.36802858254527493,-0.6674853838608961,-0.018260397226135705,0.1751753200334054,-0.40015853682032443,-0.46004909029511065,-0.3381695313198567,-0.06185212386213612,-0.03881614086610363,-0.5717033651495647,22.521675144654672,20.98556589569879,-26.84142784976712,-3.1135642448680816,-2.4906762797879725,-6.710432699372426,-0.033731140228433265,-0.8899879321641553,1.1818374934041702,2.017557445767107,2.5456064550567925,1.0769827146834259,1.226547737835571,2.379195979258474,2.2488829175287455,1.4610820961213107,0.4273637415088265,1.0599822011973192,1.0570760739966227,1.19190461749921,5.829120500837522,-63.09678363313725,56.107642947082525,-24.599971989728076,19.429091401711617,-18.73483742606813,-11.250139759917955,-18.784140694171004,-13.59555303883038,-1.645614560202414,-3.8980229602357683,2.6865389699197255,-1.6952046732205281,-10.143359054620177,-0.8243352594675131,-1.5182374050093628,-2.1470982670332996,-5.207427196229765,-3.2780583194050257,3.250575453422689,-34.70499001486299,64.7084529696516,-5.994756487769035,-2.239829194255978,-0.4475085633650937,-1.6719912781030226,0.5450273378236337,0.2676177097521135,0.3052173006547747,-0.2997644111520721,0.7373157202784513,0.2359084821528903,0.2997035780468593,-0.27618826007805497,0.014442317205770383,-0.1315896005606274,-0.16229252880143008,-0.16047635557612616,0.03937491096343959,0.2721251178255728,22.521675144654672,38.23952356898259,-15.557415067416072,-12.425674685052197,-0.9098619982518632,-0.6953071961708019,-0.8933188886447225,-1.4568711016370335,-1.399303749226294,-2.116141258565018,-0.3463181126041657,-1.000532324866929,-1.1485569150862007,-0.37837072679889516,-0.33435658478780717,-1.4372010786944909,-1.4505066341562602,-1.2245842749431035,-0.6612935488154046,0.287424190006468,5.829120500837522,-109.89025247358005,77.9372512882386,-10.231495275322775,-0.4133913964885232,11.090006659464665,6.291584108383553,-1.6931444394881332,7.056668300873203,9.498970868603594,2.3413943312506413,1.7364300458653055,-3.254291267183171,5.1159067735992405,2.895006699776991,-1.9508754156083061,-0.2745849620989711,0.4205480382746367,-1.5605255255850552,-5.103793727367061,-34.70499001486299
59.22715890970604,-13.025479012098181,-0.49051007872701735,-0.5899122931938647,-1.1869245717108763,-0.36089941905230827,-1.868501086361209,-0.33263290863741846,-0.07949288656477194,0.18869493201242404,-0.2980759837550315,0.472805767204588,0.653152912030655,-0.06846499293488284,-0.14687287504324376,0.14676251895265846,0.3365695117544263,-0.1484605997521784,-0.29938530212743397,23.357634429079404,14.605974764769343,-9.90378293216699,-1.828759156841235,3.215384018677221,-5.47290698775927,0.4233245657500233,-2.4416774284167664,-0.9546432649196421,0.07749256929539117,-0.07968110669545458,0.067529421307579,0.4422364768547946,-0.43590393750647927,-0.05144318969398887,-0.14595634148559533,-0.22475425306058483,-0.6411536633608033,-0.4056013917264596,0.9237781310626698,3.743508289934855,-74.2387476226109,132.62168087862224,-3.6495197739577065,20.372712407697904,11.78058436335025,-5.333031719656082,-4.1483403868853586,-14.21896978519455,-14.288258959576483,-13.315349311767134,-3.7802952078557435,-9.260278055096823,-16.41991272625158,-10.267890876040981,-8.85261135098874,-5.880769866954973,-10.886082028636139,-3.8886776789111144,-3.09266125190593,-25.94606840630451,66.64336155182694,-5.583189187111845,-4.45456800771015,0.40969857608763327,-1.1385698546091985,-0.3667722456788791,-0.535797447164752,0.2079439226349602,-0.39495274879224507,1.013520044541802,0.055022711516723444,0.2612113841445778,-0.08262776798923399,-0.20731501409162068,-0.40331418801490626,-0.18313382184887983,-0.17602168397384066,0.16705127763301242,0.17093834246876294,23.357634429079404,19.633605218896804,-1.7206490070152647,-10.595859176088176,0.5021293851980366,1.3123141088416572,0.7378422024407976,-1.1169109582093468,0.27876419055593127,0.007728844667828749,0.44903886626813083,-0.03606355933900396,-1.0834188109157248,0.369030583677747,0.1569073345801959,-0.7772786346902354,-0.6414118102237127,0.5054983344022137,0.1387753785846697,-0.3255915369828537,3.743508289934855,-165.5926799214423,103.94189555305891,39.92727913999537,2.034083354388811,10.354689837878698,8.23110766526038,6.316843800160987,7.737035951539564,10.880552922584796,-3.828936510581586,7.033324484166828,1.2159003971891225,3.6226445412635186,5.217941427872015,5.697310466055235,6.2470274774912,3.664662036654253,0.4428285331263555,-2.320470028925751,-25.94606840630451
59.98978688767507,-12.67912907348034,-0.6449907480260997,0.4308653642752107,-1.169162811344183,-0.5808958651965037,-1.4117470909348677,-0.18716767903043863,-0.14146485872816417,0.2622932631138135,-0.09764972980745368,0.2395620827600533,0.2760298756074242,0.08918815402344071,-0.04024067485517335,0.12599294869868638,0.15676997062109033,-0.00466706283988505,-0.2910605288570498,23.307784945096873,4.263230984149814,13.411470138982821,1.6749259775076646,6.080175059129193,-2.2709929977612062,-1.720302995836727,-4.563663242313191,-4.38785407895684,-3.8024848095678654,-1.3652307681798606,-1.1143401517901435,-2.5461012362287407,-2.905190382291847,-1.6331236617118177,-0.7653257543833818,-1.3972793256695497,-2.279779030735813,-0.8937857705659278,-0.17840252494486908,2.9433533019284823,-64.10906121654034,131.1871296932374,5.429302257622581,-0.8192639743234236,28.159544572880076,1.221931166223238,2.8585128224965364,-12.98373969528593,-15.926628732303763,-10.803170481945049,-6.4505714854231035,-9.900441593034753,-11.24153162133936,-12.094968314632824,-9.384381061329389,-4.334776855096413,-7.6689856894783714,-4.809060435030653,-5.797453624588711,-10.356307371627082,67.0255462001659,-4.947539159260749,-4.913632451700616,-0.26987278803679704,-1.1439443795435338,0.06426652783556897,-0.3386226136545498,0.48483876117697333,-0.26209138414529365,0.5704114338450679,0.1029854223759119,0.006562614322231042,-0.030288282050751292,0.150899615670824,-0.23902398298339422,-0.24639820057259731,-0.32446265104370364,0.1229463223968057,0.2651129226096691,23.307784945096873,-5.552281436598079,12.674990736029445,-1.0445073096304567,2.6723531119845028,2.872590995336302,2.564374881188783,2.2834294154869763,2.134791104167952,1.0559561988572441,0.9781416032073569,2.1423005419394805,-0.0009751875100820762,1.6817640713490851,1.9582732974104053,0.419240733695986,0.14280598258657906,-0.018311246520973823,0.23202977227861266,-0.7537597102641718,2.9433533019284823,-147.45203142814302,79.68042764807826,66.74315844623625,5.748309275231382,3.981102359150579,0.7678266408684924,6.646219609476242,-0.23561550065485948,5.381994882756361,-4.319480772709502,7.354010345953064,7.064643886750158,2.846939041352811,2.3946260618614086,7.430842031546092,7.900487455189248,3.91316591643464,1.4816075408452916,0.39520801391189164,-10.356307371627082
60.11433452866418,-8.563987775149585,1.4176962712790009,2.010610401127364,-0.5007203304763368,-0.5323734035892898,-1.746061977697587,-1.1700864817584202,-1.204412130716547,-0.4472829964297502,-1.038104056885142,-0.2783691146636178,-0.5159294948881361,-0.5610996478600785,-0.704436205631441,-0.5654129611660541,-0.5458060869135699,-0.44120506597380227,-0.6407543464875551,23.363367310742042,-3.1560172246046747,25.990644247535084,0.9791588881361393,3.0476258302529167,2.2038998485275565,-0.0043955418941799,0.06955208881207442,-3.0556978729779876,-4.305544525452424,-3.221414179496294,-1.4986063752118235,-2.5516097516846434,-3.006691044906587,-2.7115480385715136,-2.603208765692396,-1.9172490470317634,-2.5540571183436422,-0.47480084105502174,-1.0008216992295498,1.1535646443511105,-19.186398183417566,28.954177149622637,-14.164117915484049,-20.928346778147613,24.640541962724498,5.668941508899014,12.682465609909489,2.0400854558889705,1.6287574421027173,5.403089359990259,-0.3404133961175413,-3.1725441544186035,4.676533891981519,-1.28230433147584,0.12329914559455446,3.0672294719911273,0.8784873793722798,0.14703762868988912,-1.354072375338112,-4.19990563916431,64.51939622804193,-3.0289671943184575,-3.918611051354227,0.5551255645990851,-0.6085503799754268,1.1531275186390024,0.18047669495723762,0.7338204829378885,0.24518328637227293,0.9802650378311366,0.754088028374245,0.1315399444431633,0.3521140797054998,0.49396099127003046,-0.08444647613162459,-0.16900182011859832,0.23626039041748048,0.28648434380604226,0.0015007909586595147,23.363367310742042,-20.448450730153667,18.457908520517734,8.82331381429665,1.2817483447724376,2.767301306458154,1.3545839544180742,2.039290746916161,0.6307702087894684,1.376586155297356,-1.8830340562101964,1.9837177062782296,0.114127961809114,0.6608988806224381,1.191778592961319,1.444091220934366,1.3838767108159584,0.603072746621836,0.13465010862397797,0.43136006942128624,1.1535646443511105,-34.826059098146764,12.07611433429678,40.046502539488884,-8.915019811289932,-10.888755083588416,-11.91340337728144,-1.4137385167095182,-9.74530134936608,-6.277904334334104,-5.919727900242819,2.0586690720441867,8.022222496871564,-1.846733641426372,-3.9210299644437936,2.9199585649286703,4.30630622820283,0.009647731711989627,-0.987390818039857,1.5781337632467967,-4.19990563916431
60.23507012431892,-6.096526042444243,1.2701365575454973,2.1418321067999124,-0.6185701608899201,-1.3151690668034703,-2.4514155231318457,-1.4082186671625982,-1.4623973937205448,0.003402162676431786,-0.8546414231909125,-0.9157235744064032,-0.6928786676531224,-0.9704030402136354,-0.5639303021927029,-0.6807214540952753,-0.7605538398960445,-0.3393367930382556,-0.4902201054419386,23.990485354787594,-2.187968717884374,20.80492340700055,-1.8028721385454785,-2.816429172737532,3.5309361689241996,0.7910944967052873,-0.7163462795303075,-4.259505050209622,-3.754238373010867,-1.2851122495153127,-1.3652351297684246,-2.226749944412086,-1.9561762777111524,-2.468548815348904,-2.002482222439983,-0.893777289053791,-1.818058916050447,-1.3128544188544229,-0.7445222796490358,1.9459386378158534,33.03375957914806,-89.10819340472236,-31.71358808805941,-21.33040692614911,10.157560732055348,12.084065316640103,16.67017708857239,18.150190379032086,18.86479203626217,17.761334864216632,4.784594456043571,7.257172909502408,16.456216443486742,9.00378752802024,7.253642647781442,9.660118672504916,7.304356927980502,2.7542450608705407,4.1490889442769525,0.3249386992097065,62.99429491324507,-0.9343721161510059,-3.0300613272491677,0.8159544983714317,-0.5007055177517574,1.0672648962590845,1.0511953464346069,1.1096745725872865,-0.09185432930570903,1.2430140252374624,0.9575260946938697,0.3640517041425255,0.3473228517491207,0.6429409632301475,-0.08140308965427523,-0.0979555383732813,-0.37577301603227364,0.095673264016231,-0.020035961551461368,23.990485354787594,-15.445464170563689,14.19351999285656,11.236318042873519,1.5744831595766269,0.567750384596239,-0.8177764441991147,0.2881378505383334,-1.6931145086704924,-0.10957247250160096,-1.3400220377197534,1.6665822153009862,1.7849916419264589,0.8991646454051647,0.3455208169523356,1.1675350092662546,1.4870928329185285,0.6832114771644053,0.08157285658758706,0.10655239376034387,1.9459386378158534,89.83640162554408,-53.13468129651225,-18.550441416944608,-19.951994508541222,-23.550545397980994,-17.653357574439674,-12.063768821536058,-13.762634226739436,-12.583462358988964,-4.259730166634792,-4.530147785138283,4.94820921587648,-5.321963984761755,-10.16412546455122,-2.782086219284389,-1.5512079309207247,0.20169216161450376,-1.1357997212405868,-0.17261049713293475,0.3249386992097065
57.52650867908178,-3.3214584038486885,-0.9584942874447462,0.07841725067024274,-0.3602709726742295,0.004039410804085097,-1.3138908258566828,-1.2499563510603324,-1.5717988817947939,-1.2925666075170321,-0.6688833246692139,-0.22535628005450548,-0.36573833879236517,-0.8944434151021017,-1.186632444220677,-0.4085048031662424,-0.4817971421588274,-0.218526155180504,-0.7002163634497645,23.5930665464096,8.238375524077654,0.8765790086354635,-7.171919056556688,-2.8004872544632233,3.9463994102602773,2.002096573928523,1.975896895146536,0.0012249486512341257,0.8677480720682507,2.581804313967401,0.02277021223794895,-1.3037112462628344,1.427855956193933,-0.27488277861336563,0.5342714653399825,1.0571094646270995,-0.43277003101734635,-0.12254825323726748,0.5298018207456971,2.1422628024090145,50.60025071454985,-134.7437423957125,-20.869908440988244,-2.270730128507437,-6.356512159373913,4.287360342492674,4.298924160453312,20.407929498255914,22.071741655907793,24.605798677818562,7.692124990142918,10.565689317247385,17.7746694715702,12.875550246869313,12.524085683394208,10.829120736334838,8.80794446362098,4.19121841076461,8.070680357824829,1.881725280084133,58.434761830210526,1.6391815515921508,-0.9846966627875493,0.5076591052697377,-0.07653863227600954,-0.19097945268159977,-0.21106105375124962,0.21091112132453782,0.2082218014366406,-0.26429827925949345,0.6196112284968593,0.13953082013898754,0.05901610542204905,0.14255360860937705,0.2399209757877172,0.4345832024594414,0.15116987183136232,0.24801286113528875,0.5291928192599713,23.5930665464096,7.167167036806227,3.5581435317195678,3.2869794174042783,-3.4064455442429917,-2.9796431275825195,-3.527783823505973,-0.8261344340897845,-2.679933677707887,-2.5484589868198007,-1.3517432633897237,1.2311301400023367,2.034709022801787,-0.1630365240634788,-0.997231407412666,0.30855350998896536,0.8395978787117278,0.15956083841551894,-0.279691572589746,0.03331929262828681,2.1422628024090145,134.03744828158094,-77.47892010138092,-58.89852745367948,-14.749101013345815,-23.52577764725295,-8.247525156008829,-7.458340172645393,-4.610214423791686,-12.025379587412234,5.348610020056915,-5.240518130968539,1.961351560791496,-3.752383231830299,-8.116530240122668,-6.826346607300421,-7.1817158011764155,-1.9211764339344672,-1.3534687750751642,-3.6980777882091003,1.881725280084133
60.18971545352409,-4.897932055630513,-0.35833153793696537,-0.01125264686499472,0.5260805942168632,-0.4535550240405475,-1.9860058066204735,-2.2769852694842934,-1.8348906696944742,0.04237894389979813,-0.9648776607996301,-0.900319306750546,-0.7771538412960375,-0.9784143700299996,-0.8003836667805468,-0.39934977482811496,-0.7842639597815044,-0.7724337276637456,-0.6335906602004631,24.165904646171022,15.08291439938268,-18.585593943928547,-10.106329094175628,-1.660971861587293,1.9365375874001067,3.3184836045719734,2.818252898805773,3.158779699744592,3.0432649098028826,4.6138274171966085,0.5172687825067559,0.45853596581155864,3.1056443389012642,1.650437472319228,1.29275545399115,1.945600754753477,0.3117558895912895,0.30721046596046553,1.1308301872059836,2.6114735725043836,16.29313404933248,-67.05856693078651,6.601708094163769,9.550846813828311,-19.565097853021953,-2.677461595082261,-0.2111026561321232,12.876416027724286,10.401479098235486,8.808510855660183,6.201294821880827,10.910048628684663,8.81922083588506,6.4566919734448245,6.856249813509452,4.043180744062438,5.613139559599409,4.61249281223924,4.713311744211703,-2.4717921468407305,62.34513131379976,-0.1848535357877732,-0.7624306245471955,0.5411020214161901,-1.126075061095123,0.32743179139631273,0.0012151859688604993,-0.10026381235159754,-0.29839687792827796,0.5226820735305062,1.0035149299650978,0.8950629974375484,0.5658430277935564,0.4993637154773185,0.1825597956900622,0.19535570459764706,0.0596883468315581,0.18296849202597598,0.05454310533918516,24.165904646171022,25.55811049269402,-6.442467417827595,-7.551560819656576,-4.959547197778394,-6.029209486633858,-3.821120017069031,-2.31574240477808,-3.0911740659530884,-3.2732524095786593,-1.4173688765202757,0.2535204325082854,1.512838889931821,-0.5672502186888337,-2.0292844346782117,-0.40403352047350816,-0.36065856682166797,0.3042907883894366,-0.12869924773481878,-0.6410445704341394,2.6114735725043836,57.11482553903322,-41.273640184937975,-44.10920224042802,1.7566972485206636,-1.2757271453311776,6.409169058136548,1.110745551637032,4.526450368637676,-3.19862783815313,5.960868059818003,-6.3743417403894185,-4.387691925761651,-3.743223856991102,-4.135160106745726,-4.534433741117569,-4.343197051164503,-1.6105781685697955,-1.9071318559736763,-2.0453652258097077,-2.4717921468407305
64.25619962610043,-8.724995264238718,-1.3540292092581119,1.686909150728206,0.9001539971004102,0.03786786199351022,-0.990818388380005,-0.7350907062719556,-0.5842914566954569,0.8241307699422671,-0.9716008319618088,-0.9379268716229636,0.24013607003028792,-0.6945353722585792,-0.31907379066752783,-0.1775440684860845,-0.7503360424795131,-0.285930725279691,-0.30416815873544434,24.346789066254836,13.508666574036724,-21.685968274856627,-5.304066854542908,1.3345321104240786,-0.1771569403973534,0.8755900754188137,0.4517145798706901,3.439124501172863,3.331574661094597,6.132015326057027,1.406204163722045,1.3885919518272267,3.3497333825723055,1.666733941029077,2.0112152377891412,2.0776222992320217,0.7850077106459803,0.8107759219198389,2.0968422462553544,1.761659817048912,-48.78083683661436,53.06396674842738,43.403183399066094,-4.176221339418693,-23.19062410985399,-11.256310223643123,-10.709621378989915,-9.276634602844839,-10.23921957422438,-14.585736514434883,-0.06786946833916963,7.821795856787572,-9.677298388274068,-4.347687485169234,-2.306094459314507,-6.485272072933251,1.5823772300007832,-1.4547583772146797,-2.757474485891668,-4.655164448236157,68.4275615461677,-1.62465471864029,-3.408936694003074,-1.01067096904479,-1.7856871720950038,-0.24084784068259824,0.29239955814521856,-0.0011771634466128944,-0.9257749327263429,0.6645593819897528,1.3466586807397993,0.8833888091965454,0.16133572965154253,0.06713391144011194,-0.06215116380931063,0.10414149775180137,0.09831012819332408,0.10299094350629678,-0.019129096172520343,24.346789066254836,26.068486079007947,-9.963557824830648,-11.232010481278042,-2.825786983222959,-5.697107581553272,-1.267506837151382,-0.38793921174832846,-0.9753072244650767,-3.0542636698702323,0.8299443732185221,0.06998953219031057,1.230880118202181,-0.4820853032457122,-1.6790839012847414,-1.1832978178459634,-1.283105489902151,-0.16805512595791328,-0.4369482267524012,-1.0438803425860221,1.761659817048912,-78.01063907441764,10.964578336445001,16.74517333776719,31.745848283948096,23.90280122875147,21.101440943709235,5.001184730310288,8.306180342333562,9.535535723689051,9.096559458877898,-9.737217414465558,-7.443409941257677,-0.27516433168451027,3.603493511403237,0.11421832131616294,1.4143695411761181,-0.4445514189332693,-0.3345901498896646,-0.5551140045380265,-4.655164448236157
64.41168185050094,-12.687554584213501,-3.5852605286356347,0.5071002259772843,-0.2805138520771866,0.3271585098878038,-1.203825292467298,-0.08626163968449063,-0.434518651368772,1.2519671825450867,-0.4446482782912371,-0.3301702957163948,0.5570062973861831,-0.24513832547578263,-0.35133190197370245,0.1765985559413843,-0.4704064449400569,-0.15202927500842933,-0.12282911419610687,24.919360881117168,3.323452781802331,-1.4430864166466595,0.5640558075295159,-0.10851544826702764,-4.189834582257962,0.0156169484190114,-0.059806449958446084,0.4597531873917071,0.2145878815937028,1.344037672269966,1.043695305429941,1.882122770885215,1.4924954270421917,-0.21101118844771305,0.6871707980901638,0.6175566656749671,0.3796219929175946,0.5267298996866439,0.828613379701987,0.9003440570755394,-81.19901007644636,119.11732227339137,57.5320175996966,-8.312841636208416,-12.086323082645345,-10.531730649117549,-8.669171117290214,-18.902601199923634,-17.25147562850983,-30.545784716412896,-4.4534133941364304,-2.2505539192209016,-19.172378340076605,-10.608953506543187,-5.9248595735056195,-12.206756825744417,-2.493873882801643,-3.9443506907628185,-8.973307441229743,-9.196204227739724,70.7769503016135,-2.523687689948583,-5.593721721469693,-0.9046540633605016,-2.6607359911591897,-0.8183609182749318,-0.3584061619026673,-0.3298683180036823,-1.161482167013547,0.06990075635270143,0.7207625848265424,0.7485421545796571,0.012537930289957089,-0.3339914055243258,-0.1323837800925154,-0.11306396943029529,-0.19719775001853623,0.10383459896331759,-0.06639728905228526,24.919360881117168,3.661289077852061,0.31755057866268066,-3.5587881279993314,2.1625025033269423,1.2886190389160266,1.256669591691864,0.6244130151861214,-0.2822025509730599,-1.4559840500529502,0.5495681738851252,-0.9400183509877102,-0.006939868654563419,-0.8129228934992696,-1.38113298948449,-0.35375619737506536,0.3768459916432163,0.04173037506622368,-0.7933647443179235,-0.3775304015373555,0.9003440570755394,-148.25001002192153,38.54762952124184,57.270578183320794,34.52860428386031,38.49130922302823,19.54699341876983,5.3903635364054105,12.0342772323941,13.636473941563976,8.325749977147868,-6.898414807116129,-8.933002356584186,1.949679245291863,10.201112299219105,3.9169205133346305,5.939174746983057,1.48122563913408,0.9404310738430148,1.6776107894716883,-9.196204227739724
62.169858767611714,-10.269631276985509,-1.9970632193668658,0.4865068694611425,-0.045552219725881304,0.05147768154931631,-1.4791237929979255,-0.6257559153738024,-0.6061975604103464,1.168646936188837,-0.22589593406238784,0.1838651903420323,0.6420482831526773,-0.42771446686467174,-0.4055507077295286,0.34233218106501884,-0.24622204425656102,-0.12334042054824268,0.09282398667573477,24.09716833746098,-10.272312085439353,18.837308619208212,9.194480192123786,-5.664826130832703,-4.585726559837683,-1.974625209816558,-1.9398841199663117,-3.287579096594743,-2.8375232009393496,-3.0761690707867193,-0.2743777833932284,1.8953932795941237,-2.6042187820135645,-1.5180021908145123,-0.31598343636677795,-1.5215045273002707,0.32448553231989274,-0.9596871587076965,-0.6978270184481385,0.6702453360053582,-70.68379610647597,85.72279419723478,31.9484844961693,-7.1769727623358825,1.8686624282969904,-0.7449942562729661,-2.387772684816949,-13.110483911209284,-10.150346215529206,-29.787809724975773,-6.682699720883852,-8.757159390290962,-17.03460585913674,-6.825788354957755,-5.872704498659905,-11.83111594163039,-4.833328080664113,-3.0029915406344236,-10.912627567940323,-10.33561929314265,67.25309537580763,-2.173180283742768,-4.1850563549653215,-0.18235634395339595,-2.1577619580206124,-0.2518365164216685,-0.22521998568964996,-0.16194023808195812,-0.8873673889558411,0.37706456593867,0.7959821671612923,0.8282313006690236,0.09462600255099263,-0.2803107815321715,-0.19425614524397572,-0.052759705477662955,0.19558535727745285,0.06910569429041735,0.06772284516269544,24.09716833746098,-20.88974179298161,5.66042370169693,9.663179740459253,8.905453747178388,5.312843224018273,4.484041843968196,0.20438022108325882,0.06867073596887963,1.3106746952618709,2.2130679408465253,-3.0407091754824442,-0.9271065685338593,-0.177782352500516,0.48043962569209153,0.34052400909782543,1.1780303700673447,0.06856533561049072,-0.11465389924302594,-0.3759947940891184,0.6702453360053582,-118.57895906350468,29.335115510685846,47.24202766524217,15.238062636352986,27.78278073665294,4.366218587199669,-2.6637193357719084,8.709199835115319,11.814721030895154,2.25848243717839,-1.6714575897103083,-8.250214560808171,1.984228514991898,10.460795890839954,4.969296970350888,4.776130462304179,1.2659154858944655,1.3611422214374882,2.148981053413532,-10.33561929314265
62.89461227366961,-4.847157257580447,0.24521337088216955,0.5346907696350232,-1.0959835884989721,-0.45255145960894483,-1.7717563292907363,-2.1017760712375164,-1.716643677040178,0.5421396969114962,-0.8158824570343701,-0.5201539522904364,-0.23186223433613629,-1.21733041695081,-0.41355980920446456,-0.35050956676618306,-0.8465099624341832,-0.5903639301861479,-0.4177800430550591,24.74088703910572,-13.62610130910246,20.71142874573472,11.410406182339326,-2.317713559063111,-1.9023391442024007,-0.5222740773691146,-0.32053330992083273,-2.9291691013334216,-2.4979239734350593,-6.054972742587966,-0.8691469410038226,-0.9201416576823407,-3.503568748844104,-2.0616712150305707,-0.5060749956837003,-2.358214244852585,-0.7049199626464884,-0.7797333391071759,-1.9584889010571407,-1.4409213008437014,-41.763561655841244,-1.6093481826469418,-2.3011126371918325,6.767720859280882,14.697815197168348,0.629307138550895,1.4966050657211536,2.4037766699565575,4.800461548272647,-9.692779649727756,-1.900675553145371,-5.479667579698728,-4.326356574718158,1.0496436557041648,-2.0198554183030226,-2.8790966601042394,-2.3290401321530236,1.6021192306709666,-3.26008707847011,-13.398748117832206,64.76300893790582,0.24818453609480606,-2.1537648580657374,1.2081959605339643,-0.2957281486743053,0.9612609251117799,0.5722314654793554,-0.16098355052045488,-1.045592674840004,0.9412135684986103,0.8088440112604962,0.9191718173740275,0.1927364445941966,-0.01748043277878475,0.07173418771986206,0.4622293020339874,0.031915919822605554,-0.19677125552504604,-0.1776480660971005,24.74088703910572,-25.08778058227196,5.019356579529535,10.636133161135175,6.439134578951089,7.711469722094485,3.0766023517560956,0.0832796470088315,2.403975570026983,1.3625153786372772,2.0539443282396572,-1.6403376172134019,-1.8746689449922518,0.25543792858449965,1.9915099514429242,0.7925158227219127,1.3783608766851128,0.9265933771722745,0.180369125432001,-0.13618194994674715,-1.4409213008437014,-38.76848333161926,-4.463788844768066,6.700310391293028,-13.48978055009809,-0.04020173622990786,-7.55033032710016,-4.145690077688212,5.798784773902847,8.063504562715323,-2.32337604842387,4.725378480259553,-4.059963705548967,-0.44049163393697777,5.691245389760417,1.1218029072216444,-1.3537391636635863,0.12141918937968788,1.6431750436964028,1.1532296715760195,-13.398748117832206
59.878578371796415,-3.226539617951139,1.327973937044879,-1.159299186517015,-0.9849744146075383,-0.5595897581663944,-1.6767949299514417,-1.3711230387928142,-1.3619905443294287,-0.35904002263429735,-0.9231726342868565,0.10476159646111904,-0.6675390551153346,-0.9674404219283217,-0.44595155523553576,-0.6747422707824362,-0.4000415175725036,-0.54660697704468,-0.5056062035300375,24.77114865526324,-13.35845443374886,10.098171242570073,5.247000206136836,-1.149355215345821,-0.38657344527663895,0.7720384601763937,-0.6118083325565911,-1.4216563100692152,-0.387342519155625,-5.062384329001892,-0.978724573502999,-1.588855529034476,-2.6695374590529153,-0.8208302231583717,-0.3285141146538795,-2.350050216319397,-1.0893853519040344,-0.037488229000463,-1.9659203973352424,-2.235517150562792,8.966760197337777,-58.47514487894935,-31.266547571175746,22.59811304877007,15.524324695767373,-1.107815386790274,4.555776922798225,10.682343130836406,12.103161560142471,11.49702312414696,2.338954314314794,-1.4209835190162354,11.18672524693582,5.617762477161567,0.9294030549030814,6.756520746054959,-0.5851442907045656,6.2781776754731755,4.558399308079469,-10.811066160744904,60.989661331530726,-0.18037898081351988,-0.297325255475426,2.3856308925971716,-0.3117694813283092,1.1113621596081438,-0.07072914500416339,-0.051284179203786806,-0.32838233118217897,1.335436946340061,-0.21773662021839968,0.3345206935324305,-0.01765470375083522,0.14909823791338717,0.0060518568334133604,0.4055100470533324,0.01803596107799854,0.19596692112896563,-0.15150110469467193,24.77114865526324,-18.846458622682384,2.3530969300788485,5.291542706775791,2.654928297141461,4.982857445183967,0.005636076416336788,-1.4492321955456378,2.0362036325925614,1.4438471312322303,1.206997514630451,-0.4155796295519978,-1.9603626240330603,-0.024151456791647874,1.864992573671529,0.7282146572809911,0.6042022987289906,0.022471115936294028,-0.24324405090861934,-0.09006404167456039,-2.235517150562792,42.54334548897287,-15.701245621653802,-28.977893863762368,-34.80813826679625,-17.72833374632392,-12.417421283155893,2.216022074638362,0.6288970417104736,0.697543610793002,-8.070653790385334,12.623714872583871,2.123346277027076,-2.3891256279364343,-2.9737545922367428,-1.5807558107844362,-4.911930819792296,-1.8533360017204836,0.30561761523637654,0.3321440113919949,-10.811066160744904
58.74427139385736,-5.853386040863326,0.4574239843281549,0.17114647443480768,-0.7619723267375584,0.3715551910611019,-1.2652563789509563,-1.1781626286416955,-1.3055841461267605,-1.0116757093373292,-0.5305833986809141,-0.7506893276171085,-0.539984407901863,-1.006110955459243,-0.584168976062549,-0.49397134056118075,-0.7459566896053298,-0.33026266631379864,-0.8028584696217911,23.86191007179419,-16.015256871963537,2.121808180348939,1.3872394819270744,1.0176095236299725,1.0594964590456901,-1.043061317302017,0.024458189197270386,0.728680129107222,1.3897283148381643,-2.509244523486325,0.4455309239121408,0.8844133853501508,-0.6380235217972117,-0.034775344423700894,-0.31649157191779675,-0.4077188198675894,-0.07796263104695367,0.8666900501685104,-0.16738347008951604,-4.346148758556488,49.61709931467708,-44.44264923576923,-32.96742340806209,9.33267668932011,7.832172852032432,-15.069997964504449,-1.6564522165968318,4.088481610572779,10.372113815987216,23.659830027862025,2.4037273686394607,8.636300532405388,10.121071255390405,9.775355616354998,1.1102375916509883,5.985285106471574,5.306414292328016,2.973467650371017,8.412168512433869,7.3776449579137235,61.36477703261597,-1.0104100516484396,-2.219520690647053,1.0309196078397593,0.2720026315419011,0.03834091958820984,-0.3940117587409948,0.8167914375707235,-0.7597170065817394,0.6176867302718345,0.4074531699096875,0.05806298565182777,0.19639724773312084,0.44705906047435695,0.1637201302297464,0.3469815926467634,0.3548736366673282,0.13058854826004396,-0.024876289096975146,23.86191007179419,-16.74459417310718,-0.26068045791231187,1.9771855844889132,-1.4571250467036396,1.4335110602182257,-0.2792926880822866,-0.6216258153435366,1.6334233876665225,2.5091820133195317,-0.1090846372187726,0.11010611617684307,-1.520293693679446,-1.1099841583221925,0.772213231406,0.01329993214417402,-0.013109554519399769,0.12548707959316596,0.09251785336307461,0.05611905804337525,-4.346148758556488,74.00078843323743,-4.788450547821466,-16.30596143547354,-26.230890050238088,-26.195604934147674,2.1198367192782004,4.594093335560318,-9.423265437598896,4.832081107727365,-2.793301259410932,3.7031718012056443,6.719347732051924,0.26241022905855793,-6.685156765764222,-4.543913427256784,-6.260602847796757,-7.225324629170112,0.507037630378248,-1.4407672400302112,7.3776449579137235
57.56580199064341,-4.717431264059033,0.5203315769785597,0.09360140938833972,-0.40584457324490764,0.025443586302489773,-2.038277934446111,-1.7983907917063204,-1.0053985854448677,-0.5856375251876962,-0.8579077499906154,-0.4952948865118696,-0.538659359590917,-0.9437393091896411,-0.4845031816274261,-0.7609620401971808,-0.8411913566230049,-0.2721351669846488,-0.6975969987085204,23.41889824583535,-4.594354205339926,-1.1054535375735686,-1.4272102432579614,3.966568852205791,1.6955179864219585,-2.268139283245244,0.1655085918737491,0.2246678536031388,1.270231434995274,0.8994783817359409,0.2377604413061869,0.2826239985697603,1.5563712279308994,0.27743111246283636,0.05392637920181098,0.881508133234711,-0.28156527883215743,1.3561899843910479,0.6858199201077835,-3.2826740155107004,70.9145720178899,-16.53105891249317,-17.287299769955506,2.260097067990421,1.0739607915258818,-15.393076954417136,-2.6764352212733082,0.14893662047529554,6.213204678912865,20.913268913344268,1.9688108881780115,7.429566036851181,5.727671092363336,9.46949915485574,0.5589067225614897,4.043057976716642,7.190521288520353,-0.19131086457013713,5.838577061691322,19.483846793878094,59.52898201711137,-0.3673345248317208,-1.5064070852867681,1.233745980964437,0.04980137446326793,0.2124415245482849,-0.4667144713522937,0.3672740841687334,-0.30838165746885826,1.1423267423672834,0.7888877730606978,0.27860440451359336,0.08071987258570656,0.41991575867702213,0.12385821214157766,0.3069652985804443,0.04534205682323855,-0.21619623305643731,-0.05369506417464742,23.41889824583535,-3.789662253077566,0.449819409590952,-0.49629340309880066,-4.550485573392372,-0.4123443182055566,-0.046721277690559226,1.6648439895786238,0.7683953480043466,1.0861131833172446,-0.7407444716169271,2.3959263941143694,-0.04262105567672414,-0.6896341230153871,-0.39678931040781773,-0.060245951005523324,-0.5821998242265469,-0.4575495164601968,0.08208054440962553,-0.30607329238818215,-3.2826740155107004,78.67121140547275,3.681753958511063,-4.096352650304469,-11.25700042844609,-18.060076013953886,9.456376605412494,4.429109265794532,-8.167116043246155,4.1684656815380965,0.4589939562819265,-1.6119509284325495,7.6616496711295685,2.981862645840946,-4.796742963461579,-4.945824700844813,-5.409506748511767,-6.345160450462408,0.9256022152977821,-1.4277211653617685,19.483846793878094
56.04337202826434,-3.0408073443520305,1.3426542918788664,0.417045233497332,-0.8558002796574424,-1.2665987904943954,-1.5787857324447665,-1.5238021302271523,-1.2000754990633764,-0.599183813554967,-0.6257494372264203,0.22208098187113334,-0.6153138429969509,-1.2465686455320006,-0.5525297819674178,-0.5112590919926054,-0.6649163584324094,-0.29425481013190824,-0.40547638051057566,23.24393786454142,6.800398234031611,4.091916517921927,-1.7362002969943204,-0.20933724817886157,0.9727015659645164,-6.537184187910521,-1.5374178804344187,-1.708090377883209,1.8593459574830993,2.79401091597413,-0.27552576408868523,2.462268844718235,-0.5559874646408094,2.2768759253363244,-0.14217644678605135,-0.9813508663938522,1.544377146981581,0.010161379382577218,0.9217251964382811,2.7714796105871145,69.13130726528516,-8.674856159517915,-7.379880429390281,-6.357115976119495,-4.424433738864298,0.9127787989763014,-5.077275045257913,-2.4150436062564813,3.7309123634984203,9.501600019052383,-3.382951748850813,-4.764715296401093,-1.0244813133976427,7.913421247750981,0.2986769739752275,-0.8052773287497716,4.031846043768933,-3.966640059411489,-2.9705236033301237,20.558783049242738,57.12105150856191,0.21132207914775059,-0.5606311509156097,1.0555758929985117,0.240241953539019,1.271074898600566,0.4594112209816523,0.44644901162654627,0.19899799496310155,0.9832263518756128,0.360584872709369,0.1869831150437231,-0.4114429227351706,0.23321742254239775,0.019480976137866923,0.5049468990107315,0.08100641174656853,0.05556924824919274,-0.19849155733542512,23.24393786454142,4.3842154495443495,3.57677006586275,5.377070498335701,-3.073603510901039,-2.6887318632845916,4.162699388448644,0.8232882222268598,-1.673753006478358,3.9574229064584525,1.6311646916578804,-1.1945047284437633,0.5261341368555419,0.7193843762256482,-0.22017748939951343,-1.0852105867632218,-1.1587394857354971,-2.4460586212145365,0.2712256429620026,-0.7485609446050419,2.7714796105871145,72.04387726812514,2.2858844942673886,-6.472309353600113,5.6582087362143945,-6.076714453830784,2.2894124775637863,-5.42643466496796,-4.847479914985631,-1.3522029698486446,2.536755949430367,-2.849300792203948,6.7040808700461305,5.065748631763514,0.16516475986589096,-2.802027233818179,-5.00971364237389,-4.43447140995277,-1.4294670781343892,0.6011430624337586,20.558783049242738
58.93185095192296,-5.185555734993571,0.17175366164054262,0.7010358600546183,-0.09030144493661707,-0.8745824090112677,-1.437275957267662,-1.0859693611985164,-0.7796291503634838,-0.11554677965750804,-0.7567093943610099,-0.24031155899812173,0.14831127639765906,-0.7084960206605246,-0.4348079626821959,-0.22534432844936836,-0.5813443225750425,0.11348408705989876,-0.36138728803175346,23.438797751134274,10.691004022198513,0.8475876175369952,-1.8349297893802192,0.5941667045538064,0.19380439702688879,-4.177438581727923,-1.1690879083774006,-0.12880274633635191,2.48445099897834,2.7426224079400137,0.36620921458641975,1.3369997597070724,0.1532800585505516,2.7580937193894854,-0.13621831593900735,-0.0417052046979447,1.6947054033418751,0.29512067410743503,0.4088138002465205,3.9475920618044533,30.556408247939245,-22.056370576732903,6.320073759203453,-7.424016437291938,-3.8996254181400256,16.907617039228125,-0.07344975355704442,5.032019604322567,-0.17260393445341737,-0.1566837611725913,-2.6863427269123914,-8.852926796435518,-1.597043935592633,0.07242308707354717,-0.8019440455043418,-0.873357332580837,-0.02256555325888865,-4.647654821615539,-6.166026330509877,6.172407107784444,61.21669296701897,-0.566335341416139,-1.374916726890548,0.09805996332160971,-0.5020613014296464,0.4716345312566861,0.33498135992382494,0.5180847077704751,-0.2646832402959771,0.7822948997297083,1.0036607254389442,0.24875010099812078,-0.058551680024383046,0.057624401675457904,0.04804845837659144,0.035427481758074864,-0.07380518469172004,0.274516843339204,-0.21773011676953802,23.438797751134274,9.924742268728224,2.275248647446849,1.5434239247001629,-2.1653326849828844,-1.986059100041567,2.5128283408571193,0.04286541856642989,-0.39376619195807594,2.803959525431818,0.5663698283330878,-0.5692496714579693,0.84724829626423,0.5520955988549048,-0.03718354765650389,-1.1954424336877179,-1.527736109918844,-1.8643362588910586,0.13020316194080772,-0.4015846230312361,3.9475920618044533,43.87747817855915,-18.788927275395483,-16.439518039753555,15.824520879989297,0.027236170720530417,-7.554423830694777,-6.957171423619839,-0.07324340750383529,-8.083270529153676,-0.4211580137666724,-2.373382921240749,4.379981292303558,0.14322538020010356,2.4774802825548576,-0.4087214754179831,-1.655119988491465,1.9650031303247193,-2.7216197913302143,3.7864033241880906,6.172407107784444
61.46144603023339,-3.573365546435093,-0.23638720649999678,-0.23723937498776237,-0.4333931079094455,-2.44702390523728,-2.33446630775739,-2.388418532837202,-0.48879588492590287,0.15028437588464172,-0.7189454585400594,0.352953430985135,-1.1614634582165557,0.014705362944360978,-0.6801048089281898,-1.252455629632013,-0.10369163313852048,-0.5179916036447838,-0.510100726741034,25.237700124438284,10.907717646909823,-3.1921404769653003,-2.098840959706937,-0.47474739060378246,-0.40186361568892437,0.3679777314274735,-1.8468810833061116,-0.3021063740512733,2.6480747145958414,1.31998347293783,-1.3101693371533822,-2.0251321434190515,-0.4487185938058591,2.681603975988465,-0.07208073735977383,-0.3487508152761474,0.9498250497504968,-0.5860953243954277,-1.5141422118239465,2.318109727407304,-16.96677686790847,-66.01536088485159,11.494613160110113,-4.64549599834155,2.9607515888581504,33.31457293848388,10.884711173816056,17.33478029778845,-4.0561288756188105,-4.227754058018602,1.7083584375629095,-9.865109222764687,8.843177849833193,-9.342946673420446,2.1231018971669062,7.318998175840203,-5.538503902149111,0.19558875562606248,-3.370530648476289,-13.491397790187289,62.71302928243434,0.8774753895751446,0.40326937932268736,0.06196086121065347,-0.7964319621539375,1.9900941104583314,-0.3832155632656242,-0.09549037746932632,1.1971452380610463,1.6132849974195622,-0.2971856705013174,0.336057205837335,0.6257252121509898,0.5181159942753824,-0.3409802862693714,-0.09661924180980042,-0.8085820531824608,0.020844831543224585,-0.3171392351020508,25.237700124438284,12.420142200052496,-0.030452829706566042,-2.278827756210625,0.17940287719881365,-0.8179887757791611,-0.41436125857423267,-2.5238538623214195,-0.20923579984508178,0.9741573573379227,0.5057361875214035,0.16804375286103834,1.3868120653731424,0.8020252966244183,0.6749927299632885,-0.8201154434238183,-2.045198232860196,-1.388355254167788,-0.6462769944697111,0.4044462545817815,2.318109727407304,27.61614690119253,-59.18937454411086,-33.46436366989232,11.580795532650358,0.31507920048041305,-24.91912971468831,-2.0866385697823704,3.3406410185088884,-21.7021747975298,-8.68418694482407,6.322594405989539,-0.4305850564315472,-6.311813982515136,-0.6280130119470257,3.0616879622392505,2.7468739484523663,10.96574590644232,-1.1877988085227762,4.628933479583367,-13.491397790187289
60.20226700075814,-4.027358354249004,0.3923874314778817,0.7178270659077901,-0.5201459606054617,-1.4730631471900293,-2.2449816009784995,-1.4304839635694715,-0.11881289302443454,0.4109395840625063,-0.6282051320405859,0.10776876878466579,-0.18894452270583884,-0.1953294537330792,-0.48882482611654376,-0.41121637372644937,-0.2744510175990118,-0.012706433174493492,-0.440877925470031,24.395813146789145,8.630190212190591,-8.491610328496407,1.9141469677000735,0.3872657047722825,0.4329878681786661,2.7330882766998217,0.2835153165310733,2.0376856538484542,0.7895650892121941,1.5581502226677952,-0.5880891356176603,-1.900138905579356,0.7042148247171078,0.1112786306735396,-0.3820934982634987,0.1285294413854401,0.004427993153940379,-0.6695090745277192,-1.1792595410160411,0.03021447997142701,-25.726987250204132,-69.49763557006409,12.720541939849928,-11.881928507615859,4.99666210569674,25.187541767891393,13.147576992948611,13.172216259371849,-5.77391241968332,-6.041954405685997,3.1890361681271404,-1.2987268004412087,5.585825506219073,-12.604856335190842,2.315848962001833,3.897572639427742,-5.541397838427403,1.8052265702823513,2.0008863833059687,-10.906336161581844,61.695364264539265,0.4372131436780067,-1.2166453880558352,0.647887154366924,-0.42489121771103733,1.1093460890479618,-0.023968369945440493,0.44136068273763174,0.5945244836980783,1.1104823337618526,0.8331482089370563,0.6276915072489024,-0.1618163954299212,0.2588746989822779,-0.2936323734986621,-0.15611968596871173,-0.4420318401577761,-0.13373244373304938,-0.19516353680695264,24.395813146789145,14.131113460947937,-7.141032780322131,-4.8881032957024155,1.7352716725523503,-1.3340977765980067,-1.5354028695265094,-0.14017067995715626,-0.0004849590642090895,-1.4638893066993282,-0.3886092264320249,0.5279606928415941,1.7170306262162547,-0.6593418931147204,0.3943657211882101,-0.39715426038421664,-0.9665304449099299,-0.003899634821211473,-0.8199780325396246,1.0106247701124513,0.03021447997142701,24.352199967652552,-69.03653484421989,-19.066622755017487,4.8668154065164195,-0.7389115680001637,-19.79919632628688,-0.6689776306985422,-2.069931627988188,-17.5876117106582,-5.712242984215296,1.6645469096630225,-6.944146417365444,-5.327108491335143,-2.1654031707052788,3.682785283242171,6.175298496072029,9.032046920578392,1.6575883414909933,2.7024422960308714,-10.906336161581844
60.862022827301665,-5.215976273206964,0.18291692710672836,0.17127593526885487,-0.8418098296674823,-0.7833695556912779,-2.0983734522424036,-1.5025980160673114,-0.20644627043498032,-0.20243525894605918,-1.3450862369633234,-0.9645252537297861,-0.6710452403481315,-0.1623499410014908,-0.5615617189301307,-0.5926984769921386,-0.34345048604517636,-0.5242072122124259,-1.1228021677034101,23.924485030417635,-0.6525832949186636,-24.246164951487167,2.13656790452059,-2.428634747458875,2.333485624817703,6.664838852117545,3.1786360940193723,5.876055570918611,0.6787244745567667,1.272369979600938,1.0558026297948095,-0.8517164340208949,3.590134077192509,-1.0711898670159261,1.0423120929596474,2.593030898484557,-0.3797360989990073,0.5902706315131856,0.030496542831417228,-2.015530493590017,-27.228472351655086,-16.41661662789258,3.3402437111628207,-5.394450944320552,-0.5407031168670118,2.430256358351115,11.749866555342003,0.9746444877456937,-8.04339607678817,-3.9355627055772144,4.7275499843507,6.032657307674885,-0.4279827673471095,-10.086308234628202,1.4348775498702095,2.693194466505456,-3.762911633554502,2.5468481522444106,5.7612167873595155,-4.0226171126263175,63.09178695982801,-0.30567857825260525,-1.7791806984382785,0.8703637360752614,-0.2073374762098661,0.7450384904178118,-0.6230408452444247,0.38019312422042706,0.2564728116350352,1.0720007286202424,0.5298630073908321,0.6909184446049035,0.04120208327980768,0.470088638870632,-0.21973632963641543,-0.4218786335559732,-0.4290578876042974,-0.06344460544953612,-0.007551720025827047,23.924485030417635,16.089103304030758,-21.309776492308192,-8.13934772640917,0.7664920766565224,-2.8571729247661652,-6.272749863703697,-0.1285130134025323,-0.20007311367084712,-4.759740076240874,-2.2334392533715985,1.4181872924012244,-0.12404955633624404,-1.8308038690471071,-0.7499586297953833,0.04648930770465287,-0.0659053440137709,2.1065960199717,0.15241683594083066,0.8598010986147979,-2.015530493590017,-13.65053212482811,-20.379589137073385,2.973053575896693,-5.527625826457834,2.4156367905484575,-0.14044259010141813,4.252501184738129,-3.0589815488602716,-7.363507202811438,-4.596471324157134,-0.5503176358610484,-8.29525800779528,-1.8066093410547412,-2.599822188275865,3.555262825489031,7.000471586537458,5.215680809496868,3.4659022556688788,-1.7097108365766605,-4.0226171126263175
63.54665765948412,-8.610055535855839,0.9191750786872168,0.6904110573124509,0.33040085003173436,-0.3398654454343579,-1.4135647267596188,-0.5100367926592346,-0.526021413002848,0.83988814909174,-0.7376835729582081,-0.5316416694303392,0.2552095798220009,-0.564329053350829,-0.6851262568129748,-0.49095818407658554,-0.4592508995447444,-0.21816264592013979,-0.644666338058586,24.110512538130312,3.60766086801069,-23.374217930234117,2.4076367484309817,-4.369853870826577,1.3244608296219451,5.267901741872738,2.8919419994341626,3.3682244108646304,0.5821699091562174,-0.25454804823453925,0.7777413151758941,0.1009285047873898,0.9267664761609038,-1.6679375267037404,0.4645097499021986,0.4361902581355741,-0.411212941497074,0.6095509812943041,0.6369376145718231,0.6612440915121915,-38.07799106786922,62.40669367829322,-12.120582312827079,3.6224814079611574,-6.718085087359032,-13.211789303910624,5.4920233066546995,-14.961145849323724,-5.6709273277795695,-6.71329250992176,-0.5101036107718997,2.931765085322187,-10.326754895446093,-1.9820175489134546,0.27684430504541213,-1.2495925206504372,-2.1394603869490725,-0.8693438371508242,2.086304325121322,-5.815111688388541,68.0928708587961,-3.54527474766333,-2.727743335861273,0.5614943621654809,-1.4636574327006855,0.3264609065136912,0.38480866093464705,0.2800004773934939,-0.5262916804326356,0.8586324209133558,0.8541167329136665,0.9298347947224639,-0.09596106214615219,0.27882093997193813,-0.21115065013199485,-0.2852080448238037,-0.26551708489140746,-0.09332745443422796,0.13278851074857578,24.110512538130312,20.26636170056537,-21.60335694336228,-5.0596274677093085,-0.025469581453529067,-1.3359228095481468,-4.457575519721588,-1.4892938212422848,-1.4333133490392873,-3.1228976131078845,-0.9201639433280593,-0.3620479863965511,-1.869394101563799,-0.7950440639769041,-0.40740945312980736,0.2126478323691321,0.5702666936939582,0.904211564328393,0.5596504174810335,0.7219591029676913,0.6612440915121915,-81.12840108050074,56.04428839705028,24.24868974373198,-10.743411895776221,10.964549123262913,16.598181681671043,-0.2658267634262055,-0.9858870881870869,4.680652581777939,-0.5365777015771749,-2.722209261975501,-5.415954896962222,4.7047199213637025,0.1283231852430391,3.1398643950782725,4.877840904062629,-0.6776945326116894,2.5437866371213014,-3.4477145027716674,-5.815111688388541
59.46295905341107,-13.405099431375259,0.5685029221556306,-1.4378487444195303,0.3080762991808079,0.31879666994365685,-1.1608566978571444,0.08938566716698482,0.054170612341687185,0.5719950831704939,-0.13630492318384357,0.24680043308219002,0.411526529115779,-0.3363897707547272,-0.060798047100150576,0.08393072478533359,-0.20115974166515782,-0.12012818151536786,-0.3929582490310479,24.372585181972692,-0.19525385682776886,-3.9591449900427342,-0.6754639944909808,-0.7934130749646289,-1.1179516548440698,0.315699178016573,2.723838852913345,-0.48005350868651453,-1.269925733770255,0.25855125560038994,0.3706904296251907,-0.009337194764981849,-0.7739858032013118,-1.471942062636995,0.22205641349248229,0.8440160096015137,-0.7238102997012472,0.047798723815766,0.45836760406187915,-0.008713634676237092,-21.85264008617181,135.65315389387462,-17.122402371033765,13.790207780558875,-12.210656556961524,-29.558980210490297,0.6182835231276709,-22.918589602144436,-8.672345648996478,-3.6813390600854703,-6.791371969179281,-2.3663869708095686,-17.21251551946897,2.9123292078192917,-4.038774714878944,-6.014174453050305,-1.6138864369565724,-4.343033393061283,-4.222159677989252,-7.552677882967227,67.5588276373213,-7.786168910908284,-2.9108555099791786,0.48840329563963625,-1.705635317042196,-0.7548382301263818,-0.6518605854069341,-0.11484683163268095,-0.6223167179940337,0.6224903271580113,0.4014237137109897,0.12296078393243226,-0.3226043890144483,0.13316355888286058,-0.3589764941003786,-0.06502773438913989,0.1564585791702049,0.07685075486422921,-0.05121470957241603,24.372585181972692,2.527252017829724,-2.9890853167231852,-0.7065388822588319,-1.7040394090271636,0.39074213597013774,0.9765037714725975,0.2769583006902092,-1.0223123792876785,-1.8780920908635181,-1.5267221161091467,0.3378892745495867,-0.9676045746344704,-0.03342828847186041,-0.22403077701563534,0.6526149229440228,0.6866389911065887,0.7654295510058435,0.3968599083543993,-0.3060763301341687,-0.008713634676237092,-117.77487555901192,121.81428257114678,40.64997422571392,-6.831479064379616,11.294345872877068,35.15031546641822,4.358534352948655,2.5495154574133574,11.475036984195683,0.93815644967101,-3.0955925545551106,0.5471785660774944,7.5231052847987705,2.8373212434847357,2.7179755413724687,0.36283890618348735,-6.65621372376476,-0.7332619317530795,-2.1781204682061044,-7.552677882967227
62.705629321708784,-11.619905740281915,1.4034128081689214,-0.6625375296613059,-0.43285861021863425,0.6098046109288724,-1.2677689784540478,-0.5423635997543044,0.04196362016534039,-0.10354961111303984,-0.8437251313423788,-0.4474298222276274,-0.2668471693573422,-0.9422783022083312,-0.5069517870804345,-0.5314358455473984,-0.5512028605375581,0.0900295421241295,-0.4873310775203006,24.502385116767712,-10.637470040789466,12.568226529927992,-2.7401282392076807,1.3808955725057381,-1.2003360356699635,-0.6982365382050042,3.2569255904114365,-2.264832731010845,-1.0715734705140796,-1.2915866702928107,-0.5005848409188007,-0.8554459825462191,-2.277102682809029,-0.6793540459726533,0.16645649399278994,0.3782406255017432,-0.893265099969476,-0.8329450392544215,-0.3500429090706112,-3.8807497936797333,-16.31899279158413,108.54495404902417,-20.65682161754593,7.707308105235169,-5.581074190948815,-26.376260682741133,-1.5057852760020776,-9.587523674574577,-6.215229129184911,0.9638669458471223,-5.015273746227287,-2.9485550314500806,-8.528696062734648,7.443082457716409,-2.8145466712151985,-1.2457268203084082,-0.20208088010654435,-3.0787345489204956,-6.043371757368547,-6.721371232386382,69.5950247760753,-6.624220161675295,-3.180621716140039,0.8261325838579721,-0.34370370206894574,-0.36950331054073526,-0.7542054104853282,-0.027776013855457915,-0.5275295580413295,0.8751555628289385,0.716343862578702,-0.023026713196761417,-0.37743519127124525,0.22363251241125992,-0.1176883750821145,-0.049411788705149284,-0.28268429138083073,0.07594508485058471,0.1876475094501875,24.502385116767712,-19.652161436201915,11.720765830410507,3.519837154088405,-2.401168532493917,2.5242192546652977,3.1390611537208657,-0.47581971871662976,-0.08230887034933687,-0.5643870084990366,-1.0102566458518383,-0.29299492922033776,-0.5691693131157431,0.7943302772795073,0.19556338741985568,0.8697151295352348,1.0961178395612052,0.32783633335587203,0.3296937498142416,-0.13029376689889904,-3.8807497936797333,-94.74016306137415,102.03176597178033,32.671636420979944,-2.966317663082219,-2.173645140162161,24.332028698962365,4.771983999308551,6.286301066863137,8.108688379937831,-3.1375489321153123,-0.7827726323043835,2.4473958318140583,3.8300656876318704,1.5803843921529412,-0.3364576045943246,-2.111124432494836,-4.402150517320894,-3.259200894403964,-1.8013796597807643,-6.721371232386382
61.18491006777545,-5.690623666015293,-0.39693393487961437,0.4510436912734188,-1.0191559269643329,-1.1003549948646065,-0.8093518999385165,-1.7264613668630338,-1.125401653904202,0.3985592489565257,-1.1067202429586427,-1.011299774713633,-0.7970097673591159,-0.7093463478912372,-0.5396207470501597,-0.15045164145597534,-0.6593796553993931,-0.6544039443266776,-0.9722859959416132,23.724191923760817,-4.4563378836044905,25.60918976536909,-3.850750787176961,1.5910944211544042,-2.509444221017105,-5.131582113088733,3.305286060094571,-2.7667106592158692,-2.830576660106324,-0.04978023941266141,-1.7007202767474836,-1.5567226757588748,-3.4141891030570086,-0.10931700347182383,-0.8280486365251201,-0.3850815117236803,-0.9456532382410925,-0.8599980547430932,-1.5870930343419916,-3.520872492477668,14.250344252730045,13.477733714037702,-2.7785735550668695,-3.8762442762436904,7.04275959068907,-6.201646527778052,-10.754188003438294,8.76429606636784,4.951073304426541,-1.1977384323479288,-0.401143415305262,2.4984449664884663,1.9889318442110002,7.636241261498668,-0.8202295757908091,-2.711718224946284,2.4098421058803936,1.5506646869787282,-1.339658532669887,3.6243631142353685,63.604336010103275,-0.2607485296082155,-1.9060109494283113,-0.11397507928456596,-0.5719432735406671,1.5812724846813238,0.08494534081066751,0.02292518020106371,-0.6819542949923769,0.30037809960787776,0.7676940798331078,0.683546911247281,0.165225003606424,0.38566746414315345,0.059839994310655786,-0.1964572660620061,-0.037759508856664015,0.05034907908525721,-0.18801938444371724,23.724191923760817,-22.839072907091555,22.9353034063788,7.895907075548932,-1.4613979800130918,0.8599289795656468,7.504089532784186,1.5440171118089676,0.39918237569085635,-0.30147688644745685,-1.719314677274204,-0.16413551346443755,-0.5005726675215247,1.1360616027240726,0.367215571672153,1.076943429807836,-0.14741146385565074,-0.93332322642442,-0.09923579610231315,0.1968672994450409,-3.520872492477668,4.4966305774556545,10.873690747506913,8.13048480576941,6.491805302072133,-10.090137491300066,-4.972723947101205,-1.4435233374250789,6.081284566198137,9.409461816113375,2.6470890161975538,-2.6862635612138424,-0.5414376724147858,-0.8342702615566862,-0.9295685105189988,-3.919732426591375,-0.7186040903597992,-4.210715131631618,-3.181952159923814,0.4625462375683187,3.6243631142353685
57.366947131907196,-6.183180153571826,0.03182938760099896,0.4364126257188454,0.393848945269323,0.020592117867271664,0.03914566948678555,-0.7345296411496478,-0.4720220151369432,0.28081273105231874,-0.5027683335302089,-0.33031455680553723,-0.2790736133450662,-0.7175277877689006,-0.36248665984157524,-0.18464668820505947,-0.6767734926623648,-0.3674972841416957,-0.5300239191386089,22.494334270396383,-2.421293514393014,16.11409171657206,-6.333130663998993,-1.708453566268509,-0.7703299827659449,-5.196587953945177,1.848325757842511,-0.2822088511579808,-1.7451191922682034,0.38155117219554757,-0.6941902047514121,-0.599656270440704,-2.0174799052785715,1.3722911725718787,-0.41771106069659947,0.427875608643967,-0.40133191228042353,-0.4759179038865142,-1.362017944910515,-0.9433620957802837,26.623277781468943,-77.53591544806844,9.391768902269908,-12.61954603413511,12.000539159135315,8.067400383063587,-16.795144484514697,13.89867199635221,9.927054905017382,1.3705859908404339,4.537104564916367,8.063462461591776,11.032808196551002,6.328202775489062,3.103206330302123,0.6640662070613228,5.938061919895244,5.261191074635046,5.952000481488495,11.517496040314374,60.24403595430416,-1.4476020231081113,-1.470247039092504,-0.3379007166193766,-0.7683938271188011,0.7279361259702712,-0.22150416153246866,0.1699600363019531,-0.7786663961829823,0.5145602117625034,0.5244840852424386,0.36495707450716797,0.05728938018316532,0.25035068105171954,0.014298670430105354,0.32856564079323203,-0.004489874200036992,0.08477025836237884,0.13604396473477687,22.494334270396383,-14.420557367661061,16.4503316809769,6.974967763876782,-1.6299491275016744,-2.657338801426982,4.4446459491037995,0.26316877285261153,0.9990898069030139,0.14313897465300096,-2.3926421288031867,-0.5024219085417307,-0.8792121392132426,0.5352438342410646,0.08715956860276908,-0.1677452233599368,-0.06827029507234017,-0.4474873056169226,-0.8219021774925923,-0.43020254171229566,-0.9433620957802837,82.67474743491326,-71.19006229084113,-16.60818945294334,8.313695126277192,-13.640285847473576,-24.147814213097448,-4.942158561046591,-0.17253011981090127,7.393365766062066,5.243278530674802,-2.005605459359293,1.1595751247207615,-4.6636299272057995,-2.459075135142336,-4.769704473526977,-0.574325819936051,-0.35192719475498824,-2.227488366139905,-1.249558372664153,11.517496040314374
59.90413120650962,-3.3188673420457575,-0.6710807611488887,-1.1917766115324038,-1.3599995890717231,-1.952388140069909,-0.16167099178027566,-1.197886641743278,-1.104124900060333,0.35492379238148386,-1.1571434604636703,-0.5901185375082925,-1.2894548004188633,-0.5034235297103544,-0.5470549289821403,-0.28200460974767605,-0.6112010447233007,-0.32136379575400187,-1.1651583453928895,23.616174358919523,2.8218300063390274,1.0067892736540838,-0.2682495596287593,-1.1868606436993505,2.188425114048456,-0.5359483780023666,-1.9489552325213388,2.9107825845709736,1.5423837793200774,-1.1768868818177536,0.2669214038888654,1.1119904324264938,0.09066873013895949,1.320355958840073,0.10402540294177243,-0.5366605944427403,0.23514415939442346,0.6446174996211764,0.2945258556468875,0.3347740734917224,3.042535680827541,-130.28460908745998,18.713197460710347,-12.908206583171246,12.944684256139071,24.85599875861843,-17.122845032818127,11.375123502897207,12.986532747729003,0.3110845469618879,9.799550680989121,13.134337807702874,19.5710002825418,3.7570602609629806,6.930134380070728,4.582645162011275,8.589872572806318,6.206580220034821,12.567292664297387,6.196371773589,60.814785594661096,1.0931737229975251,0.18191068927151965,0.33972095587176465,-1.063325764734445,2.448486818010208,-0.1462026539788801,-0.014123668865958283,-0.6474867421469357,-0.05686933594587318,0.41528584564690263,-0.3213174436802948,0.028064126620382712,0.3034122603987073,0.11350169804742949,-0.3277221810661559,-0.449300242632402,0.022820270057175573,0.07302071250780973,23.616174358919523,2.1597652722871246,0.08297713174707555,1.631138215731684,1.1562535395127815,-2.0635475816337556,-2.162650599769472,-0.8142976138069509,1.4776305651852146,2.4728758256171495,0.48801513346530445,-0.900529016396638,-1.0833019977931135,-0.3210201977309821,-0.6346131228665914,-0.7885211139040789,0.9095310132434618,-0.9522661953235683,-0.6183182079540908,0.07515117605668897,0.3347740734917224,97.98710488035735,-118.35673177100955,-35.68506483083948,8.087372907888561,-5.306068809083126,-36.84208313088129,-8.700103162451967,-5.105306836393159,3.5124799806655957,9.2040171104787,-1.6382462240107185,4.524957198054464,-5.159021435461856,-3.4632666136092007,-3.436560267462993,2.084670290622391,4.552245609047375,1.449713629881097,-0.3276764503884759,6.196371773589
62.13537199514519,-4.748738043980653,-1.626079110695938,-0.695354161392649,-0.6476017705479116,-1.562472793441065,-0.6674465536119127,-0.9477553878931726,-0.8412343528906958,0.10904370327225488,-1.165608624965571,-0.9578485760506497,-1.0293646054667542,-0.3590941250128332,-0.712090226462744,-0.25172155707956456,-0.775958122015816,-0.31444948410546547,-1.07190387524992,24.084712851298217,-0.964915095026754,-13.898530948248716,0.164505598153172,-3.5398999121349393,2.4509988763649138,1.0376467857836063,-2.5135260055379582,1.8457566452718384,1.705473762281411,-0.04274035367004769,0.7841466012212086,1.8419286941569846,1.4868724988684883,1.7699108606159295,1.2520226394104053,0.7860632703919346,1.485367161160388,1.0453427208809665,1.6851478866791973,-0.04982505650724178,5.679403745556307,-81.26478899921614,13.673651401068685,-2.6661450168791756,-2.2289838581456833,22.983056313050895,-4.747678546379846,1.2359758762231818,7.174787543086253,3.092997982075037,5.570010444828213,7.648494852749346,12.795898015516856,-1.9851236389804476,3.5106128407162043,0.7879409219982616,5.374097403940031,2.36627604949531,8.62969392454249,0.698140706729184,63.779521299965865,0.9239845525102846,-0.7370986535515636,-0.21568999747103046,-1.4266818571855477,1.4192124973467224,-0.5070470266642486,0.49029331412956,-0.47319384713754964,-0.14254178379577942,0.6413370254009392,0.03979939466040516,-0.04123283565769231,0.30833989858486754,-0.22839183863046975,-0.017914478739244455,-0.30065757730142306,-0.32124159938167063,-0.15797380988172383,24.084712851298217,9.185793191565374,-12.448102177694194,-1.6518731424746398,0.4468532708817423,-2.834185388471789,-4.101475886551029,-1.7677416364319658,-0.7077980250019666,1.7451195184996933,0.5077177141158082,-0.927600907433884,0.301982914380432,-0.808943786095865,-0.53305983288194,-0.5824048353722961,0.2804836910436235,0.16134422042795205,-0.5245092273298222,-0.6942148915367996,-0.04982505650724178,64.10569240321058,-70.06035294039127,-32.75091285803406,6.235589582653581,7.076493441690802,-18.44221117022014,-3.8933818789186105,-10.05833917916167,-4.352603482089956,7.76102926985466,-1.0083531946085071,3.6488704535727052,-1.4478146187819436,-1.624692275876472,0.28592168780627736,-1.6428629396166388,3.349459014821084,4.557228127494971,1.9447253048007922,0.698140706729184
60.21161263932596,-5.904450083983837,0.2978955344544745,0.4234967629794908,0.5957819879685124,-0.5767967282116215,-1.4305334046498368,-0.16445720120578455,-0.16960359536728697,-0.10399967806231913,-0.6418393952965289,-0.14153754887782988,-0.3765299062287921,-0.22838519984923433,-0.31280626226868913,-0.38524450424009293,-0.49221526102545576,-0.3586190945342045,-0.554083090062514,23.09638967005576,-3.66325925287385,-24.526803445950513,2.2570298121021293,-3.9472856974980037,2.352233477487001,4.17929989635609,-3.0752105746242577,1.8568683440178249,1.9373932364833704,0.3179077970010802,2.4598866607607666,3.7896537457937187,4.619134836140361,1.570403282987641,1.8021517034567411,1.7271472384079734,2.4059335114416607,1.4826617428905773,3.1729703820118456,-0.8694551253196892,24.67157518215933,9.052463103328707,-13.844966313464301,4.993294230454557,-13.536807405554928,5.88685905565069,12.050640910147674,-12.066063286563624,-4.913660463698378,7.076063518567747,-3.380718572144806,-5.730886762288906,-2.049224967180542,-5.69886392760376,-2.521219284592534,-4.177337746061712,-2.328028821920297,-3.4170599407488806,-3.6032001303048684,4.796183995357964,62.916475973415984,-1.4050532515438756,-1.4570160343329395,0.40304633089765174,-1.2745730493241716,0.15430899910836215,-0.17943203352691794,0.6015738238798676,0.4017473432934815,0.8729366641196714,0.2590031015555385,0.3044747522741056,0.05397601266136176,0.039366293943283726,-0.2130753081110961,0.43154830032596303,-0.3658087549677551,-0.05580409601976344,-0.003434909107122408,23.09638967005576,14.351304253473899,-21.793845549790426,-5.633204886695096,1.5438872747394803,-1.704682131453512,-6.643891114829045,-1.7905792647747267,-1.3000271265532328,0.6537728319619949,1.4325139565056486,-0.7706691260237202,1.1713084047088698,-0.7713553048383908,-1.0543080343900928,-0.4340068979174809,0.7205466883975631,1.03838381507683,0.47692454375685034,0.1650352491630549,-0.8694551253196892,13.974498125376435,24.638518346837074,-9.496889877357702,-6.063248256290807,7.522001077054527,10.884860333501134,0.9046054746190322,-10.581359418434216,-14.612289625008867,-0.18346279385889774,3.1363486897895014,-0.7641008864575443,3.9002879275932365,5.018477387334707,1.8479574085979142,-6.681170675289575,2.141540171120824,2.804799595034746,0.7834084435939292,4.796183995357964
56.730748867985646,-11.839654256727144,-0.3704059611240966,-2.1411740176045715,0.6414575949316621,-0.14838019517006895,-0.583186126847413,-0.3283660387824754,-0.08654578634276078,0.4889042894391964,-0.3683470655031753,0.36635929595772376,0.007900188994142354,0.029908477608504125,0.14640032650690182,0.26000489423711626,0.006417196068906783,0.17380172568888885,0.00701239653580199,22.729314086574643,3.6609529879915783,-11.751506423233712,-0.7589446493300955,-1.6613135478087702,-1.966726093558059,3.9373160654010406,0.03761415570404747,0.8627362072301845,1.6447698506932764,1.1806528238236491,0.9943323892267442,1.8857594992503568,2.1162360494791566,0.2547056910078709,0.4885322094040183,-0.310057846782259,1.2003221136659734,0.2881979992264405,1.513606754178251,0.00782285699001406,44.67475689355815,96.72736371927822,-21.546780347644393,22.113613606774493,-10.199062242494225,-7.599827165068991,13.548234097505775,-12.172847404992876,-7.572157979042883,2.14934160234404,-12.1485849525284,-16.610028573433123,-16.36312280989086,-8.225910548335513,-7.995289119496473,-11.534147795994883,-10.668712752223147,-7.074289397335155,-13.98946349008294,8.599101988536706,63.7860873607094,-6.422539624684507,-1.4767202485275943,-0.14613676869144898,-2.0798628790598324,-0.17571290785432003,-1.0887602899744326,-0.49178772257194314,-0.43072367965334424,0.30351606878763526,0.13882500357117866,0.20305243372018378,-0.3601384558852567,0.1158437478384613,-0.11361524417677993,0.08917224561898429,0.0344364921816156,-0.13817217226406275,-0.17283567022615687,22.729314086574643,11.536519343350847,-7.641433448449984,-5.7683171139268605,1.2940287962117667,0.7014751943282973,-2.535839378476483,-1.1953813411228058,-2.6412509368085972,-1.1236112695643996,1.0156230946039715,-1.0715284510324432,-0.18208211367788163,0.0365040784037971,-0.5153391135737162,-0.2020414874500971,-0.7952096024577102,0.23191719659342014,0.9090905103994229,0.4972180741349175,0.00782285699001406,-30.835644017663753,101.61233063476816,11.697608684872613,-9.209371444862363,7.033820421220495,25.048653751955303,5.818088864777392,-0.6647718798212661,-8.977335745930489,-0.6539312137017221,6.972334992532278,-5.808619625776664,6.293889618733803,8.881506393064354,0.6377219930674412,-5.732514692301421,-3.053712274199038,-0.21260467060557486,0.3850587930245213,8.599101988536706
60.774813143652466,-12.03681095864777,-0.17040242988374477,-2.4425095321754444,-0.8284125330680094,-0.5697844910273617,-1.7414064924746544,-0.5791471442897143,-0.5127725650926154,0.3239473977985532,-0.3258309098144849,0.6426043993843802,0.501480220420869,0.08727681047279745,-0.0752243537385926,0.3257057837979702,0.2005780519551683,0.1758414707941096,-0.11813129027982772,23.859146178621465,12.844683555909526,4.459508562810935,-6.7290075926192765,0.3704932893648434,-2.371116103767522,0.957646510014261,2.800795141931496,-2.630738839690011,-0.8840944967350444,1.7494482887192717,-1.5285307761863054,-1.7753683512646452,-1.2486255287566457,-0.7714734201577778,-0.774839024351301,-2.077268908886499,-0.7863477278185176,-0.6853401099260008,-1.4213036432550734,2.7040421144220765,8.988383033319515,116.89826759951944,-18.365140930907877,27.369677222376993,4.0726159154296,-18.74784889475356,9.034741647381878,-5.18686645408466,-5.263354513817097,-1.4804290879581434,-15.18862156362357,-19.106652348877276,-19.705038610691613,-7.664982057225588,-8.395302102444559,-7.689029302455002,-12.484924486522935,-6.827697564871587,-14.355509045728267,2.1052833267922644,67.98715469102628,-6.130486963300291,-2.264880956588013,1.076887978851714,-1.5890763195240587,-0.0759960368037933,-0.7506356547111515,-0.17309671379182312,-0.34183540990804095,0.4363587160152438,0.2812072935499228,0.18271023914425077,-0.19816071568503046,-0.127493681423136,-0.16089004813815588,-0.020992199046488746,-0.09765536983550627,0.1697478283767968,0.1629692672615537,23.859146178621465,7.971651259082606,9.998901940543508,-1.0590847372210566,-2.298958351297634,-0.0703773345065355,2.496961312943822,-0.6481750241520148,-2.8463226881285775,-3.398903592855237,0.14233104629177395,0.7396091002973924,-1.2233199269927288,1.206399833815805,1.86576521114665,-0.05472408356622127,-1.893207677650659,0.08321740215410989,0.06728172069865956,-0.12886108498220494,2.7040421144220765,-79.5354501236707,110.29437687605322,25.625337917653376,-13.020943348311686,-2.370328672985106,24.222080253303773,8.066838723299364,8.853967459716197,0.47894338125596914,-1.8971659563497192,8.41534574492819,-2.9765651275625453,2.6988950513773786,5.590651530211345,-1.586501521440408,-1.978571258710955,-3.8844116178647954,-3.231213580948755,-2.762815785101945,2.1052833267922644
63.68424823697773,-7.558310818265543,-1.7714024531918762,-0.09300778771956653,-0.9188675568086802,0.4026791206673255,-0.4932029318474802,-0.3090423127361155,0.1527350573186066,0.48539657725364327,-0.826446673093221,-0.4070398005565763,-0.41025164405200654,-0.38957228466991367,-0.5866150760257831,-0.7622256244897256,-0.5221937216731414,-0.43758076715640226,-0.5330763980521376,23.707246025510372,13.118491947360631,19.97199490700967,-6.115865873308321,5.358017397820882,-0.2868574542549376,-1.1514401035799744,1.3225881849370524,-1.9968634653706818,-0.669861360630823,0.3161602016428766,-3.2959371565694555,-3.6805745440303945,-3.760808723628439,-1.1721060619791177,-1.4571265564338098,-3.078802553958271,-2.252848595321097,-1.407801051378322,-3.012446845728813,2.4629773178902283,-71.82444487380288,43.2590389810709,10.791780922589886,16.64078932359721,16.106696736052,-16.48141976535139,-3.704142358159568,7.76075127834744,-1.925817552120208,-6.122076475574405,0.5178284755519549,-2.892274999387951,-5.244151631704695,-2.519740294698003,-2.318772360126449,5.2917679644329105,-2.653203295536983,1.3072937080771179,-2.4254014291271337,-16.712569515697503,67.01244161283614,-0.5340153158364993,-3.217324749387457,0.09440357665782173,-0.9186926249214555,0.2664453260645585,-0.8191358866335348,-0.44299688543889326,-0.6632081053189882,0.5835587375584201,0.09447070388752543,0.009640594386391754,0.10308756771740235,0.1341003294812193,-0.3555052123419884,-0.18924903028187368,-0.3187756715708374,0.0205276936197607,0.00743313900139686,23.707246025510372,-3.0422023200708566,22.461689394522914,1.909871125224647,-2.236409638530882,-0.13442757633503,3.85242477554019,0.5701006756453744,-0.26703618412492736,-0.7172101420569357,0.8258435623718845,1.8034274756716986,-1.4050127326571005,1.3491234539439385,2.447656740881866,-0.4531852460142054,-1.2788964720829759,-0.8879287102102069,-0.42599015110351424,-0.35473732795190904,2.4629773178902283,-100.19822337010503,23.158011048157093,18.465796731973303,-4.3575993086998235,-6.334216875528265,4.095307401151521,8.710702678742894,18.48706035259623,11.439791611960747,-2.9057504297537853,3.2576688264267224,2.8852963542272843,-3.580144333048843,-2.6120380946267656,0.42364744021789735,6.147236984223662,-1.024315310072343,-2.990363940772844,-1.471424640445115,-16.712569515697503
63.157204732784685,-5.81536752180917,-2.366110015821274,-0.41533970728059,0.19038651195492262,-0.3735031311231882,-0.0751274311840553,-1.48948848407397,-0.7312912655654928,0.7724783223900933,-1.1770549795946588,-0.6425221762530025,-0.7917667540840405,-0.4043815287889143,-0.3337180731779972,-0.9127636993199215,-0.6210836660636905,-0.39559790307455933,-0.9946905143960809,23.959444757798934,-3.897837215898619,18.06057968868752,-4.247080041362697,6.227887440875665,3.5486071155502406,-2.6502464665301826,0.7996732344501787,0.6932349532759283,0.4630315852368718,0.009939564112394716,-2.9892893481529192,-2.9805054070045434,-2.294862082651648,-1.5486818691316584,-1.422669964846624,-0.7329950592315218,-2.1099433773262715,-1.083187514242835,-1.7417573408987563,-1.044390692373664,-169.32372952495652,-33.471215769671566,36.69416641329124,3.9223769889753926,11.63466245256835,-3.5124160745886206,-10.153794530561775,19.66846851432745,4.922850105862855,-8.245098767670791,16.655316176553022,12.204719491718098,8.676731196306921,2.9857353744867967,3.2000637583486107,13.639495190904668,6.326351045713712,6.479145419273049,9.569250991832327,-53.42493345600391,65.28912447689392,0.650135564303874,-1.1162561525135364,-0.8667030174258006,-1.8903468436466278,1.181710538620834,-0.6383317472733743,-0.8459829387509461,-1.181462240301315,0.804080852880166,0.6509848015460613,-0.21047929155536282,0.42556291776793476,0.9631206086952298,-0.1194923658116025,-0.3758449005489375,-0.14759397201447366,-0.10151316861234538,-0.15799985621200174,23.959444757798934,-18.1270599766506,18.301781466749738,3.3403699525558386,-3.201365182045038,-2.4718950826144015,2.273016934814505,1.3600990884908652,1.9398492269630307,0.6900439588362475,0.5788207444468325,1.9995257830883042,0.2944911504172065,-0.07821746691977216,0.2595198034877888,-1.1016857793556307,-0.026895506145281578,-0.3438990404537541,-0.4711419159660588,-0.7903949423445042,-1.044390692373664,-137.53073544802047,-58.63351600337941,-2.758165859507974,9.435770034067119,1.3274839597533745,-14.474502093549773,5.086514417522229,20.432012359866707,15.990785437974976,-4.587755086072376,-6.195154863416624,5.757934914796632,-7.644635057725528,-10.662078027687635,2.8819744344109095,9.482020773980956,1.0656730833956611,-0.05396154344294435,1.6121302581865276,-53.42493345600391
62.09879904709985,-4.964378521641609,-2.3304851048094926,-0.47575023114155757,-0.01137065470727272,-0.8222409269121429,-0.7550315650241863,-0.8716271015756885,-0.31221711642173355,0.42271892796486465,-1.5907036088978161,-0.8313646882387822,-1.2258806855676223,-0.31031538375019885,-0.4529160919903008,-0.6601616411830733,-0.7091762425822123,-0.24437911306593763,-1.060931414270478,23.910653455931023,-23.880009063005787,3.077477504363446,3.3959820363365574,3.730384038234425,3.1267606648090607,-2.499447329002432,-0.8138960696350779,3.081124949920935,0.008298033647214265,-1.0106310516601145,1.9836259129860285,1.0421905274263303,0.01727851057431007,-0.6165602318541903,-0.34693850041154484,1.6636892106067074,0.5355182906513589,1.1407685554234166,0.46113288843652556,-6.474245497460867,-198.544287915679,-74.31424748245401,36.837843325857655,-11.503162232735082,2.671232389786918,6.778729334025677,-4.55355078455599,12.408483889962808,2.4048391140066103,-4.548019474986434,22.735577679058476,16.119681366298398,13.606100947647857,6.614881394450077,7.075460540435534,12.765311304819548,9.604272638641614,7.315535376488871,12.127674161969825,-71.1619622018119,63.61400130774015,1.4179938087748662,-1.0960970879525092,-0.2925460898181327,-1.9964414051660628,1.1216461922034613,-0.859861905870634,-0.28886270215484533,-0.369515335485175,0.5325767815411164,0.8556499874089587,-0.30285916725855966,0.00256145436022992,0.7943649732202114,-0.3609067083471593,-0.37284963967127926,-0.38455856183400416,-0.21553674932124878,-0.18971977246533367,23.910653455931023,-25.513236723835064,-0.21386768747455154,1.2648539071713425,-0.4335674427644429,-1.2648743693819018,-0.3762134888360644,2.1558329419272013,4.209193281943715,2.5518107605702314,-0.6554969693504504,-0.07265237921453793,0.5016605247307928,-1.1112594377528358,-1.0182354570576684,0.5332630805535563,1.345252803901432,-0.06668223713881938,-0.31687964165464,0.09227268259350963,-6.474245497460867,-136.91316577748762,-92.73720623095598,-10.96745574023796,10.668889565559269,6.661447175806748,-16.837169404582923,-0.8552973933350314,10.257757983521511,5.87896436148658,-5.931286528077199,-9.836936545262038,3.655964859159953,-4.799333112456704,-7.255481086335587,6.024540326102724,5.930336031608441,3.8365720707941686,1.4124643214403247,2.6995036063072577,-71.1619622018119
59.618619130642095,-4.303487262615978,-2.014401124756285,0.8628054099733835,0.4921425736564071,-1.2824477005027188,-1.210655558661212,0.04876272676803639,-0.04878068560400939,0.36025600449913986,-1.438347115988647,-0.6354858602767886,-0.23813630014714704,-0.7266925745528892,-0.8534088281796457,-0.09182373747111683,-0.7609023762534319,-0.46235311337254026,-0.7250824526200357,23.235247117224308,-53.317930701385514,-3.8288406207017367,6.862151659203905,3.1454984636457684,1.7394060629846533,-0.12455791456882048,-1.207859996063327,4.664501209827906,1.2382508590573642,-1.7097054684646285,4.1593457773124625,1.9656088588660414,1.2006964522954409,0.4436213520231569,0.2700988268118718,2.3712328042833457,0.9826443520521102,1.2799477963096546,1.6265319855784215,-19.53981320590433,-130.52424739438032,-55.61940809028025,20.548891455787235,-18.638101699835204,-6.380934350777718,10.786257336064462,-0.5707535124392891,-2.311181775914117,-1.2820801885361095,-1.705349853127109,13.409410237193537,8.361885662394776,5.385438192385223,8.416990413658073,7.790567569828471,3.282221318370032,5.747500266615938,3.8456309609045953,5.205185727015473,-55.540175301402,60.62284485524897,2.0443992077688953,-1.6553098110275677,-0.3303197789328278,-2.286149470708956,0.6329119975340078,-0.05022310084716919,0.7197608080476683,-0.14365981540682382,0.7512600662473119,0.9003805433333583,0.48620569517532974,-0.18700639246633033,-0.32786610154873763,-0.7090321898133858,0.05736035257557326,-0.23671344493079993,0.05220909186427214,-0.13365174817733316,23.235247117224308,-49.55819926304552,-7.980077520147464,-2.1156590579483914,1.5175055678527056,1.1585880418935877,-2.625970601642937,1.1022160514681865,5.131568758770456,2.9619786748186674,-1.4108762308832468,-1.4199284039678015,0.7023109017116402,-1.385726249198572,-1.7323277037274005,0.8930389703553527,1.5357280713476154,0.20543070731624669,-0.01425430574724973,0.4536990388383495,-19.53981320590433,-85.54990062273484,-64.4283091463701,-6.926147327875038,9.323695841289057,9.644818195469895,-8.004533786994648,-7.330304570463462,-2.6433707996554614,-2.051318472322109,-3.8736524602776425,-6.387394721059971,-2.4415681478960103,0.7541018326146847,3.2389558878766755,5.917921171069472,-0.7162512807359167,2.5718644218417097,0.8775394209866851,2.0330532098580747,-55.540175301402
53.51353650654613,-6.775512195680416,-0.2492658805560919,1.1331116727706592,0.49363474474510793,-0.3925722591441252,-0.3323869029264408,0.46239455680334896,-0.184371215838528,0.18619221036906275,0.2960123515967874,0.11053730516848193,-0.6784276157332982,-0.5366968777150214,-0.5002389487307313,-0.3408510001107743,-0.1845252212525912,0.1661811157042965,-0.4373139847218974,20.832222097067252,-61.443605267735435,-6.24041867952271,6.748439939337205,1.147630770068289,1.9533592669213151,0.9750802874521827,0.04957940791581006,2.221745351334733,0.14494855946223595,-1.0980270195618291,4.497534120227091,1.9062090061835115,1.2944624827219453,1.139183024668513,1.2342193179547092,1.751739166694069,1.0029938593105188,1.0683989815898682,1.3672455720175103,-23.870292526250388,-50.0565396047748,-17.596643181553752,-0.6007055267852293,-16.005626864991225,-5.158405475287011,8.140307752397907,3.0833283536987532,-10.924749515833863,-1.993848242167874,1.33385543628395,-0.7512126028145638,-1.7447053592759407,-1.957458391042623,6.1353242399933015,5.4698829066646715,-3.10633935976732,-0.46347401839847646,-0.9340466477777776,-1.3254602199960104,-27.861060285213654,56.58896306174108,-1.3380809813062857,-2.31537096654477,-0.3905717639708861,-1.3532284960812424,0.35273785218993936,-0.03527373888303664,0.8787278821336568,0.09379606251888184,0.28222064619962195,-0.06655335661339201,-0.08787163661355812,-0.14625749604188298,0.2704759560743688,0.2058962399356814,0.26677474510658694,-0.30755705368208397,-0.21477325744586806,0.04139542628081738,20.832222097067252,-55.78321556561721,-10.765984227506474,-0.8458422396422187,0.73859976929988,1.381054449314349,-2.116666158522551,0.27139349748919805,3.2659830417321154,1.0863046806951444,-1.1449512140016753,-1.405313703431268,0.21905982127565915,-0.3967887111450139,-0.1841600486783328,1.561722542181665,0.9049597549747965,0.755692451301877,0.051798204507243595,0.37296748461029294,-23.870292526250388,-36.716389890665184,-17.501131614161487,2.383884329681007,1.972826715378166,4.45380951418748,0.8013267077963389,-9.502382358888182,-10.280648480934587,-6.874186908120921,-0.6179649205149813,-0.01828958360307298,-4.060609666582922,3.4330393829552213,8.154678747552115,2.0695700946326867,-4.720857545300246,1.5204712457016498,-0.0021197966044443906,-0.3808916192969446,-27.861060285213654
40.79087065236879,-6.824220995140635,0.024356201653978005,0.3529785725861858,0.8075868437210589,-0.6506164222916073,-0.8903797602645915,0.17575129165046421,-0.17608878632841352,0.03588894695568001,-0.04074007118572931,-0.1306687435236138,-0.4651450628534821,-0.0693801057949246,-0.17500723140184604,0.11319738228560183,-0.39208700070244595,0.03909588069515091,-0.49323323638116046,15.728753834278654,-50.378162810723964,-5.090176264509532,4.351136735030597,-1.7997867749588687,0.9448406391052546,1.005618393274741,0.08255873945509018,-0.032666135388029094,-0.24633377193869377,-0.7990373785003024,2.4584616668233186,0.7684281848142538,-0.24073497253285403,1.781941709436026,1.6820349108844845,0.8640906219098134,0.5300689716521172,0.8758127531262367,0.4077791808184874,-20.116454828679906,16.944978238334556,-1.3724288726024128,-7.419333052653224,-12.83798802223643,-2.597649475574858,2.290890721509681,2.6138168025761144,-11.648746177154631,-3.3604515933930457,2.1203258209901787,-5.44084067438206,-3.532142169472833,-4.418060304911389,3.319399399593251,3.2716877610750013,-3.90193290953132,-1.3780756484583876,-1.0008563148304672,-3.396972000718891,2.600554452019331,44.02254396837069,-1.961865800729282,-1.5644487421916016,-0.05893739642307105,-1.6326592772422441,0.25317940780612647,-0.49951780503307974,1.136006148490031,0.06787139810599019,0.2238208051092898,0.4021222715733359,0.033182393977956526,-0.1928907316302948,0.3589012654044508,0.04362564522465351,0.07220694273593709,-0.08337937243231042,-0.1090220674236606,-0.04670793616590252,15.728753834278654,-45.767020867126945,-8.636314836419352,0.9326443620251004,0.8743991325673286,1.0275496057724212,-0.8590236238395756,-1.3628334745218642,1.0897689472410996,0.39713776261273637,-1.1132783633663763,-0.5278409153333168,-0.7849925718032318,-0.05840191391634075,1.4619600432364588,1.3430450753650507,-0.1648746220499222,0.5308458262467526,-0.21671112855365804,0.08578426157614139,-20.116454828679906,17.598551490327424,0.8171947585433461,7.875093441614302,-1.1504135073033055,-0.6155817157842609,4.7915364902896975,-6.564326023991164,-10.25981371754973,-5.81884874249427,0.6268685856690399,2.6616477653669204,-3.978659340108635,2.9930354677931357,8.03469558584251,0.6813347432027812,-4.471039763819794,0.42598361280588737,-0.6734229786737183,-1.0230127775585678,2.600554452019331
