39.92960739945305,-5.950034664079428,-0.14997017481317831,0.44767623808412793,0.19271279438449573,0.0041469956520838736,-0.09043463071635038,-0.4144080519945854,-0.14408344237911042,0.9127763567261855,0.0996761429009112,0.4127673817509936,-0.05209471548058642,-0.07409075923813035,0.2217283998473536,0.3047515437758699,-0.1797302746143341,-0.10672385841157705,0.024873350258424187,15.662270596388257,33.39366866375043,4.517755320202221,0.3087422645301401,5.226377219662165,0.7978371954760113,-4.669797760081404,-1.6091879383589842,-2.6718157094454065,-2.6236834732980583,0.19359358919966851,-1.7645878859210793,0.056286902793992954,-1.2087727977582292,1.533074343308433,-1.041665491778597,-1.0042058870002155,-0.25946302348418593,-1.421981525642514,-1.1380771796642484,13.745698794965705,10.733138788342927,3.440192870421072,9.280922915244638,-10.317039274538619,7.371707744516938,9.349898951640181,-1.5113733960029205,1.9221290781817713,6.355948355055386,-4.517403656868583,5.244673803792475,-4.795884035163326,2.9843629731576584,-5.891125888620765,-2.952987106668123,1.0216977579659237,2.3982368836727854,4.6222084194524555,0.1219801308394608,6.165298305496545,42.62767498137184,-1.1872468055022698,-1.6175032427504665,-0.24370855536106362,-0.8698435490715459,0.6150778389831548,-0.11308775449322361,-0.3185629559139298,-0.19849234244552338,0.15595440106111158,0.4467088132939574,0.1999830872860513,0.09876421978697358,0.17599274150187094,-0.07364173320012624,0.205931621733497,0.12271506373435681,-0.02385652636114699,-0.16883197283135887,15.662270596388257,29.642571109471618,5.649280769961754,0.21280462845653192,-1.854847070235064,-1.9477561146501983,4.895109366149418,2.4587416752669466,0.6710541051220593,2.614105107847876,0.7141695748662447,0.5760428320472795,0.9829906100104377,0.9473903699968642,2.1377538776886196,-0.5117922258125407,-1.072901281126139,-0.399543112025442,0.4458704161424767,-0.05959609472090288,13.745698794965705,11.716668323146678,-11.674197052948378,10.652687185263883,6.517136032030724,6.658862900919477,-13.050071941203473,-8.219671254985368,7.869827114427004,-7.119007746526586,3.2833749472478697,-1.7968396883820748,2.6624511897074856,-0.657445877290046,-4.585703209073534,1.7127875696982053,0.9134202058777419,-1.3432681679016873,0.8669203394218858,1.0579796600931357,6.165298305496545
46.42093662692822,-5.709373074314298,-1.432209708462051,0.9752674406332651,-0.22414683670048152,-1.5599753827202598,-0.5828631888418676,-0.9232974429366694,-0.6309008142599719,1.0934037406213513,-0.12362363104199847,0.6592589089387069,0.13139163755750527,0.7547443813713572,0.15658365506945504,0.21782788533852315,-0.3950950325372098,-0.33755849865527066,-0.38187226677843733,17.246969590307856,41.2447955658119,5.159546130008907,2.9035376514364253,7.397944707006517,3.8259739382123827,-4.646882063432104,-2.940064295943118,-2.9421051534688223,-2.9265681473930054,-0.5904020789086415,-1.440805866629495,-1.0702658543032832,-1.4194557506760839,0.6464867269490282,-1.807709023833043,-1.6056156230058363,0.6489175276222057,-1.1108614508587318,-1.1276143725545136,18.555500731947223,-25.31966684799967,-18.036742419446988,11.548920233197332,-37.931489011989854,2.15743101444026,23.223960845554153,1.7486553419811175,10.411237862304473,13.551286362315707,-6.890357484673039,8.347562547532394,-4.822957256098901,6.208302788684178,-9.396685634100646,-1.114668118277657,3.0076698954615324,2.5089630615011984,8.17751778939667,2.9557408104452305,-11.673395714671951,48.63339186006468,0.5676434930021288,-1.7899145955581015,-0.9760732939940255,-1.5940923168793364,1.6715239160626387,0.19268414821548818,-0.005698933011987872,0.14351373699308834,0.043938788406638896,0.7717796274704827,0.008836254788203934,0.42941631383959367,0.546706136122094,-0.4274890096247008,0.01054084136112321,-0.03533193549266023,-0.07622607058363418,-0.12961438042462914,17.246969590307856,37.48925833248269,4.151127836818447,1.0269073436290976,-1.7506841072727308,-2.236074102437096,3.8985726285064013,2.9356866262980277,2.5166478968617936,2.8869294779938293,2.3072024908943405,-0.04030131165288808,2.1707449315915244,1.779806137943074,2.1320928945445234,-0.39140224057858886,-0.8955458703674013,-0.8227758607546181,0.46140055701703075,0.39590551477670066,18.555500731947223,-5.832299001463717,-40.82087039273085,14.338946954711343,17.99447550557512,11.637447158575409,-28.515755181232628,-17.986493589398307,4.283600314798424,-14.804923599099446,-0.1362772884709027,-4.57945258403858,-1.0871565094947533,-5.281255893053899,-10.492818269126591,2.397020324596493,3.378105396801003,-0.6051819954909248,-0.26085878305710475,1.287761856130618,-11.673395714671951
53.380777117590675,-3.811487798860883,0.6455207242763281,2.7970692466406417,0.80006120766499,-1.5486906952024462,-0.6488143208330839,-1.4958712112462467,-1.2125164930877088,0.9192594593784369,-0.6709679130881736,0.31766506955413343,-0.7482242908787469,0.2780288421113424,-0.26653197365299564,-0.1538895705055645,-0.20177940739498923,-0.7022973011109872,-0.34079243105526924,21.742770496911312,34.83467460689116,5.916956350509414,3.651806028699317,-1.0179261612793202,2.9696226963662946,-0.006306132585963242,-1.6994364575683778,-1.5756064483428132,0.7057330412771083,-1.6731104051804682,0.6958580063293658,-1.7783787362390315,0.3887501652795273,-0.9691947928222473,-2.1351372790854355,-0.19265214001444342,0.4854651427990111,0.7335626466918228,-1.0823185177993855,14.423446979223218,-57.4234396454113,-63.99544528758309,-3.7310682134307567,-52.71782978887698,-15.077721197034379,28.84839429302312,5.72804874014393,13.929742225351646,14.609354926549381,-2.9805959852707584,7.5985537265445835,-1.2242109616690167,9.919024008927417,-6.139323559861879,3.859539293563152,4.584310650589774,1.7498570122387318,8.789017897225282,5.36553529667079,-32.92078326469856,54.44610209676123,0.7599484302264079,-1.4248952521183833,-0.8049497211621146,-1.4815972224927498,2.534409483518122,0.9633971317858938,-0.1394679148038711,0.9375571717591087,0.5690469948214703,0.5721948222293345,0.7870518085401939,0.40713335775909565,1.0595129830360692,-0.1526142078941093,-0.23282362864338557,0.001967007335144322,0.22526345382133495,-0.21823881639517517,21.742770496911312,31.57756165953942,0.5612587100592181,5.13209686350219,1.3516394642991312,1.5258343297029895,-1.1316582356308107,-1.8895664277412771,3.683170766465694,-1.0818109504883937,1.5593405904761317,-0.01420494029367414,1.7203390440736372,0.20245954737873628,-0.1522672352760992,0.28440656641958606,-0.7048688835666366,-0.8595608216116977,0.8715655154161426,0.24164293057686315,14.423446979223218,-8.003046264628225,-64.04859133588326,-5.610478521545527,17.473877322096442,11.24376491634489,-33.11407661421485,-21.003803157710436,-7.679771795054615,-19.63820576479506,-6.92989124389763,-4.6159439439028755,-7.339514163786291,-6.304913092179468,-13.221823248799222,0.5518679699736584,4.881732608727011,0.5633884546328352,-2.173463481916225,0.8942489025868906,-32.92078326469856
53.82642032329018,-4.4395350316842475,0.9040532013602811,2.9719520873091296,1.80202555685044,-1.5428751906367029,-1.2812769336295426,-1.344729049103166,-1.073150990721314,0.6143337659457391,-0.23540476241929387,-0.07481438930221795,-0.41375780311954813,0.07309280356164738,-0.43799592531899334,-0.26873571058633106,0.1557530555870963,-0.36436786249123787,-0.3561009453619859,21.89977101210034,20.01333226818023,-5.200216404674869,4.411670499044218,-10.61721559586202,0.7906599522509996,4.610436848947953,-0.6897360077637287,1.9856985911555334,2.487251450572212,-2.318233155946783,1.178970441719895,-1.4378589057389455,1.0966171150649817,-1.9141339056765498,-1.0522636572640063,0.09385218723766453,0.6225544241248147,1.5890052828886527,0.31191389462593544,7.5701268455009725,-72.56490239990468,-90.11959112181256,-19.756454413456012,-33.71208939277385,-31.221712603621185,18.833061470403063,5.410391607434452,12.715530857864639,10.002877549450355,2.6412856805206637,1.221202381935091,5.62356939412945,8.43533213582901,1.4047168919880235,8.100384261353739,5.747841023042322,1.1124116498449572,4.790347498031785,6.704253572214106,-39.833957444798955,55.46309058991849,-0.08528050495738482,-1.2003535662519593,-0.8384300260969035,-1.682003763579492,1.6046983309688718,0.8165131155162315,0.8502134719619376,0.6769476394490752,1.1030093496281026,0.3638151529998248,0.9918211924547422,0.8344827197724496,0.8002790680070335,-0.22985661614242914,-0.02246368826176237,-0.22829883844334597,0.08228376205612742,0.053824206338899616,21.89977101210034,25.75892633370586,-12.217143396452403,4.922631988289375,5.539147415285399,2.134172242460912,-6.3493844235767805,-4.360351067928095,1.3067959318494538,-2.940398662533712,0.22344542282584978,-1.4185595738015337,0.07073813823146136,-1.3207721652210211,-1.9636447003923168,0.2886185403696424,0.43213521849461123,-0.4721252549777766,0.10259347497709137,0.4336653206955232,7.5701268455009725,-12.049228712001785,-56.144255676324434,-37.53105615032101,6.887606371394107,4.979870775201196,-18.386605739346468,-12.35394068338686,-16.820522915007295,-10.759639903789619,-10.125020577237684,-2.2318173541114006,-10.048493295987269,-6.535654170619151,-9.793276914281016,-2.2759619167498037,3.1049609833857943,1.870958675425883,-3.032377576248403,0.2034984165415158,-39.833957444798955
53.64420285471765,-3.6264755101397466,0.507801384625314,-1.0596291658934645,0.6644379457921823,-0.007556166682676224,-0.5909459871067018,-0.9914954730827437,0.42990816649011476,0.3157561414737575,0.5034957117542418,-0.10938533724805977,0.41485508749770394,-0.21786236674439907,-0.54855044950114,0.4517072717310753,-0.2124217472769816,0.27346214685231796,-0.5291715693494943,20.547593375103624,15.297680489860618,-22.300086056247437,-2.310858265989135,-12.124957523342058,-5.2233664100604855,5.125739930240128,0.1296722876232863,1.829153530918239,1.974084190994024,-0.43278886491664004,0.7248008231765177,-0.37202205232268426,2.4927027738349463,-0.2562771203097176,0.5103814717184605,0.4382155331729214,0.6286470343838755,1.622594056096435,0.824926335080922,2.7779941058395536,-59.68941901891626,-49.97158684630783,-12.26786424235306,30.76509597077934,-20.442851625691716,-6.368271540868124,-2.6185200256113803,-0.27480903064671014,-7.423249494707378,5.034724296830705,-8.282151406529243,4.847029731964557,0.3463931866812322,6.00614618930763,5.951863146867932,-0.4483084178841166,1.713318843555719,-3.307640364887737,4.207337755604648,-20.746050639729777,55.001606446214645,-0.5801554514929039,0.6537646743475576,0.36328954283994097,-0.06297066086997338,0.08266151371463293,-1.3697854520142339,1.0950662248319545,-1.0061147689177137,0.4060894156884456,0.6435885803824493,0.5686601404896008,-0.002539209490086236,-0.026927342078648442,-0.030254646731469048,-0.1300005552383785,-0.21058189559614915,0.3326713150270435,-0.13972980092469167,20.547593375103624,31.506213976545922,-18.19087928134445,-4.5402969546463705,3.2371758295340927,1.489003171073243,-6.537950414916419,-4.39514105647521,-2.563905809899078,-4.291333704285884,-1.708897513048325,-1.0428000088298355,-1.6367630752026758,-0.654777024510822,-2.425288949242571,-0.5758686312998271,0.7041244788063605,-0.2931741875974452,-0.46145778379566615,0.36864845361313114,2.7779941058395536,-32.592182188997874,-6.546638270687232,-52.30852936214299,-10.674079542992846,-3.9716225453766802,12.406625548577043,14.38235605407761,-10.292904383421101,9.0681611104331,-1.2469356195626307,2.3257663027691757,-1.8893622946258302,2.0022878472704,2.287072805140736,-3.276731429645308,-0.09707561931075626,1.8282035898575277,-3.209587733850439,1.5468944436010217,-20.746050639729777
56.295889892454845,-8.4019874210123,0.8424852108855649,-2.4049911510306914,0.23899477036142214,-0.025324222506168503,-0.956665359586923,-0.1826360164406542,-0.20848741876277765,0.23603882160029954,-0.12137022260325869,0.15385465947033072,0.09816050590177072,0.04562303296095305,-0.22853893563847594,-0.038044442160964476,-0.07849665053380628,-0.030935581192596873,-0.1317257503183571,21.629621573962186,14.73084142437483,-25.791728227518945,-3.993357407947356,-3.904584308349036,-7.688387810384821,2.2036256403563823,-1.149422864821724,1.7132802858329716,1.440695052473715,0.1100799912197763,-0.8446760840855254,1.038340500803268,1.746234012960711,0.9923863366867751,0.919723731441878,0.9528710519216421,1.133532406752252,0.8397965934548548,1.2708899871123858,4.461248446239576,-71.75439251579236,70.96715130253565,0.7901611278335086,68.56113214831882,0.5992076021397401,-22.43062363106095,-1.5773911741057924,-12.692997530696642,-15.445034014061845,2.56988764847576,-6.565618735356258,2.2761980294829747,-5.897414263126244,3.2047881896985935,0.017217869577203615,-1.7480117839132339,-1.0021512852919596,-5.588044159225918,-1.2186111452826855,-8.71248050239408,61.2351028521909,-4.8708762643644175,-0.36792856464638435,1.209380781647646,-1.2363194764602685,-0.2772943108240069,-0.8209000938484956,0.03043196309482621,-0.35484962393535646,0.23714028938607612,0.026802961493158417,0.15340115792923115,-0.026133485146325963,0.10810394848329441,-0.34435952002119974,0.1751969139059253,-0.16512011151590178,-0.07863326369794277,0.04796377218789072,21.629621573962186,31.500317817978548,-14.544931005641935,-12.902423822457127,0.7503508958068421,0.2722768644783753,-2.5915841515240285,-1.9884964010284363,-2.7700752724594677,-0.8881290970022357,-1.121188745962273,-0.6419124544405077,-1.1749506567639538,-1.0594026614217222,-1.6280347056127484,-1.0992456000937842,-0.0475620598610027,-0.17048984004880285,-0.38827658150126654,0.43415196152932456,4.461248446239576,-128.961028549759,81.83972188476845,-15.369859699800344,-17.700001781568076,0.9374577023085626,34.47049012677923,26.09000237667065,6.551736604040438,16.57054497684342,5.20095783659313,6.562620324607381,5.924352627910622,6.1860574193958096,8.034439312794488,1.4488806041024656,-0.7677605314319653,1.6840497577078195,-0.6692366674398971,0.9050941326072806,-8.71248050239408
59.79488257793865,-12.980304632320575,-0.4791244134808812,-0.5769378958604765,-1.0301066041207436,0.2554037858523506,-0.7462839640427505,-1.1623409621183831,-0.6578061835699649,0.8920124990928366,-0.36558477140793233,0.01731951900651696,0.24216794152806687,0.16362516725683074,-0.11606973263402409,-0.050127438131787105,0.2296689628573998,-0.05771641371209024,-0.040516861036622664,23.266842268900167,7.631210519335731,-8.77308116122246,1.7203878610185743,11.008306180353857,-3.0122792351616527,-1.9870362987242398,-2.7788530418450703,-1.5768018110048874,-2.4826135070273323,-0.3699048303483954,-2.4333944340325457,-0.5929635735278596,0.23713830967227878,0.5806181806499051,-0.14519940000441167,-0.8463157812984905,1.0866355732631519,-0.5456531910351468,0.5418623137597136,5.604860858989028,-84.18533965145622,150.41386117709095,11.923833542019876,46.45461560590088,24.845825627976055,-16.682371577185947,5.453929841212156,-6.191708386319207,-11.193849689547573,-0.5437120824904551,1.2913280035360906,-0.5457281864572039,-11.628309934916604,-5.327997968884374,-4.377062107759706,-2.059529036544068,-4.474021711704912,-4.57639536936083,-3.125264629581762,-13.561537267218583,67.31320295389799,-5.942693330742302,-4.111256230244356,-0.21026721026734307,-0.9599377805157401,0.20643059695635202,-0.41546679176934775,-1.0115300653198545,-0.6922110486916173,0.14753276841832097,0.21930091356774994,0.38788028820161147,0.5100529479630724,0.19295606817665334,-0.38329707160463755,0.020408309675950864,-0.17620944992730037,0.07499307480053696,-0.03098437251310515,23.266842268900167,12.410774822904138,-1.5481666206896323,-12.109639912196052,-1.591002047458014,0.4709707460059178,3.192754402631335,4.115684265847698,0.5751541769096042,2.4261348219624184,1.6081898650888777,0.7603546514104007,1.3985022942584298,1.0729187191142868,0.8234641699044847,-0.6600270781713546,-0.5135580540442077,-0.09627673414742066,-0.4877933232698979,1.0148468319604733,5.604860858989028,-189.63919686240732,112.33763632272024,42.03674346503402,-5.946863389383386,0.5987282315398081,25.964124049831568,19.417137173228618,14.11323211062695,12.817002610005302,4.3299748666888025,2.7679262833367977,6.219329688201922,3.894216316980247,5.652761042078509,6.157104811251038,2.154395086534069,2.7016250397662462,-0.25761131960193806,-1.1150884543772202,-13.561537267218583
58.11650117386709,-12.658484584353307,-0.5991626035602993,0.7783142981181177,-1.1948960733855074,-0.5725423467260251,-1.7783193775723802,-0.4026661616688605,0.1910537105455834,0.38124558274608766,-0.2232025628809695,0.3810034329721277,0.5457027763456259,0.37854220490442003,-0.19437441803161226,0.4586171703059212,0.5014739038960316,0.22111971451839363,0.03501669403777119,22.770770788321858,-12.030629004453509,23.519856799080472,2.7911279994571183,12.09671862644943,-0.015279834128546721,-3.0484868521003383,-0.024168930082446582,-2.6578225032312246,-3.006916707448032,-1.0647313489930252,-0.5247412973537027,-0.1892891303948705,-0.7243077844168062,-0.7301874613070645,-0.7158642866139684,-0.13788804748324646,-0.10751548796080335,-0.12089317315851544,-0.15585966735480317,1.8004532177291956,-39.96570921612405,114.16721737723432,-1.718944199878742,-2.802399526502807,34.23721684681856,5.08587983782011,13.264403248084426,-1.8365544391297037,-5.073762341785189,6.204105271436774,9.43580134392079,-4.264070134892311,-10.754727407676272,-7.013954464309764,-3.017945658428303,-4.287197847474918,-7.362955653217178,-2.712321967124597,-4.3733844646201145,-17.784611485057972,65.05745124506609,-4.676477068153654,-5.269055025184566,-0.17647620163984046,-1.097381771517421,0.247021713585998,-0.6548944151204297,0.5184739808081082,0.07593123083490916,0.6716933002820284,0.2550027591869206,0.49473579021675995,0.048485310335009135,-0.12367998992699158,-0.602958203752737,-0.1214491506494284,-0.3307299813021718,0.01698459141874742,0.21652747289776864,22.770770788321858,-29.173868364352742,20.38136121560441,1.022373617164043,-0.8967645370025852,3.111917306148856,6.020508231038958,4.429237459245776,3.0131342404653316,1.9861395627638463,1.1653806520538135,0.9611732583820385,1.5152817674562193,0.9084086726643292,0.42919839643139923,1.055138065856639,0.6570962192039127,0.2714508971511209,-0.2188570890057413,0.5631131978254924,1.8004532177291956,-115.70511244912282,71.60181607097007,61.534013095088085,0.043456950192362065,-6.263207196655877,-0.33028109027927943,1.7209966674240191,0.8049547880694221,-3.776036511484078,-3.0820449916522294,-0.7081065503822039,2.1212707092036345,5.720295311603135,3.9089772034296097,8.118141302250518,4.176986633989737,2.4618306580677682,-0.15529870057063744,-5.364234843754348,-17.784611485057972
56.54950247367939,-5.884767509080474,2.0888192223575333,2.85287119970906,-0.12475624991517931,-0.7274652539348678,-1.5695454990365083,-1.6698813059710842,-1.011169151677732,0.05820034572666577,-0.6622853351231757,-0.519441510762888,0.30965310711191574,-0.09401286239118001,-0.6382324083067776,-0.2197814251516128,0.04091076213967537,-0.12539209652075067,-0.3416116346477016,22.7794491974183,-13.414254121453325,28.251052018998333,0.25881580131856596,3.1016988122091473,3.362992415799403,-0.5893896121244844,2.2940102408597256,0.9188507322907333,-1.3990347738188884,-0.11723923605546682,1.2104974315786516,-0.031071329952216953,-2.0861812949345975,-2.058989205754985,-0.8603555731334689,-0.0461694353966684,-0.9878398741120529,-0.1852587452772949,-0.024331152476364526,-2.6723769135145474,44.182030074514174,-23.328047808817907,-34.335491630383075,-47.15428734714302,15.172441799417923,16.60097797615988,6.4552292710835015,7.5863858294528725,9.514587624084891,14.517119612509184,11.485415353863782,-2.08616483018205,-3.040033669340993,-0.9652702016206127,2.6605540357314945,-0.7097390359571061,-3.787345664995381,1.1635720363569886,-1.6692044962345594,-9.431134529088233,59.29581966122912,-1.451438359943102,-2.9504920514813775,0.26071701075467724,0.10304585966156177,1.4168807028252979,0.6050538415455824,1.1386223044301156,-0.008437785321637303,0.9929078427849083,0.9096660072407685,1.0972439714750513,0.4966107523263896,0.5006967120787369,-0.23096884395137773,-0.23845654998280552,-0.17591532777672447,0.04096572583374947,0.28341176470060603,22.7794491974183,-32.9762913634921,20.5147927693925,9.515676058060055,1.0873018512471129,0.36854706600790665,2.1380654187178725,2.1045606000019927,1.6011054889519967,0.6800332708337264,-0.6871947787119672,-0.4603797235727096,0.1277855567881987,0.3084254669362758,-0.6275249792253903,1.4254919413504807,1.4289928825409373,0.8366679636857159,-0.6749731898443978,-0.25337639172356285,-2.6723769135145474,60.28578147444769,-13.998419406393458,22.19502518079546,-1.5876889890033081,-18.520766010703163,-27.47918366773708,-17.8062384610064,-14.595092952076175,-14.553184316647759,-7.811364050422348,-3.6295643608213926,-3.3494404691969444,1.3060822748915188,-1.906415644463501,3.846585109223416,0.40360047467222193,-1.1551948285306297,-0.659689497383074,-7.3989006332813245,-9.431134529088233
51.90326544235772,-0.18982758309211567,0.9540773926949169,1.9284636144092553,-0.22132032380563338,-1.0581331286627285,-0.5571190571312674,-1.257777096129916,-1.5352642884329102,0.12057922378687236,-0.23539058942248836,0.32759060915759797,-0.2977359690985568,-0.1906516828685738,-0.32538974110908336,-0.022161472392674852,-0.03787529415534574,-0.05754432636752438,-0.0591081971902192,22.773544718567717,5.270719136707335,12.77981387098782,-4.122043478036723,-1.3524803875280842,6.242584787543933,4.04774221596656,2.9463471178680907,-0.45282320537969056,-1.6379754850231012,3.0857998297916986,2.0512786550692708,-1.3746406884307087,-2.469469888573987,-1.194787202265662,-0.23167101120774491,-1.590801044766728,-1.5107076961687345,-0.6965616129863696,-0.6327055120796323,-0.2924384100376223,115.94202555302128,-146.258226494093,-42.303920557729406,-41.14190711408921,-2.673894628235621,13.912425781154433,-11.768660046939722,3.996455617235645,11.664057277840648,13.615385059906561,3.3129310512303793,-6.579062259123527,5.767493368850271,6.46969209284598,6.878017114281324,0.6214205988918606,3.4732234775463224,0.6573019940623765,-0.06830017632310725,9.34317350529069,50.65686031634896,3.074176858038188,-0.43712384544585214,0.5255064026353433,-0.2118526434744914,2.1277347517609995,0.8834583191169276,0.461922898452507,0.2963335257615767,0.3971430782296892,0.16220704384766838,0.5563602000206209,0.43479194900418006,0.16883282474795225,0.10704539908048982,0.6331774533372598,-0.029541724015629267,-0.17104813371741967,0.17232230249378133,22.773544718567717,-3.6587053133847434,10.224497334802034,7.051924739958864,-0.5670725784495403,-2.8081148938505573,-2.229380204706937,-0.12243623439357387,-2.880573534445953,-1.9030965771799289,-1.5145189198879652,-0.3855985421400545,0.5210430665729788,2.182991620468851,1.051948470666994,1.9170655412705566,1.069655788841293,0.593953140068513,-0.3723359984993353,-1.6138538485058314,-0.2924384100376223,212.98065382746555,-86.12564538114954,-37.01694255759962,-9.228631347982404,-21.764599112194475,-36.97759343833402,-18.69354838798651,-16.24609262115451,-14.845374597456374,-1.9520465852922038,-0.9641397991702161,0.366140725300359,0.19873859855521747,1.3578083271920178,-3.4920154750475465,-7.460476846308762,-4.592600444121957,0.5383046158173745,-4.194304568836035,9.34317350529069
56.194373382966674,-5.089107123452004,-1.1263365109492063,0.39883685209852837,0.16460172898902092,0.20350437075846006,-0.20987900383344416,-0.2753601287424887,-0.4941645709901623,0.9637260605447109,0.24575795765215291,0.028490265937673342,-0.3792033332171405,-0.581272491734165,-0.480739857662023,0.16717716551917672,0.005423624827062046,-0.011013765907778694,-0.005619991660809731,21.929266847019964,21.071551486012396,-15.067083601585088,-11.990772215426043,-5.8442379862288965,1.4450093537110686,2.765338155322251,-1.036496430278588,1.1138914547957817,1.590209693802648,4.813389386513835,2.021303266687859,-1.0433702096009654,-0.41029747291962737,0.33028295031889754,0.9429809801582238,-0.47472880063530276,-0.10544115513057317,0.32396704705727464,-0.05431701199515149,1.9357394083283204,80.97397456643523,-117.52252870470805,-15.686256542479132,-8.858364970757206,-17.884394837583734,1.3096721723085887,-15.920103916797885,-4.445259424609976,5.836382262092554,3.4514003612159896,-5.153326603624734,-7.100256448905652,10.970432542733668,8.795593179427982,6.867592460499948,3.5023050237787134,5.229213908798936,-0.7792240285747356,-0.04603797524393949,18.952479483789887,58.0253527365105,0.439376090858028,-1.7693837910836852,-0.017607586781378526,-1.2184288115332516,0.33510678722778753,-0.13236285888703003,-0.1827017796660555,-0.46239556073808785,-0.05878950991149301,0.03550890945102125,0.42096086169378033,0.4711123620966249,-0.2670628287735137,-0.025552902346010598,0.3575914489530754,0.09153040327228634,-0.1684771575535784,-0.13556998317289293,21.929266847019964,29.796084034643982,-3.468944383485173,-4.026902883195732,-2.5496925212361905,-5.829396159345956,-6.421893213364258,-2.5115981178358284,-3.7755384116728408,-2.9058392663895725,-0.9575423741514069,-0.38104162873924907,0.22090141010157782,1.0886683826577854,-0.44111868944506316,0.8323017387333944,-0.5180376015267869,-0.8351252698714315,-0.7408986172146379,-1.596119961514527,1.9357394083283204,158.36029484122378,-68.65729487490417,-48.763046749017875,-7.164595991368395,-1.9696476535385616,-16.25020735888424,-5.800466289565186,-4.99193240166729,-7.3990957181113135,3.5808876863428103,3.225942863410834,4.80884769349589,-1.2379949932145933,1.821251185697113,-6.50435923668692,-7.69768538737894,-5.1949655008749325,2.233471845711766,0.7306460579161682,18.952479483789887
60.92942528757712,-6.666407841673632,-1.052606475925291,1.3290912781593414,1.781717330934359,0.985843948910591,-0.984979066239867,-1.3263383529730035,-0.886436322309752,1.4713826402329144,0.3484151182660016,-0.5802827995935074,-0.34460394777683945,0.024778418443081485,-0.38895619895786204,-0.5302626474128376,-0.23613637553202893,-0.18435025728127719,-0.4493318834954909,23.049642758502216,28.69748096832427,-27.950188637674323,-12.236038271035278,-4.001266531376155,-0.39323561720219,2.2303621547535104,-4.243245617983151,-0.7571150558659263,1.3304896976615246,3.2776468696756043,0.7263213107068833,-2.97267082013226,1.3214969890008446,1.310022507078984,1.821475993880847,0.38710193458200104,1.1878968913216181,-0.046855072294611944,-0.1750168257569633,4.1679818094531065,-24.639063335556564,3.8675788515797205,26.865020079674206,0.4983071260246046,-25.870984201210366,-11.363040947506175,-5.625471344176126,-1.0673184372249764,-2.973996592069281,-12.47988634490956,-9.677800222494586,0.9305730924499627,6.614287006460055,1.310831148259276,0.4729889405251755,4.089800052783037,3.2872910814191334,-2.87928136934197,0.10390523894926584,8.771947320956368,63.86333205073303,-0.509635626153202,-2.3336467854039804,-0.3208501920965827,-1.840701882845293,-0.32678143096871537,-0.3474041821009104,-0.26115074436678265,-0.64863817004683,0.4402825166862465,0.499282037011767,1.0933988783938848,1.152730315684317,0.7861740158326307,0.25286659607985773,0.11535474430327763,-0.16747627679242072,-0.0644619661372563,-0.38090857741839756,23.049642758502216,45.930270850311985,-10.689592898531522,-10.714808191007874,-3.6925830247521354,-4.671410637271451,-8.188309172086987,-2.609457375828567,-2.421590119799504,-3.6436114673526916,0.3245311571274314,0.43943431138020017,1.6517942034497093,0.6176565140811832,1.0148994151372446,-0.39427457035859126,-2.0996269619166057,-1.1889527081312838,0.08325793258806602,-0.8626673016970428,4.1679818094531065,-24.32697980200347,-11.518872445766279,-5.964019489605877,15.121657940683928,18.43291163655081,13.249005289372171,7.269647690660558,7.137221874671184,3.4040976447729268,3.6237090487847303,-1.0223020337089033,-0.6577678437420127,-5.3597608751319346,-1.6305979530438952,-7.880376450471045,-2.369044562059769,0.1337488384364478,3.0270904802069896,5.5461955736265365,8.771947320956368
62.57219829407589,-10.18001918058226,-2.9032249510453845,0.23043837471956863,-0.4037704004296412,-0.366784715060402,-1.8738637096215025,-1.0786549501516496,-0.540478287837987,1.7894933307605623,0.05646344437650885,-0.587189911187818,0.12793835999124337,-0.03658643788755889,-0.13495868930327637,-0.20309523795918283,0.08732072526273038,0.09999439246476305,-0.1736582974926415,23.609269881615212,15.359352245955826,-10.145211079024627,-3.5273150734217227,-0.003090601245420377,-2.261294800619402,0.9741365046363346,-2.0712453496135956,-1.1516330547711369,0.03492376588507584,1.5125374246105752,-0.7036871980525214,-2.7821844885542677,1.503551537644821,1.0864025292866835,1.546867154572209,0.7160315868183238,0.27746478654223883,-0.8997240299105416,-0.2761944832596688,4.5736527186350315,-112.77630007989218,128.5812839625087,64.12353107653783,7.483227475604627,-8.26908857556834,-8.096322958077735,11.20820590655733,-3.1304947735862036,-13.621263629003387,-23.853059631684438,-4.507931472088898,8.292599339022763,-6.438787031293053,-5.113943317467742,-8.648001952902591,-2.7677978965550127,-3.4259594723474383,-4.999741310029316,-2.0670005622168977,-2.7366004779995663,67.59062581135908,-1.3940043095899934,-4.0156820231001795,-0.590950952497455,-1.9972276003260152,-0.5668078124919735,-0.03531396676341281,-0.38761007999666,-0.9888715706122202,0.4925669364809262,0.5506076962890947,0.9391753373392082,0.6819757603152139,-0.028533228186133908,0.11227142691563552,-0.23856399622920788,-0.5245106863240445,-0.38277666656365117,-0.23803277610056806,23.609269881615212,21.40936797527143,-3.3568095513928053,-5.982480850965512,-0.932240921285787,0.31537111094907244,-3.0075737770342212,0.44783802593689614,-1.1243524192048726,-2.1492571431355487,0.18372402595173964,0.7400752813725799,1.9668338350977788,0.47209552352281303,0.30162514138804086,-0.6710176211784049,-0.8352084357695837,-0.869361862651852,0.21396576746778462,-0.26364663616987305,4.5736527186350315,-189.71114303427237,43.56686199143113,51.06988010305682,30.616042336299554,30.955504412844633,33.011557548603164,10.918481716479441,13.092746155774893,14.72785439707813,-1.81230021577128,-5.460750771397093,-6.0031635668819385,-2.7987908642480535,4.6483490264358505,-3.749401610838109,5.134470573525817,7.466618556407793,4.029827190047889,4.952962522314202,-2.7366004779995663
63.06309347096525,-11.619465873364149,-4.275497522774633,0.01202958741065796,-0.13375206769739734,0.3421924916234578,-1.8467495132288136,-1.2346872133582987,-0.8468625811782355,1.3465190235167488,0.22241732256877533,-0.8509047123457862,0.10944167879767353,0.19201654374761512,0.4124576716519668,0.35652569663750544,0.5151246012876292,-0.13647594170110122,-0.06259745715278497,24.017534105996646,-4.192712911042662,12.25266703549745,5.078737990798221,-4.02390051700752,-4.839755235896014,-0.7381774324435688,0.6509859054475315,0.14627983079128049,-2.3473308170989555,-1.5037173617114514,-1.425126223807832,-0.03994700272907625,-0.11925089062618399,-0.917431417619917,-0.29711962815214976,-0.14128121210202282,-0.05851512629557365,-1.5243567591734466,-0.46981415697274076,2.774578595287206,-139.37213300194685,148.7353829581316,65.17437607993017,5.672792425466268,0.5790951944811633,-11.65419715715511,15.272244823845949,1.4157739402801193,-11.510867716743084,-25.531766353919764,2.5444151392194434,16.565973287760244,-13.964009214111062,-8.183457779651086,-13.379668722293328,-7.098009131443429,-7.472182497474662,-1.6714742799335118,-2.852850762432139,-11.139329314938891,68.83935920408067,-1.3539293910035624,-4.6713788249415416,-1.0341134268826861,-2.158158567713835,-1.5154625344226136,-0.4697948148591644,-0.6464180112819427,-1.262234202977703,0.2837304335971953,0.12437480611873175,1.1231500639227616,0.6381885069354771,0.5570177320228846,-0.15900405072962887,-0.1185583050299015,-0.31599753328310576,-0.022269412918350273,-0.20777995189090248,24.017534105996646,-11.628837184700203,4.408993695872711,5.047703979040815,6.185030591917222,3.335957289277333,2.68796272181413,2.032669539050343,-0.6375555933443451,-0.5793388164204774,-0.27329759554717326,-1.4573080140504207,-0.680807067796128,-0.1886023875296301,-0.1347224212715057,-1.2714630040090666,0.043718924932806935,0.6779458556769471,0.6637770492629482,0.49300727563511004,2.774578595287206,-228.55045072387094,53.05124210441292,66.05215756788935,29.21861783252681,25.601913897437157,37.298988854342255,6.502034671978723,17.809943021589394,21.243301678856522,-3.6142995005052145,-7.572553939065054,-12.952142912750158,-3.6675535845868903,3.1522262876781886,2.5072703087580073,7.96273630306903,8.942819139165167,1.1468518990916037,3.725406819343519,-11.139329314938891
62.80721541425052,-7.685183647119058,-1.2785485242353967,1.0558223968501599,-0.008310972004801798,1.012398351720194,-0.8146164551457686,-0.8970022259354096,-0.4964895586133826,1.7824265812080813,-0.043086743525494686,-1.227291021963321,0.1455496223180135,-0.12169028974309004,-0.10801321568083289,0.08179878690316711,-0.23147447031164758,-0.48481293865313746,-0.3370844464619971,23.732147532590265,-18.871501614250228,29.12213054308338,11.41360519192612,-2.0913072556109005,-0.46627512472618937,0.2014464698819225,2.120490761284736,-0.9030533753259236,-3.381511863318806,-4.722458313634856,0.8430612979007677,1.6365675512088242,-2.90931704875264,-1.112961746065523,-2.3217221852765735,-1.5944361755707972,-1.1952148824956965,-1.437152764517966,-0.9404186274957116,1.2641407764114874,-83.8936792855932,49.4286261520824,28.25180312833819,5.685031059016522,12.825979711483285,-10.061241144924708,5.307783480272377,2.1881280224392343,-0.7900832183111905,-16.99741352195528,6.400338013085387,12.761762218046943,-10.653469801334637,-3.9086896460224105,-6.1949050316812695,-3.480212190489275,-2.5358923291527997,4.216441422689695,-0.6680300501685956,-14.811366875202634,66.2420231474724,-0.8168818024131945,-3.591758196797661,-0.1270964300312203,-0.9020149136244444,-0.574339549562374,0.15275147046054505,-0.5522443558109118,-1.2302261158404257,0.11134854460890242,0.5930001655838288,1.3895021864782313,0.9644310282324513,-0.001672116174620264,-0.15512638953046975,0.05694375573487309,-0.26888989980829714,-0.0825905504291391,-0.353957614021577,23.732147532590265,-36.2799334649861,10.765193315028277,13.626781083308334,7.819521838578908,5.644672083801969,4.645749613986764,0.6265792829644377,1.8788174029870262,2.925951606683385,-1.5647781056997445,-2.1630458517224853,-1.6143797377164728,0.09240240133916533,2.457866741977237,-0.6038048498604225,0.9775247418114157,1.9647347264283495,0.9837554194718654,0.20252401097649786,1.2641407764114874,-110.61742183094192,8.856053164481363,31.77119374928761,2.8608572596113895,5.077909637634042,15.075550792032082,-3.6023784469804205,15.898993307009707,15.996079193910928,0.5460484656088513,-3.603646241016722,-10.352901702168156,-4.9561814354649645,4.170190899768615,5.803897212224856,3.767079143455916,4.725424723808809,-0.8455240579005419,1.2289552076155064,-14.811366875202634
58.71556027196847,-1.787492090656508,0.6744243060688251,-1.0955509914097141,-0.8358900012260677,-0.07283630070149139,-1.1891097407539681,-1.3440247996854833,-2.082096095471532,0.7230573341534292,-0.3143728996869126,-0.280205745570294,-0.4130350242533165,-0.3913853644391114,-0.5509887498451587,-0.743350265895024,-0.10599634089262677,-0.6541249713090502,-0.6025258874971835,24.375493230658293,-23.873158602546127,26.78383203033748,12.880689636255882,-0.12076199146028088,-1.0011978579082146,-3.2103914064468393,1.297008738490658,-0.17351792544847333,-2.7167263461080764,-6.370738438161563,1.2251546323399605,3.100939803866315,-3.454073324855956,-1.6820242450704557,-2.9340636973414256,-2.006668749945153,-1.8118545228967449,-0.6138778449576556,-1.2693301348550112,0.25307312309543306,20.56766129572395,-62.08027361043465,-13.270177422209137,20.88549887813537,17.994281537582484,-3.952942732805106,-2.0930562088629654,0.8580114388300473,13.334112044973006,4.499040539563632,4.083240845170456,-2.1196724568091607,1.6721876003951754,3.9344470984689313,4.171983342255704,3.1432534593950816,0.4726312907254331,7.1410870221047125,1.3974791153358876,-10.559545078234876,58.72321479032627,1.4062999681947543,-0.021756709034832067,2.539737842628911,-0.720329581557412,1.0209657984735498,0.5748978688122821,-0.4976114031318293,-0.8176303056429659,0.4942429148486718,-0.2505682046608104,0.5278319199263093,0.9172014879608832,0.705382249191121,-0.24916599770162295,-0.010539669212359382,0.04368625778817914,0.11733350042696178,-0.07644252064033807,24.375493230658293,-39.500303791494716,8.775026720464398,12.506639625799881,6.54084451157892,5.464895825020678,6.634523559573648,0.5521893316470243,4.981796479899243,4.440434997166102,-0.6083675272994338,-1.8952820916047943,-3.0336704665182443,-1.0262737171204381,1.5128917586817408,0.8257541983614212,0.9753746008274096,1.8654085669111984,0.27178905613182747,0.7669507844015313,0.25307312309543306,60.38732773600151,-32.76369309511379,-23.930444434977062,-30.64320148777034,-10.683999946748072,-7.5712266550975205,-5.7801196254222456,7.950499375204821,2.2045236322099346,4.202314554306193,7.580357267634537,2.4093876947852446,-1.9906287216279208,-1.6273263226871206,7.098214359502514,-1.3850099047326114,-4.463944357491175,-3.827557993845992,-2.048302245117635,-10.559545078234876
55.310214086449164,-0.5349408003943914,0.32861673049594664,-0.26142496367569557,-0.2858389960284007,-0.05854708395696617,-1.1424382152165573,-1.475512844651019,-1.6136174623507418,-0.26000498137520633,0.7463892044547367,-0.05425561897115205,-1.0654818128595815,-0.3013663568269571,-0.8140965711930004,-0.45037534447831673,-0.1997262448949899,-0.35975747499024546,-0.37390339606829803,24.062360707490132,-16.74726455108904,7.303519499596561,6.697610668018539,0.8878556654892211,2.232416366128341,-2.8203770808243838,0.25963497400102975,0.1023298345683572,-0.175420078765959,-4.55265879814201,1.1713413804162758,2.028253217171508,-2.155772145907611,-0.48564587999925246,-0.23211332667378803,-0.09138073950474856,-0.11381167973357553,0.7532572243264106,-0.21045151940283136,-1.5712779828703987,102.4636662634935,-107.7800801171214,-35.38171925980343,13.645601983764942,5.4211100817554545,-4.395780966206328,-4.439940231586429,-1.8250967169050663,16.35994434729712,24.57510103798755,-7.3170758466365085,-10.662723826850865,13.316576566911596,8.594443647103162,6.987885326253775,4.214256977082939,4.239163834501451,4.550933205917023,2.4705815047487896,-0.8225562055611846,54.508731285743224,2.6084776683249866,0.47289746060063287,1.5318843320362001,0.10619394849675778,0.48785282805332697,-0.24437066711691724,0.4773953174217964,0.2518022840621037,-0.3950783569946843,-0.3434437241823769,0.429644540479198,0.5886704704720935,1.1262178842183665,-0.14455002452857868,0.1961890567677289,0.27801478135448776,0.039299586499625505,-0.20243948623760133,24.062360707490132,-19.963609636802275,-1.1117994814479668,6.17364820029876,0.32028074868905865,1.789856661894421,2.556921200102062,-0.6131110938516549,4.015468197678187,3.3388955470266253,0.6242832246322956,-0.8427608003585942,-2.033185316625241,-1.5871595294142653,1.562913501295725,1.1823223837487793,0.5825032980110729,0.8996191436354268,-0.012802264916925932,0.2138592132546695,-1.5712779828703987,167.87231827483362,-46.03092582412553,-47.63620788461719,-35.51869636795505,-20.494959436229728,-8.926899993973569,-0.9900678427569667,-8.454229205549185,-12.223068619544156,8.372066148071525,11.156088482047991,10.493301235221281,4.166923462750142,-10.319725272507736,-0.1622570500531657,-6.6774123750029934,-11.164405690865337,-3.9711911101323834,-3.2360757741111925,-0.8225562055611846
54.875014833592864,-1.8026712815577426,1.3612646679876361,0.6102722719434452,-0.4955869846397052,-0.7275304937613818,-1.0343342639480904,-1.0321908667247306,-1.6466618023635942,-0.8176344142723893,0.4402566647486399,0.11304748809128684,-1.012079266041507,-0.5591575452456792,-0.7015324992626621,-0.38072161264432913,-0.4066767728690721,-0.505942596011375,-0.6788530497771401,23.97896408009443,5.028999205238719,-7.878164247976469,0.8016465416474423,4.929267461510102,2.808039787467963,-1.2037370234929687,0.5348856946579019,0.07259394525916374,2.716679313111124,0.6609031503239415,0.45235415751964214,-1.2956260641149986,0.34007045814888937,0.7361341985814134,0.7440676136743092,0.6788177995624936,-0.3629010823139176,0.9509817574567212,-0.13605815335123705,-1.087484564189289,112.65345176263367,-77.89466834601204,-38.42515133241851,5.089638054189118,-0.7630458717829907,6.503413161252745,-4.2804444665026065,-8.732723743749345,11.27651163695031,28.046930647226553,-9.387147588647526,-11.197647778058723,14.006683076651266,10.969951876006657,4.504476960644341,1.1428636895720106,3.9723927240979857,1.7070145851798475,3.5317211465271314,4.867308092956325,54.95585323919789,1.320904233859546,-0.45038684074074764,1.4068184478730639,0.07018491373590319,1.2707030565563597,0.004860919753078896,1.3296603920513248,0.2169690956540835,0.23276012074927177,-0.35504429480056254,0.08624365366315612,0.31293192725543695,0.7495186111672616,0.24858486595013618,0.2995063448673754,0.343254409591101,0.05268004668318116,0.09993637641787534,23.97896408009443,10.40666476920864,-6.03435645344606,-3.1909517969429286,-5.386949607023023,-0.078634973142929,-0.05323639879227926,-0.23754508525273366,2.2693686969124847,0.31645102951286974,0.7333290164399031,1.6727280940849023,0.7332895690508785,-0.3441357829668752,-0.5009089622743099,1.3845805589375892,-0.4512753055333274,-1.021468531672179,-0.7517231054656521,-0.5368114480627932,-1.087484564189289,156.75186334272504,-21.58800579767625,-40.208199587420474,-22.699344900105036,-15.278641891725684,-9.141130870634711,-3.1601655900059993,-19.796905439353367,-14.326414820758487,4.260280939288005,10.266025801657673,12.871115801289912,9.447414337205512,-6.838149423885886,-5.749546103217271,-7.5425058262477185,-10.274651600215655,-1.7839674232263418,-3.7879723209428233,4.867308092956325
56.353855857893805,-4.025834301870161,1.7268366288144676,0.6468385979181908,0.9377457027661875,-0.07044309216205269,-0.7621867065481926,-1.0017542751316073,-0.801916744550331,0.2764430563499851,0.16526916446486695,-0.4097910302083574,-0.6328143297416968,-0.2806271393394324,-0.14879800430897516,-0.14520590947455458,-0.13804009419021268,-0.18227551413876975,-0.40414662502343446,23.144773116436998,17.909252613604096,-7.436911376320344,-0.23773289067137693,2.206479009786379,0.3396610934634494,-2.9997712046981766,0.2815821674078993,-1.9386576691322752,2.0817574807201535,4.049271411116167,-2.4290763880073274,-1.4965114282259506,1.8518993432007358,1.9751808556601236,-0.6668451776575535,-0.8300509617831511,0.19989031446361527,0.05588403723335711,-0.2717638658732038,1.523141517273256,61.936336378082416,-11.7974529228735,-18.14618440566382,-8.430433063939198,-11.313725226596974,7.467244700146483,-5.206400449099019,-8.812791225393388,-3.601195464154087,13.515112766149636,-4.370557810453288,-3.8975245429618925,6.958147483205966,5.661241556125958,-2.051591687707017,-4.1219701258763575,-1.8778863330763327,-1.4862223747320755,1.6522681445023921,9.175846584441292,58.143899104635445,-1.3300836759695738,-0.29061903079532314,0.5995036416912325,-0.40234383032389154,0.5792524214472521,0.13121439806431923,0.5418538454366049,-0.0780780429756378,0.5542315539747502,0.22385781047440778,0.5937036612971873,0.4729860438780418,0.7577164534851719,0.18715937051804032,0.19317239770054218,0.031135596107955354,-0.056664956015711754,-0.33521745592334895,23.144773116436998,22.702741392079034,-4.845578010079258,-2.3425271476288567,-3.975929286097645,-1.831042235231091,3.526179596182943,0.5264125700358333,-0.9920833082941871,-1.123590719262077,1.9504066964663491,1.6309932964566625,1.748790862109606,1.8347951656374548,-1.6950955337986053,-0.9643465551750894,-1.6478564925097126,-2.17402956971263,-0.4900840547955865,-0.7636327598469361,1.523141517273256,65.49091964146163,10.239274239812216,-13.399921959909193,6.458508849474914,-3.6923092343398594,-1.774592456869759,-2.4963759512074697,-13.641034981414364,-9.683814599368636,-2.3284233234437943,3.7580506737714137,5.703718496896901,7.532027583868831,-1.700872654058792,-4.104534633811662,-5.025352324935682,-3.889442178332227,0.24097582971979858,-0.21844857943299512,9.175846584441292
60.70823898886551,-3.9811274639068577,0.37613762773328574,0.9149509585483937,-0.04366245688938042,-0.6687568083454325,-1.1117926477591995,-1.5446071118156073,-1.1296067978161752,0.7852848904528043,0.2023641990678433,-0.7502510720091906,-0.4593335367378142,-0.0336878738921671,-0.5116042264500167,-0.5565260836156583,-0.3182899574019742,-0.2673750730064275,-0.6554333496952338,24.290544744090216,15.125308696424142,-4.7932867047100896,-2.8642142506084136,1.7647453634856989,-0.43634315746726404,0.13101223611642965,-0.8541870914640803,-3.5193860454728294,1.7929406926240228,3.3517617808226245,-1.6682102777720003,-0.7355017624643168,1.5454324689155032,2.572538325103185,-0.4644592915273722,-1.0659017940199464,0.01749084205365259,0.5883160411787949,0.5271866116437407,1.139517419501768,-17.73375698014481,-4.051111015196253,8.673560668002457,-24.57299816327514,-3.078683161986745,14.811103380331367,-1.8096767792712356,6.660939579960627,-9.691222682483764,-7.551090301471403,3.810786072206436,4.848938122864595,0.9520153544503711,-2.295702592463513,1.5707837562934803,0.13385423527066975,-1.805852618697288,-0.1957784262511617,3.3370939716094563,1.1791191761245337,62.108963265484476,0.35840241361900427,-1.2354743618083184,0.3124533842898827,-0.5053781787185518,0.9486478023804477,0.26833279359529705,0.6048436813170088,-0.4944646273676603,0.3862524675839061,0.3021450750532484,0.8124471440427539,0.8029758097744715,0.6391784834205634,0.27726958424386217,-0.2346689924454297,-0.34360841542464415,-0.21054578104819566,-0.2784592598288609,24.290544744090216,17.542452365427152,-0.15208691405808183,-3.339372493946549,-2.6607229210802457,-0.3639756722794081,1.5793289262158519,-1.5976552952997194,-2.4128804867912517,-0.49152928006879026,0.8587112064275422,2.000853760816413,1.510899344759288,1.9864561039564572,-0.277178435714037,-0.97568438378528,-1.6806984170360568,-1.7350928765226012,-0.3815537605420132,-0.6382893895190775,1.139517419501768,-11.816806472038671,-15.794142736496871,7.271841201580175,24.95979251647062,-0.40058232426259766,-11.891398652917276,-3.320241157852443,-3.334349331447604,-4.091299205789676,-5.9824262291948545,-4.83586720098206,-4.353661953505757,-3.757787086893896,4.1737635551408205,-0.2331899641445141,2.4571519976718417,5.494169363317492,3.255881953451124,3.295071148611267,1.1791191761245337
61.34822831561489,-3.164168397380006,0.7023138052874334,0.6894751979150198,-0.34197071317183836,-1.5878195290140291,-0.9629179396070531,-2.1886335566717183,-0.8312662242643745,0.9631710718202804,-0.34920275670852874,-0.37086205303388864,-0.41590500591106006,0.42348923532634863,-1.2424832964280998,-0.7774985898842277,-0.14397449539673124,-0.4510992178760407,-0.5214951790458531,24.668141134128867,9.172748892359458,-0.13764573347337805,-0.5425511386854427,-1.7450998174681764,-1.802254774702532,0.24587063944415855,-1.6490288574874885,-2.50807578276234,-1.5141485005994517,0.8594682696834668,0.04634469283545295,-0.200571205134779,0.7206205903120648,1.4267728348028408,-0.6536457179264556,-1.2800060056517073,-1.242950808455527,0.19147889509933602,0.28406017035087583,1.9031443175047187,-54.82336256643475,-40.47973120746468,13.937177836900904,-22.748990671634324,5.449960377121663,21.47387836933647,2.83780533292588,24.209573444333735,-6.156783351540264,-15.445777131734637,12.518133729564324,3.8778641397481812,0.21387179311658944,-9.09766068079275,5.828507426856564,5.952766073450789,-1.9366217024924082,1.9556613937341283,3.6676943769321735,-7.953015180273134,62.28354696863945,0.6669395734056285,-0.3058223526800101,0.09110222077896823,-0.5215456228915603,2.4119702532327545,-0.11290031902010966,0.34376201864186084,0.045723785941937045,0.5033788178211731,0.14345823911904887,0.9409382263442021,1.2610461120313037,0.333840181192413,-0.6410656612629864,-0.3606515208307248,-0.46556859099395465,-0.07412952703247933,-0.3950580480377013,24.668141134128867,9.21395638581928,1.066702868764152,-0.45210243115402626,2.1864218304551266,0.0863723942927308,0.8533423091631169,-1.1812439644318968,-0.4639247011771279,-1.0990215978668623,-0.6026195320834211,0.8722017031613571,0.4298690439690045,1.0135583190584843,0.6006119109861925,0.31018753820438305,-1.3154613087054032,-0.6882897731054756,-0.07739902251884612,0.1553738942663141,1.9031443175047187,-22.485673349191686,-51.04637384038102,-2.927837515907499,19.99166722171669,-1.6889177459495537,-29.423070646825177,-0.7456160453586991,6.421555721432097,-4.858445209802042,-10.188730358245005,-7.487687685485643,-7.536749078446763,-12.982509034124192,3.0617117859104934,5.5524960549159115,7.729126616084276,9.1983390225276,2.6076182193035704,5.2594957308545744,-7.953015180273134
59.94048295294439,-4.6301475861578645,0.44141895444694645,1.4713266536878802,-0.07390035540432427,0.09666384272282125,-1.3610621931507003,-2.19844424869109,-0.735516716194561,0.5148824684037754,-0.1366125135506624,-0.2741678817281059,-0.34781769349907377,0.3750534299730228,-0.3869194989667859,-0.5975261694494658,-0.39496415123898654,-0.07737272355334213,-0.35658546694406046,23.787038780999378,0.5303725757886326,-13.553352576998078,5.2908359996557035,-5.38144220650019,2.339656140557581,4.578993744601547,0.595352817469978,3.68777279205451,-0.3309790374709549,-1.51974042969541,1.12003665320147,0.48087288577171305,1.3817175118184104,-0.13751308722170164,1.5228597619555004,0.9707224391321065,-0.5444068302029905,0.7852951153981509,1.2545768143414513,-0.6879263762427534,-45.72312872180073,-24.07902025874675,10.112186059842056,-15.672769687130032,1.906014225946112,4.5576838681364755,4.684553967913021,22.707716110314465,-4.324302102978846,-9.531273575275932,8.33629397658967,-0.24286327859183876,0.1761928105310573,-10.516017602999469,1.4905568234998787,7.058413432685951,1.226680250938593,-0.5304997788644465,-0.36510765386535504,-8.358206247443672,61.65725548990947,0.24634915214290398,-2.1124714267716787,0.33065769778907317,-0.052202026119966494,1.1440086037715345,-0.6719093693545664,0.22226606205307098,-0.09069645883909905,0.6875420920398314,0.6855823712853235,0.6680760435192927,0.9121299451570346,0.8228675294566226,0.17485518994800953,-0.26393090438501954,-0.27593993511924464,-0.12936454807944164,-0.18928802228448727,23.787038780999378,11.24265403631918,-16.8875682611162,-0.5002435543902561,4.0117710929359,-1.2376334500361388,-4.662517081741004,-1.04383739694509,0.33811472763015304,-1.7414831340795756,-0.981370983882639,-0.3658097097584747,-0.7840804986316989,-1.8124109031243378,0.43811909290370155,0.630718530175596,0.6111031014004389,0.9827462516829899,0.6698753551215397,0.6512207991862151,-0.6879263762427534,-25.710355655914825,-34.50205072957652,2.268507543096473,10.141716316193474,-3.7384454815015826,-17.551545438535403,7.704048212595902,9.180699265234184,-4.441853997648304,-7.819210177413249,-7.710049264635317,-3.282637368525574,-10.794159825383682,-3.160702901891512,1.6646645172771382,8.508545952908145,4.713158767426332,1.7165250838871835,3.509937200422283,-8.358206247443672
61.32410832203409,-3.770147107481346,1.422920396114916,-0.5038991583856407,0.05173726467239348,-0.3302180979741003,-1.4620663625961865,-1.928873598075036,-1.756036035660864,0.841378402216233,0.3579298671918463,-0.7481182279162892,-0.3282619562050346,0.22838862612939304,-0.5379632270138184,-0.7647088693835045,-0.72117840149947,-0.18153724131564442,-0.4115404812235832,24.348098256734776,-2.204960609295526,-23.29674404390869,2.6533309026470167,-5.594922541037837,1.6766416330118585,5.5131772257275,0.9757148794038102,6.562549634270923,0.06532566999751044,-1.2378660494921339,2.4358670112880993,-0.16576668246987492,2.040692718307577,-1.218623778573808,1.2537490090292924,1.1280199583662172,-0.48747170065426726,0.9352251969907432,1.1983882212440278,-1.53964417499105,-55.46369520471853,32.93552075451681,-8.535654643134162,9.109919733982483,-4.236094943268945,-9.935446077616874,9.21560555167957,5.448417560086366,-0.5497186546378181,-3.6102409256265435,-1.1983382679930887,2.504297916858505,-1.832413635371359,-5.668410901974719,-1.0862618869388978,5.0062397436902195,6.25008775468484,-0.3957472863517357,-1.8380397321674578,-13.268048930863142,62.97673118533259,-0.7407056108494476,-0.07817171389065614,1.6836124001692006,-0.5857457094768188,0.9082431753332671,0.010713497323302512,0.5011803044800098,-0.8294729261733496,0.10227697570507699,0.4682400139390488,0.8808237335434201,0.9251881357160023,0.9661778859602386,0.39346033676815817,-0.44992730068236453,-0.3468435305974822,-0.13595508375951182,-0.3021161275623787,24.348098256734776,14.609803882037177,-22.00102425674071,-5.226010375360753,2.683657317752626,-2.2386722193275026,-8.064432723251219,-0.12330440182083091,0.843196945211159,-2.9278363971577055,-2.223917387501063,-0.9295188109987151,-0.8720937554182822,-2.7570258478842433,-0.5218884051522279,1.0087000153024281,1.0708060563141775,1.0662203774483745,0.28801049702442216,1.2213600112277048,-1.53964417499105,-80.03648805469746,32.01444871007951,6.405195582924694,-10.282825744409028,2.622112721126468,6.3962662417062806,9.25084334782307,1.1911327169033883,3.445147438623868,-2.0983380068692896,-4.627652175257326,-1.2660857697214594,-3.4857331508904448,-4.4916452303062275,-1.9008813911609512,6.952146098755019,1.416208196097077,0.5465007084900462,0.379167702533205,-13.268048930863142
60.985485273550225,-10.454814397355227,2.661252332147396,-1.1790829665513711,0.9293116244672941,0.9919393484353769,-0.5645420275296438,0.16939930491330646,-0.8327114108534079,0.08631101040712297,0.40881621371839083,-0.3211865416821338,0.1877036943183783,-0.0048941129045401155,-0.1024343801794072,-0.0775597242999666,-0.3018914194521001,-0.009508503587550177,-0.08312229143564309,24.106602994665884,-2.0474009136487297,-5.253247678865808,0.5939377586463848,-4.146728118294487,-1.2227842483514033,-0.22379912295700333,0.17571802404678083,3.2991593011677725,-1.1589474441638816,-0.36520784722754174,1.3051755512965122,-0.8743356630926882,0.9734928101832758,-1.362772169708225,-0.6728782432553069,1.2592919403140668,0.25309141362231924,-0.048806999199132006,-0.1125312407355128,-1.3181914579721834,-28.783262363729456,119.31714779415185,-29.403363890169146,20.756756122315107,-20.849390440184468,-31.764707151082263,9.379373181895431,-19.520573573127727,-3.463688597670734,4.080161109353654,-5.586548196116018,1.0499226497293268,-9.939200148410947,-0.013699974116512692,-6.749709282116536,-1.1131823294820578,3.6954386717435597,-0.3984389586905066,-4.349979959858497,-3.860287244573616,67.3836981752975,-7.381559124811557,-1.5994214583981234,1.5220838410627167,-1.092094860443992,-0.6307471995403109,-0.31539281304895406,0.6951919022130109,-0.9276078383498048,0.09611789670063464,-0.043150667235988927,0.4504641411272954,0.06469934636995323,0.5420691774885014,0.07536585031608789,0.11552044818060958,0.08840218021861457,0.15530467487609045,0.0006801795265853894,24.106602994665884,1.9893507893607918,-5.869248716093908,0.18183524970505083,2.1615174933677412,-1.0706761062200827,-2.7375562768446806,1.7253990296926989,1.523908322631697,-1.7980488792475202,-2.2402449545702616,-0.9533106144212091,0.5205620601901444,-1.52533172526402,-1.2962797285905827,-0.49260836369573346,1.3804408769082253,-0.25576856808636017,0.29400402162994443,0.5836861522113685,-1.3181914579721834,-117.33513275785302,123.14571544558201,24.762095323615217,-19.493895136889172,12.171595137625575,38.01593916365406,6.425934343425769,-0.9559797257131213,6.243270866481405,-2.089485275559638,-0.0336625173881302,-0.8542695165030785,5.904367411548165,-1.3087470717855108,-1.5209197664502396,-1.4567011883855439,-3.8997046714533763,-3.193177755750521,-2.2369785998622076,-3.860287244573616
59.72324685066421,-11.90020701373567,0.9190625677607169,-0.7827812624842729,-0.005255886601718274,0.7211313309934431,-0.8733205827156763,-0.09128051633845535,-0.7500060419361958,0.5585237760725397,0.5960163853009943,-0.43023606429181216,0.3366806593340024,0.004151117478226052,-0.757851351307143,-0.4734718332758687,-0.4342467116173081,-0.017418729363565033,-0.05903265617804787,23.73853693980009,-17.270211965281128,12.180062194718893,-2.461929339747865,2.192503005420213,-2.1390820518825127,-2.3204559655850034,3.168591315063895,0.41043974272421124,-1.3750236245718974,-1.5229184843637391,-0.6453938902086125,1.729182027726674,0.008526123443952649,-0.7948030749412567,-0.0989076587905009,1.0788291156024221,1.4833439469742384,0.4106563092221096,0.048594331805629,-4.415747607062137,5.144016135546053,120.07719479944434,-20.997183408703272,17.224226948010433,-13.921326929442323,-28.788988944721073,7.717954918818994,-22.791417840272917,4.751920621726489,4.101038047662712,-7.1006342544705845,-0.0856738612718746,-13.025504775582231,3.8113244157617174,-5.239480716549105,-0.4623938663859759,0.1916338080343185,1.583677715426873,-2.6560809483912293,4.6457624891216085,66.72522756696402,-6.519618416487496,-3.175352524547164,0.8372178080184596,-1.1209353153932988,-0.7328682067369323,-0.35281079808333127,0.5288975711674704,-0.9997387228815628,-0.31286777825976,0.04306535288034752,0.6136972998310597,0.3062484874827227,0.21329515460035964,-0.08697098379581147,-0.01497416895645065,-0.114629459938697,-0.07245888999803429,0.12063785667061477,23.73853693980009,-26.177636018050258,11.564767451292763,2.409455958260667,-2.0298642419653072,1.3139500829479367,3.0889950275680955,2.0595594961607433,-0.46125514022620573,0.651834994029044,-1.0223515501742546,-1.1478739321359388,-0.8554951203026468,-0.8728478453168971,-0.7780112934197789,-0.07858971044042784,1.775942852918213,0.6390717348277379,0.3837869984719746,0.37872506902033987,-4.415747607062137,-82.8038726943524,114.94432867479352,32.6256501686078,-18.112278097274235,13.880257384249024,40.52644469646167,-5.588653566705858,1.768953209381504,8.624464556392851,0.19782660516464734,5.029124080165023,-2.2340443598846917,6.08560176460889,1.9989532417427385,-1.3308907941939474,-7.033441923625115,-4.066140614741369,-2.820238002082246,-4.598572222437916,4.6457624891216085
59.71721323180497,-3.1917414724636064,0.9903167479472383,-0.462596353410047,-0.65679590394297,-0.5409104332394521,-1.567576071067565,-1.4676611389754939,-1.818005435138836,0.47370585786185115,0.3969320030430197,-0.8702767950866885,-0.19354259617695435,-0.19421390055550614,-0.613414558447777,-0.11349871734625028,-0.41188428936890786,-0.18383547912894782,-0.5891049998345845,23.43272371048063,-6.3286329280832945,28.366818200764058,-6.8532158242314285,1.1032230814283381,-6.1771772370874665,-7.386543235283333,4.188601190587652,-2.996459048735997,-1.342648689021618,0.6628663424172192,-0.13260699410818333,0.05835985553810197,-2.5717992649552515,-0.3562734260962337,-1.1756665451928705,0.4387266957729752,0.3179046818545366,0.8483600799372144,-0.3455162208685978,-1.180018282494018,8.636011798767669,4.982107097274266,-6.118430107661566,7.6560096401471,8.149056356374789,-3.441403003603319,2.8182445521776773,-5.3144937610404686,13.383549323823447,1.2868029392649953,-2.2414950597750827,-0.18242284120815233,-5.270920291427517,5.015698093995432,0.11466939934206044,-1.6237313622549947,-2.78507999682041,1.9009982643342955,1.0385077289879285,2.3397627280004727,60.777682693774146,0.20118119691497416,-0.47296339659089925,1.8346137405483143,-0.31994527627176783,0.5957861563842939,0.37255229319509997,0.9703615900251892,-0.9045880001087525,-0.22500800826288092,0.4215143946040696,1.0619202904705451,0.45893390664166445,0.5511690308412707,0.16876666838212762,0.20881296820613615,-0.5199312544918173,-0.01411063414520819,-0.10882193829529974,23.43272371048063,-27.03119239256361,27.90239360765807,8.063070940606643,-3.3784156956497196,3.0718529676389292,8.768738624676368,1.0776978257770073,0.5123509074922747,-0.4096833964322477,-2.626896540325862,-0.273463407883928,-1.2195145744410558,0.19768380136607178,-0.08819299885527832,0.41390350982190416,-0.46981589109435085,-0.75353176273338,-0.9746017734774972,-0.04595102964120623,-1.180018282494018,3.164823754639471,8.923292286715759,4.2504822740947885,-15.926794368149617,1.3137765230324163,7.263489581650287,-13.321851741171113,1.993298051404385,5.861969883535137,3.8065455520142857,4.594513444650287,-3.7784523080081174,2.972332349076098,1.8287636601050066,0.7679544836286405,-7.569801058293086,-0.5176247646488352,-1.5324806799349737,-1.6384779440399582,2.3397627280004727
53.32313836026616,-1.3116524725677094,1.0274235183410623,0.23410903775380376,-0.22474999706373078,-0.7240211899291875,0.6237463167047217,-0.9051235047685302,-1.9509008358040987,-0.1137782636930007,0.04117502742522561,0.39101791264932517,-0.13337574923539197,-0.0743530175157523,-0.3319269672748839,-0.20732481505915157,0.07549000694605312,0.11095440106610921,-0.134251961121298,22.477164095296335,2.507663465694783,19.93182041599855,-4.121684010265712,0.3922153331059679,-2.8068253373412713,-5.299945190469872,2.828250755542872,-1.6853501109136517,2.5331366032896234,0.29861587951684143,-0.3955588432448449,-0.6749513724212073,-2.699413631914275,0.183789057501055,-1.1145971982764782,1.307105647443775,-0.4240614307532167,1.2784805151360066,-0.01315976288504439,0.7141504818306714,37.14782335515024,-113.10019587576984,15.48606302763067,-12.691822044824825,21.99533972521375,14.699440069823293,-14.86895243159311,8.911960466720434,15.046794175611526,0.9634419798837657,2.5907569935486747,-3.2380247249300123,4.5122558662810555,3.4543424579056485,2.184893542841864,-0.9218823076996032,-4.207305387915494,-1.944078653910492,0.14787155280579634,8.808343796889531,53.190920917069135,1.250307953933668,0.5633272343360654,0.5124153294437481,-0.3148454600889625,1.8394740111550125,0.6965206922816471,0.1329678904608178,-0.5150653482793537,-0.24833584690029253,-0.33802948304894986,0.14734809872047183,0.2916469329216982,0.5726223125739645,0.3074650725149244,0.3913978657639787,0.2768590541716027,0.1406460699871248,-0.058002534141266215,22.477164095296335,-12.281860874176822,18.585318918780064,7.146196863492349,-3.6025151363757604,2.6301919358675034,6.445642174219092,-2.593780583215914,2.233452257471622,0.690213139631084,-1.931678292040939,1.245119625815156,-1.119077618045028,-0.5757327288948444,-0.12645514914851086,-0.11000131855336437,-1.520786521497092,-0.7179683325988,-0.4878056064629801,-0.7631075090649659,0.7141504818306714,119.24009460064504,-105.91857675799147,-20.97560475797372,0.2012051109510491,-12.63299518228674,-27.865061365977507,-13.202421261515394,3.6825231868247585,2.3317412478367876,7.199849321168906,3.9217942223003193,1.6842342164686066,-0.674438332984864,-0.6263185851651487,-1.7432286325548227,-4.2777541299132364,-1.5391368171866382,1.4416849030061665,0.10929548887949081,8.808343796889531
61.021223054707605,-1.5656825675571788,-0.8195360552584909,-1.1359165759562404,-2.049529938845433,-1.9787560087449743,0.7812251180539831,-0.9219087252396547,-0.9035883584302655,0.7538952014985028,0.6199333956021835,-0.7026336023836515,-0.8631677338745503,-0.1437787584556678,-0.903229844791972,0.00873011447816241,-0.3978074378065124,0.3504849711662199,-0.21827074939831692,24.147280275670752,-7.618332729752851,-6.638073240868504,-1.6353999599254747,0.5814205379361854,3.1856155725653705,-0.45475601231622864,1.755010579896131,1.6898073474664694,3.578747103817082,-0.6325735595353343,0.05951049792708707,0.23651961637717633,-0.3079974578513687,0.6557808110683356,-0.10769877384128801,0.333287993265893,-0.18574589592415802,0.46778003001106727,0.43759967110378817,-2.7132591384183513,12.67070152802465,-158.34524203159515,29.69835866328927,-9.771620888303477,25.669842141276227,30.276939710904976,-21.413482626407614,16.784530636532786,5.819346325412511,-3.9789807481723742,0.7754998013513235,6.238020355901064,14.80783040824822,1.0504992381270952,8.009087665278539,-3.288462474259087,0.2063234084137784,-6.779977670578612,0.6386293757572701,3.3448995660279266,60.635255303963135,2.684674493806896,0.5627741324635833,-0.004722767474787393,0.04078669572330451,2.4674510038519006,-0.3012096453429396,1.1493321963124745,-1.3747862238670332,-1.2495963391420302,0.010665046786695775,0.0738814544620614,0.17084202433350137,0.3183090990740598,0.08509957707167204,-0.32257351472678053,-0.4841079582032253,-0.4385486918552377,0.06702486011192277,24.147280275670752,-3.376124905256191,-4.91787830647968,-0.06129406586339625,-5.015554243501841,-1.071908771163658,-0.7841350593450351,-2.608856801204528,1.1732036494849756,1.113746989719028,0.1176911923702233,0.14744932892838714,-1.2368728449427238,-0.18772310893699728,-0.7076759706737135,-0.09292531782494495,-0.756094965030665,0.16393908330249118,-0.03644001587006507,0.33536346923404237,-2.7132591384183513,129.07461340036727,-150.37147868711992,-43.02870061314671,13.538921442645378,-17.243221192217128,-44.311595590225764,-0.221120262006123,-7.492261099666442,4.871199358584406,15.630638304454811,-3.188129995042211,3.507329132017244,-2.9153765430258134,-1.2593778295301923,-2.594460471870317,4.134669416875255,4.302663431018777,5.3535444905960645,1.0715384009745834,3.3448995660279266
60.325073672060284,-2.7473262581896094,-0.23685303576927463,-0.2500134846581923,-0.7123015378211224,-1.209918476488732,-0.6335957995050143,-1.2068317786632008,0.0593537213543307,0.5677370440126346,0.28673626739898994,-0.8515333468539343,-0.6782135877743372,0.07082807517883438,-1.1702423072732846,0.11896657453381243,-0.6533158527751142,0.3546613030568544,-0.25102966283870387,23.738333898120363,1.948549613128769,-26.867590022349745,2.672194241914493,-3.8925067452461226,4.177191405897943,1.563370457843091,-3.0490895953868993,2.5232867779831945,3.6876755668145154,-0.3934775434455795,0.5539258605480897,0.021089784842130754,1.1327531530325392,0.4263410354292829,0.4595552269546399,0.6706073130061616,-0.3684834580941614,-0.3710929927700628,-0.2690278377776658,0.7550447193447951,24.58411757031235,-70.23545596541702,6.847876204777771,-2.9974304683792505,0.08264363527960628,18.360024071842297,-6.819470924790117,9.204942906854223,-8.855586838854322,2.1828259627462234,-0.06378066372582758,5.41052341235155,8.695209468633367,-2.1802618812124304,6.751813640773772,-8.140650300820386,2.477636238730459,-6.923596276034545,-1.379987206054397,5.574753742223198,60.65551082478112,1.5312943944565753,-0.12012285732823047,-0.04437150615786978,0.013794666542916723,1.5541204566388105,-1.3128201204222685,1.5561383967596387,-0.4195330411868805,-0.7664127588406549,0.8710498396966124,0.5481779088127876,0.16242806418938205,0.26649754590970964,-0.10013809741726587,-0.5096741882385383,-0.491525274382393,-0.10414266437450959,-0.34883929706547945,23.738333898120363,21.61487753861855,-24.984384970634103,-4.016163917491173,-1.110692412563722,-2.9306666387941394,-6.067098813409956,-2.698373821106185,1.0495800821898231,1.0559904248718,1.205279244062156,0.6025668106080633,-0.0046988768175095785,-1.0173635566577945,-0.7814291000931357,-0.6967896128944147,-0.21979467507024797,-0.5892320967835167,0.6355485711713418,0.24271556402246097,0.7550447193447951,75.54768197931323,-57.58865685668098,-31.383556853983524,14.260137324097048,-9.004934036352417,-20.878394559684644,14.458609252678269,-16.28593473500483,-3.252759077144524,9.392283643997342,-8.468518816998397,0.425905806800428,0.33372221195804475,2.2428452330440503,-1.1096444412898148,4.340711039835353,2.5460541954504468,1.8722550021870688,1.3026031282851565,5.574753742223198
52.40707921103148,-5.792941200086909,0.8047550450396694,0.07017517676404372,1.179787652718411,-0.5253397961177941,-0.06139972301463148,-0.4719033282949239,-1.0337591618095097,-0.18333857575863366,0.30390663201968104,-0.13074135714647062,-0.0751224058331661,0.06108595863136834,-0.2481062753692207,-0.11000041550978579,-0.14035430747040323,-0.07179891511878678,-0.3119163134239875,21.44550923985944,0.28627476221203807,-27.40609759585937,4.599024381323105,-1.6402263235473549,3.1657354619310385,4.320268796012675,-3.5794699471512694,3.2914878250819726,0.9897549919221911,-0.9805773201877575,-0.2195994453289889,2.8293494548569647,2.9160325466954515,0.047700204003199964,2.04180107483084,-0.8872553741377618,0.3932773997318981,-1.716842001399057,0.10173250445634796,0.4719843817628835,58.11530250104904,65.941936519436,-21.75447481551188,8.453634540888052,-21.495811128451784,0.0515735527704706,6.57419130127132,-5.205439140256008,-12.831312588477308,7.270098275464276,-3.247466709755345,-2.2466987388147386,-4.51330354616265,-3.810201709749087,0.614676922819227,-7.598943331982572,0.9353002813879667,-1.7599941254509615,-3.583346936311939,11.916032274812999,55.35732528729006,-2.3982511765863195,-0.16188538369044947,-0.39476996340179715,-1.0202197251695364,0.34639540396987734,0.07279429894479383,0.8453781616182665,-0.3954806587954751,0.09287604389241189,-0.10930060230451799,0.24306896295302538,0.4296817865393239,0.35039342883654134,0.32610559443575027,0.28130151269206216,-0.053769548563573855,0.09006372510057647,0.20427817778382806,21.44550923985944,20.557745101222338,-25.49849379119481,-7.870098975474949,2.1451336637669507,-2.769328341138813,-7.1306886766219915,1.0194343137190813,-2.641843554700047,1.843027640239597,3.6199438438499962,-1.546251997801487,-0.02303937904619291,-1.0391890562653598,-0.39039493814806203,-0.5899325789427292,0.9470228941298544,1.333431834868367,1.1404933830033737,-0.013093365697627979,0.4719843817628835,5.667790011154139,78.50271572042323,-3.354111058418492,8.26605588128147,3.7211388088416064,13.533100968556697,12.170065460527356,-11.511677727295876,-8.783820224088826,-0.30891255296408304,-2.960470412615477,-2.6711711517243364,2.5041719461385377,7.314492248697727,-0.5465742227837709,-1.5907142543294186,-0.5548708331157439,-1.8705274319188172,-1.7758035200567845,11.916032274812999
58.6044850886686,-12.631818167477718,1.5513750891492286,-2.3151902112293996,0.24918691010331884,-0.6690440673212321,-0.47948606045442066,0.1315171857507016,-0.04197765070721893,0.15809985321277775,0.4761513394905217,0.11561668245180012,0.03897816326018555,0.0363851416553711,-0.4297111385089396,0.18734410643790333,-0.23747828726908216,0.13654984782358115,-0.2219430979972956,24.205571972874388,10.847418504868514,-4.801895389214525,-3.814958078501116,0.004323529658112779,-2.755563464384302,1.4925544412868237,2.0857555566715136,2.116281103705708,-0.600160760190092,1.5640307412161647,-0.2878942034797207,0.7338954145146737,0.036176100128998634,-0.6023015795725923,1.1865596977743436,-2.1529478192645906,0.5252450407839846,-1.091006607176204,-0.5352197825885228,1.908905592851653,11.586498786935415,147.2926839930236,-36.337174574496366,27.733369093289866,-17.37004325366019,-10.079158243773193,16.47670952453985,-8.685866668630341,-10.93229528498198,4.8749589034400875,-6.939594944341316,-8.26378159126214,-9.664150851586445,-4.498324589185822,-3.818701304160622,-5.124983703899948,0.18365622876602994,3.4512096789635596,-4.6061763640200155,-5.354378298385633,66.63732469471495,-8.700421696186776,-1.0824249663325052,0.15209272112539196,-1.2496755690396117,-0.1335475956089538,-0.839668190415312,0.8097349489028334,-0.47672291837923275,-0.31693241638643554,0.023236746800688657,0.06040490606623505,-0.34645472651011033,0.16586559764615583,-0.16143274261432206,-0.020436985480566605,-0.23292619903998135,0.1941141470948886,-0.005271410965988377,24.205571972874388,13.525045112240527,0.08129823279714321,-4.6411791086936365,-0.05279042796163225,-1.0235652973211273,-0.820278296984752,2.821378485661416,-4.00199150793828,-1.3008067242014625,1.0133372042178452,-2.142289119319105,-1.5130414475930793,0.01686135074835926,0.8363269511106886,-0.4163199086393796,-0.20198993115967534,-0.029687610656514485,-0.1401448048061651,0.06242247254344746,1.908905592851653,-103.1627541246742,156.57643686677096,15.30475400314061,-5.947945583864913,7.6272834912672565,29.086479070890785,9.895701375893621,-0.8129947293844935,-9.374904715025433,-3.8475405371050058,3.3086539383257896,-5.008077299191001,5.257676568130645,5.2720057969888625,3.0646205129764734,-4.7957796931167085,-2.508396875606498,-2.8815658393342076,0.34060494792618146,-5.354378298385633
62.024654727509464,-10.32648541084281,0.5858620729438098,-0.9234413744443142,-0.9474064318421345,-0.08905881532238702,-1.0855647250469485,0.05466070509438037,-0.3580451764383952,0.46842513680455244,0.4154261368919232,0.22846611039196363,0.23625266395591416,-0.10270718969233616,-0.2525948917587244,-0.46908633854276394,-0.40908752069357934,-0.398880301916672,-0.18194777959084707,24.14965342917518,16.989884074901795,15.300047702281883,-9.26906120747361,2.8598226709280934,-4.095912556519399,-0.3935612276528597,2.4746836545025848,-0.7094093855227914,-0.6929910269192683,2.023721435865932,-1.1433128249366802,-1.2432325678664644,-2.0163607044809235,-0.7349987363052701,-0.16386254784152632,-2.054406106590017,-0.16496000466924765,-0.052260225511342906,-1.2209778246467529,2.667826562234719,-44.618613983913804,109.77538286861622,-12.64617234369884,23.781105499244937,-0.9523773763294741,-13.166457659750202,6.827215568464471,-5.433080202418296,-1.9432660625012654,-1.1755077997952537,-4.684867954192323,-11.21785480709394,-6.52539150422119,-1.3091301280372631,-8.821409000578072,4.748730261882233,0.2858622850019883,6.588168516813406,-3.776818650716427,-13.26581091253859,67.92322091960739,-4.948714356468834,-2.8911243007717538,0.9696119507670571,-0.7121423570548377,-0.25405930833521273,-0.028068453486877143,0.20161214289085372,-0.42467746515105853,0.3356354115558582,-0.33855440566608586,0.3062482663122412,-0.09431110844943236,0.1734276041318057,-0.17921938980116447,-0.09368066904083916,0.05330842155975235,-0.017430406088249972,-0.11130576578663676,24.14965342917518,3.5026863135098907,21.80063795201631,-1.4258419994714107,-1.41147729516215,-0.1648900374793607,3.3590051667207117,0.7162997756753495,-2.056849419098911,-2.099764547788754,0.059205935810337174,0.03964208758423293,-1.818287135417107,0.5472504104291946,2.140692128073238,-0.5064472813443479,-1.5603544641506606,-0.3932685763188819,-0.5838570438407202,-0.46239174505484315,2.667826562234719,-127.77606022802905,102.47382194832969,21.243938999931984,-7.141349891324977,5.855627539805814,21.14151390579319,-0.07918372455482015,16.44778548019437,-2.0322758672265375,-7.957144260379211,11.008636170690117,0.3192274701739035,3.047462803361252,-0.5507122781891316,2.384139576599231,-4.703817667519679,-5.437369632693276,-0.11782841909661546,2.7736074524902086,-13.26581091253859
60.93999516625555,-2.881501847418921,-2.034885588971903,0.24895655577504305,-1.0264862277330007,-0.6817817462430238,0.921364479846901,-0.411973243504999,-0.5785836514262725,1.0238705583391239,0.0870294132230085,-0.6641893733658146,-0.815813072604378,-0.14842614044560953,-0.574718150191361,-0.7779643735819937,-0.2563267257715338,-0.02730130713230494,-0.5836238210495355,23.34071459988832,-0.6100056497484019,25.42567932509142,-8.562350250935333,7.724153304161087,-0.8770062117069322,-1.1192936522107386,2.162188366056098,0.18080204897040586,-0.9370990662557444,0.5418525302476196,-2.4540149218187226,-2.0745099994272245,-1.2331256471724954,-1.431471789009393,-0.3469636137894878,-1.3083091727176852,0.0024633584894264704,0.5222209587678599,-1.9107608552361233,-3.0200655200839392,-127.28788080523427,7.641602021503392,38.88751799248593,13.360926881133516,14.340839884527904,2.4178800545909143,-17.385002619550175,-1.3071146578053008,3.302395753547754,-13.908304926266691,3.663442425866536,0.6059568325485398,6.306402647475302,3.1622492277701655,-6.536273862394276,12.050218207514124,1.7586191675316236,2.5585384987585655,2.000518411902916,-24.25151468635989,61.13508556474272,2.847175100796404,-1.0760929531343963,-0.752957677223113,-0.6520266661749963,1.4442086642989795,0.14830049862427508,-0.12297434784579497,-1.05533800010982,-0.3811238405634554,-0.08546781828215622,-0.23993246666336,0.4328551870579398,0.7731439338174217,-0.05563555961849831,-0.4231780629519253,-0.5599080647723134,-0.12046800118317891,-0.1598360890085233,23.34071459988832,-21.438970129862327,29.654267591145818,0.4140845960773625,-2.306359725031628,-0.41924404499023726,3.2312938003640843,2.4010441358624917,0.35058564969700834,-1.6600658386267417,1.0618779295294827,1.463946737078098,-1.611113648227553,0.8182549940602506,0.5890302652906456,0.7937779947946315,-1.3639958424883447,-0.9800803289931412,0.05694086492628481,0.6376672276641593,-3.0200655200839392,-126.63322949788217,-22.879824736871,6.018128609274706,11.733659817577122,11.293889671222717,-6.257502634332889,-6.372821281282688,22.850108451826728,14.777113030464726,-2.7252977611198093,7.557976017254443,10.676983276599618,0.1768679982245036,-7.457232180403158,1.32315638695814,3.3135475253698754,2.27163601610134,3.2373668185959628,2.0189733584601206,-24.25151468635989
59.734266209688904,-3.0180755089753655,-2.03664521963657,0.2180131287258691,-0.2303320566231286,-0.7157515704833282,0.4755168340860001,-0.5548628064284693,-1.111951674909617,0.3956367896111592,-0.07318881731490245,-0.36245461317089545,-0.6559071401413461,-0.2140077684707764,-0.2575340434487732,-0.6545492287948458,-0.21341009055380122,-0.016003450396515184,-0.741564864221244,23.211851207469834,-16.294320152436406,12.367806481295762,0.6496342956907939,6.390411538823628,1.7502681474276165,-0.9570359871136458,-0.20407856761132592,1.542687251240476,0.18659111370438453,-1.0572421146011117,-1.4789730632556495,-1.3753752417190563,0.2879876682356035,-0.19227975529703123,-1.6021417696762805,1.0647904335299023,0.7975993833801713,0.7706284740356144,-1.0989062845780653,-3.6964355180386157,-183.99529600894533,-65.03515936601659,52.70387414640621,-6.930951480620485,13.74622459164715,12.57883224719603,-14.091355310073414,1.9709817419277735,6.1967940453193355,-12.545293708541355,9.621826715159008,8.190184620701364,10.167988780898863,6.894893859359058,-0.2125967678545564,11.54196764004553,1.7474332303674986,-1.8461423842211853,7.910197415529636,-43.63653346096518,59.85978800903112,2.7282694009302464,-0.8779723900252092,-0.6479834118086196,-1.4014891953415245,1.2370198573762665,-0.06304015773732496,0.28330810044312527,-1.1560553918245584,0.1545747238860904,-0.03512727597097909,-0.5159059183907306,0.31365203496989613,1.1171003247875273,0.01998336226566444,-0.2975051806475888,-0.0869129038568488,-0.04457372268074988,0.05036464427767395,23.211851207469834,-25.84827739174076,10.951932503795698,0.22423867210554294,-0.29875663336054004,-0.14367519740135082,1.4142822276001854,1.1900096263411335,3.4057606065794928,1.006519263838968,-0.382898648995428,2.15494815934497,0.18561045635799567,0.08384552375932053,-0.5421027343326064,-0.0029117423601194847,-0.8238829839656503,-0.9100566223099575,0.983036338588841,1.0860879829871204,-3.6964355180386157,-124.71876402785304,-99.34756758378332,-1.1463043844098468,14.642771571271876,13.34476848590973,-17.973546143717172,-7.557909018888097,9.9191013178014,16.568390979893458,-3.226710353112122,-2.150420284134795,12.310263631590441,-0.9972862024000877,-9.18782001200508,-0.11761900339615039,8.672411894382824,4.996755328753216,2.8758162845180184,0.03342048465920944,-43.63653346096518
59.44467652270468,-3.5731834558657316,-1.418546390028248,0.9761591892660522,-0.5478533833596502,-0.9153445158461309,-0.178932656992846,0.5266799659973294,-0.1335739345994802,0.46542029193328416,-0.5065486443154268,-0.6261779554803826,-0.13150475827743202,-0.6237004634601053,-0.6007233695586591,-0.37407903479489835,-0.334085323094258,0.2062219014474327,-0.8975149833001588,23.164440323685092,-36.15441978407952,0.48502623203023143,10.669453166159649,4.919492536277103,1.491766125906143,2.983231848312674,-5.267364642046619,0.3366754564214238,0.6112460462719587,-3.849639946683659,1.711657128613032,1.1029451677152395,2.037203237508386,0.707463543808371,-1.3624376225054178,2.312563014432512,0.9232749305250869,-0.2231817075703999,0.40400365332859134,-7.034720710191625,-148.2053103273918,-80.28804396480366,27.46287303272705,-28.27948508103951,5.5142039270816685,13.539730222304858,-1.2523898223603602,-3.7690587962307758,4.001582958519464,-3.7563154929141924,10.051677268279965,11.541515627679507,4.334161675455879,6.8918196347199565,6.166609139217296,4.957018333520174,-0.1489441691967306,-2.8149319924941505,10.561538650060175,-50.87586132007587,59.94955608507192,2.2882202206865934,-1.8819586236670962,-0.19228946010258374,-1.114624172391387,0.7365597217173487,0.3783397296411577,0.9441797949752018,-0.9410668743558537,0.3045368922131897,0.6034965504921843,-0.3340748256960555,-0.14130880118964928,-0.01145563003638217,0.13585487874957924,-0.6005226509213641,-0.6528557008282514,0.23615623785428097,0.2327269978339359,23.164440323685092,-35.11608778407523,-5.934261411528052,-2.45715513984476,5.2576791499261235,4.612772118251226,-2.9766681445909335,-0.6018870803128196,4.691757705135881,4.534607885217039,-0.1282593839391768,0.5790458534277478,2.823501394819177,0.3369977931955481,-1.5508917078879683,-0.006509484652423847,1.0865480914327572,1.3645244203896933,0.6950919132770357,0.297669287752526,-7.034720710191625,-80.2507641315182,-98.26162643106944,2.6099511312719357,5.9470502280300055,6.989866950661837,-13.801553225202623,-11.614050737639552,-9.808764997084975,7.438814824817719,-3.3837232944011086,-8.78895927135816,5.375470038803887,-1.6595078284279394,-1.9967250531962737,-1.2279212399699302,8.802282795551712,6.71980378845598,-0.7801469004064665,-3.729029820575717,-50.87586132007587
54.625153973066695,-3.7967413659715246,0.6025096213173793,1.9081630782219952,-0.3115887803150015,-0.4507954240776564,-0.6374554404327379,0.35667772596345415,-0.4872544779995991,0.21902921270691644,-0.02727136596668389,-0.47822721941028057,0.03809234091024294,0.038790094166396116,-1.0406631669132156,-0.13863379117136043,0.028591469657868407,-0.13032766918873362,-0.5744553407545681,22.389572808257487,-57.2355568624053,-4.747205434195818,7.466974157182003,0.7966773145598429,1.592813570497639,3.8445921456834484,-0.8562174964827638,0.19814478171558636,1.631233439476548,-2.0531791799391064,1.5847645074269465,1.2631321589129856,1.4324692436280675,1.642980526965377,0.23757607258916047,1.9061416198576504,0.24835082449667145,-0.6026300844528056,1.5767386288357075,-17.14311257319403,-51.407353397504906,-44.84670759863183,-17.99368215893415,-32.47152011995636,-0.8889984887793139,4.303303239426827,13.391723532905413,-3.8174181579508435,1.448887977979513,6.785320757067302,0.5363812372419581,8.036289036194926,-1.9050615635315051,-0.643015499179385,11.018481525821493,-3.9445125941970858,-3.0144378523124056,-0.06139154410921721,6.550365911549164,-44.69876170040018,55.59184696357241,0.8067293354839209,-2.3760721294526324,0.5398995255265224,-0.5526812026473178,0.8069062767556954,0.4519167441752483,1.3709153747701017,0.021446603891442262,-0.19864427933017836,0.3944374896192291,0.4461246740075868,0.23469364755402244,0.29467601889240447,-0.276420480165263,-0.4169498670389449,-0.3552460715672574,0.2957756436874406,0.23545668228569383,22.389572808257487,-52.018136873310176,-10.078881338538416,-0.5633743237152729,2.127889052994912,3.9914861238547727,-2.5237869326603666,-1.5611891256810435,0.7321152120823529,3.087094080236084,-0.9590805840113941,-0.5931176126579893,2.1195371588547487,0.28923590966150203,-1.3832568913399947,-0.16511304331889542,1.5505795160802007,0.9328067133663089,0.5349755742429136,-0.2756825327694218,-17.14311257319403,-17.33155664738421,-35.81079016020587,8.624191739399397,-10.138851354573298,-7.1538535157713135,-4.156921632360017,-5.9130826529665175,-24.28092937529643,-8.20175970625432,2.204764695388485,-7.79322335083848,-6.682541067854416,-3.5272751541246397,0.8529793375187793,2.0868361736132233,4.152210140292089,2.4398121085394244,-3.027839805671576,-3.5276765463522155,-44.69876170040018
45.41734139252689,-2.2496558029057256,1.9802635736309462,1.8636278491655314,-0.23997480293399276,0.6773561047104772,-1.1558317039170398,-0.6994057814902488,-0.5853092267453022,-0.8126456265505841,0.9198992518554152,-0.0548304863885023,-0.1442111943759794,0.07890670013998968,-0.8643723997118486,0.12035941482251977,0.08430995938517483,-0.08173005152139567,-0.4651767561185778,20.23449344439868,-54.24204245845985,-6.160836699564623,1.7604163346825876,-3.618722124226776,1.9588230402988906,3.249757392543142,1.8620629193116367,-1.0314561143825371,0.3413712501179056,-0.8383366835404793,1.039954926979962,2.3769941140965085,0.3617144028592121,1.0968078872193812,1.8164820346864399,0.7495244008785278,0.20261555333281112,-0.1986157582350052,2.032186013087078,-21.73465765254417,82.08746230863098,-15.001464339500906,-42.02930800985659,-23.80422425737707,-2.9503008770029124,-10.605279550746959,18.86228146255246,2.593653728930758,-0.35327287001789065,14.727006756551026,-9.593695740311283,0.7780885468764187,-4.679841454312518,-5.698297494396929,7.020151782263315,-7.8069660260786415,-2.600159649135038,3.220777140098395,0.6730720144661753,-7.996222074409488,45.711012195434456,0.8408144277555407,-1.5556206533430648,1.2819404290723777,1.2299553966035135,0.17093138231379834,-0.41012149248842134,1.6791008675586574,0.6232149446406992,-0.2686440309249094,-0.010727274363386385,0.6908029345470699,0.6408332773636507,0.40891023282099903,0.08931161927075348,0.17981832596013136,0.2565207292777376,0.0569032722712437,-0.10354746413627025,20.23449344439868,-48.479422454836715,-8.961138703221849,2.112866659623738,-0.5461574541943515,1.0081087697126194,-1.7004482321069512,-2.0303818569461956,-3.2169741515969092,1.0190541655835599,-0.3418927501630886,-1.5565000125995019,0.10965801992601398,-0.11419411310480987,0.01124481719620296,0.2609180252890544,1.849914305264585,1.4583898973967155,-0.10910220310398477,-0.545962424745428,-21.73465765254417,87.75852773033546,10.347557600384972,8.48426539258309,-19.80401447484939,-22.486404971383458,6.940138808276259,3.134828531534321,-22.894995656883154,-16.53740599039056,3.5139616549522783,-0.9382929964313766,-12.822709853754949,-5.8031096620702645,1.7253020373199655,1.6928076811571837,-3.3147230591318437,-4.656735694148092,-1.867303983223471,-0.09985890489647709,-7.996222074409488
38.13015534357515,-6.053442052553278,-0.002563122875165469,0.17261745605605094,0.41213543841286215,0.410194192080092,0.5358576093067151,0.15725245817311295,-0.07046730909843202,0.00808015888354019,0.005969488313149807,-0.016562268260342794,0.06668069972196133,0.2561789132118646,-0.006921492077598179,0.05130235632527036,-0.2984323195451819,-0.17334251613850382,-0.16936466339418077,16.105268360516025,-32.954185513998695,-6.732615852222724,-3.89268836803775,-5.576241190902612,1.0722404458415857,1.0613528604845337,2.927069418162253,0.31804395766703464,1.0459725007711675,0.8297666323609492,-0.8749313438181354,2.005744803187772,0.173201303794438,-0.7084596765922289,2.3176391646385364,-0.12594655679164846,-0.34928985417989344,0.7276497273133085,1.3621854913172735,-18.695847897062436,146.95903327136844,-2.413754618164049,-30.69047337752291,-9.363113523933524,-4.313743432096029,-13.722306537294084,6.6667699693751965,5.355824749684601,-1.4221178872238909,11.16186661974417,-9.77551238959406,-1.5412090748743124,-2.2459034493085213,-7.280664245984008,1.0311859879398946,-6.286435371440307,-0.9332708664386027,3.5700767969278386,-2.642214582795805,25.25149054254573,40.969991517194764,-1.5874683718734355,-1.3228285370448614,-0.32115382989864427,-0.5780359179115884,0.2579405607478584,-0.4494041095130572,0.2819051701925739,-0.3946492612047927,-0.03837510655055709,-0.02457416987218841,0.03142378091508102,0.06719895052399716,0.21528894768883933,-0.03930152965437039,0.08761408895176381,-0.07519776222668884,0.3125405472322256,0.08066060887806614,16.105268360516025,-27.832388380052123,-5.44002393046034,2.2513236420709917,-2.466264008586951,-1.918270281017704,-1.3022885448218142,-1.0522843118254372,-4.780338152702328,-1.3365837294714524,0.8263003818107704,-0.6738905830606454,-1.7987383901226304,-1.4541961001528203,-0.8966813281153023,0.9067925894757529,0.8705389792644804,0.26291669345624347,-0.1287865060564366,-0.25593443394001014,-18.695847897062436,142.52660170484748,19.879167434174867,0.14676770846776677,-10.751375321918392,-20.01773751243496,6.395978294311444,7.285984443887896,-10.245796595307864,-11.760010941429151,4.468146800063517,3.1935927591556434,-9.234879610344334,-5.542800805015464,-0.039316447037208935,0.981132679935268,-5.6434528466008995,-5.210698574317293,-0.6808860599369166,1.8109248479530164,25.25149054254573
40.57115460822053,-5.525251462357167,-0.23580185059068182,0.034570938235636284,0.06969602742586334,0.27903937234656606,0.16544227779324583,0.11066454270123138,-0.17128189399111093,0.15172647707473264,-0.003191607965362664,0.3314866259929028,0.03505826374631482,-0.18399092937314898,-0.2093531896332479,-0.09428490810394985,-0.06926565182632727,0.12842144580481518,-0.08396731543681346,15.439263721283739,-7.251374303967339,-6.023000728706769,-4.665369576158772,-3.796160339680205,0.2769022497327134,-0.9277882844613483,2.272132631907102,1.5735527329110788,0.7272400806157036,2.072390525441826,-1.8553428159200682,1.1206831190160558,0.32691648026894193,-0.9659651016112909,1.1076067226015518,-0.5748759102821595,-0.07798455470414956,0.7220669565957407,0.847816229320896,-10.256464085462166,119.68414751901638,0.9852870652316632,-13.624253029803741,1.4252044203155494,-4.159179777241227,-10.344232498954863,0.1652026389357788,6.465526469831276,0.45300524084013194,7.064078311045488,-6.771006957901994,-3.3976836743326215,0.08411933129396365,-4.383051402680406,-2.6277830662067605,-3.0977299758118857,-0.28989491659817745,1.8357826589439241,-2.8831088295287417,31.395770945764273,43.02077258084238,-0.9952502772456526,-1.3521470900591126,-0.034841509487176126,-0.597892429902942,0.16081846366779162,-0.18619077198778733,-0.11980217853448893,-0.22349185901595625,0.053455930741834745,0.03475237393814212,-0.07189536918679562,-0.11465850922704157,0.03386031416350188,0.14775441613866014,0.07215252371557401,-0.06368490680017791,0.1732226845298961,0.037143822165035756,15.439263721283739,-3.329698165536527,-3.079911315374604,0.3776285735536531,-2.3472515567076395,-3.6755521650042646,-0.11734793437208024,0.7110747785265379,-3.9995134409133555,-1.5222562051244743,0.7360309606258801,0.15028584041338755,-1.6287157575696076,-1.6928410329324233,-0.9315284708403317,0.30394153952884384,-0.2307931697253045,-0.6288984167293201,0.09332096181497529,0.23786578588958163,-10.256464085462166,114.80213879311597,14.122567390780226,-5.344171240657509,-3.4831757531472647,-11.124603753420327,4.351141205919475,7.246272361297442,-0.7842538668439198,-5.268293217069091,2.0655780003930473,4.237748129499812,-3.3067249224382205,-3.3959387724348296,-1.9203937187980988,-0.5168040214673302,-5.262747098969564,-5.066391738437635,0.626953797709332,2.061456641099611,31.395770945764273
