45.50638329664522,-3.7789414928927667,-0.9670076182478895,-1.5185421767304979,-0.7449242843669435,-0.33057851989512566,-1.2677598116432938,-0.8083947594544618,-0.682767051380075,0.45224229854079434,0.3699909635020522,0.37130693144950877,0.0737598384140985,-0.3244192084965316,-0.2676448542286949,-0.28244742020819125,-0.07290954885917222,-0.1343216077565279,0.12147457975435216,16.9414237042447,-7.136476573249624,-3.9954897372274836,4.678239153377056,0.9985956756074517,-0.5025336350868104,-2.676908153988324,-1.3211926512037535,-0.28646391502140256,-0.14181745099257892,-0.24836554338052386,-0.37845864417850006,0.737677411319166,2.530861533740535,4.522412025584432,3.6774064017100225,1.0498337392847148,-0.18434906381555693,-0.37238568511561154,-0.9662461262032043,1.515358732650249,134.1432087305679,26.65674668750338,-10.137328910624724,12.095062880886111,5.035881357755203,11.527677340481008,2.2910470953210114,-9.432447177192891,-0.9163382679226499,6.430784782931147,-6.641548021920908,-8.23820290213784,-17.649630418708078,-8.936927748734792,-10.669088006117121,0.680391667494356,0.5378432251321172,0.20724384914034388,-1.0971573200675468,49.223381174873744,46.813368410218935,0.8296326974963733,-0.3081104602266014,1.1653386233344665,-0.5278645103452213,-0.058887801162757825,-0.24388565997536515,-0.07806612526726875,-0.575230252628026,0.5087261180753253,-0.2605568132248468,0.21983185479787926,0.29383409486707435,-0.0005819152265178484,-0.003280663061161704,0.12765569198972293,-0.19834391950215413,0.06295005867002135,0.01824324556636092,16.9414237042447,-3.3510293339043074,-5.550626016737392,0.01706012233340104,0.9967084873926084,0.7892647779787927,2.2218564242566368,1.4397518566657364,2.070793490924629,0.9793188360228937,1.560366568549048,0.3773259509817921,-0.17667796813782632,1.2790072779861485,-0.40119896656426124,0.541647638870894,-0.44801532125741805,0.15646176283462054,-0.9951390370479547,-0.2785457435332742,1.515358732650249,108.41302240521982,33.44799258985189,-8.211212286274764,-1.0063362838098335,-6.4508799934427845,6.98308143349161,-10.815118794827587,-9.236151550640873,0.9929766174794437,-4.393081187039589,5.801508088446729,4.502353441304692,4.293734771683226,4.529924786415384,-0.22829945959050568,0.057780173196846585,-3.5668582715085684,3.2217723507315523,-1.9157179763569112,49.223381174873744
43.61817598886567,-5.101912287993242,-0.04986078363759194,-1.2755236119184712,-1.2482621585033389,-0.9747245206650543,-1.0926103370717395,-0.3464719858055121,-0.8426062602997733,0.681478730517294,0.7801071194040696,0.9499016369516311,1.118351816817715,1.2122182948451665,0.547320717305628,-0.41547389475797125,-0.2897906731366129,-0.3842127082875586,-0.020976925520079348,17.194353461164823,17.64967443143702,2.5883193046103417,3.0645632381833923,4.4481263779946065,0.27367254657979556,-0.9826553003738945,-0.8263527775460795,-2.8286961974541045,-0.7315817623029508,0.5962490965219782,-2.1850559921150277,-1.693089577607077,-1.3332540631304926,3.0942106643909395,1.219925646999805,2.200938261968074,-0.17121869576339122,-0.1382917454816257,-1.4605007362252294,12.47963875724703,182.43613627994006,27.424497523094857,-10.213802221225947,11.139431697775269,5.439942166126917,18.928675108969102,5.1279683193835135,-4.887321368456188,4.136318288515573,7.437660011644558,-5.5533366212399695,-9.881678220534926,-22.266017051355664,-18.435117571349362,-16.07989157614306,-2.204287685825464,1.0371904367839953,-0.24777495943227446,0.6891742987544618,57.288651967236554,45.99218450183492,-0.40242478239496515,-0.6752059081560451,1.504873470024859,-0.44655582596811705,0.6928807805707429,0.36179358999969224,0.48226458994152965,-0.5335581033834198,0.5573995406477361,-0.6105012017189726,-0.017756258959891857,0.7695070588538733,-0.07343561232005591,-0.035761201637179996,-0.02110984274801231,-0.13914242167337743,-0.2743172623315737,0.036192248964017626,17.194353461164823,15.31000650307233,2.145814139526087,-1.7550311941095211,0.4858116829695347,-0.1812934377768971,4.787351102167847,-0.9357247921812384,1.0778698232120436,1.5839261042301298,-0.2115990273379933,2.1019282488719293,1.5400901122431467,1.9962617105578766,0.7210692164028771,0.27939805355633496,-0.18236897995784762,-0.6907733477820257,-0.09094274261325519,-0.8217643179097698,12.47963875724703,156.3502858507419,30.930856256681615,-10.077003817461387,-1.2186291136225536,-3.831848276520409,-0.19676748859346915,-11.765986999194233,-13.98882986391425,0.7885446380009618,-6.034982414883415,4.723621709089395,3.822244614048845,-0.31440401052986,5.564746961085227,-2.2472546965248243,-0.10545235223600269,-3.2110085945797824,3.507065925457577,-0.4259592890863888,57.288651967236554
42.882248663910175,-5.115200963956271,0.9135385411354902,-1.1407536213327854,-0.744522164842151,-1.3469595965043233,-2.0159308745309477,-1.182588103789638,-0.6737561724165153,0.21344131086228257,-0.024296436538206567,0.4508482843580306,0.8168946160825579,1.1684680526248352,1.163575560859155,0.30898268670905615,-0.05664351862823036,-0.19556890004881833,-0.2904227307100342,17.57263819210976,47.54205228969099,6.040979085605294,0.41641265566152574,5.321361764856929,1.6273039529574884,2.2398040894449647,-0.42308904037208483,-3.731571362401497,-0.30510442929871795,2.5447195281337986,-2.7959339811706903,-2.1660405452866325,-4.361895877177989,0.7680488318137817,-0.4283972239934297,0.8144773116902131,0.07800736472441883,-0.3858107303624325,-1.2676974812259652,20.64490930778873,132.9574132905102,-7.4316604918513205,-5.171288891019219,7.267937358866888,3.749184095224086,25.45242957979994,10.888722097402416,8.290010586407892,7.820001159806779,1.375234730141334,0.355062418017428,-4.239020087653996,-12.357773636471522,-20.23588575303818,-16.502333092667627,-7.115923467948426,0.2635593590067149,0.6684695727820493,4.632919101859821,28.62251098022941,45.54844569745879,-1.3296515709266536,-0.116032675095179,1.4939254436855745,-0.1738864635443771,0.6761561200988102,0.17315064336997432,0.6771652625906466,-0.10640690923888219,1.264572691063644,0.10307835651311215,0.25028692760785165,0.6955012518667492,-0.16475454996187944,0.2837834256622944,-0.021969201270118477,-0.1497137869992322,-0.26598579935315847,-0.13000412789910454,17.57263819210976,41.524963950217284,7.3251502000568145,-3.2025003625825197,0.7489887476992285,-1.950896110864755,4.430649802046837,-2.7800692163245695,-2.0508204505395153,1.1735035106589975,0.24980877297277404,2.415778846260088,1.216114712324033,3.067247447541898,1.3026293351598615,0.5586227017329206,-0.55194840530878,-1.2033498176113404,0.16364899110047193,-0.964795444523482,20.64490930778873,134.12221889607315,-2.6029814981950756,-17.98516566422365,-2.959263801197198,2.3648686245492523,-13.044423325890984,-7.102569769451319,-12.115373831836523,-0.6405168098934642,-7.397214594801443,-0.6750041333844943,0.04033299399643253,-7.752692606548971,4.10223991687208,-3.6330600897928687,1.3136751849904595,0.5440019712458333,2.7329611688845965,3.7712224448454488,28.62251098022941
55.64328782873125,-1.816652105055844,-0.3749990788478832,0.5166267345679492,-0.608289070839442,-0.3137156317774741,-1.3068506689725066,-2.035646186013926,-1.0530633720133302,0.8697673406410393,-0.5253933325353324,-0.5150085338082906,-0.9644345819853775,0.47624249313825473,-0.3732922382727173,0.5223066573172221,-0.16665191185633876,-0.17284383435119555,-0.4028271331260693,22.86563583893568,56.74232713525009,4.698524612903556,1.7022512916218475,4.406928479870347,1.1525186539544987,4.329073278779583,0.7937397030721689,-1.0075708755594495,2.007985182418277,2.0739219266845943,-1.9463892863023897,-2.7513027206453984,-5.155768286478034,-2.8179651632049243,-2.3096375735097805,0.0653681101692336,0.2030679403064528,-0.4895606422083383,-0.47093329931459293,20.594909428699285,-31.130077731731248,-59.208727790031816,3.2629412274752503,-7.8591605002213925,-1.0532298355133434,14.369468942068098,10.068248297746855,20.32617749127305,10.851950557719098,-7.6025603370451895,8.281362099514581,5.601399145657011,8.665675942381949,-11.766786034793986,-4.2906867424573125,-10.413417858847282,-0.39658566263717976,2.071502823759566,5.7607005030433145,-36.98792939983068,55.10083301813517,2.98218190147093,-1.2816649498470731,1.2439510546436798,-0.795500252634092,1.9672657892903813,-0.9202662077386541,0.08325309240979539,-0.017678872207532947,0.025003317912169365,0.6085897263421385,0.9746493745144664,1.0911313716461752,0.4420390103426015,-0.007113680644722287,0.11128364864071982,-0.5680456596446279,0.18194661637498366,-0.31851522665579124,22.86563583893568,52.386116949405846,3.4769140032063097,-3.411661543939332,0.5112538004280216,0.2434210841403619,1.0190759910648022,-2.333331106436227,-2.8628144703004237,1.2764988177053227,-0.8018457411045223,1.7199103578873414,1.0380479986556665,0.22768518794334391,1.5292603631162907,-0.5904672408225315,-0.44877495534973844,-0.7691367442322903,0.17899991160662054,-0.14840053758136473,20.594909428699285,14.261646297832684,-56.11824081892167,-13.86891781160251,-7.548083820121748,9.946394568133432,-26.02013094881406,4.451121303052934,-3.4193489700074835,-2.3262616340019076,-1.9471851225199481,-8.086272711793548,-5.643106227819097,-15.912412951398586,-0.7638343478215224,-2.118964073560168,1.4600847718269188,3.8702866153989914,-1.4643282724437279,5.913248582512567,-36.98792939983068
63.264853521557924,-2.401082041558819,-0.596232142811981,0.24606353245475665,-0.2512588517201477,0.45881908038356656,-1.3721841658789526,-1.8295933405510034,-0.7300907101726555,1.630457757545821,-0.37522580111359183,0.020741744186153266,-1.06579490077335,0.42759310826381514,-0.02153698843623708,-0.3440990404006814,-0.09547524713709987,-0.4329114099059257,-0.3214490570556354,24.428237169253634,39.79590372009894,-8.766422637299751,2.7737506811482193,4.653163304103026,0.9326353588378811,7.393442346334908,3.3131221571883303,2.9479787172352157,2.3983996565501964,-0.29958459339116494,-0.32026078807610503,-0.8527260609886713,-1.7367681728214555,-2.6394429371367267,-2.8089785343689995,-1.4403429187900778,-0.2397127023471215,0.1374835496387694,0.855429706271388,11.768978887038827,-165.75023646446294,-53.47334792821811,7.694136623228797,-8.57157272682656,-3.860300648522768,-5.8941177298001115,3.7382269554983765,14.32837734257081,4.482121061457811,-13.659931748048011,8.177127880641368,6.410820289036839,19.48487877940785,-0.8800935446514142,2.5706964400952512,-6.012361979625717,-1.5255518428229415,3.1606607925019707,1.3166307028903128,-67.25102510842952,63.02152612717745,2.799904455591833,-1.6061311206723472,1.6702942048746703,-1.3288403524446113,1.5192445955008411,-0.9928903692684767,-0.9039706017711593,-0.24641811288647064,0.8998286159294957,0.33778714587464176,0.3316863942227166,1.6666456622418724,0.39299544102208417,0.26170692730906975,-0.21451525635903312,-0.5855672093221991,-0.08335738513302138,-0.28680073888547564,24.428237169253634,45.1720248909655,-7.5176666976750415,-8.147207534863519,-0.495644471935234,1.7593418292947893,-2.416217683137333,-1.4127298709324285,-2.0165512782373995,0.8127740743385652,-1.8431173719684089,0.23083282978183894,0.09450958565413003,-1.7130507639810706,1.2458254185150717,-0.8399497588361071,0.3420252589337571,0.46764444668266947,0.2363702202844058,1.2703835887252475,11.768978887038827,-120.90949839062523,-55.36964538444873,-1.0639961618263851,-10.80953702082545,12.662570610168803,-18.073195713473858,11.597858918288377,9.978345622372723,-1.6719590245767217,0.6291048247774662,-7.021312966731574,-2.418382530800959,-15.78736027018331,-3.447983873253639,-0.051532254649379716,2.3401988393183943,2.242372097116567,-2.1124919011981254,4.811597117660442,-67.25102510842952
61.798037127666845,-4.10970944274019,1.5561502041470674,0.2345320511229314,-0.9186344880870911,0.2869227802807921,-1.0176138398616525,-0.5267548052045541,0.18955359978743536,1.009931470517822,-0.017622841459432603,-0.21069645328512943,-0.5181875679933481,0.17367318542321453,-0.01494179480156621,-0.05624897611848567,-0.16884083872895173,-0.5103217744631741,-0.2409304120045752,24.06400868694253,5.957709850367422,-19.612343728953046,3.5173648391776706,0.8526453582608622,0.09439192588292755,3.6252600422151833,2.339665772547141,3.9946175083640636,3.3426414736321415,-1.7828790112381347,0.7177884610949707,0.450952753072448,1.6870200558822144,-1.0854364685307996,0.2648729309589335,-1.8783605522154212,-0.21065149354621093,0.6358125263975565,0.3582859215477514,-1.5763607322933595,-172.9462565426035,4.932508777439841,-5.08208357745629,-6.399367268681841,-0.5647666906057998,-23.764283361352614,-12.70910715092783,-3.445505540217667,-9.335912285906836,-6.154116644662949,4.848145330941588,4.514186530087038,13.23057860857132,6.503489223439484,7.49328499328969,-4.831624644862662,-1.0481157085571673,1.8720274198286888,-3.7996443519355934,-48.92191001984672,63.44870276167851,-0.7287457940510533,-1.635987457337127,1.6723159896443218,0.252631660552181,0.7808745384021285,-0.22185145689919583,-0.15857471302777926,0.17469690729303577,0.33884870766254904,0.13209958254393328,0.46056800706050893,0.3977774476379836,0.4123195737461076,-0.31995657287183343,-0.1492242928784242,-0.30578408262803913,-0.276131513638332,0.04039028566652081,24.06400868694253,20.617299181614563,-18.491897821068818,-6.217136513770276,-2.6659136172741085,2.9367848762100466,-4.7992806296470985,0.6061661866491583,-0.648939247942756,0.6011600053893922,-0.1387285161273759,-0.8487350987857196,-0.7206604383314508,-3.569795659379932,0.36755400081451084,-0.08079775293923497,0.10068657383434321,0.40887282777046496,-0.8594674934270861,1.017270456722149,-1.5763607322933595,-173.25186774453928,6.084628713358157,16.258510268175442,-2.6525093025251776,-2.381655452956644,-1.5016050635959206,12.640166414824389,13.704304250165848,-2.1816625790761397,9.770068633140518,-3.970901153533469,0.18093932557181125,-1.5693756552711815,-1.5883179760272317,4.095988094160402,0.2985384897024541,-2.604353765306297,-2.232660346872569,-1.6945709027874467,-48.92191001984672
59.70282587449185,-8.351883613763974,1.3348392402121245,1.3268753724412363,-0.12303177679938582,2.0494423706339973,-0.5039882104922095,-0.46304443557671604,-0.09586483004179991,-0.006433050771691207,-0.43831207611420897,-0.12767078639788565,-0.27461297732418455,3.123791399195497e-05,-0.42008892806092035,-0.12191095596812884,-0.17540540636548463,0.04191184482655563,0.056343761864912745,22.85794121162575,-9.94075730009915,-8.54026070757546,3.3559241934980126,2.812716962248392,0.22621699273189,-0.35534815717289137,0.6730614026396173,0.9315231169221523,1.2686279558232552,-2.3568458769288427,-0.039458914548685886,-0.5617581376271361,1.9591493413458112,-0.5382622878489878,-0.4303042561801611,-1.2198393469303181,-0.47790883976072007,0.6318330815856055,-1.023991740211981,-1.8949681659297042,-88.52687861032287,80.95422348504374,-12.835121159238891,-6.84793192039545,-1.8563885994762552,-32.748507868193684,-27.274491311045757,-15.804717550297482,-13.334333073213662,3.765376597948256,2.1231938609172305,-1.56484807886754,-0.8324773044259501,4.134039692501128,6.868797312254626,-1.685630699768324,1.9104252946029112,-2.38775230407352,-5.413323920210836,-5.351282957416082,63.96052327116987,-3.233021072003183,-4.012475188781911,1.0319207402176365,0.1817184945098811,0.061242903974270124,-0.8824216675159691,-0.21019647380926587,0.20379223818011605,0.18609131020424963,0.4567398433031342,0.5545824041618954,0.18565283188030968,0.47301787759390335,0.020229992357796434,0.2792973989563321,-0.04702235216619188,0.08123837579570226,0.32573491030236323,22.85794121162575,-3.0453763611996933,-9.375266580029987,-2.33176095858024,-3.0671960538624314,3.0337072981848046,-1.696769744334142,1.549111596276926,1.8314147494680122,0.6751934045286019,0.23280257287293393,0.18944509123083186,0.8862776654171123,-2.9276922638881198,0.15949057968393188,0.27802183046658246,0.3434202497583765,-0.6711685550544346,-0.37336325698173733,0.8581676171549824,-1.8949681659297042,-145.84952939317418,74.1129641946152,34.22416922176067,11.611041974047655,-9.33436516178896,9.382830394607932,10.369571303484529,12.209736800041814,-0.741380936421077,16.0012657913064,-3.682901887294306,4.7810157998105325,7.902011599150219,0.5942905481004668,2.7047355876198536,-3.218779554239634,-5.571022544548426,-2.292481886107128,-6.317484018918714,-5.351282957416082
60.403156577448,-8.64742318342979,0.41814764922889935,0.4025434937051404,-0.6252066453583591,0.7036027442049022,-0.5711157603923076,-0.7216118843190378,0.30114442473731273,0.7967732391807281,-0.13495596448753844,-0.21532589198004715,-0.516515515768853,0.14730519404776654,-0.04157980298090891,-0.5279676610067647,-0.23201257901525185,-0.09234919851865797,-0.4125805818124677,22.862603451602943,-4.862470625952611,7.051698036761331,-1.1298772532811943,2.127468016456743,1.2233444917045944,-3.678673150142825,-4.240783495117389,-1.7220958455117512,-2.095085110171671,0.02549424612195894,0.3372824424046943,-0.639693417282647,-0.38843773927600767,-0.6168108761290516,0.24766778404064516,-2.460695998191977,-0.20189184526533155,0.1992783017325881,-1.4310447520407052,2.9659279452601908,4.109707902746429,88.14125083627323,-6.0461383605234635,-2.7594932512305133,-0.2937640101198036,-15.118938261972632,-22.213549788426008,-14.155302925327074,-11.177564687267466,3.769457892677963,-0.14116884748984138,-3.317518380595954,-6.591142945288859,1.9355071277405758,-0.3386076632541677,1.9270658868005992,2.5711093310765976,-2.212683327107062,0.19793606475714842,22.015304719955793,64.93998403694624,-3.2473042452659717,-3.187061172677429,0.2301809783351425,-0.08238723800631487,0.2966263202301178,-0.6724174652903288,-0.5881035955425293,0.0577959549538698,0.31250771271110445,0.12474582823503244,0.5028711503791516,0.046729957136990574,0.5858047924639473,0.07322591036129689,-0.08527939209979118,-0.6328816743373991,-0.3300850108029212,-0.11614782288863612,22.862603451602943,-10.131116296781194,7.448028301062861,1.809870302006749,0.47077494012903154,-1.5845893767829677,-0.09145051013475358,2.505831367371291,2.065354640929795,0.2544578630722345,3.0452286030450657,-0.24484634960388973,0.732633621560081,0.05031811026127775,1.2782687945182447,0.8985410116063246,-0.30020320591082106,-1.5019071260168868,-0.6324635231965925,-0.7895780031899555,2.9659279452601908,-59.56025606101814,76.26352836309901,26.747332308462326,19.726319606164694,-6.298541912355054,9.436775953418618,1.5354129687166211,7.3780758893001925,1.6525850036141985,8.293879401400634,0.2259171519925065,4.139878874092901,11.903436413305556,1.4535039602883197,-0.5013540852116383,-3.436539389769109,-1.6874202044043647,0.8381188952177017,-4.017296376605031,22.015304719955793
58.99191514661777,-4.402355525001749,1.6507312313961093,1.5684162922878482,-0.28486427671856873,0.07280501983506582,-1.2589025042938164,-1.2664032425326854,-0.15157214473596659,0.5586139347499466,-0.33628869687388185,-0.25782260527995593,-0.08705625621269197,0.17164596002704524,-0.22337011243664628,-0.7181593714217009,-0.30284379687430985,-0.325981157085381,-0.7476198422576796,24.081455703958575,0.942554653097524,18.37866822236493,-1.3201888522417948,0.591786014807361,-0.56003522381108,-5.328844991582929,-7.033898864502284,-2.0960233809756184,-1.5499035881547285,0.6789170769029162,0.9315891517276484,-1.089827015244894,-1.1152779274553195,-0.8067358870870365,0.6340226952174577,-1.991990545685962,0.7111201208138944,-0.8381254900655064,-0.9565669170398017,6.822193069554011,35.837897805368456,11.434458463740778,5.144364545637668,-8.6544963151397,1.6180890205561704,4.013465998942877,-3.9678509069973638,-2.48224776503989,1.8689054213162297,-0.9023408559369734,-0.28123268187676853,-0.2676161700368582,-2.3892350986505027,3.967516784536335,0.997212921144536,6.049277291138633,2.8474190639714907,1.4738457812909567,5.577694097611234,7.313368251213831,60.75319730894374,-0.6284496088157012,-1.9964747422923161,0.8577636835980442,0.3555227459270389,0.9129838324197754,0.006948433065552706,0.22650121422022185,0.1496290655474133,1.029400399841685,0.4361865686445081,0.7536736552719514,0.378323275548309,0.38599812150513024,0.20412660092579582,-0.07477758186916139,-0.7576026909947364,-0.24306226504159545,0.220552123969594,24.081455703958575,-12.378532066423709,16.56885233856672,4.951373668128303,3.741532236387023,-0.6471536251031833,-0.07871754558953858,2.82222319044877,2.731170177347231,0.6154346772866055,4.565536964098571,-1.9125624884562287,1.7583704556136306,0.4278981507734345,1.0876132957134381,0.022748652701039873,-1.0669196283134776,-1.3624768486978678,-1.023372707884405,-0.9849341907780573,6.822193069554011,29.021313969988746,2.4970845795738983,7.960468478349879,9.374230520207835,0.547730921200166,-0.337672035559331,-8.610446202561223,0.2554826957863008,2.145195685872434,-1.0100530098608873,1.1424553419286556,-0.8313265285913904,5.851971965122196,-0.9397676827198307,-1.4849222269415765,-2.7318227395094405,4.653255381148772,-0.547050536282327,-1.0113401236621007,7.313368251213831
59.72225717862758,-2.558624468740637,0.8332655819144779,1.177495599427997,-0.2260459922752025,-0.5640951193911548,-2.7605484405195435,-0.986123324482445,-0.8301352979513168,0.7401551008179825,0.10000669012275099,-0.46546725248541776,-0.8061847981870982,-0.22053961369783792,0.010532689406619333,-0.9884727674876881,-0.2060675661072049,-0.2267361226409117,-0.5544709859636316,24.935215413406212,2.5709078251422994,10.99881722421337,2.8323521817858426,0.5833642063661211,0.34063602909451074,-1.4474606715661138,-4.913628988094913,-1.569260705350588,-0.8368750980126007,-1.4160315418150327,0.1616800042118829,-0.9437719984166502,-0.07133778236164989,0.01655389495851267,-0.43659437636695975,-0.5287520094372997,0.4803886917047806,0.2644501486695814,0.423541542340236,5.0727110099426795,19.10036148389679,-44.280713336173676,11.04644214998043,-1.5217894664733085,0.4010703980090784,14.163435204243875,16.749418570866393,5.095207012350475,12.150020844097966,-6.3883403510274945,-4.94480626849643,3.8016540279886923,5.041237092473435,7.771637708245222,-1.0435440154417495,10.707934928931856,2.120576961894831,3.27895784406367,5.025297094339672,-11.558758717787669,59.98680759440098,1.6929826248866364,-1.73905252957855,1.9947819880186337,-0.6265651535478818,0.30927881911199906,0.5863791764956887,0.6557537634223745,0.3290074251455044,1.4398084643663642,0.019953045071301467,0.7273391922855215,0.3266012809346228,1.0949638490496165,0.037365628647329174,-0.12228840542108799,-0.7014474762222103,-0.4302129548179794,-0.30180732276207234,24.935215413406212,-4.496250996282498,6.6678069011823355,3.5149623271066144,3.7928820406835113,1.6279443816765133,-0.8899187523100909,0.737316873921547,2.5902209827677307,1.4573318708174896,1.8418439889601221,0.3152272670540639,0.9132326036167404,0.7041273399420689,0.6302446229439176,-0.2038382066622828,-0.9124131820142845,-0.0891831276100008,-0.11540332036690137,-0.06982682761384629,5.0727110099426795,53.09076516144488,-47.429053694492175,-10.04296447284417,-9.249564102810979,8.594711774176428,0.8765406246722236,-13.792181422507037,-4.689338514137114,4.595094074135174,-11.540483582025171,5.789491724193476,-4.460934866103793,-0.37286555728059456,-6.356948835265305,-2.323185137019866,-0.9067518780486039,7.2574982637106515,1.5890908937280577,3.319757380220797,-11.558758717787669
60.51455290045082,-2.2069488599260842,0.46718584774843785,1.2352923269834886,-0.6026297152465041,0.018868806640561342,-2.9262213026797337,-1.3788004059828216,-0.3051767627748494,0.3613345568611397,-0.08999882755552946,-0.5475136137676473,-0.6874172998427217,-0.21941430175672405,-0.12913382664595563,-0.8876536755706481,0.1671821475874391,-0.3099574381450707,-0.3509944945794061,25.23273176550112,4.261502377037623,-4.79659106943109,3.946991748783328,-0.7424792902761466,1.476615734315017,0.5357786030101912,-0.9744413043703029,-0.3860183356783744,1.573975660401835,-2.0872534109288337,-0.09227403639066445,-0.5435269320785636,0.605981813563381,1.1288137188753975,0.41043328459590933,0.8388273042616603,0.6046604237399691,1.3361700487625872,0.8375621614031652,0.7083244273359668,11.616788115758773,-44.56764373093406,-7.7291842840466405,3.445920012556334,-0.9948907744010347,7.65257940472289,21.43561169876297,7.322895729862512,8.361111834088186,0.6884177856536469,-5.176387637724984,7.020162344237626,4.266438803836395,6.390808496915096,1.3178992962740552,6.947620636577216,0.036581833501455385,3.4174020726154914,1.2978147801015814,-14.964823393030603,60.247845459230646,2.581261662203873,-2.2607926762671995,2.0203863535694024,0.1302306397290729,0.015557881738560209,-0.1007083931845929,0.5334599353818978,0.3759038417276015,1.905209416425905,-0.44714500934311463,1.3215336110155258,0.2596662453682108,0.7622449971577878,0.049534459565300226,-0.23565790853975832,-0.6939778755727202,-0.38038400613897116,-0.07390243514994732,25.23273176550112,8.647847973545332,-7.736613590302775,0.7959272680447671,-0.04113434403575411,1.701305879555147,-1.466371641026139,-1.8718542582788134,1.6967229264421948,1.1463542435921914,0.32946837498496206,0.48063595386618285,0.3803149100930874,-0.32861089616741745,0.013618824111180095,0.08675032613009792,-0.7163861319446121,0.9490971363165082,-0.9054186265377464,-0.007378032464122608,0.7083244273359668,41.457863646339305,-29.602185384266626,-15.866969123108642,-17.889785062322602,-2.9463212270030605,6.761359169112192,-7.9855740901568675,-8.596359285933346,-0.02595227910460407,-10.719890526881635,6.5533116508686335,-9.775445793329588,-1.0626738554047757,-4.66756581821478,-0.5962025863582769,0.12954054339320753,4.630317203900639,1.7788291383333399,1.5676650854596696,-14.964823393030603
60.927291613102625,-4.245717903860937,2.4260964319456564,0.8607875795403808,-0.29600591154713607,0.006840515019097548,-2.1942708552468053,-1.4500436552692637,-0.04049081524954623,0.18739715721761518,-0.1772608970407732,-0.5423663869445265,-0.2520038851346631,0.3511122724189075,-0.3069951340597341,-0.707596513650941,-0.22683120539373602,0.031864016345977575,-0.39912248448148646,24.82332092580301,3.0282362540257353,-3.5010289854275,1.7597535211964597,2.0337059357618426,0.40555421164608507,0.4707326546825521,1.1041970102498166,-0.029494861985135845,2.41798568759903,-1.7855906854759134,-1.6231890977843642,0.9879835551285341,1.2715509364513595,2.3012331750123423,-0.1623095183694554,1.4778625413001394,0.9116264842190467,0.7516094543503764,0.18453925590764753,0.2434829074753786,8.173212361421669,9.776258059540222,-34.84519612459755,-1.361512189060762,-7.726767137441857,-7.2299028261727845,17.669545735834426,6.105071017432856,0.9607843725631944,13.751227154642013,-0.5593310165933367,6.307057115879731,-3.7524440414856977,-1.7554463068264985,4.317507879868417,1.7527550097744606,-0.3691994000070986,-0.5864025092596694,-2.160572896015946,-4.5738283548989,62.94453446366154,-1.518256430184591,-1.2974210421366803,1.545310663691219,0.8442310059309248,0.30037991941568,-0.24993061520448245,0.553527535260498,0.6733245022725205,0.7955251988990555,0.7240252507558758,0.6755574743157347,0.4581221421980741,0.7128036661095773,0.04860287771040328,-0.46104581977163495,-0.7092856458534076,-0.319125800437684,-0.0038339571357886015,24.82332092580301,5.901076263956725,-4.11376558174848,-1.1338887343735684,-2.262673821065069,1.5385367579760807,1.0406468499196584,-2.043220619518436,0.23790900931375658,2.2865451169870283,-0.6069788934107154,1.4533002913316424,-0.8088060387315439,0.24213985509140645,-1.3632083873132785,-0.2950523936181375,-0.9288458931195558,0.971055013331251,0.10310488299410703,0.3815226077634757,0.2434829074753786,-8.009556303333191,38.70506827437702,-5.651721663007745,-12.55751032808718,-17.562400650610105,15.409747558449812,0.12276410756602951,-9.340736708057355,-11.045233257676408,-1.989150142624731,-2.748900309359847,-8.86367364693861,-1.8231951535592117,-1.3115721602631203,0.9219794398594012,0.022974298829702366,-0.17754832871428183,-0.13384806184539788,-1.7478415825563227,-4.5738283548989
60.52014911789906,-5.957104342157144,2.827811680772184,1.355530657093583,0.48842355007490657,0.05522650413503527,-2.029261949115337,-1.2274522449784633,0.24059344411406558,-0.20863379891428657,-0.243791921487452,-0.49113650408968335,-0.061155805957219034,0.45022687640637127,0.1406104415944851,-0.43918384620924433,0.009868234638940265,0.21280379780246794,-0.40651301229716963,24.49156516142816,6.5222844965351925,3.344769461718335,-4.648481663970424,1.5895751563876672,-1.0899397022873845,-2.4616519523458167,0.674993985706835,0.7955415622729114,1.0032219360835493,1.20790554156018,-0.7641701161367198,1.4543763801013267,0.34649711505637315,1.2463287213435965,1.1558299143557331,0.47851249723392675,0.5137921413074891,0.6269958934018418,-0.18815838377271676,1.75439542427236,-17.62357884925582,56.94177452936823,-34.54123499206537,-7.511644672584367,-10.434261325771423,-8.103217915640231,17.748740292805316,1.4442240415597989,-7.034438457647673,17.063695600174466,1.6390922121963274,3.3500809032716243,-7.222951557595664,-10.592407457320872,2.4854730847092146,-0.30654883621011164,-3.505207868354402,-1.8338162341481978,-2.362121318668643,2.0822840016025097,63.598257861086125,-2.891136876431475,-1.8193268519908674,1.0619321737438745,0.4707776059652091,0.1842474617548655,-0.5108238002237684,1.1259757915222575,0.5506476487800009,1.5162762200678204,0.3244684427353124,0.9697219693033885,0.14825739683287464,0.5838876250307399,0.24188313945930773,-0.26359194066619396,-0.2791350380208837,-0.7513151555006163,0.06787642492439083,24.49156516142816,3.151736126626332,7.158545887898816,-0.6576853626859269,-2.175582363899987,-2.0756104267544973,2.336679237851683,0.2197048920903275,-0.3908534788924545,0.1878519146495341,0.43000314184317245,0.7950568248392988,-2.268333119877021,0.1275549654963779,-0.24944310826535387,-0.22974554700017125,-0.9939330010642382,0.42256268278182607,-0.2432122403982393,-0.4267763657368835,1.75439542427236,-66.71028454113606,72.78625151938992,11.326544377534415,-1.5276030965511929,-15.102778215784628,18.899914319081585,4.977328811617154,-9.4627444700517,-19.752926475416853,-1.147317038042313,-2.6394712376172467,-7.770362271986744,-1.006870923131513,0.3981408112756215,2.414274150510205,2.858411322274398,-2.7950477099681983,1.6764965097995503,-1.6360692182101049,2.0822840016025097
61.23357719691633,-2.434061220338857,0.5328294260008346,2.134229402253871,-0.5687955191128653,-0.34690764079711567,-2.6569296121768335,-1.076544835977192,0.10597244240374071,0.13234393596773897,-0.6346913118034698,0.00033597023986731145,-0.4835400769041698,0.5952563847267855,-0.20549420389832873,-0.4737764115183203,0.32840263247656787,-0.11231201343949282,-0.43444209915092613,25.427540169180382,5.527122946104349,11.81626598840877,-10.292509174136054,-1.2634191114961668,-2.239469821325217,-3.563696806974502,3.0964262347837326,0.8924948543901969,-0.07110604957186073,3.812002559261466,0.2179625357882422,1.2108049034332704,-1.8178174538509948,-0.9199267596888361,1.3494612486873367,0.5277828989637974,0.3412231329174713,0.32583597172011936,-0.14388463307979604,2.2627613340250328,-66.16134661894688,39.00535588627669,-1.8709059652602837,-10.064350577066243,5.4300762820262465,2.0806245257413836,17.614221874961167,2.4036554415477664,-9.115820513222898,3.2136066689149008,6.03702957568362,-0.2800372300076974,-5.3813711890485045,-13.113174601241992,1.9708707734815414,0.48054638342616673,-7.0572305129628115,0.7880849759924633,1.4749051564619713,-5.681779198499683,61.2621395254516,2.37229910333007,-2.5267298089035,1.342672167398863,-0.02757025767790955,0.7452574540636756,-0.2301734297439415,0.47845034000907294,1.3849080801128189,1.3307856158400488,0.36079646469790916,0.49884199377581817,0.5033756327479941,0.5025383414565012,-0.20633490810874333,-0.5727443359176481,-0.423341388332503,-0.1931949386401033,-0.18193544891750357,25.427540169180382,-5.752973224489594,18.57276129927005,1.415907810968089,-1.418649113427961,-5.264797790473716,4.913429587475903,-0.24708064748000869,-1.0363591685936218,-3.5860335935493852,0.7970015342186514,-1.2164333231124176,-2.1942802048675105,-0.43555316766943464,0.10598950900062443,0.4153994498325524,-0.7621525980396202,0.08530993480019933,-0.5134305443593539,-0.7340484522556272,2.2627613340250328,-93.3942711849619,23.93561253953741,23.070528000871935,2.1523347651639324,-3.3150874725087274,5.22998532043966,4.5762680832639155,-0.5235555354100083,-15.678123661019328,-2.8231948457363747,-3.4019772485176887,-2.0784139518367275,-2.4554970368238043,-0.1512685503632598,6.482313242232058,9.842934835739111,0.4991544851660279,1.1147654061208205,-0.7225354250569163,-5.681779198499683
63.62255235681157,-1.4403924708279567,-0.910421481264363,1.393358993820577,-1.0112047626073317,-1.0350830916242404,-2.357394931361302,-1.1677790344924017,0.12320257644028176,0.9928139382661678,-0.24336867824254105,-0.09167660230918084,-0.3984006464297818,0.2816780027611352,0.39803066545120824,-0.7653074780199951,0.1464612993060317,0.0756285234485854,-0.42741387913104467,25.807819855948615,-5.799730393629595,16.01564870833489,-7.297494399583099,-2.8497391029393255,-2.418002912085044,-1.4986156239813972,6.9038142297653975,-0.12490117308614135,-0.6986976998365564,3.645797766789709,-0.19330374707880393,1.0201028454048804,-1.4608097700832738,-2.5568100424344498,0.8972844434221205,1.1605927073247755,-0.8627418347864442,0.6321486730036168,-0.1792865534374346,0.7398272148623946,-92.33465310292529,3.319592734584983,31.55366635756812,2.4057044701841885,15.466600983256193,14.221463915038619,10.20280704509116,0.33833877236305687,-4.227426947541586,-13.731163735903062,1.5434553103883975,-1.2086024175692875,1.4384213360061802,-6.229720638883397,-2.8690004813043606,2.700433973660581,-6.163947866721378,1.0606169560378174,4.234166455231586,-12.12653931179381,62.66491099164878,4.21525683939595,-1.974980974226753,1.033914419765587,-0.47167394184375855,0.9614587333404039,-0.0007345398696996241,0.37557179356138315,0.11403801013221937,1.8525807788769946,0.1319977961055181,0.2757247913469736,0.30081698284143976,0.7426561053516489,0.06213057897478791,-0.6767751509988709,-0.6256686629422594,-0.5649555572368812,-0.19823987212753158,25.807819855948615,-18.88026955279954,17.31324872888292,5.1843011841411455,-1.2269482461299046,-2.4484159541122685,6.047194149736531,-0.28125983848945024,-2.3975152196299656,-5.793819638848028,-0.9461803578508778,0.4957671422795895,-2.812129142832301,-0.4931998463527534,-0.5219097184079606,0.9386614796598556,0.6294728816526192,-0.005554179402065262,0.2410973420387592,-0.2676271115596236,0.7398272148623946,-85.2838772667704,-33.036224454965826,16.214554817599073,0.41312203574966144,15.465939697615605,-7.8144667826327225,1.9536930534254506,3.355416261480677,3.2592848503971843,-6.084081295638191,1.9776224555161381,5.311981670511932,-1.745605935051395,-4.7846031828518605,5.513527575905794,11.534223728464521,3.694704911528283,3.798382799642171,0.9948823552862932,-12.12653931179381
62.139651466698545,-0.5959408453211457,-0.8510415741040975,0.21016385542880034,-0.6659266658686254,-1.2298530905885157,-0.4819912467319565,-1.033632833317196,-0.017348406198584687,1.492674568258121,-0.06849125076910756,-0.1366938861181426,-0.9922901918238791,-0.02457667060289248,0.2390253783555727,-0.28064324826366693,-0.12451617126854608,0.2633696393829785,-0.46061436760444696,25.2965742455553,-23.891429610365314,9.666209334402568,2.1488069063726556,-0.7788122231077823,3.784623957558038,1.0295267533710342,6.79689782570112,1.6325542264682738,-1.2889647510523665,-1.3977334636332275,1.1098925055284878,1.0651017074729086,-0.515481215503069,-2.3537847437196313,0.9523986038381216,1.3770956279677984,-1.9287217842153925,1.1430755525457206,0.9175559189709921,-2.09012258706948,-40.7577871760436,-33.54440303520325,34.80966524791246,17.17100452888475,14.263369326712022,12.142325285702132,-12.092114289551375,-4.472740246376713,3.5579174079626075,-18.38125072125704,-3.106724595488811,-1.250538878861302,8.592222239006317,5.4020824977222155,-4.13253343157941,-2.127603060382202,-1.4740738233724924,-0.11311387033346354,2.8848300549105645,-9.009494534689065,60.534721286135415,4.21492736153672,-0.511640075534693,0.8499949839663823,-1.3169421154014493,2.3684890773608624,-0.6285155691215212,0.4105499499441243,-0.9013874751782813,1.025873686603794,0.21204391251456411,-0.07458403913981315,0.16406576535907424,0.686414180449435,0.3461788828689394,-0.6355305136251066,-0.49336386599262005,-0.6690208717492285,-0.237800034737641,25.2965742455553,-29.780056488811283,2.7766892675281705,7.480381992648862,-1.6608234973681442,0.06739578540060265,1.800382054197064,0.4953957874034107,0.979462111977508,-2.5616809367738536,-1.3304845664318776,-0.09804349164734716,-1.5761150031722675,-0.67523125739593,-1.302609357423605,2.3619007141678776,3.1809185833915707,1.4346906870062106,0.41833279483601804,-0.05931973185361239,-2.09012258706948,-6.581216924581618,-57.04909610588852,-4.72737628268418,-4.858335891972108,22.030613222343888,-19.001306531114345,1.8309122390863695,4.164404423498821,20.273787556383404,0.7723025326780415,5.4644816991036524,9.900383697491392,-0.08249790410285929,-2.5659529980771874,0.7446695817197027,3.321236714841046,1.2194961957505013,5.125871019327558,-0.36439295567944585,-9.009494534689065
57.167246786193154,1.1316598245014453,-0.1290000189668996,0.8926938790364556,-0.6720123325897354,-0.25260858295996336,0.33517598304492324,-1.311358832851532,-0.047094981503049915,0.9340997683353769,-0.6235438255440351,0.0874298467917618,-0.5371856335390013,-0.5182616171460146,0.36699287217859466,0.044545925825816735,-0.19504328088172485,0.34103730789304065,-0.4830701547891265,24.9269617306719,-24.93576577669262,6.079594156013927,4.907693474559281,2.5501239472855692,3.6313138998990837,2.3524682250007243,3.926161712793721,0.5946812624154014,-0.5015621869469906,-3.052808314944004,-0.4384074458126439,0.9229267692968639,0.41453966388550034,-1.1516026060827043,-0.0801390038718397,1.4040731195622167,-1.433209333486768,0.7486845810079499,1.3982045678176822,-2.1324322710772883,18.432593296693184,-51.847005697256805,11.51616737011415,11.138757292436498,4.0632166469829745,3.3565054706650197,-22.553177731679035,-3.9962948334065986,6.717107288776152,-9.683884261494233,-2.9093138944625396,-3.1869220909090883,7.20233555205189,13.518947194996228,-3.234755165334045,-6.453307349217029,4.574840584473085,-2.6399972964162615,-0.452178369497773,-7.640879934864529,54.52183220434445,4.844173358906661,-0.23472112660469824,0.6947966423951626,-0.10874444222915525,2.3962287249745375,-0.45228264977970367,-0.038831623260251025,-1.203114392998463,1.1956420057605088,0.6467282899667797,-0.14962958565494633,0.0713124073509579,0.23099484633029266,0.43495698380039416,0.08253758901384489,-0.2469008888918578,-0.3928535179266741,-0.038004837945352254,24.9269617306719,-27.476660874598025,-1.461530323713157,4.417354955273224,-1.8479341540550647,2.9912626341161457,-0.014030386825258478,0.8253132013613431,0.2789440115623192,1.3053180114603604,-1.5482944556506584,1.2246731368648327,0.0785751145313236,-0.6254089571660719,-1.9374452664791695,1.5537676087850634,2.8016432724524267,1.5952247624429619,1.1900974898251602,-0.2666995482947443,-2.1324322710772883,58.91200448022283,-45.73940196087837,-19.586343679357753,-4.554825633422283,9.808259374069532,-18.85967210405569,-1.3609918190635821,1.7031756249031131,20.41319072806414,3.8525887503041827,-0.015173718075315312,9.557429182000488,0.8321614226402425,4.109714918377694,-4.745415272371628,-7.62920346129072,-2.4955631565742955,2.054101620748265,-0.8492295161454682,-7.640879934864529
52.51551517704288,1.1130172991977259,1.2165221480384307,1.9951558480920406,1.1539202446573555,-0.2233815184437371,-0.604766156529386,-0.18847782356349008,-0.4533611541507767,-0.5371657108834793,0.11034251461152111,0.44333359942585027,-0.6718881911010945,-0.1816661771794552,0.28622399465703885,-0.190155299457327,-0.46520596953725013,0.32652137061113984,0.052163998163610836,24.822907938284,-5.283752950385939,0.012091746967625827,1.0097295127489878,4.622151627833761,1.8675564360387304,0.5819239113855037,-1.4608046515061166,-1.7036664865489306,1.6092848979646601,-2.0293197605001985,-1.2128479125892433,0.6341235020566276,1.5406189486677766,1.0785107709963988,-0.22809374345538824,-0.6577588373460244,-0.110580029418613,0.21101108255122103,0.5097848337479278,-0.8058561903496582,76.1079044280588,-66.76217958201951,-24.183760098876427,-10.252555595888326,-17.911466781087622,-4.012490006580805,-14.466408320112459,-6.077162227451636,4.623271829071121,7.686197729321957,-4.803876428906021,-7.9449728965601345,3.996150169508563,10.416826168610328,-2.6614541639979565,-4.366746308026772,8.87783178091753,-2.7913037168267487,-5.2530689630990715,-20.26639725304431,50.44365067469813,3.4461854773388,0.3433312636099033,0.6818193074000032,-0.17533711478490988,0.9280634853451408,0.24329851891276588,1.175383104408644,0.7626438132912332,0.9940127191823529,0.05440947194360479,-0.07653831930935562,0.28051229179527004,0.10706429225537684,0.7882022465623924,0.6380585857717795,0.10462006814540148,-0.0700795608771978,-0.29171283193539943,24.822907938284,-4.74538602588116,-0.5643972273761753,-0.56430721594004,-3.537324105451435,3.030669526584021,-1.556611409800373,0.11508895213777937,-0.2923865724403534,3.001291359488123,1.4842098494575624,1.1513545291467868,1.3105595151963736,-0.410697564314205,-0.46921921600236494,0.4801811761297998,-0.18761943601900088,-0.10533143824706359,1.575004891411225,-0.9167087117277898,-0.8058561903496582,117.5369592658389,-25.670074253433782,-30.793406317605243,-5.06459228401594,-4.94982713261855,-7.989779187008248,-5.8891233297011425,-8.730431535910238,-1.1245772615161203,-1.1872339605858637,-0.9549682528180456,4.663092868672671,-0.3657324905947643,7.765325415001027,-10.613256330965354,-14.088267473451607,-7.4292140077990805,-1.6056253092195885,0.883139059839581,-20.26639725304431
55.96673761329309,0.7449255349195711,0.5096433949440136,1.7759249711317415,-0.10547126792078032,-0.36208476519626753,-0.3329266200657268,-1.293015908161554,0.09042785694288247,0.48132992036496614,-0.5519892838391773,0.07977303956725468,-0.3513318148484239,-0.21557854699193557,0.3343618553645553,-0.10851489264205672,-0.39979846830300025,0.4183949483384797,0.015299221893767534,24.97843687404562,-5.887272075272691,-5.0807953465760445,-0.9698720177141906,0.019157617808151617,0.5721391721660973,0.40343853234387783,-0.2439233974705015,-0.4549382332808385,1.2107311200430062,-0.8803512155239221,-0.4865904852512082,-0.3578690973415233,1.1123079238572484,2.48651579770565,-0.1298469655981469,-1.0486337346268277,0.5156075800517084,-0.2218177402072643,-0.20149019557478898,-3.722745950929781,69.16921218134902,-51.09753817588034,-23.00173009163602,-25.7309063148397,-19.06942584396547,-4.877861523768312,-2.469197858188186,0.852977731901277,-5.893620644251053,10.104406447437299,5.353957730759457,-4.565107075644219,-1.0022919870760845,2.2856013244150404,-2.458573642509932,-0.11812876857479737,6.484647520880259,-2.1911458367371393,-6.312865564876042,-18.69165840125587,53.97211586006841,3.868862619638332,-0.19378916616243913,0.19403518102124417,0.45315487490604456,1.6746563359356355,-0.023984983206171595,0.13262722211028288,-0.06531862837235769,1.094364034762386,0.8231515848234141,0.3159894886974066,-0.0701107589596941,0.0636084162090933,0.6180027015205931,0.08725193552889943,-0.12704824878978926,-0.26937746776031646,-0.3046332476760245,24.97843687404562,-1.9416025441531843,-3.885909004104089,-0.5865260512432799,-2.5661107587994008,0.9740768623307883,-1.704145170292596,-0.7716023303884256,-0.9100030649694784,1.631289577053054,-0.4272331906435065,-0.13651872715513513,0.5232481889836227,-0.20938598157349464,1.1162526700702664,-0.49318638750691957,-1.5008598392874546,-0.4833246950625758,0.6898121041252883,-0.263547379695269,-3.722745950929781,99.61619565817668,-18.401784408825193,-18.083496699069254,5.8992849250669295,-13.369370755660501,-1.1900428841157922,-4.974122202118856,-3.4724649304487394,-13.679686262413046,-7.906278447414913,-7.811278876118313,-1.0896067017297009,1.1334061002268432,6.067530276836049,-6.950285985657517,-5.6852621201789235,-5.440449602469546,-4.287499483871358,3.0087877804280008,-18.69165840125587
60.09802957795561,-0.39652782704639566,-0.6654985246850602,2.079624123298038,-0.015418980183737663,-0.8841530437776117,-0.8783422709296898,-1.8946375389366503,0.7185326235607792,0.7043996119932272,-0.7106924779161581,0.18419626852242477,-0.3149076268352795,0.3633371798182674,0.14129401503489825,-0.5329922577027424,-0.07742859226721488,0.33019636043586953,-0.4549066390719301,24.86790857869361,4.638275752954122,-18.1346857053122,-7.0042903969288215,-4.639606856313237,-3.641522069119279,-0.0022034035909448413,1.6487362207770024,-0.8812171394094239,0.16652450998819557,1.3591368513177104,-1.2679541892052404,-2.266986807487965,1.1337097392653384,1.0355691386913557,-0.3534744972977031,0.42007590104893455,1.5357856494741344,0.2326748547399533,-0.9091311808823079,-11.428164373665389,46.67364967508607,-4.030864234373695,-5.462389874255486,-25.80443941047378,-21.48591415402637,-3.124692824045925,11.05603591122238,5.307592844828305,-13.245598994060705,6.339321526924421,13.26442872955846,0.5772609499111376,-3.423560304245212,-6.3416423802587305,-5.521678230840059,6.3018412757153905,0.8226758124327302,-0.8670707205676145,-1.5372108029015126,2.468182094209986,58.43688644533285,4.420384117482797,-0.8142596637258426,-0.668286338072376,-0.0825570106770388,1.950969566980127,-0.7851199263393975,0.17862724103868066,0.030360322252727556,1.8186175968316367,0.6995095296596403,0.34788618128219717,0.029428566357297736,0.5354977875088522,0.4947466120737398,-0.7316974048921343,-0.6059559051671861,0.056743548873205096,-0.5628401857361998,24.86790857869361,16.220893978885748,-8.846158518993256,-5.414380662895507,-3.834031337003946,-1.3989248950159938,-1.3494501475733913,-1.6507081115722761,-2.7912801177117124,-3.2869553503282605,-2.4846321792283854,0.10506831395361393,0.5330948939379185,-1.0661089904896008,1.0532043818021908,-1.9212504531688082,-1.711963597464292,-1.240641588140561,-0.13433716692384023,0.38067371376644044,-11.428164373665389,47.71656904908726,1.4406394059151748,-0.18714308466088347,16.222343143579696,-4.060774492887141,9.644175015655629,-1.6092711122236096,4.103600118087385,-16.869270904451415,-17.206981899626335,-8.917132359781352,-1.855725805938241,-0.4194914577902078,0.18555733090620463,-3.363965721286309,5.52441284525263,1.395712473175231,-5.278754153347751,3.4573955978520465,2.468182094209986
50.432353548100444,-0.6539652856645164,0.32707430853775055,0.8600385503375327,0.1987268659138599,0.27949644587891287,0.35000234150982434,-0.6857480918053711,-0.02767631033732476,-0.12685850086493744,-0.4563215719057996,0.03806396357271291,-0.1595219537432846,0.4524946032079489,0.3745343791905915,-0.30835246236488945,-0.13112817949088829,0.22829094287704366,-0.33027993395875055,23.043088435002204,4.687825962311862,-10.39578620578633,-2.5861616164198247,-5.684449968060782,-3.148859769504647,0.20560112060479296,1.1367923475580684,0.6099454547962866,-2.7269923150842845,0.3051666028656914,2.266124557875083,0.09092838624705069,0.11684827504867723,0.012668872277337595,-1.246735448205648,0.8060913660773386,0.9859315875069876,-0.3577202234549859,-1.048770207305221,-6.167107380047359,46.50681830534313,50.847029953286835,14.433154770827024,-6.224692245817192,-20.301787511063292,-6.131994637129318,7.210809318570801,3.1936695972169558,-6.751047558365542,4.127647152806775,13.575429679660903,3.5888080894577876,0.6565609195546482,-7.846000578910301,-7.036910407675032,4.349351733585199,-3.283571051007515,0.34377443367559213,2.448847716686415,34.28542510789963,49.55441304695049,2.4141195367826183,0.05081131144153472,0.08679408573165182,0.33190393688230335,1.0327030990107464,-0.3238745923478348,0.0045447759399914744,-0.021327858952683076,0.5697229716141137,0.25591889753119434,-0.10021774145891138,0.09216127928319673,0.5749044337386882,0.33509160729126064,0.01698566470207452,-0.1332752497668519,-0.11135902073923143,-0.03421485089258658,23.043088435002204,11.848296952106857,-6.521541882317213,-2.1993566707836703,1.2500619242546556,-1.478625532914097,-0.7126324599966454,-0.7788493678430575,-0.20784168102637102,-2.3904017648379714,-3.517012665015141,-2.1578231935977374,-0.0774959257042993,0.2689998060350476,0.3351080730365772,-0.7206595693943916,0.7211842930856103,-0.5573449638450627,-0.09898122294298584,0.5890031291721409,-6.167107380047359,11.055578497414032,33.17045699045096,10.97394400550073,20.109031402546023,11.34042289682901,16.723974361219554,2.7553933013036698,12.900255123095272,-11.959541905479398,-8.552814141757796,-4.671074059400869,0.7290200336833133,-1.322857773493418,-3.2115776855092957,-1.5125971400309122,4.640964300380507,3.7902776659819803,-2.48443557515552,0.7727254578909308,34.28542510789963
57.60184508611626,-7.254880143166332,-2.1943385072228483,0.13329563033252656,-0.818939856819604,-0.5452738257767997,-0.1218625269286604,-0.9327203014462935,-0.3110468155165753,0.4464969253903277,-0.571468435957788,-0.6693052663208614,-0.20093825202099502,0.0020818170662804114,0.08940048409516921,0.11980143592855663,0.1683517107937611,0.5379108007118345,-0.2296120143512841,20.076499970973014,12.765522868364819,0.6541550593859209,-0.9133206250259378,-5.428264284468662,-7.014901170139083,-0.8815037947679163,3.376855431590789,0.4176880918266592,-3.044652881502047,0.5475820937672053,4.043008930626842,0.6983552352179094,0.32656862094945627,-0.8553869564188104,-2.430488617571667,1.565799250159588,0.0655958730701125,-0.15457303610872541,0.16481943816238753,1.6504155713141238,-21.09353868634603,89.88712880381084,32.97611218638086,11.771281203783074,-7.9235963833371565,1.2072223990131934,4.139228846318261,4.386121930633867,4.9366670417398835,-0.6406249816557414,6.433773923538336,2.994289182469074,7.554692227374048,-4.454672661124476,-3.049237386130338,-1.0919158343550486,-5.491768563144783,-0.07058412285563209,5.428418245731473,48.230044822722434,60.76294907069996,-0.24952224072997176,-2.4861593066398373,-1.1815758134571737,-0.8141740932810362,0.5743150300208897,-0.4321107323025406,-0.15621573136206646,-0.9028292465827343,0.014017161142296342,0.39055997256652164,0.39811274273776265,-0.3336782225709758,0.3780184743916748,-0.030967432907345493,-0.18279007754695398,-0.5125872254363477,-0.21625736784966043,-0.23658517344389818,20.076499970973014,12.21794875053245,1.4737389146879742,0.14853655149971345,2.6657611248113846,2.226633477762893,2.769719742879466,-0.6859230852467095,1.4083327946317858,-3.422498421792073,-5.574391363169788,-2.2965594175225874,0.683068669571214,-0.85963618701358,0.014131747967581987,-1.0880650935696188,1.463564920420782,0.6295349327317954,-0.6699755217285133,0.3857138327645284,1.6504155713141238,-80.37756995873625,48.081700583824194,21.540704640765874,20.344590863936602,24.386774674465784,11.301260285882442,6.867672083114976,13.08879699023596,-3.6298184842003707,4.662823375582074,0.6865147458691729,0.7384998250866195,-0.479561150941769,-3.675912370497291,-1.6999284992709978,0.6687154268054072,7.162687334213079,0.30127179935089066,0.29620966317935493,48.230044822722434
59.558742840368694,-1.0237914099136254,-0.019017421997004735,-0.0931357664158936,-1.2781407143551706,-0.42872381389427705,-0.14277031828720732,-1.4690017995085891,-0.7582785810605825,0.7628645650992616,0.5114609741191791,0.5519880001124231,-0.34989236473122753,-0.028616429477273275,-0.2630591032684042,-0.03186605641903695,-0.029722826079994435,0.13567761647300425,-0.6217331941191659,24.290587487882238,13.302513519693527,10.948299247718314,3.201220481747879,-2.6988597910227314,-7.892065032855646,-2.2229085906322954,2.497421656408006,0.4924439497095978,-0.5592039633946437,1.5892497396547176,3.6456427946632033,-0.04613607396556674,1.8441589427925136,-0.49100644419441775,-2.609795109298681,0.5531804576104451,-0.3910830572500381,0.14369342205487112,0.48595835324607073,6.8806766305302745,-48.417930495761524,43.91384648045491,8.725786294187587,15.5028416786787,-2.8536349749410093,7.856637186849397,0.691440456692848,4.694779810617642,13.10016277228647,-0.5815833378649033,-9.161585283840251,-6.982674291437037,10.405486121254391,-4.504751284132827,3.3182969099140993,-2.969915417474988,-1.3047431101954043,1.1415200287662715,6.380685130994729,11.9094116813346,58.73323302343829,2.9430448575861097,-0.4575176800972769,1.0757108808409708,0.07965064975099478,2.0066673744169314,-0.5899142641461288,0.19612786779747093,-0.7939247263736124,0.23815792009948566,-0.10128523342889517,0.2521282451174742,0.24594253852196646,0.3099021092859706,0.52052993931394,0.1733904183991144,-0.4524050705777398,-0.1823676208703766,-0.17325918923610484,24.290587487882238,5.587659318730481,7.539370774280773,2.1189873443094744,4.238508711565945,4.83150912435585,4.5982570650907535,0.12370180710062595,3.440318040406408,-4.2807098399547385,-3.158760669551703,-1.271241891117469,0.8127713180086316,-0.974051270058214,0.030000144232922965,-1.6660776373219703,-0.768141948039738,0.47672587749223605,-0.28458650605013536,0.12029528975115245,6.8806766305302745,-79.69589667555303,31.74127009217804,1.5146496564733698,2.4946828399241423,18.693878553109258,-6.646981071872478,8.425759069997028,-0.47789827892328507,-5.413280317110999,13.24109238815047,5.8226198466320644,0.25186968158719547,-1.0129858809356396,-5.4599403351231235,-4.407781894578954,-5.402073308847316,5.451189826776233,1.087444206184345,0.17506050161940612,11.9094116813346
61.91759636600389,0.11546276477111928,-0.9491129719306515,-0.15792086055958032,-2.784435775118764,-0.9707948112749749,1.0564717747642205,-1.2941666391717117,-0.43849268182861545,0.5333291258947304,0.8269207143847732,0.2764118678615244,-0.056438110866579905,0.1761992179514733,-0.7551535525214375,0.11166416440412541,-0.09533333243760556,0.2992165055835265,-0.2267702899105286,25.069366837910653,-10.215837368909725,16.13683596984089,6.590074647177756,-0.2467613429407245,-5.2317176291123575,1.815662651534196,3.0380359895111644,1.370594578450854,1.550963855013317,0.39678279209532663,1.2591736541698673,-0.7013099861471195,4.047400519080444,-0.9399295336350044,-1.1965633598163556,0.0005734381048569936,-0.5215913097197444,-0.05332402944279124,1.0377136617077827,6.162966032407013,-53.25275657105128,-12.42889737360712,-7.580913831505452,15.498662174506087,13.5551741414324,11.827340406575821,-11.267706219484731,4.95843398082037,8.558628593423649,-0.6042012332847255,-12.223324167310745,-8.155666500859189,2.1343343061999747,-4.733070615732791,8.330237674653784,-3.7664791059984015,3.830467207096938,-1.3279543694421068,2.5070055269913114,-18.215549570755485,59.95645083235518,4.8927909144250386,-0.48582689220658004,0.1701358267786568,1.156886371770062,2.8488473007167676,-0.9950616330636053,0.7870020924258339,-1.2945904549328442,-0.802795558995943,-0.27016811362160853,0.5132475227796114,-0.47728015676887714,0.675064823719002,-0.14200510072240924,-0.0781173215302633,-0.13162352839584446,-0.24273991192547895,-0.3004611001821764,25.069366837910653,-20.837572183794187,8.164235444619846,3.1967996499408593,4.84404070130871,7.639395113581926,1.6457352328241304,1.3318523425133701,1.929038516689877,-4.156710554870062,-0.3323464891690673,0.005035035648066177,0.45721118462476285,-0.6843640279138545,-0.6321978390446277,-2.2985056688405177,-0.6329427634989142,1.8236666582973287,0.10910137430517985,0.7631324650666121,6.162966032407013,-46.594661077615726,-1.0815292761060613,-14.778031829633633,-5.564699325132819,-1.214559526029635,-24.610870510537623,10.847375156000705,-9.401285553540394,2.4592291850612904,19.7030594817399,1.7737007987392186,-0.6865448888331163,6.15976471701676,-7.425193142526614,0.9707907852761228,-2.6441676645420733,-0.07899562132139581,1.4733559721859197,-1.0604436189700586,-18.215549570755485
54.92573466800339,1.1350128842259144,1.3050717817655917,-0.34378309972777954,-2.764557691364383,-0.6191973566881472,1.0095460188673868,-0.2588029480878631,-0.24355535887862656,0.62435026871022,0.6673052502545214,-0.45786264050126335,0.6903074470757646,0.11993268066814355,-0.5080861571504456,-0.027693597797451286,-0.19482718650022401,0.4194848014686332,-0.08872161955609292,23.98699331679852,-8.030459166931628,3.819796579213637,-1.9749661054278778,-0.5237805994854003,-5.4672690274885145,2.7853364908784357,1.6519222969443046,2.48088211679301,1.5252807028012683,0.0897745847691791,-0.9227504458165556,-2.7005761487889535,3.4591753866103785,-2.197435481180979,-0.20454962212625416,0.10374656336720989,0.6271536238042139,0.16241528759518276,1.7051252464194457,-2.4686767699265033,-12.726632422654532,-43.396047509818274,-22.026937368251836,8.725498868487213,20.36573061021016,5.815841679134903,-13.676322035546495,0.1552596478093955,-3.657862522264844,-2.0139650573188934,-5.7075609582290125,0.48417907526832704,-10.200920792633775,-2.7484336150259416,7.727643054518317,-2.197919502010925,5.561787514788053,-2.5660008080073293,-0.5136365290948537,-25.36194674922974,52.751491825488124,3.6126483463454995,0.11013877637964331,1.5301926213967092,1.7621282665346791,2.194565496208184,0.01945176158301054,1.2530948842492453,-1.9658021747549972,-0.6012510030926181,-0.049338004933475066,0.24860052752448003,-0.3230633886469596,0.44138133119148604,-0.44242837746219266,-0.4194216873261398,-0.0853941595409855,-0.24041100172638985,0.057870757352128765,23.98699331679852,-11.47189091850634,6.0038448988058715,-2.9661633917675583,1.4082635559680639,5.1619329257310165,-3.4741307409052165,2.4251424532754164,-0.7071436815170591,-4.7299358568544765,0.4825110920597342,-0.397310496867032,0.16136765756252403,-0.32512921398263495,-2.0716973010188795,-2.3193302290484192,-0.9315985193781999,1.5711840867602866,0.05520243213234011,0.4878240638308021,-2.4686767699265033,14.848488894394919,-17.007650267658835,-16.93213712237089,-12.142998298816263,-18.963648911386493,-21.847555558463952,6.231798524189444,-12.524879453915128,12.228683616485103,12.263659057059368,-4.275624824871959,-1.1226969744580924,7.6550375701290285,-4.2396579968091235,7.4781059855131025,5.627459464009318,-3.7086286342498846,-0.43528325448824967,-2.785907615677418,-25.36194674922974
54.81043048784405,-0.2658643053156555,0.43865421448473185,0.13523862551810728,-2.6915901828711766,0.4577942713872334,0.8209972992496248,-0.8525224379312295,0.20707350089910515,0.7141454696325118,-0.019803746940525446,-0.5150349390875779,1.3026621016157307,-0.5421575048239302,-0.3863676688719879,0.1180019256701923,-0.009891763855996327,0.3693451934926244,0.02273902922107074,23.30978007271838,-3.194369073848243,-1.9960422931653006,-2.1156842471907855,1.2335272070157148,-1.4497121021064499,2.5280438677646284,-1.8342479984197257,1.902685998695138,0.19241908211182146,0.9952190545676118,0.21554346721134898,-2.0522579777999916,0.5862275521405111,-2.368707745791925,0.5320074761690121,-0.09272335571799517,1.4717111360914554,-0.8279111535999346,0.8087387550713558,-2.78268251383523,-38.61745919135691,-62.45158652946641,-14.238239932277217,1.4627030447801035,30.652985272716236,-6.554751473125098,-13.072842015735603,0.03587436592722515,-5.238722170698484,-1.5156317156639902,1.4432972286524435,9.819125158826015,-17.793107450002907,6.983870380223643,6.032474835354227,-1.3162770959209305,1.9508632358701918,-1.158141153887654,-3.636305859357389,-38.012425098346455,53.33503357777795,3.4977937372002565,-1.1715877099078678,1.0132036669193125,2.1642846551180845,1.3032335855373285,-0.0708675739104252,0.2798200187569848,-2.395245799827073,0.2675483781538146,0.3671038761428447,0.6284821938466412,-0.39135727294344,-0.00382005608339675,-0.6987411089395381,-0.20285540643378397,0.21574064819393945,-0.13268499026906388,0.02941608579529109,23.30978007271838,-2.5496066696570026,1.7007372143723942,-4.697903995278587,1.2985340400439158,1.454141814060492,-5.49952160939136,3.5870441696662487,-1.218579121176678,-1.9682708208115587,2.4565024968944424,-1.8466747152781966,0.6654980553777097,1.8957851434570103,-2.647616100669824,-0.2760434050683329,0.2232093738189762,0.04280801743707219,-0.10319200472679113,-0.32827236376032576,-2.78268251383523,5.329566556142282,-44.171535737039555,-5.559104281558863,-14.830974758903544,-34.645266331726,-7.4104727081059885,-4.735178381152511,-4.758777993233432,23.705636467893815,2.6929629108744293,-3.7572422291306045,-3.8618872364728247,4.399118348253929,3.0333943030190706,11.354681011501821,5.21677086399154,-7.405887458078566,-0.9974676436264329,-2.65724477631158,-38.012425098346455
59.0970961959828,1.0767704147365804,-1.7003840679186353,-0.5016058091974376,-4.058198024223222,0.24964989021383666,0.8009280679422428,-0.4493828417323251,-0.3184213210238087,0.7173436856149604,0.47344798187355064,-0.4025766708075025,0.7001452223328064,-0.7681558086800611,-0.549726856156256,0.016838344631534552,0.2411332015313079,0.1818209163160467,0.10607476952475725,23.936042485515124,3.42846316083552,-1.6832853756877282,-3.459368755193769,0.9237453682426553,0.39979750874648046,0.3288216408199398,-1.9045973673997962,0.3040280634921535,-1.708862838076318,0.2830490797591283,1.3136774090279562,0.8714274594950329,-1.5257149700544077,-1.1508341456289284,0.38974099996779366,-0.4991308964835912,1.3931594772383882,-0.752013419870222,0.3436275420168573,-1.3274724709634746,-91.66862566761587,-59.625076146709674,3.7433453481046466,-2.3789371011202887,39.71938136954866,-9.56539608779211,-9.124689477693556,-1.2580715221489065,0.6309048947140767,-5.420553199856741,-0.4627634942986385,14.577593003761807,-14.883809507434142,12.384455432206215,3.199134610505163,0.2971855442962412,-3.2009087909501472,0.31294224731889964,-5.168699479710732,-46.06306069150899,56.307996191473734,6.642465895601436,-1.5977189671304122,1.3583087387546748,2.1569179709424917,1.0424088615540428,0.16055993291498938,0.09614706387336591,-2.6085649823537365,-0.05575850244552605,-0.6185764767446378,0.27519473836522135,0.04041648961793043,-0.38650410132226964,-0.3607671711017051,-0.23003979883822523,0.15950488450751155,-0.2097938656324141,-0.09428575030943753,23.936042485515124,3.867921008859348,2.2672947555750818,-2.3997293942662465,-0.06023710720978892,-1.5576886815766797,-2.7528922930334785,2.112005155618909,-1.2483128676178787,0.7394121012585613,1.5786443659462255,-2.483199428090317,0.14727939540311197,1.5633929293208682,-1.082119723359041,1.0617442235484889,1.6175117153059761,-0.48715911920257793,-0.3960814437782747,-0.7269561036740875,-1.3274724709634746,-45.49111198809013,-62.94736480657099,9.619681407969301,-14.409388924445743,-36.56468645787729,4.46467446795506,-16.969872920702755,2.0624661457387488,29.389922057408402,-1.7669191837893548,4.496565775575318,-6.4952705125727785,-1.5651020243037752,9.085891942386027,8.26153708915528,2.526564239151443,-5.435079353814366,1.2882733503092982,1.4565621534728859,-46.06306069150899
58.23473106509007,-0.853437147066864,-0.5042271706839307,0.5377540976831061,-2.8624716597425697,-0.14119650084365265,0.24365675101692963,-0.24753369300191164,-0.30485015970011364,0.9844419447261661,1.031621082180933,-0.7773601058853519,0.23175677757515478,-0.5641104102703867,-0.46832946493402616,0.043036515330634906,0.4225420415923562,0.004092871359852479,0.08020089308472422,23.703500996634737,-35.25402812847175,-12.337416317441631,0.2131560059220936,-0.23917280441470057,7.161241739128265,-0.2334556599991049,-1.7201251861845859,2.476958788064895,0.5486745401028683,-0.4576703132316431,0.8626083410738332,2.422250789123895,-2.3567080275886165,2.0287049887007917,1.5225287468137336,-0.3561263799302077,0.07083738149826435,-0.1751802526539159,-0.09969041576961768,-13.413848666247727,-79.3427673362101,-47.203507413178755,-14.90661436837955,-7.977512120401366,26.13320964524778,-9.821392969347276,-4.274952266974301,-5.681475656352045,7.332825140771182,-8.446742795945067,-11.346915192713043,8.495571668982377,-5.201937407641806,11.89091575092304,2.205466085991569,1.7551262811340391,-6.970280464825937,2.4526767906028173,-3.9977357673426575,-39.6126925749367,56.903395314533874,4.228250746983267,-1.9808500180908455,0.9053447881216319,1.6865624265964017,0.6751648133481583,0.7279063661035297,0.7561864420254345,-1.957344461539254,0.15270943912773216,-0.9088862353551255,0.8326994450480956,0.288872475827183,-0.23480051035903204,-0.3208574064368195,-0.06120357886473249,-0.2326690417015569,-0.3096444823358624,-0.38851902823155615,23.703500996634737,-25.84269486940589,-12.053257352284538,0.13403051041077196,-1.8371963465541352,-6.323427248627227,-2.4201203451647326,-0.8791681992346316,-0.17976588687642936,4.961433700020326,0.4660683293249017,-0.8306416133055936,-1.4666883025319435,0.5709340745613585,0.3897105236349885,1.6882976106119385,0.7008875511547676,-0.850105467760522,-0.1639905095527292,0.04190016066326707,-13.413848666247727,-45.6825808576942,-36.65014170281035,8.546398704120094,-20.86966231868574,-28.18091548272014,6.940384324343594,-24.745432810690268,0.07617234545801077,18.92261426577592,-3.2850369832671498,12.940528190169132,-6.775115923138549,-7.736090910563178,8.75777084696471,1.0633652934900937,-2.809805083078542,-0.986046280619824,2.477369425612517,2.23402090416249,-39.6126925749367
54.927815959798146,0.5871566172576546,0.04682809675303856,-0.08316815168895131,-2.4792181985554462,-0.15529115016273431,0.3459176092838363,-0.40928328880644527,-0.8420249476171762,0.630726571042957,0.7984315402077702,0.10901367264514006,0.46290262406884874,-0.4445079394230924,-0.27223475913552964,-0.2397763408694682,0.2855356493947938,0.22610425259990818,0.054361219520508985,23.126396619358605,-37.83494247342781,-20.822054482003036,-1.267713557931994,-0.976899144330337,10.086944736668457,-0.6166117891357525,-2.9674838480200436,1.5647099610336785,1.6626054211627832,-1.8940573312595639,-1.477664629897117,2.350965969630007,-2.511261577242129,1.7960858676757703,0.8997570478039665,0.38404084762143675,-0.27286389437426406,-0.007479039218376782,-0.4250099080154335,-20.18462403947475,37.44651768074766,-7.9462063106665175,-19.25149549327752,7.228261685506652,9.127751558279812,-7.948340135909207,-7.197628022674689,-10.68791597100906,8.687616125505556,-6.652412909149462,-14.501319431860002,-1.782023036371974,-0.5955470374502347,5.3627115363168505,1.004820407571158,3.149854769553562,-5.9645952375665585,0.4170111267406469,-3.626337728407613,9.529183651592394,52.901271461539835,4.381067219241535,-0.6850947666619911,1.554003507190655,1.2221450400071807,1.13215373578603,0.6760673693854875,0.3907552388060811,-1.8150467932696261,0.24549064939353582,-0.6529426632296484,0.22013159962530882,0.11851820162816296,0.015811696649783213,-0.10049811693930755,0.3185082565423225,-0.1047688741945263,-0.34997197758212795,-0.09663973747149135,23.126396619358605,-22.570902812676962,-18.592840221151157,-0.5722899406275874,-4.228565712955782,-9.231625771863772,-2.781494139041,-3.826687822625522,-0.19531722579780908,6.500172911433783,0.5942685839498272,1.3429558399343255,-2.020174419769039,-0.4452546916866966,0.9525853580217274,0.8292678076890849,0.09284451152962592,-0.6998988475480994,0.7297383596999583,1.0310188783554486,-20.18462403947475,38.35542985123555,10.725553496985784,-2.9913244656746647,-17.482540650241308,-9.67202207417075,7.055833291680464,-17.159893814230717,2.6942078916114336,8.84554554104,3.100830855317063,13.53293625923764,0.3756879292582931,-5.744680631502644,5.101878361742737,-3.5625154479270873,-4.792342151250072,1.2630483400964576,2.4857856578448576,-0.1053775463690686,9.529183651592394
39.2680565417005,-6.189765565297009,-0.32837386489005826,-0.19356660544348614,0.09954077385906812,0.5435369615759664,0.18843993548653515,0.365907179638278,0.743212584247223,0.528618870302692,0.2490086444292814,0.4402952837480485,0.24292938695340127,0.3103710548979812,0.23615065602451568,0.06824607845558983,0.0033257029613928957,0.2596133990237357,-0.001249403661613968,17.007678672672775,-22.234049924821626,-16.028411446597026,-10.664819030011447,-1.8049065968984719,6.773319106556453,-1.9099359019311635,-3.4402808915967524,-1.568392778251647,2.1730975228778617,-2.139599137895576,-4.062243109682636,1.4557586016237098,-1.5219678480865313,2.1032901230172465,1.37973249524671,0.3432539127965104,-1.1804174105151863,0.026160051375551552,-0.8058104035838276,-13.160453017047942,215.2039959650619,70.47053723796522,-6.767654521051343,25.628372802652528,-17.381609002437713,-10.372341628095127,-8.694005493449568,-15.559143095372711,-2.005572870035248,-3.895278210377954,-5.299875498302877,-4.656286375327367,2.4879423656914224,-3.9556697489759465,-2.057835067476666,1.5367020303531995,-1.553024595365444,-0.8944767810265029,-3.2633645760957184,91.19365910303307,42.117048508041954,-1.3981356007620622,-1.5608845549366923,-0.003241890575745199,-0.5300425037278735,0.04830097583896853,-0.7682053917629901,0.04263298785241254,-0.3112880443589652,0.34995796689673453,-0.031033837267446795,-0.07733038804937431,-0.14494109166787705,-0.010122693251928938,0.015273169285232369,-0.12668565854667402,-0.07717520633530262,-0.14459118907057156,0.051543159707951536,17.007678672672775,-12.171485187735946,-6.194266148669661,-1.33842437003787,-7.052132816425958,-8.799347382156032,-2.015028524215803,-5.816325746556669,-1.7069907693577075,4.612655906988791,1.3061718962590667,2.7105117457940486,-1.638332998605489,-0.9679365013207963,0.7139167821221466,0.3718774496064159,-0.41935956583211964,-0.3438452587000791,0.5725828063403509,-0.09024940269384873,-13.160453017047942,158.39740534408878,78.59452112225756,-5.13340843292458,0.13753188662010984,17.343909434851472,15.247024784358642,2.3447978218270134,9.94795567655426,-2.5932060702379776,7.669969641163146,5.921632423748314,7.235199207524181,-2.5707926389035194,3.0118705711708094,-4.627093437595838,0.28358163801591485,1.751184334357164,-1.2344261151070528,-1.631389800100392,91.19365910303307
49.66296222096368,-6.6660926171498645,-2.4221674997815685,-0.6243950297993099,-0.49573187268981256,-0.40102273556384915,-0.6552054483025818,0.026251702464419324,-0.011149982416085447,-0.0017734428030844462,0.12592188580081798,0.1640786191908008,-0.5610718709773814,-0.30735360742635986,-0.45208839273354373,0.19625398687977547,0.3143094236596575,0.050321132874916685,-0.0657050361097904,17.19164162775873,15.641732899384287,-3.8108909664432895,-7.646128983865759,5.320743107237867,5.157634604172292,-2.807108306168635,-4.643333526031057,-3.0172541388541054,1.8227337332889635,-2.2021929624836365,-3.47455658152381,0.4636620350591385,-2.2408585785305677,1.4932290553712697,0.9635493295368844,0.7261063419298308,-0.963510745538166,-0.6441780085146322,-1.1164813282798443,3.31042153023283,187.39078884998702,103.48992413109319,31.16079742463502,29.269557251016643,-21.56366754643446,-4.982282581499604,-2.065833134985887,-7.8705976858444044,-1.4187021671217113,2.9407792540832633,7.048986496186693,-3.2479844790435792,7.468553520560274,-4.106080491042626,-0.44406927404160346,-1.2773709719852129,-0.4556343524936797,2.05232305249011,-2.8110145354818354,109.14077098292873,52.41571818838121,0.15923895889852258,-2.0938466690212825,-0.30168077837452767,-1.350592449827257,-0.03490628921186234,-1.0047280994645118,0.35526517806097235,-0.18150673522698968,0.14275152564488636,-0.38602475582131435,-0.2798775549705632,0.03469592752211215,-0.022550330864957502,-0.11419855511818855,-0.1508765032324415,-0.2681914569496653,0.07254866758491962,0.20119259489853292,17.19164162775873,16.21003109364215,4.700575902260535,-3.159164186879258,-6.194039197394531,-5.155739651897652,0.5724784423322884,-3.9993629778354314,0.8624035194284771,5.336573768294329,2.7090080101376746,2.512692021978682,0.4209457080690313,-0.5395120984893762,1.3067163282687486,-0.06130341991229349,-0.21853580182561627,-0.10876505368457057,0.4785247271976141,-0.7135700951800639,3.31042153023283,113.87564590142163,74.72248766247243,6.773173355999781,18.439155033981834,35.03522460027443,17.605894688496498,14.612283407821131,16.502220878651936,-8.682651135164496,7.419810626252935,2.566054607587836,8.004239768961732,-0.3406309585919549,0.7217138005956258,-1.4869553799361561,1.9364608598163946,0.9912172031619695,-6.554526188779971,-1.4456813108185558,109.14077098292873
49.75013297209649,-5.2410182531616165,-4.602138887422351,-0.09408576171095051,-0.4675552693971601,-0.973298659108677,-0.9759221659882376,-1.2494975777631674,0.36626111913827186,0.2308923827013989,-0.6632456454569087,-0.07701327834632732,-0.01723989894499578,0.4189574852398703,0.3114635994883359,-0.0033516921457317217,-0.18205355079766883,0.105064456910124,-0.2626711808920399,20.090651983910703,45.609632167653146,14.392270543761104,0.018536458363304753,9.426192471127463,0.9350923041574912,-4.324378215530228,-5.229203093903863,-3.011630709677569,-0.5341760509778459,-2.2512416028085838,-0.7888834322642588,1.0377595687456456,-1.247938344098686,0.20229852036506868,0.4617150722089418,0.24119188809219505,-0.3603514906025067,-0.3040691585190396,-1.3856369936852715,20.435458100415016,49.173184836974194,77.89289532587597,64.64546181698086,11.67193383198002,-8.536157591094577,9.058838392981139,9.258541819003208,7.510284749313101,-4.496686568679109,4.454833024014549,19.300773267082974,-1.8715793143447126,4.0342941643893395,-5.494803790564091,-2.444182042706542,-2.399851968728731,0.9152617569181964,4.47490405127121,1.1936679014243834,56.27726300434231,51.06042935724521,3.242031802819943,-1.9456862519301348,-1.6928794773087557,-1.426742519564395,0.25118056373920306,-1.339858772749805,-0.0795639122808649,-0.4677865370661767,0.8571649491315902,0.3129106838377318,0.26353752304328704,-0.15318463778018976,0.1413388944594116,-0.12806846254417104,-0.0361909818934103,-0.32288037967402694,-0.23461340174921075,-0.5825598957634927,20.090651983910703,33.96554084947895,15.597295147138396,-1.1392365829256828,-0.7856936610247058,0.31058440881544813,3.5264057563279443,0.3795682892838297,4.265351578787557,4.246630236471064,3.2436834368125504,1.5453065075463845,0.9303512373111118,-0.6673335414890615,1.7185803240968824,-0.17996349438529124,0.9983685268403462,-0.2700801975137044,-0.6555967508550835,0.09849974738082734,20.435458100415016,4.306024558565213,13.447386625777167,21.346445968694145,32.98294324055192,33.76393255610055,7.955984814228454,17.976480823995388,16.887541831709967,-9.630292487213191,-2.660511322073838,-4.053854296715955,2.0359749463744254,4.195157886372384,0.15001507208255038,3.7368008686030816,2.2809927871900673,2.0544942390109107,-5.550220890907827,1.4002794313449436,56.27726300434231
57.5076441942923,-1.7926625220316863,-1.6393538839136945,2.5274629800637145,0.38314712515881366,-0.8004274929047299,-1.3935681029943061,-1.1102079795327753,0.25781765158178116,-0.3215066663982147,-0.4827196056110399,0.5994989712218972,-0.5274420222472367,0.2478133730915979,0.17188343390100247,0.159075715396108,-0.1035300964947583,-0.01871028060060209,-0.3731685560042002,23.240120728856056,21.938610905328304,15.712566588364494,8.97100741019814,8.042329947165017,2.224224364650707,-1.900531923086022,-3.1059393143594316,-1.6489699161755627,2.3068911245297814,-0.36784647176142826,0.4101487794870411,0.9359732465472494,1.0860004310440852,0.6935414234805464,1.1367311223020489,-0.203613626019012,-0.9107140305774437,1.1837970919739738,-1.5406038807056293,17.587805893258135,-130.00850225155196,15.080207624918623,44.74460831770341,-20.646726641501914,1.93347939169879,24.159164003981456,20.644736461640896,10.312285089826794,-7.255911769892612,6.421104004302339,18.631086018568276,-4.245081887389822,3.862468737881068,-1.7301897905158685,-3.7521905921109138,-4.642073363280252,1.9255755673523798,4.260028253073734,5.755058759254609,-19.149950491511945,56.53459658375928,4.4112714685808,-2.072276011604899,-0.6981972981401054,-0.9073747780233847,1.316953163002057,-1.0377874290388207,0.8830554485869584,0.9314893372311437,1.3463911633449452,0.4314310872071032,0.2601704981134938,-0.1471160745603688,0.5934390669284872,-0.05947901098075259,0.16399301730288252,-0.03629881436744942,-0.06569850764400131,-0.1363732573258012,23.240120728856056,11.298407119426408,7.872622962181029,2.7147028438162093,1.8577922263345075,3.731020632787705,3.2507360649353765,0.38150686336479467,5.069622039455527,2.341860179110398,3.335418126799553,3.2085857628520755,0.6976033467535263,-0.7658716508985415,0.8111104873321724,0.36171058971686043,0.3522108951015903,-0.241172776560302,-1.9334349560923099,0.21380364790883266,17.587805893258135,-127.23793242499514,-37.4264634598492,25.684007789881324,25.931107841665394,19.231030795727673,-8.780503704101081,8.944063246488193,-0.70932398546943,-16.433175535432802,-12.599600654102314,-8.439362395899764,-1.735329914835626,10.339751996477935,-0.33415462528688034,5.731053889751132,0.18594403821058036,2.8065759029009607,-0.7934881565605794,0.18361462434964593,-19.149950491511945
58.150531638862766,-1.430345340975546,-0.7105124436423429,2.9436006251887328,0.12764742701350063,-1.4189497675187073,-2.0569802841195344,-0.5716783342019092,0.34164074175936676,-0.4371353193040348,0.1588876740030809,0.7414648921053231,-0.3978547094610141,0.13393682482153668,0.1550222788117135,0.2074311582435211,0.03206971773734746,0.1420945265019753,-0.5403361405570448,24.20116817233162,-0.7958965093065373,13.156307438937061,13.349343681447033,2.670266899127963,3.9719454307699573,2.1661951030181,0.42029291206903885,1.502607485065632,-0.3173244570821019,-0.8293558712494056,3.645790843353425,0.2838133387072981,-1.168250270679188,-0.2442679563194372,0.07105057751085675,-0.39181208759343367,-0.7491848895364492,1.3496245267668534,0.003084823341256593,7.83948630361056,-194.52702553658503,-42.15573536586795,7.994460797935458,-29.778164001393503,9.885769282610623,37.19816203752274,28.149159516347325,6.891809914065025,-10.146438910596078,4.463624893686379,8.93541583666152,-7.0600004621423365,0.0965624923106625,0.9894261928238477,-6.156010488698211,-4.6806851675244046,2.999844100138584,-1.0980401326252966,10.147692411283089,-64.74447184424577,57.040379735092394,4.274495717965998,-2.1412881751077255,-0.19783046120530923,-0.5963591352220856,1.135574127895981,-0.5618915823339208,1.9114136419831982,1.2555290376475001,1.3699798664529803,0.3328914949915367,0.11782120406415308,-0.38770186137116736,0.5411727698997899,-0.10206834997613123,0.21506384460583705,-0.32816162638326274,-0.40326597688365284,0.26957595951053226,24.20116817233162,-7.5626609213454685,-1.0565963657413255,6.397865098961468,5.413423091985484,3.6392387535515645,0.6238350715968806,0.9814797448409127,4.63317088648375,1.294866457974161,-0.3372888231087914,0.335637726999374,-0.758674344760524,1.2428222180699782,1.03672723863171,2.0287708790933796,0.4357634792993108,0.749605722243242,-0.9965477974686008,0.14620344143417485,7.83948630361056,-156.13860191395315,-57.256491723817305,8.955307136677067,7.980303007513337,3.004228098096772,-18.43716105340026,-1.0718296728302312,-19.847479330464605,-15.924974895545333,-17.04494102452702,-11.529763712582307,-0.09066727265346675,15.162658104864965,1.5895103629094915,3.7498105984366594,-1.0427968592745955,6.328064138667697,9.117275373928315,-1.6411381771100324,-64.74447184424577
56.43206834024469,-0.715145779060653,0.11752298342749778,1.8779267503333568,0.31877896143021056,-1.128463142901845,-1.6676460464166492,-1.1371428774039911,1.1546057685382578,0.14831717231891828,-0.08007038418565626,0.22282615723860033,0.1722357498026703,0.18192743452308013,0.1944978287557919,-0.010944251324356946,-0.24810922589657247,0.6237046440659779,-0.6971744966301026,23.93028648017734,-26.159753887911855,4.347194398428043,8.060771563444083,-1.6246574275133394,4.6059477367154535,6.027187036547929,2.85428670180294,-0.11823069131230923,-1.9136479486052145,0.2974161738879437,3.6236492899514854,-1.2819057936165987,-0.3494682462997827,0.8514173984555884,-0.7172137191695298,-1.278428351867481,0.1936937376049952,0.6589892753792881,1.066687142834196,0.03343218287908556,-104.18197507765635,-65.55668266928744,-27.120060412101807,-19.195754061001836,-0.9056916373208939,25.836660031530855,17.965716284745827,3.6490256985056204,-16.76154448399824,-1.5408809281597708,-0.11419520727058474,-5.32299655502129,-1.747657487470403,1.2237643560289393,-7.321857916586417,-1.7675723990587517,4.882753509953061,-7.466308819568923,9.890507682928062,-60.267753828379,55.074946559170826,3.5793184824160096,-0.6386942855243825,-0.12030917325899715,0.09972617439544074,1.148264961177437,-1.2029582629900566,1.8945874206567042,0.12776556697137087,1.5540531303839678,1.208277720027821,0.14178227789576692,-0.2309812861316698,0.18308797508093955,0.053656683456221765,-0.10039846893127002,-0.3861372218751984,-0.8098425228940143,-0.11797350878406321,23.93028648017734,-26.644834233443213,-5.685710071224204,5.914288867117829,3.67195634693307,2.7954485735981267,-2.36648806735272,0.17171291763012375,0.3238318728456657,-1.40413211017362,-1.800306186952811,-1.1021547856976945,0.3977935416870362,3.6752860199700716,1.4805655583578947,1.699856338223937,0.1557387410501916,0.7846799378874365,0.25225617222408303,-0.6456146300319147,0.03343218287908556,-58.82796036135415,-36.942866177136594,-19.04200048634486,-5.332871819091611,-9.17067671701164,-17.190004449240078,0.9282686644400671,-24.597429961055852,-7.571025649144557,-16.414996198216077,-14.881357061445804,3.05679884725399,11.138659612446222,1.177816991223612,-1.4482305532485575,1.3415140982643639,5.2389081926764955,13.167298448916787,1.2726507744288464,-60.267753828379
49.88997264446702,0.7983770948213973,1.1940945196305695,1.5658158027182099,1.5506015278521201,0.27381671739893054,-0.6287367382425466,-0.4847263862947435,-0.2407951678810174,-0.4186974722818704,0.9583251655071121,0.25322979799897016,-0.9512039203095433,0.3297664763644106,0.33568169081636956,-0.11424775258221609,-0.48435643086498636,0.4586692579602607,-0.0991257989084604,23.66531226005534,-27.604698204019286,-1.002911044204644,4.4708847807080625,-0.6293958422301107,4.6871152594304295,10.310843323414169,5.865263656188613,-0.33109536507668325,-3.497125969708387,-0.3520604787900803,2.0720742308342786,-1.3833011422435986,-0.4819227592714208,0.6180736292894715,-1.689317751404374,-1.5617433327457726,0.587366675375566,-0.5906853165343451,2.3845637001863595,-3.159590966518344,7.490407664258569,-68.45888853613833,-41.318027450699105,-5.542606098580329,-15.411697414766207,0.1776107528637798,-0.23949054216726395,-0.3317457084565423,-5.526442542317391,-1.1298127843761478,-11.723702457622618,-2.3548789098590137,6.0174643457763235,2.0063121862621878,-3.2539472268872007,1.9972853637385621,3.019064633990786,-6.943550373600267,2.819003812996983,-39.50405788825938,48.008923908866706,3.1297101130316753,0.5364554345103407,0.724888006243432,-0.11067361899802552,0.6474422004499534,-0.7665334833537307,1.731255544926137,0.5815085770507902,0.5846895540576833,0.09230623092705992,-0.05660553922811151,0.5101590770404498,0.8648780596990404,0.8297491297840316,0.3138865008733214,0.22684168520146852,-0.36081529285850467,-0.5186580493172742,23.66531226005534,-25.132139431062818,-6.251784198067639,1.7386239737620413,2.297375782432681,2.280484487458623,-2.883562704228137,-0.05144957426395047,-3.2854930031398144,-1.842861066659593,-2.7109249185747775,-2.064205074469884,1.0349225035176235,4.6934166755091145,2.178607970038767,1.0258689305795003,0.5752061742287478,2.3810255145962747,2.8101953719508774,-0.2923602022038152,-3.159590966518344,46.98827270920999,-15.744954454863688,-35.984375875329235,-15.958345041386668,-11.969649748463826,-7.993966911951234,0.854626431390181,-17.248356420835638,-1.9768321332087921,-6.320608166991272,-4.2555526641127415,4.952010634788398,-1.895679276582586,-5.7560526038557525,-7.184375556310069,0.4158147513556145,-0.6243880137446394,6.419636851670843,4.280972643459613,-39.50405788825938
48.55804674753424,-0.7334265407161369,1.438728416171891,2.4040266775423063,1.974643943097231,1.3667827829104153,-0.6805465250313301,-1.2127992991425127,-0.407788367900634,-0.18201750296532504,0.9293862936126873,0.2026636214667743,-0.42550153997286344,0.5756072465479551,-0.27705313168609047,-0.31929900512476395,0.2515298466089062,0.15249699135989925,-0.060430155411394404,23.524764776433738,-16.747975786143492,-9.986165504708376,-0.14979334548327916,0.09428428734313687,1.413793631660024,6.945473982481371,3.154433455953695,1.092394358148405,-4.4839803611561955,-1.3769346320709763,1.139909482111322,-0.8919677904879473,-0.13099206839499988,0.8742528086905617,-1.6440136715335443,-0.5024342029722184,0.8623869419430792,-1.5792023961598884,2.2139105223358504,-7.046532385866911,80.52787121204157,-40.90516596012501,-30.03532389041323,-2.2793059506647078,-21.345916311694022,-23.59364293584982,-13.040471737536157,4.647311730870344,3.042129715050855,-2.3287908914427904,-11.647809081589676,1.169128147440651,4.1006729787662035,-0.40291318566407597,2.650731270467948,5.795233858344369,-2.2891041297383916,-2.371486047069746,-2.943802828252603,-20.061502062212817,47.72790738015052,2.1408092354358597,-0.4540033828550176,0.676421641602059,0.24750675066364858,0.3777750930487107,-0.8496100197138539,1.1350504335383218,0.5664335124426887,0.8388832260661883,0.0006463263904943339,0.5462806406031442,1.2415964662188586,1.1718692012078094,0.32454041825113444,0.19245105969423615,0.0785394987839032,0.03920423645546611,-0.06506356792785528,23.524764776433738,-9.330833806391993,-8.001216210224111,-4.476676836756508,0.7493799715651033,-0.1749405926716443,-3.5905672717721533,1.3621058551372598,-3.2697609962606173,0.12521111685499653,-3.6852619245754923,-3.032171367136198,1.3292043462414476,3.078160926605001,0.8290786172404498,0.1390462873495213,0.9532465967690538,1.5625714236014294,2.746842683656344,1.069410856942251,-7.046532385866911,100.52945521417445,-1.1892517340931246,-26.98124988542147,-12.512947502761817,-12.33024986535691,1.0093556884363588,2.310480302571788,-0.586753366011358,4.240099840726897,-1.4370207754494668,2.3458466646287723,-0.26068286287957454,-13.151345160757765,-10.842804312297822,-4.655550041099183,0.006226674313827507,-4.31472527076195,-3.093061901626015,3.732733683923912,-20.061502062212817
48.28519333320835,-1.922660482250126,0.8643272303394918,2.3658527404692027,1.6432725658952054,2.4888489312822473,0.38210178328211253,-0.69939780587099,-0.6257251748753809,-0.4479982210569533,0.6901964505210483,0.0598955888694368,-0.3399474442089576,0.24613373345383494,-0.4538611166695323,-0.4192631312291617,0.0759335191723911,0.08235569458784209,0.3335735389267809,22.82413354094425,-1.756581728061434,-13.906456877563896,-3.2043875894388387,-0.9605070075904396,-2.1378262240854315,1.7958570064832688,0.15047426391002938,0.7314221061070036,-1.795379521965307,-0.5570868604580195,-0.9741904815378015,-1.0885951177865345,1.7312438132565826,0.74747043169417,-1.0925230597507365,0.21883351982821608,0.4260008252899017,-1.0030548242636916,0.8389750400889209,-8.372560356146131,75.49774263457209,-16.968859401746847,-18.149738806000094,-6.631757063379502,-18.751643182641764,-32.1035844480443,-17.31062418080846,4.592295687598019,7.747863355718989,-0.21234265334730873,-7.315426627751818,1.1244858786007286,2.877692457395793,-0.35461285400590126,5.951912885055169,5.812621321516892,-4.647646499358316,1.798866046355844,-5.880297746438728,-8.806788141336689,48.14782960907114,1.867858242422253,-1.3643216395613873,0.5524920225805032,0.46999282037312207,0.07903770984627556,-0.7642904911039974,0.6484356339724822,0.1147645315820447,0.3721023593244812,-0.09539534542474182,0.4330332744692762,1.2227176002081257,1.1360861418557384,0.2754242479161626,0.35624216740745784,0.6300127705853238,0.5773083294170458,0.0969408879805207,22.82413354094425,7.274475219733915,-7.771320523673216,-6.3988399867659815,-1.1044612410238663,-0.8603915375454632,-2.76110878216902,0.8135964917824352,-2.194210889380927,-0.4582212221445434,-2.5551150377930867,-0.8271303143377451,1.2516255703564694,0.5935451264612204,-1.5155555927374438,-0.7830118736244469,0.24491692711768698,0.048465972513925815,0.9659773726506904,1.4291770196768983,-8.372560356146131,81.84487081325457,3.9430812799554573,-9.523383396754259,-7.994928214589159,-9.783743421980457,3.5885811277361293,1.4240834010691161,8.295189401421876,3.6313046802611,1.3169472165198783,5.517275015727833,-2.921747622793217,-15.016346635277824,-11.467559006526717,-1.3612189891795643,-1.131668839938642,-6.943831232151071,-9.483730764374592,0.5952603504344327,-8.806788141336689
48.86047010280228,-4.347709742879079,0.20750995533139704,1.5250504251294288,0.9793402582386799,1.2367577413971818,-0.5958485792021313,-0.48360998854166537,-0.8949194085426586,-0.5254997693290284,0.6239487143630367,-0.12649063344060663,-0.19888852244512245,0.6608702103236488,-0.23273760326802928,-0.10965366348699335,-0.09706072994372161,0.022260227672243005,0.1934310956202019,20.82760964679943,1.180123480130007,-9.653615664954838,-3.1192541966890825,-2.598754820165529,-2.6545396773736276,-1.5121412729115327,-0.8085544708258463,1.6741664385310193,-1.243456314951327,-0.7644660809994819,-0.6771228946573129,-0.8446947321248053,0.5942849568193171,0.5852624044212011,0.3097545702376254,0.7289001510177096,-0.8701754022213684,-0.32056899429091157,0.3675800587566136,-7.390834153413429,38.79290374073844,4.917940892116134,-5.853788309661851,-7.024326027592421,-8.6533800713555,-20.223228790180606,-8.885004588294958,2.1062884931892447,7.032971299423718,1.0175578816015265,-3.336997166656781,0.3384465023880132,0.3135951939913686,-0.7401888358116899,5.309814113530701,2.972735339169349,-4.761300915840165,3.199752633710734,-4.164055908490781,0.29312266763966477,50.34007680587261,0.2096363126086649,-1.9266441668667724,0.34057880435501886,-0.2780773416259552,-0.3628164294068008,-0.5230268315462934,0.801116878003223,0.4237431481332419,-0.18228423453717735,-0.21395717536437697,0.5615650441677968,0.9518199155869929,0.46202324262281547,0.4003422680649169,0.3550469961861886,0.1935629472335887,0.09451700779638239,0.10893245103816485,20.82760964679943,7.416586048245648,-5.520567775467978,-3.5076040953288947,-0.8835988927195646,-1.7992383465782849,-1.9230371841640994,0.894430035892825,-0.5151858670394569,0.023597887932303552,-2.5967215150683898,-0.5477688334493778,0.15910057682782597,-0.8504507858848642,-2.0937548164029107,0.27652171977631923,0.32399670176263573,-0.20640292645236413,-0.37216577893883085,0.3599836009896844,-7.390834153413429,33.636950537787015,7.212049617717506,4.829381374292312,-3.045095380265034,-4.187442316846102,4.173131773221028,-0.8545180943784798,7.188175280783791,0.278592652231461,2.1354743417389024,5.248166548262008,-3.4327325323558866,-9.301219337325815,-6.423866090952188,1.334484458254362,-1.1794200153678873,-3.792817599073877,-7.576160076779871,-2.488047930592347,0.29312266763966477
