36.906198202564234,-4.026489541592591,-0.147304075805907,-0.7810558811125294,-0.6483592345030602,-0.34713871275417096,-0.388601301539488,0.2617899357503122,-0.14528343176401615,-0.0023946089262487646,0.5289460952484506,0.11372463530106969,-0.11253461503316964,-0.06444384731033437,0.15863306622544737,0.2442773081228793,0.08658335660092908,0.15339541385310085,0.1960109024379093,14.914228371012408,51.84943357848564,3.736824972801891,-0.6988725952137229,4.86670832181837,-2.017144992511066,-1.3419858070841286,-2.40478132900002,-3.1915171518700403,-0.524759574531446,1.1936636420254256,-1.1650126364813527,0.4764232158333772,-0.6266729818910359,0.8967712465951687,-1.5518226047259305,-1.6650062168292727,0.021951145878538636,-0.2302203305785291,-1.9050183470350168,19.469333125327015,2.2186227881070266,18.892885415249403,2.0916204322103713,1.1573855937058646,3.080628529935834,-2.108570984762845,1.8031145650874074,2.317819158574302,4.180594076178901,-0.29717103173348747,2.128772601645128,-6.524488256100746,2.501698502418873,0.29932240810882793,0.948220531427661,0.20976793985421605,0.666022694312288,1.2672030385478086,1.0462258734112773,9.841591778538415,38.46812691831521,-0.11644242494477908,-0.5260957107514299,0.5864701450568792,-0.11871528112797813,-0.1417811667190516,0.0019336590768423978,0.44116437908993844,-0.1552552393690203,-0.06107430781974288,-0.36572893416112406,-0.10042486391538508,-0.1794093512378574,0.09328926207067689,-0.10314535765073685,0.1452113632826766,-0.10373213913093893,0.059708830745260455,-0.2745256362929689,14.914228371012408,47.81226010759035,7.417990601753768,-4.100263666305438,0.6069546231533498,0.02967697994345686,4.196583036061812,-0.6942688416906388,0.2529250538820611,1.255654472870034,1.1461869821041617,1.1960551842558744,0.9574906949193474,0.2916372782806531,1.9833903942326787,-0.25460322795952606,-1.0137142314667678,-0.9121292540058976,-0.9958198915288876,0.7549374170284442,19.469333125327015,-10.35187564577511,10.114580151788559,10.338884680962906,-3.888010876398018,5.787756184314845,-4.649755194589617,2.896932860108282,6.212728585928695,-4.13760410664521,3.3190454255384756,-2.076777186509912,1.7655409052269313,4.6459603904268185,-7.411071490427529,2.7092624921262183,-2.0979195495180565,-2.843639985836285,0.7296723707239541,-0.8988644810619808,9.841591778538415
49.06130400451412,-6.063436791571663,-1.054166407223466,0.21867842225709522,-2.2138431158947647,-0.03226431764074089,-0.46580794470747566,-0.7911979973296244,-0.4788143812287262,0.5075634312841668,0.596159973479458,0.7479563523384076,-0.005801472889565229,0.04693430375237195,-0.576894135606904,-0.004257498120750602,0.17369188884947317,0.10339867282843551,-0.1086161402895669,18.32486832873529,62.160907259661386,9.690968414690005,-1.553107288758635,4.429724056313121,-1.9692696800277223,-1.5012308817199191,-3.2609845417103425,-2.6364771303104324,0.9787376433731096,1.2849342472320346,0.17913352178642739,-1.6059259935005301,-0.10598736282723054,0.6916680011044065,-1.4245121939061631,-2.2275687140453133,0.02183168299271987,0.404673293064451,-2.354124014992526,25.21154470888648,-54.69166608350855,16.382485318337604,-4.636885715174939,-8.35495076042071,8.849995807832034,-0.8155387727710632,7.768489661154009,7.441063795525519,5.850967521405882,-0.9806521082389499,2.269321357100135,-8.922661151993475,1.2199042523718173,0.5596027889653212,4.2492773185641575,2.4933887163016397,1.4734935159967675,1.2455223543939724,5.293080673806195,-12.521626528460274,51.334071192226915,0.6791123320416639,-3.449796636842046,0.7193521976756534,0.007018007328134068,1.2430896572209313,-0.7121885656391331,0.03411338950903131,-0.4233124762331968,-0.1661505162623962,-0.44486108769883903,0.4515479457311258,-0.3570386204820668,0.6987923189913761,-0.2846785718379552,0.04693090246480924,-0.1934086873634313,0.09417211354804622,-0.08860294347858466,18.32486832873529,53.62200376404086,12.579785585993882,-1.9916142129576238,0.6057597092711644,2.080583248525681,1.5970922687957219,-0.5913922212920706,2.9071889246195317,-0.7942963446606273,2.5418413975285405,0.9599698830203294,0.7264867814992304,1.4828516064622554,0.5731511357487418,0.7589951775957526,-1.9734642785119796,-2.329411427849854,-0.933417917387839,0.377597842762851,25.21154470888648,-64.16366697320133,5.149102567937232,19.888150974724173,-8.645277507624495,1.3403594857565966,-10.69452334124538,2.547815984933795,2.924488010269945,-5.465706954299424,1.6264895203631058,-6.551247873597383,1.398081525968689,5.666758314995212,-11.235086452899825,2.7915509306532655,-0.5136952237091144,-1.7965485063441564,1.4015765838368597,-2.8523310467653387,-12.521626528460274
56.753362090832105,-1.1396034302021096,-0.04330920770398894,1.1524311281118433,-0.8741897900627409,-1.1755688138529503,-1.5523886444555042,-0.8074746736447396,-0.2408977442973841,0.33945819198125626,-0.08716716210772946,0.034820384699089324,-0.4792376770504898,0.32825270045589683,-0.2495146352213422,-0.46395839716994214,0.05400466341592636,0.06328361907616897,-0.604184749715861,22.943574954814476,47.80300813195127,10.206195959482535,0.7740549676639188,5.663893251423927,-0.5007683837848211,-2.316648762147656,-1.075122440101155,-2.310127583362693,0.8137888546057264,0.9994428235553774,-0.7726994147926787,-1.7446463075500418,0.36383345978649784,1.148984073394964,-1.1413675444219837,-1.2788409982941444,0.355022224477592,0.08593437687388517,-1.1573525763506236,21.519023222816493,-95.04124874209101,-18.070139794623408,-20.97155540345852,-21.147359972561333,4.5226766271297425,7.698073013917539,15.448227785278505,10.429615472525295,2.8932494928933923,-0.268519200018964,3.2280641591868626,-5.152090314087601,-2.492107963596699,-0.4475085497584288,6.661170334840836,5.808161014774296,1.961005085822752,0.22624874345853008,9.882572885185592,-42.27705298733478,55.941284835154526,3.194775497438884,-1.1143770808588411,0.823506430324167,-0.1667434353843058,1.2640749393418629,0.011860350589510738,0.7711524008214226,0.606600615498085,0.5645572874536646,0.27186473473567063,0.10233407872103317,0.055223922524573865,0.7822329307266667,-0.1396803645368907,-0.3125055220417736,-0.5149584920176415,-0.45543275642057623,0.009981725814061093,22.943574954814476,39.731450456477525,9.89438318552799,0.014853947502107001,-1.3364533581045666,1.8981019378097672,3.171450822400048,0.7027592781642182,2.0321574114776735,0.21182782831275992,2.10788248716121,0.27570924161869104,1.9557631042428714,2.0190103094032614,-1.0170257217391179,0.5932288153259437,-1.58279898270319,-1.625308160002062,-0.6621846932374349,0.4941749636302504,21.519023222816493,-82.14754984363513,-10.761698369659692,8.897318023186932,-10.063575610170844,-6.537372237471935,-13.724163155338342,-3.0282129907816957,-9.060775650820524,-7.2233650259865625,-6.150161421908203,-12.351623244625813,0.9732165898495053,0.7842525191444942,-8.23742981816847,1.173187537893377,3.4305821661070617,2.4709717120642134,1.2014072461182275,-4.237150958644737,-42.27705298733478
58.06306988826099,-0.6244483899428293,-0.9758551542361835,0.4670626424318445,-1.520078796737081,-0.6835391030647409,-1.4371999009366512,-0.5218163247073782,0.39189254618922265,0.46914611423601604,0.9265694848197543,-0.6497862361482052,0.01782323456187518,0.08504187935875329,-0.3495491800042394,-0.5153891962533665,0.11378854468979038,0.4007879577737923,-0.5809532789814684,23.505327433554612,26.526813259998548,8.693382138630371,-3.7537792342400134,0.29064047680523686,1.6496646070418293,-1.2624237159378966,0.8146340571275519,0.08831996163904554,1.7314499716029088,0.8004479971409748,-0.2265085687756221,-2.874372598471651,-0.5119740765438943,1.0504662276779317,0.36758852440417455,-0.611394467946017,0.5921623645773957,0.23446349289225,0.3676891045258839,12.183674812352137,-133.27670801933732,-33.50170637585266,-23.19969383896526,-26.822577348251627,0.4763144304624971,12.942160967883098,16.480558161454535,8.790829732801843,-5.364801451552588,-1.098805311343849,2.5962955647803927,3.460953399973204,-7.518609704020379,-2.5554015260211744,9.082469158152637,6.938334107251967,-0.4720662100613364,-1.3516825263649905,9.199894061895144,-62.9260475610238,56.54254984191598,4.517841406860331,-1.2277621321765362,0.7708318570588175,0.9455904202630263,-0.046163085351647926,-0.29872579732552706,1.7297648305339623,-0.9333313391328866,0.8970305933078238,-0.20454082709935673,0.161439055516021,0.4446998151120547,0.03539299561705289,0.2946197345902164,-0.6126623333110881,-1.0628246766125147,-0.14942933436574068,-0.22798039596505837,23.505327433554612,19.77083144654609,8.754345593835273,3.786253014152876,-2.7439801400299393,-0.23435575611140003,-0.638112527729997,-0.11887490915116983,0.8255528802192273,-0.9552856820010407,1.4785839897571904,-1.619395781224225,1.1573952532419298,2.261329920216955,-2.133944774231336,0.7172562157243718,-0.9860194677031138,-1.4538140541798936,-0.46184919875618413,-0.5408468796551282,12.183674812352137,-108.49685036639565,-21.438947489900407,2.2565214558874813,-3.339388552975118,-12.490345345335713,-10.071567094011442,-5.072336575260067,-19.158062646325746,-2.8558046227157208,-13.929625422737237,-8.879362432034753,-4.192455970016305,-6.693128300678627,3.190909979064089,-0.750368101901945,8.537831073668762,8.272181330142812,-1.5379168317097118,-3.8985910986494003,-62.9260475610238
56.306819326666435,-1.64288576266574,0.20056778153241117,1.9266986345120594,-1.2456255859743126,-1.179825701115999,-0.44046654347547776,-1.0279646922421573,-0.1737424681701274,0.5165354613755153,-0.02260836781803688,-0.059727224230644804,0.057569761134359076,0.4909944015839569,-0.5257231837868768,-0.13957734195788496,0.2940461409195665,0.047667959817365047,-0.14649681639145173,23.083510430010993,22.14585620727155,-4.799451786479995,-10.084314324202294,-3.6374298747083538,-1.5652738224809704,2.3876471169836297,3.2815232642202843,0.6608920384178685,0.5455090078003506,1.3016471670614735,0.6518404883931033,-1.4653986387248625,-1.6697336068310538,0.4936178584291917,0.8827122035393187,0.43098716750822663,0.7172883479975767,-0.03199105876316355,1.6753615357985745,4.844741579926797,-185.79759604635808,-20.634475229157534,1.154794101601611,-26.15012205601141,-2.828988811078407,13.758662387762964,6.081039494404035,9.596478769435747,-5.189107627984953,-6.039804288370288,3.5428824791471647,6.0101003392829515,-3.654515954669736,-4.341897206761322,7.276953844541073,2.9077224796526573,-4.8046205715868116,-0.8040940735998339,2.750167778248236,-71.56853614078392,55.72961282170944,2.911384630409883,-1.6296859893331312,-0.10749636368698612,0.36104948130945935,2.088570615767262,0.14658191400214848,0.6094173643163097,0.20566810623720455,0.4612763809757521,-0.3480344436515197,1.022511133313603,0.42922658566671257,-0.08352393711172046,-0.09618010320185078,-0.3163915101809698,-0.48167822450742825,-0.14958279191656354,0.04225057176539315,23.083510430010993,23.664071344520167,3.9498614130032266,-2.5405382682672224,-2.74996325728152,-2.0815396364739702,-1.5478961433445,-2.444633993151937,-3.236644749328049,-2.2755333714530406,-1.3972650249642649,-3.690073605934754,1.2286447539727503,0.29452438097555045,-0.7817765598615174,0.3528600219228528,0.20785444618233018,-0.11444208480877105,-0.6309006277856013,-0.9044157010849345,4.844741579926797,-165.68581292028028,-28.89983219108575,6.147314722302239,13.193673299151394,-1.0127553804108693,-13.048849399470239,-2.63782768129882,-9.4984461047101,-1.8093240407764888,-11.37687251210235,0.19354187477146856,-12.292784879532954,-8.800021240180705,7.084837672813883,-1.0564731242105652,8.36449325690141,7.680719656206622,-1.595927798010402,-1.7325236190028965,-71.56853614078392
62.54798201659623,-1.465104556024662,-3.0529945189616727,-0.023135092540394364,-1.2032929144180642,-0.6613477319781649,-0.6144519666337129,-0.6367930072113928,0.35333296650909984,0.8192487951575247,0.4506262919468007,-0.6419561424325508,-0.5301922302539368,0.4907965670273078,-0.2549955991220494,-0.4721452596997877,0.34975233238635095,0.22843824890396247,-0.1536155546888296,24.3467379973131,8.351129212332587,0.44293909974493895,-7.723769562308158,-4.330903054746553,-1.1988597454483991,2.6177016626559872,2.800971686856206,0.27342792520020875,-1.5695231590004965,0.5844294198070621,0.7650113525837328,-0.015073127926517937,-2.848508681528644,-0.2583496544232946,2.1046825111895044,0.3866842566794848,-0.3953344837979407,-0.21220525229951992,0.8294659598804472,2.085661749819426,-206.7975811071466,7.0748914387994475,52.97644670109286,0.10827905323860954,5.967496898131766,5.626640771134927,-3.5736656471869988,2.2495687758386897,-9.996067839186093,-12.948425139881696,-3.449692224813948,12.69740174524756,4.615818354866705,-3.9636804462986053,0.024225037567364716,1.327041558665451,-6.929660802960505,-2.2153779866978143,-0.5571073752906535,-55.542312482914724,61.325322922222504,5.1979805624738,-1.2990156755284628,-0.18713647533373967,-0.3740563290744485,0.5117855551432333,-0.8389868019210369,0.5277573478712014,-0.7004890626032769,0.6247819318551553,-0.9446093891173564,0.5701570450558058,0.5866250080553412,0.06469836579490162,0.05219940535671075,-0.44413583731714956,-0.9369558482084848,-0.2896774680820522,-0.3751608062818148,24.3467379973131,7.407268136821713,4.8325727273060615,0.4143426228707816,-0.35717961762791806,-2.174768637000306,-1.0790177953377253,-1.5538638732640262,-4.0374413181404805,-0.9785180561355875,-2.6703975577773402,-1.4968199092203243,-1.0061820283738618,-1.0014695796632023,2.050981544341986,0.5039955233463256,1.400124543879642,1.0512461996249063,-1.7180183659686117,-0.8724023742042566,2.085661749819426,-199.73585422067978,-41.14909302997725,14.398308311896573,24.134615359098976,9.691246732031718,4.593348597565807,6.749511476178606,3.7096388474094435,9.634682013305245,-1.7820899684638827,10.008007099364386,-9.071700147092546,-3.671293834628836,2.7354778920093965,-0.7730921931730965,8.598698194767795,8.508560907647043,4.448839191849258,3.966316572682164,-55.542312482914724
65.58383413030026,-3.119001240401191,-4.046896687442391,-0.4211849417562141,-1.8152196424627345,0.00715905909557657,-0.32300097949683115,-0.41954031318379803,0.05113654944285262,0.8152304350512387,0.476724678525299,-0.7017939815211691,-1.0400967480581107,0.37218428583621543,0.14456467610722212,-0.27008678169261824,0.2946669435664344,0.1334629441295021,0.01982715603710683,24.94524046289863,-36.00794786739479,4.0141798643464845,3.3364471824987967,-5.100396010805883,-0.4910006130789104,2.6226197424368847,0.9722284922365354,2.395557819574598,-0.13027839408504738,-1.9124500319628104,0.5029818641012263,-0.16924587318113238,-0.29515721505599535,-0.3675565889350838,1.6285623844558883,-0.3240191207805667,-1.5535396371281456,-0.09277828733014681,-0.013157114903787237,-9.21623831630911,-150.6242609088825,30.91623759584577,69.76766694964732,19.446483051280087,18.6220165945223,-2.8054120588017404,-10.584605881574742,-5.0235989310682,-8.052916669381464,-14.441627158582723,-8.682899644056832,10.41449179845414,11.868685375596169,-2.9036617340567696,-4.8382468647972825,-0.5736143553523483,-4.989412168854112,-0.3439615127854361,-1.2975880105397972,-25.36341409498061,65.38193396726135,4.829636626133762,-2.349019443316489,-0.07249103212031427,-0.5476898789525535,0.21115254742217227,-0.9403261436887029,-0.2461662325112215,-0.6475872084932401,0.002049105697866427,-1.2031377872227065,0.5122974609375159,0.13152351654070582,0.3766919657069836,0.15795981104128853,-0.2928415469475778,-0.635113948624042,-0.7007590034552211,-0.36863591957002795,24.94524046289863,-36.92967434880042,-2.59464647675028,4.774466504294274,4.06698303027012,2.3619306880487856,-3.1325212435312073,0.10133991957123634,-0.28556854169752244,-0.6812180050082111,-1.5060629951227,0.31119224300247494,-3.1088406947157097,-0.7496005607470131,0.4329299553811632,0.17162259940968427,1.406375639956137,0.9625215411988493,-0.8320640086364222,-0.2063090985966337,-9.21623831630911,-159.1691270601657,-33.06251395611764,22.668515058764328,18.445156864046737,13.379902027361789,10.011069104093744,12.206921224505226,13.502341296164374,12.903739801289216,9.747165221266604,16.34324257527375,-3.225689976772663,3.187288175508691,-2.6970248547514397,-0.5241331446001629,4.936434048445853,5.171151380758058,10.735655055729762,5.65572002105076,-25.36341409498061
57.60012709261037,0.33507889879736563,-2.714007700902861,-0.5244470968072954,-1.8347116412170696,0.03181934815746512,-0.09544683949787158,-0.6893145516364534,-0.5053085421175156,0.6120133373016854,1.0594086379399528,-0.336289421466202,-0.8575978516062119,0.015272110020976726,0.36764814564346326,-0.2567923480462575,-0.08418909853261392,0.2517878394679638,-0.24938228525552408,23.617293292020506,-47.79507525624158,7.824012032616855,16.02406336295587,1.0762630714733064,4.096276451406682,1.433410356902939,0.18244861952592695,0.3457714589800256,-2.9286902470474394,-4.066715973287732,-1.8769253690366576,2.8262518913802643,1.108646905001929,-0.5007867717892331,0.006775952729572099,0.4296294555311051,-1.7372540443399962,-0.8428318861731654,0.933394742231738,-8.556991480987271,16.199882894764762,0.6510158547117983,32.88380421894766,30.433994850458355,16.2810656578583,-7.859854493093848,-7.563957235019112,-10.737665000980586,-2.069368168937319,-7.845877257642595,-9.495527220810182,4.4235124854740935,9.637675680597113,1.7586748344808567,-6.439017479310327,-0.9701556406222547,0.4640874613244088,0.5550670566849156,2.157542808747057,13.083967539496072,55.42002333755088,5.975001772651422,-0.6609240937494665,0.5747393824615226,0.3125757818938797,0.3530370511520342,-0.5322037051121145,0.13883596987748792,-0.995962709835458,-0.20855454794190353,-0.5253991099239255,-0.08654512248286639,0.09281655984345694,0.8307758163786938,0.41954753914180953,0.07562495701203686,-0.46048371474175465,-0.7328504115807177,-0.4587383373994761,23.617293292020506,-49.8002228171335,-8.547946976276599,7.327904783820414,5.914854395743729,2.3895324476430817,2.45087432114626,1.9828938725765461,1.2048342001086858,3.0648976414291664,0.6419379906044667,1.3839748439893536,-1.2097120959601135,0.9477454737638187,-1.373559085847978,0.4213288303944078,2.714069032793881,2.2619845866398176,1.8631520875938552,1.0932581054418034,-8.556991480987271,18.383938252947438,-17.702967099484617,-1.46872852023035,-6.570372383135778,4.343320536971496,12.582034213713456,6.249330638507301,10.262632073783937,9.654708396656071,13.022270901620786,8.78213831495456,6.221252172371345,5.061066016610758,-2.66683911718006,-1.8554822035969656,-1.5466870937802908,1.911843492975442,11.163898531033055,3.066099997693862,13.083967539496072
40.77677285496197,-0.5358875579035116,1.6992979637524037,-0.37284336875743174,-1.175416529114265,-0.2150993699653716,-0.21385486092513073,0.19607498975767212,0.19043908910065666,-0.3360718256779702,-0.07550860876399978,-0.2971835213043854,0.07369396428249897,0.5449783356195805,-0.022763863941688944,-0.4092633581749334,-0.26575296218502387,-0.010395979129709021,-0.10519200855999811,18.840113624502735,-25.09317201288261,6.968130545006933,12.925602687989352,3.3822285878217593,5.098166376352641,1.5770867404592837,-0.7015181429019468,-1.88707919400614,-2.80136578286691,-3.593593715682491,-2.368640972825118,2.3211847508488166,2.286031287701744,-0.8369944499162238,-0.4874579496293565,0.12270739040624234,-1.1064579561584515,0.11134150178094115,0.9746031393530306,-2.5156388521601585,199.70323654149553,-27.276389239325425,-26.886277308583892,32.837752508763685,4.621407771980604,-12.444261801747116,-5.056486795681024,-12.449545876437966,-2.581703107860872,3.5520481861549866,-0.33072040143409964,-0.518307439673567,-1.760566520043088,2.1220956119365493,-1.942394349841012,0.8868241883858059,4.5882408991728685,0.510587363772379,1.281776850670754,52.02699401361444,40.21742543964504,1.2255507869459321,0.4385014719245075,1.5450572225504429,1.198698769849688,0.6016842459972578,0.04386032538330542,0.6610937824644052,0.012795927349189551,0.12491312331293147,-0.4020434617469977,-0.20355813027491565,0.3013305293991482,-0.25009768471303495,-0.19404287038955803,0.12691591263250546,-0.2386535206413687,-0.34402832448544185,-0.01911521197409305,18.840113624502735,-27.31674670858508,-5.891135713264266,5.336938180640124,3.3365981680560255,2.3262608348852303,1.6926923504603795,1.8904477461803908,0.8933881396295544,2.1546286804091905,1.820149811478134,3.0411503050972817,-0.28243520062045513,0.9135609420163853,-0.4180186721422554,0.13212679609873024,2.0190992259481373,1.8657644120628023,2.946341673298046,0.9406140696174157,-2.5156388521601585,208.46839563177514,16.757781805426298,-30.786139762399774,-28.73899408742022,-11.68653355211722,9.195773663681173,1.4566408316094979,3.7868899871526756,3.9745881453240615,6.535603105483319,1.4471271925897502,9.08314609715199,0.8640085447864347,7.489738281343895,-0.38338655334366956,-5.857589462910334,-0.8163400665708136,3.4631906821544027,-1.195431762727563,52.02699401361444
51.053975026144585,1.155344619034926,2.0859398369188655,0.4908256566968676,0.524943754611042,0.16648666100377874,-0.5778007161565997,-0.771714929192115,-1.1806634268435219,-0.6384580611217365,-0.21171974892687873,0.5688645731491895,-0.5327641339232772,0.15400615624100866,-0.1679433527328078,-0.18774224369307757,-0.238664736907918,-0.12104823255301467,0.3755913987255919,23.12080567601741,10.993682732458879,-0.7085283132293863,3.9235547944203963,6.644782071168802,4.147089588764976,-0.7894590829021362,-0.14413361308410932,-2.9540860684997154,-1.2686635490782248,-2.497937367154395,-2.5469408393581863,0.9514678027955541,0.6797349073910428,0.8557066933077038,-0.05681606142303708,-0.32175681922504706,-0.3868315936205833,-0.03673161851260609,1.414357237125567,5.277345787492987,165.1674248955684,-43.96848131146359,-54.33095799818158,20.906776616895602,-12.59340062621183,-16.44650166800514,-4.370914170227612,2.0205285694648816,3.7907926698068595,8.817076936898204,9.107916661262378,-8.478546873426302,-6.617740886635149,3.1577852026847855,3.3798665302569786,-0.4239873308106805,4.862592285154539,1.4595571034333268,-5.242208231801968,28.993531379362356,49.007465777463906,2.7260499939294163,0.971176258761246,1.9615165952027467,-0.05248442965402855,1.5419568664288206,-0.339633100168768,0.676544440437731,0.5017681901900914,0.8843189183498561,-0.653169129860534,0.3232287926819648,0.9755942385080294,-0.3086863519190781,0.43886516126933794,0.7030199492897493,-0.00419376887991274,0.46353323622998577,-0.003292107358880636,23.12080567601741,11.792773443187762,-2.3706662041792548,-0.6012574754173183,-3.2771733780887597,0.014726558067219786,2.7993925145232095,0.6762475326850474,0.5043963780879499,2.430912799483747,2.1776314897326357,1.5292702172095525,0.6912413107641833,0.6974826772604779,1.1430362995136651,-0.4039976767966802,0.3204192039934963,1.5555465106806508,1.9747280585806823,0.0871860405356496,5.277345787492987,181.37765323059466,26.276150013240013,-44.079351905656104,-30.37931346701919,-13.841950986924921,-3.138139249977574,2.5343910355046724,7.799989042355432,-3.8023627896397816,-1.5193875926262288,-3.5338236832713172,0.5272535044265763,-5.695887034789032,12.387154225465846,-1.283779847231081,-9.922755118551056,-4.674803693817221,-7.392406746350977,-3.526303589984133,28.993531379362356
56.31032415709185,-0.04506882801650436,0.015930887641421698,0.762292975402584,-0.44596415220047003,0.7283687729020616,-0.4325831126184405,-1.3218797214090372,-1.0118688996275993,-0.35633072357829576,-0.0720316144538442,0.006221396595543549,-0.059497963048706026,-0.11567996223191246,0.1686314504806794,-0.24325813866608703,-0.18132421532513932,0.3755517310304619,0.19464188372306412,23.9356648448201,34.44929140900275,-5.357744582393108,-4.056437187525413,8.534220743728214,1.794296704232245,-2.488076438534135,-1.3927237892989583,-2.179286354904515,-2.2511432970000906,-0.9208152419519853,0.6726293985449407,0.5089924512744393,-0.9609844762720963,0.015244484484722376,0.6891612166116869,0.4950861107904123,0.06536958709858243,-0.24053473927423696,0.38725006298467535,9.88009005625798,6.3374449421165835,-42.73627129184956,-30.682753786806828,5.35795048108968,-8.15271945387702,-8.779595119547604,-6.517439250355256,12.897978736864303,7.424560912061203,8.999513501901232,8.010567688186832,-7.263507204097993,-6.215407238338194,-0.10462615553932997,0.6173352772842551,-0.35554415323890765,3.0847771181185326,-1.0910354435935663,-8.51814841672342,-16.775465245274294,54.929839393012294,3.508544658862632,-0.4966005292517832,0.9024194455370864,0.7979706442640158,0.4630388150139688,-0.09138757307018075,-0.06832639797656581,-0.3191383183014196,0.36568727829105363,0.3813223752942385,0.16619290304487278,0.14691514821661222,0.7374137137847419,0.21436439802688945,0.40301056988763473,0.06962328447643817,0.17422000928845005,-0.12605199978161785,23.9356648448201,36.50802533692652,2.6956040399141963,-6.654022247286747,-5.7065001265237445,-2.2939331432218935,1.291106491620904,1.4829835053217346,1.9580953628891833,1.6230684886265296,0.9938918080548746,0.9621081526872506,0.482255650498137,-0.1924648901021253,2.919501403372289,0.3925925763333935,-0.32559417709883776,0.9075705458930259,0.8437433469473656,-0.3009889475073383,9.88009005625798,27.497435789620717,0.8632398555078336,-30.413317245851403,-10.88138669512306,-13.307000832327072,-9.22309774847611,1.7097162413589753,7.32843586972433,-0.6693441353928253,-3.01954216285765,-3.899418756236467,-0.5628946757098685,-4.602026366207273,3.687507413449041,-0.5964229117726412,-6.716245159169612,-6.040235623384799,-8.969227034581582,-1.0395296574826016,-16.775465245274294
55.33019280777487,-0.2645946227608311,0.08945323436282804,2.230375766697098,-0.1258930352914791,-0.8346442647273196,-0.05814952019327135,-1.4073802303029566,-0.5384863222925,-0.6268258973253493,-0.21580027889421816,-0.012257979018389431,-0.45113443424508803,0.7734546056005751,0.24354245772076055,-0.5006733674132042,-0.31981926877284783,0.04044817513157528,0.3078793871657284,23.708190575608317,5.017405480599926,-7.997291059414917,-2.6503956983775363,8.95365530196788,-0.5484890256390349,-4.757258887602921,-1.6574056423893735,1.5021393241616539,-1.3084051550774194,-0.9945667417038819,1.156397775909502,-0.5069253955456978,-0.5767156563287252,0.6519863623526865,1.1083996347375398,0.031446429933679854,0.10812832660875671,0.06288478607108705,-1.394032835485068,-0.258090245515163,-105.41991015502421,-18.19582695897438,-7.688208433692029,-20.861652065228572,-7.071290046782982,8.92353827113712,-9.494323193054573,10.858502338274409,11.137998479136186,11.937676473924792,5.051101096502277,-3.022743545784602,1.6055445382889997,-4.314081844048047,-4.857847176348017,-1.8083369097010784,2.7606347339201305,0.31999710541017423,-10.467530974306655,-47.06147164980112,53.960203082461135,3.6481717346034443,-0.4940018308699803,-0.7425284180761791,0.5203031237203257,1.8220560239052834,-0.12645598954284765,0.7557442491419484,0.38546081273172006,0.7598741194353531,-0.15244691983976733,0.07420001623933103,0.5187655890649638,0.908538266886638,0.013345066535245698,0.09778723038122039,0.1631511380396673,-0.004610549177322509,-0.3616769232278889,23.708190575608317,8.976217775408031,0.2967581537541779,-8.716290955044201,-4.753253190475981,-2.2213460567658165,1.0825976255772107,3.4538215107582104,4.572475109656588,1.4294963425006062,0.29537319600298195,0.6565840785587105,-1.3284307693061215,-1.3471851275714417,3.1512579891276724,-0.35079398333846434,-1.0749618249581592,0.4036796728160954,-0.7817521224062929,-0.04909218098788615,-0.258090245515163,-93.37903458943362,-11.06277175717717,-5.661021613308221,15.435609863952276,-2.5324370481214054,-17.345741319743,-4.884415267457227,-3.723827712302633,-3.2699222549173586,-3.5837831676451035,2.243012915139124,-0.15182936979300599,-2.606840492135369,-4.8678096967680045,-0.8207633340156322,-3.662020909979681,-8.62277462618754,-6.97597721655424,2.04401858797516,-47.06147164980112
55.8633096686482,-2.504790228202187,0.6693226712677158,3.0244919481065606,0.04715021795311802,-0.95857212636689,-1.170042353556274,-0.5757355371391646,-1.2562211116748996,-0.8022955285521565,0.2628463554921403,0.24787398041662367,-0.4476131236926437,0.2428763531821585,0.11607383913737035,-0.005254740919663936,-0.19249090270326774,-0.21141155260912248,0.12228902871227132,23.486466202836272,-18.936310915894843,-10.755623727825082,0.871201040984904,4.90676721296706,3.3695959566161355,-0.8288109169641258,-3.2036017534269425,2.3337974780953266,0.9307854761632885,0.15447772254286862,-0.21502643636554586,-0.5813722520295541,-0.19344704960746917,-0.7874473622083802,-0.7613981590675174,-0.23166631079257494,0.18845064278614476,-0.48398442230768857,-1.8802760327033619,-8.13565345829323,-87.67399956928203,17.48827415958505,-8.639999148035328,-44.33266722304342,-17.01183869605041,18.843698887047285,5.760888714885685,-1.0941265935013609,15.957497980789654,13.041391070020593,3.5143288546033657,-0.5735659319242008,5.094804800422609,-4.2435277176868915,-7.481202305146744,-3.3485349021494963,0.7500005873405549,2.398822860100153,-4.42447212930154,-36.794245857108805,55.99506945560969,2.112291936566016,-2.155920606903253,0.04382966592803372,-0.23466157844843583,1.1071879130694784,0.6787635227312125,1.6005415595568881,0.8824838603916401,0.6840814267976203,-0.17135049041375572,0.16208408319546974,0.4335124090696183,0.6010407075702515,0.21501346514418485,0.26673518353735104,0.13145929884535423,0.3119152416918951,0.009582722206741945,23.486466202836272,-12.159750979884855,-6.793227964477065,-5.812203702472136,-1.3660552733118942,-3.209203273861788,-2.060459079304677,1.3565188778232968,2.5235667087074005,2.3206648412043482,1.251507876914136,1.527783996304469,0.4459535015597631,-0.3651183386712913,0.4216241897752613,-0.19268650651669827,-0.641332839160841,-0.5784199806973194,-0.16003175349925658,0.4889883516378828,-8.13565345829323,-97.19218652023562,6.636046050889918,20.350460663206544,18.468977147803542,15.015033987212803,-10.948093124639636,-17.34564285143621,-17.998177809927252,-13.970913964394342,-6.142116210646779,-1.4448367845236876,1.4294110195831324,-0.10733677772655881,-11.431436151329065,-0.5318568133115138,-0.7716111131863246,-6.797362547488046,-5.96686568205875,0.31472398994694073,-36.794245857108805
53.78618501066637,-1.6134402105796912,0.4340460959169503,3.836553821328819,0.004142056714730558,-1.368672333163206,-1.0377739168823696,-0.3937173592462244,-1.7126898983585814,-0.9127590294867471,0.19904015405488007,0.1945755834658005,-0.6270643817656709,0.3007211797103164,0.4125352703076166,-0.2910207275994492,-0.17901722991447544,0.20387580230232105,-0.2852485915115457,23.216359874251744,-15.023471182604432,-7.10750222000059,-2.3843685366807765,-1.9723171960649073,-0.17620506081846088,2.8426772918814196,-3.985856227547403,0.21862318413756876,2.7093713039081786,2.9332543875605745,0.4224376263481959,-0.014721618444750284,1.098738463203229,-0.8999883053697684,-1.7604599617574432,-0.8625490632840926,0.9319452454957009,0.24499177570920683,-2.6856452021837423,-9.245518280131968,47.97885287344882,48.26344403590525,-25.87582224969699,-48.36142514614209,-31.66388370839689,16.60788649825211,21.031006472107823,-8.627171075347107,8.753291214101933,8.455215008656182,9.483812056801684,3.4949128229060795,3.692229024015447,-5.761787426172107,-5.344857780646585,-0.44518229904852324,-1.683274290470855,3.7442830337634287,4.995527706237181,9.989547032672046,52.962959633869225,3.572555431954813,-2.5573091799351193,0.01418488976928245,-0.646841346680711,1.7611811301896712,1.0022021073096405,2.128348016499298,0.6157052720938647,0.8728084420980637,-0.048540657727181635,-0.3389321820463944,0.1587030442958055,1.3351291457520034,0.2631436360414581,0.23367672998581157,0.16672806034367693,0.003809558825116799,-0.09565555884700361,23.216359874251744,-10.56285569312336,-3.15763608057221,-3.8526775544787344,2.2704091272814533,-0.7938569006735356,-4.1976953598855005,-1.7027277872943474,-1.6402531509724754,0.4471534957361585,0.2569318714804534,2.367938752970505,0.6334777003368672,-0.5196108445226237,-0.04192994207182332,-0.5217398023794504,-1.3527219199653426,-2.012845539117947,-1.011372999473126,0.714206684950619,-9.245518280131968,14.465157136466132,44.20121038633242,27.689041413574554,9.573373342212665,24.99253752504936,-1.2637141277736084,-20.009406238125838,-20.994521524282312,-22.96331872909549,-12.46648302033218,-10.231154722351521,1.1795038836921263,-1.6178167440201112,-12.209587972996092,3.85423503387255,2.509825325287146,-0.7770186374321564,-3.071051756716936,-2.775172283995381,9.989547032672046
47.614172597698676,-4.748457898019615,0.2792349773568126,2.4125875545702535,1.173816280104493,0.5809773486379419,-1.5445717909873626,-0.66181241788974,0.040625626487085675,-0.13612529622616254,-0.38696504911116625,-0.3878815106613285,-0.06825651409214917,-0.2730369303909732,-0.2965640353465073,-0.463917613969252,-0.15749991336125313,0.05184570629124474,-0.44893214328997977,20.11375346635177,0.6327299559639101,2.9414980776922546,-8.509450342391457,-8.169126618777106,-6.897764626203247,3.133804915247337,2.6519458607228996,-2.084591581643153,3.7187174639019376,3.635969728426083,2.7967739006272767,-0.023892403238134907,0.748690864173231,-1.330532040497496,-1.6170101377141934,-0.7321835936754497,0.02846142132538776,0.8678231959567795,-1.1791798183167574,-4.02331885498802,102.94001404690773,38.60778724281673,-19.222893378250273,-25.422961781004638,-27.358507231901708,0.8963313620517059,27.328859328654477,-3.433438847629989,-3.2920586672801986,-0.6135213054790021,7.709297741884569,4.530034618838183,-0.611393481113951,-0.6580355781239278,6.8819400981445025,3.782386926343433,-3.3536926619962086,4.182727939544135,9.628774798484331,32.03780863777705,49.34858562736582,0.14973882794841487,-2.3710487059552814,-0.15896484504159147,-0.22305875746635984,-0.5367532777805635,0.02254281741522357,0.5071550726984597,0.7260718726196822,0.9349740554167663,1.0932612423901802,0.595735752967617,0.14438725126554575,0.7349303692396898,-0.006878139984565879,0.014399400504918614,-0.22137516702422633,0.0899940785376021,-0.01456850615311911,20.11375346635177,-2.318531188925597,7.740824182522349,1.0894013840337915,0.01615728849930953,4.499839272338368,-1.542793577967558,-4.611563271370091,-3.934629411759911,-4.871217070188417,-2.0579456350072505,-0.6159875767804905,0.21600692546820888,-0.6599204204898137,-1.1996227066924952,0.21213707919812963,-0.5725196861884083,-1.2828481218839756,-2.024879055548593,-0.5252763855031205,-4.02331885498802,74.65091084226202,38.365445788674634,17.628736789997596,-2.228254873933921,15.266430993131127,12.473298186372597,-7.441613803791437,-8.666340791903837,-20.96373136686844,-10.045387438674622,-14.351480426938858,-5.393101398451714,-4.519945178471756,-4.321198466003064,5.161602922566195,5.200020872561803,4.900905278112989,-1.4899767911760988,-4.509811978840265,32.03780863777705
51.94302575194742,-2.696511897852412,-0.9076871870221086,1.5501693654327977,-0.777328596776397,-0.18308035628902575,-1.8638129152514287,-1.2550301978588845,0.16777596058059663,0.5067161802919409,0.3203242365815331,0.2982589572982115,-0.09144350744372076,0.5814170947022568,-0.43036858591602223,-0.7026164625304565,0.12865785930399531,0.031315433535995085,-0.7493326279250172,20.771787803784584,19.22231148139496,9.285870055779037,-10.897981131537852,-8.689110355231081,-11.24675058842779,1.5653764454174022,5.930323786589617,-0.6022516836426592,1.674274458104223,1.4922947596826028,4.392403635813933,0.9617910915116323,0.7983298987886482,-1.9573650115888095,-1.1362232662624145,0.05911392185085562,-0.6535142078962923,1.2591224938205674,0.7531829104402203,2.6805159691682547,17.104986211441798,-15.649687175152666,11.233810726608457,9.854771668510267,7.209896510150071,-1.6064420292530865,19.0031255119001,6.56964177236415,-10.989161217688835,-12.303332789552693,-4.747073880813801,2.5498946979351236,-3.3951979415145908,2.9903843922641267,14.2043138985428,6.690276011000069,-3.023599207753784,0.5905576630690141,9.59819329136215,13.19398479695242,52.00201715002139,3.05063024862614,-2.3127765585833333,0.49407340104936015,0.1175732628925199,0.5451789393875544,-0.6497095305320268,0.4823109170849249,0.6872435544857782,0.7628937408660068,0.3992165902435172,0.174113031521691,0.40352274570568825,0.8206284650160072,-0.13657903209010414,-0.4524058380852347,-0.6668543985845159,-0.399336467336739,0.007502033427351118,20.771787803784584,11.288186448161468,15.130337273420679,1.677427208490113,-0.6576728002752503,6.420401432658787,0.19190781102184706,-3.5668405337080133,-2.6956875922509136,-6.456222066350756,-4.283141558202415,-3.3871074960745697,-0.6237055394142812,-2.008692458672236,-2.1429125491364953,1.3739117407403967,0.14554426119919728,0.3673844246933453,-1.3848543497400925,-0.929545954415075,2.6805159691682547,28.33127187187924,-21.748518686350963,-2.108912305289038,-10.610613768844313,-5.5212850238972475,10.263121496289703,6.202600411258462,2.278617874862099,-2.96433726471912,-0.2675796405595341,-7.4208374849175085,-5.910286258688152,-2.9822977195629266,2.607671735024864,3.6985958830098733,8.058405235702077,7.980467749550389,6.239466368593526,-2.0249482865096002,13.19398479695242
57.10125427598963,-0.4925053457196995,-2.914535858458483,0.0831208666660177,-3.0109967684029417,0.015534342819688352,0.5689500759897053,-1.187374908654411,-0.3370953091935198,0.3059517307715409,1.6005912645424523,0.18408609188135072,-0.3410781287670033,-0.5627376245625597,-0.27097930160790695,-0.16554867029188514,-0.33209773664980924,0.30878022975243025,-0.23525886223937165,22.697092810575842,15.410804775559328,0.3515837556934698,-4.483439350711695,-4.446317097952171,-4.774384895530053,0.2580051872937359,5.502737903831786,1.027515488170446,-0.19769543457483296,0.5681968837423534,1.6546394298438702,1.1953887024113463,-0.3489395079571542,-0.5877767981608235,2.36745354225722,1.1986956598116674,-0.6956659615159628,1.1003141884086984,1.2146973102268226,1.9202337359451818,-58.951324869081006,-52.864829985221164,45.185816756583286,36.30903736216477,40.907835950251304,-1.4343562872162043,-16.318814042168487,6.636370794256161,-9.588354154894061,-13.608388059116583,-18.726973995132315,0.9514904158501385,-3.349724165190961,10.237770323962732,12.208834126103772,2.404191464026779,1.7484081246101646,-4.283298799819232,1.5402100752668042,-8.407892939487088,55.31627510307081,6.243666619491527,-1.7334862255622503,-0.18803594546235036,1.6330507529341325,0.9437922194867578,-0.8010622940329992,0.456245403384119,-1.5888938158985253,-0.28993404008997636,-0.7032229027893504,0.013564939145531474,-0.01885765188022992,0.25847969459200204,0.5209433388090308,0.32351662447867,-0.09317353263253714,-0.49895127300147357,-0.30463426668199567,22.697092810575842,14.240183370603738,3.2455082528638055,0.23711231104223973,-1.016141746500503,0.8168830560376144,1.9813884284279473,-1.4322316508655892,-1.281886466605299,-4.709513061186415,-1.5011491275817408,-2.770433092642423,-1.62200557779052,-1.8805501208323632,-0.6884837396939345,1.440289183206476,1.2095445065377906,0.6819176764535291,-0.7182794739538227,-0.9440413180994026,1.9202337359451818,-17.18753802601787,-73.02899775685601,-16.01440741489623,0.2654004776137646,-23.7123112492769,-0.42139864841520236,13.740656894534522,7.7619255336862745,26.799884096919282,14.726476474456682,8.267045399222244,-1.0581834408252822,2.4817385894427533,9.845515101912952,-1.9317758961910048,1.9560913748753843,2.0066365644906927,9.22223985341378,2.637471183188883,-8.407892939487088
58.653799912218375,0.9015185411598696,-3.4180590519443284,0.6567319876653963,-3.5268267132454474,-0.30326260754537815,0.8706270429239049,-0.43206195568521855,-0.6866922014661672,-0.38765016314429745,1.4014638151350371,0.3894873279502771,-0.09148862503391975,-0.5331109789982951,-0.16836872969289085,-0.4106482385127048,-0.41847542221834355,0.704969787482012,-0.01549377681673958,23.264948186723835,-13.860015486681242,-13.63738864657753,1.2195313307835707,1.0936638777777588,2.3670533289199778,3.477356141231677,4.090310506848205,1.9473905354128447,-0.8270028556978533,-1.6845255848739078,-1.380032078667001,0.6505851776980709,-0.05004532148887364,0.22382626959395857,3.3494651475282495,1.5171493154723832,-0.21779066696051563,0.4240251110177544,0.9165128792255433,-5.620302177122358,-81.60752392336754,-18.794052141362563,47.29493133487096,31.305752161597848,43.33750516306498,-3.912981895430318,-31.084548982775182,-3.2677700880123632,-4.335124356139479,-5.822435129797288,-16.78014174598899,-2.173799788740067,-5.102658205571817,9.630231883686541,3.036893328938833,-0.7228456487858548,1.9631691094786292,-5.503048287249459,-4.33495576720493,-6.304382201156777,55.623208120097466,8.090760172893596,-2.0373768158865784,-0.30011596015796327,1.6353046144484362,1.116862287066934,-0.36941560382025473,0.8059590550310114,-1.4549229168224096,-0.656308289249772,-0.8438523331747012,-0.3596995448424922,-0.7640207334674247,0.5018982085075996,0.6861887670148581,0.1518902485985345,0.286319455494505,-0.3941449402753916,-0.41539565579010285,23.264948186723835,-4.676577036948409,-11.78423745891842,-4.480989170627478,-2.518748239640797,-1.7130213044717828,-0.8282256149384017,-0.1910933919173674,-1.827315686118732,-1.1158671411244026,-0.1552562025120685,-0.26525723155728276,-1.402659177377844,-1.4004448541328123,1.0063364419413283,0.713482087121313,1.785448601522596,0.9950054364884953,1.4550603940262519,-0.08888499200604016,-5.620302177122358,-60.997506181318165,-51.20454080349967,-0.02813481401046225,9.555706098035078,-19.77201201843615,-2.1052782812401403,9.952422430282994,8.957323193533973,31.675219817049577,16.969176904615885,16.196385731529453,2.478987062614148,11.055410742789674,7.513538053262422,-5.923988565001916,0.9546666630121023,-4.393321060907169,4.128876501556127,3.5441959897821547,-6.304382201156777
51.96418790534286,-6.371681239679021,-0.7072987655379248,0.6361476944778683,0.1613728905739915,0.7700710679129861,-0.1604228181591365,-0.5595387948913499,0.3690119902230511,0.5951563173631333,-0.10021512346598316,0.1641986552183119,-0.2427037092756268,-0.009661292621109041,0.7561628076705369,-0.010553896072294178,-0.2317662533580651,0.2651756235225855,-0.20850291373070728,19.827290142854736,-12.301768994538492,-12.029287563740041,8.024701804739474,5.0940049458008625,6.749251390248521,1.4606369237320975,-4.587454520490637,-0.041227294042824436,0.17517904335594547,-1.5798141288539536,-3.680495239698414,0.6074557615937151,-0.5019836082834885,2.697757480892486,2.244562718442361,-0.2591055584728239,0.6848037131625817,-0.8562775125514299,-0.4907397650760168,-4.076856251586257,-9.78625355805302,69.10909848095663,14.208519503496078,5.402190218054868,8.223578175357616,-8.492301939554872,-19.421274889829952,-7.487267857401562,-4.054464262111779,-5.639881972895138,-2.630423739777627,-3.3123355134587262,-3.744051985632287,0.4114088378884029,-12.85054973864672,-3.2650195752609363,-0.6270230166710851,-2.1245378321860127,-3.454762615082287,22.917025737658207,54.65808182762965,-0.7475720077534103,-2.390192421782539,-0.26994103768818123,-0.5734829052255108,0.16809926259372032,-0.8337199713734571,-0.295612229577233,-0.5576014223194319,0.8940005066837853,0.3295791577780778,0.05163925225444865,-0.21211606956407936,0.5500536276469263,0.30188255206619097,0.3170236104319293,-0.35700325583697223,-0.27174142196998297,-0.27514032059409343,19.827290142854736,-2.929918459379593,-15.31638732973611,-3.8385941338555285,1.0793952469889652,-3.289604983734799,-1.2434261891950347,0.5708916050018473,-0.48785259798286473,5.858547515658047,3.2413499243759176,1.9566099905719885,0.07639202403734924,0.276825071961851,2.148510348725069,-0.4235360420878309,-0.41442616891241557,-0.5933403455362041,1.1662834992751252,0.3731287248868035,-4.076856251586257,-54.063097866257195,41.38835365106148,25.722479546975215,15.377721160305255,3.800754271212564,2.35863218413201,2.23813266121249,11.638419828257504,14.031484484302233,2.245993563344113,7.146468568288967,1.0970968334369713,12.638207170015452,-3.6646993732446385,-4.121352952149433,-0.24068365618845533,-1.926634552130646,0.6532903264481305,0.6700584031516787,22.917025737658207
47.58155119393018,-6.575618274161517,-1.4015400680906023,1.8204878904157518,-1.1799867618048747,1.1783293517801638,0.5460287852470946,-0.5952529870339927,-0.5987791169766155,-0.48014890544080924,0.48071139125225026,0.6334952644787664,-0.16565337793384582,0.4167920635285107,0.7307929332088805,-0.021539191904060395,-0.030403215822134566,0.26513029215979467,-0.30445416256657776,19.396538049083958,-7.7251635952398985,6.079279644814511,6.495413958172042,2.1936047036913267,4.6601838502154145,-0.9924303705169377,-4.566854492636763,-1.7017653365422056,-0.679724958930906,-0.34491729891788747,-1.3300999024094184,0.16885766755041454,-1.6764771538340932,1.214983790727807,0.4436688101144315,0.42659170660017387,-0.36216449049625,-0.5141057993240976,-0.5615764355108246,2.5268698623555856,66.86529900055183,100.0526948462974,-16.31967677467074,-23.229365638842093,-18.319455518888603,-8.663389187986311,0.8630881339403853,-2.429537028446723,-3.1235178888056128,4.668089738995494,6.306250096643755,-7.8492872432563745,-2.0703942011156036,-9.636440525292862,-16.493558078826087,-1.5522802797218527,-0.655663821079117,1.1987758138459057,-1.5599395708335295,35.866540078949654,49.99282526926776,0.6541308327893982,-4.224918045786928,-0.7243481726581229,0.36432943973645027,0.5189126103648722,-0.7289273878204816,-0.05541810949376513,-0.38633621286596975,0.09329836622309173,-0.24981305581883828,-0.5462537137216896,-0.20007047251879317,1.1780097194592092,0.32969240484197226,0.4435649696994337,-0.037436818738050714,0.21458880416064163,-0.05168743561962008,19.396538049083958,-10.625515727505949,-1.1909853370291965,3.701213023933766,3.0724117519975547,-1.4123605566730828,0.7516759792132679,0.4078090534997654,1.3859570702048556,4.0973575537518,1.8301973681266985,2.3475638280829516,-0.23341080902114175,2.440325316325493,0.19535943328521355,-0.6561699291134075,1.4348629304303515,-1.1916470947653728,-0.2626975855765028,0.18396701898289924,2.5268698623555856,-2.9529169596915708,85.34974619688009,37.81292383304727,16.758313545259398,10.969960823994963,4.649877048710626,-0.66147351026087,6.616526094940001,-14.169075020734436,-8.001542740446537,-2.5172597514288295,-0.3697663360083696,8.925970674439174,-11.671199509983296,-2.4857499498578237,-2.0460428561345037,-0.4018823116671393,-4.332108380323662,-2.060765379470034,35.866540078949654
56.48649413786448,-2.7685807199290267,0.08955555198439091,2.048245388191271,-0.8097910489989677,0.005056825022966116,-1.5624780554172082,-1.1263930400014361,-0.29346232976032294,-0.43770596250717997,0.22071985663463867,0.3658100044139636,-0.5549875564587845,0.3111895946202803,0.4017212261623879,-0.4896559728326193,-0.18373198326662288,0.10056122113782395,-0.33614855190246096,22.592869753602653,7.450252050812146,25.047798850475765,-0.01712091265789173,-2.295192401881521,-1.8091610684989634,-1.7532525266093932,0.12068295865929368,-0.8915405045528098,-2.2985665140141958,-2.9215482456832254,0.31446147182626527,-0.21991529924418862,-1.407749584600688,-0.8776511397835463,-2.604923158359231,0.11146467661730397,-0.9369905580836382,0.5071107274866182,0.22636066005386302,9.305160585035313,56.1846395325259,40.73649442077691,-46.454769601388534,-29.519426324736003,-28.355962701140232,7.07053624026393,21.856815560872363,9.670610983092699,-0.6442078767109298,11.864408371555115,7.7249544481130545,-12.107791132061285,2.3032074659984083,-12.56701071322307,-7.669168017143736,1.0778663066477754,1.0565605426262707,2.950859627523165,0.8048102332064697,10.649666130693419,56.666507298795864,2.30378762467557,-2.55901267753984,0.563777784282212,0.6237358484227258,0.6210539632402714,-0.3358605995319621,0.6430076866550749,0.8060865899522782,0.9559375943615507,-0.021937546181287626,0.1450380356038048,-0.16242024637362018,0.9946791134787318,0.4874234988515582,-0.029533820527987364,-0.22796556828436132,-0.2201763955819276,-0.2999240143238353,22.592869753602653,-9.81689621724609,18.643059017449932,9.007250987249225,3.877138837832949,2.5669298177445463,2.3707537234181175,-0.6126165429679107,2.9306870693616593,-0.3003831664734009,-1.3708791312290678,-0.5036093383180569,-1.6580813452503855,2.5181683789462106,-2.1153449219881963,0.06443871524911993,1.2644955139896852,0.8119266660151401,0.46724467907161993,-0.745438122018033,9.305160585035313,19.91399125968023,66.35178472929961,7.737716582724598,1.8880154797197264,6.172916269101458,-6.1870020838434465,-1.5445284975429527,-6.580713685626463,-34.15602234363112,-14.71550588331396,-7.021367820985848,-3.754982929675064,1.693197375406896,-9.535934859666686,-2.001431919084032,-2.9739713904348397,1.40526786920311,-3.811043947458904,-1.9997447133596173,10.649666130693419
52.530064998337615,2.1396081036921277,-0.5687792316194651,1.0474854926543582,-0.7111528183512608,-0.41697067135883703,-0.7117725847654404,-0.9995175014012783,-0.6953175209399332,-0.04367767266808453,0.575946373880017,0.3731104871276585,-0.7735852783593875,-0.08604452725508627,0.23068646611839938,0.042198653167544675,-0.6235748025121897,0.530224089012344,-0.23245917548627504,23.14559331252767,9.69662349091935,17.850415569463266,-2.9193956978531164,-6.826420267802096,-2.513468201150581,0.7526062724092668,2.167785834243432,1.1577786264444758,-1.151889021415589,1.3203863430384755,-0.2243853861074636,-2.8603729135111644,-0.6323594338880756,-2.806689682714456,-2.4725709534839986,0.5557240580663929,0.2652745581230358,0.3417188979216832,-0.22200711875616141,5.621959444041682,54.48768834564269,-52.78428161328469,-38.86482636930018,-8.589809655453873,-16.344859426559072,11.227416153438673,6.571383877546549,15.412238363049145,8.1323839466278,15.084651821939744,2.018974304996897,-11.780298351815256,6.106681134342194,-1.6940167438583926,2.4676858430413153,-3.227999334682413,6.315828252633937,0.2582136210314512,-0.5413664631526871,-14.274862382600947,49.306237520761385,5.969587688164507,-0.10236017604104486,0.8192305048556174,0.3305149592877765,1.2662229263502924,-0.41444076299111954,1.0296276320172852,-0.08808814608236482,0.22782185097469454,0.5056879328464574,-0.5231043410277412,0.4312940131000922,0.3772651822343036,0.2653333290654707,1.0426004292936686,-0.37402293566448686,-0.5512762462576707,-0.3110202994337823,23.14559331252767,-2.709546637860946,13.910912465928606,8.00255018534378,4.46153673756691,0.8436917067860259,-0.31037704688966494,0.06992392693707661,-0.22832247232099356,-5.1209393104258965,-1.8499130449328443,-0.29377744282667484,-0.7203056607381615,1.9418688295945958,-2.6973356776936863,-0.7733802664760743,-0.07703366799570621,0.09143077487925355,-0.36147438603382653,-0.5599842582886388,5.621959444041682,80.06608228065025,-1.5798170585434415,-35.9489116264833,-5.881562505861162,-7.373724532537942,-16.939315325092636,0.48317707507884267,-8.683921954005342,-20.69370531187851,-2.6425671300969293,-5.975226875043253,0.1680278008518441,-3.6868209828373897,0.9808674412372962,-3.579524570961108,-12.193230503916084,-1.900087299255563,-2.77908127576446,-0.3411058418197104,-14.274862382600947
53.21505702854522,1.7946049966320392,-1.1322396401024393,-0.12494730758219541,-0.9776246154022972,0.6910948161777899,0.5288193461767778,-0.803176789984112,-0.7320020648023879,-1.0838534218648417,0.009398121133266102,0.18443339427177152,-0.6426125513632,-0.19706856712108367,-0.296245537963838,0.013309519700555272,-0.40367573905485665,0.38618408883961997,-0.13132007724392714,22.605342803650537,7.079657228644834,2.4533916843240346,-10.495278167942212,-5.155695730820428,-3.8419039346385984,4.12338672240096,2.9736330965054476,3.364306216010184,0.08915713624282207,3.5197382359454217,-0.37087527379286445,-3.931824513906138,0.12756126474270668,-1.5749111389979178,-0.1319014083302925,0.21526141911795427,0.8993644601660742,0.19123995258726212,-0.25811930685011353,-0.29956797708259586,15.101463127712904,-96.110286157423,4.510051954259143,9.922005767576891,8.476531554637237,1.5549655483306597,-17.67989827599748,7.1384391802923695,9.024253859884558,18.04778674468249,3.605759937741025,-3.3230720289410156,4.819507873427202,11.412818394293538,9.539178352888104,-5.226094998873942,5.606118338028865,-1.4610766200445084,-1.3055295679160555,-23.20452615158518,50.092927593259795,5.9162290732840015,0.05215413696913229,0.8968390424714232,0.7268892438710992,0.979820966310069,-1.2972715552720935,0.6272084343480715,-0.8569170389479348,0.14129919869344998,-0.2999760057135985,-0.7889761067177183,0.7312858770995831,-0.10724656473471894,0.3662814475790017,0.6497536376296544,0.21725313563381587,0.34481344277498316,-0.5181929496960288,22.605342803650537,3.069092625638021,10.30855613343479,-2.1204044231982366,1.3288404940641505,-1.3311729809136246,-3.8059007180652915,-0.03243008048828466,-2.971069669533172,-6.6103152240686684,-2.2763478107512904,-0.23340328446612246,-1.5576520149416728,1.3726520030307476,-1.173109525618823,-1.3656468329485136,-1.1454635649168066,-0.5322453457569623,-0.6898500742256651,-0.2547679931572361,-0.29956797708259586,79.75914231484182,-70.03206717427639,-39.823270884812274,-1.751050228162959,-18.09889140727866,-12.802980524233563,4.5387408507112035,-1.9018457965869786,6.255200528613393,7.547482870623146,0.90532421006567,8.47938035228107,-3.981062828183961,11.590969355670973,-1.9158556605675654,-11.193323708659982,-6.930775839936907,-6.3202641541619915,2.502546147835437,-23.20452615158518
54.06558149404949,0.06799665228958318,-2.2503403209737454,-0.5061258955985628,-2.3528040791785005,1.2116134924073854,0.5842730015718176,-0.1779717988204168,-0.9554537601633775,0.5031179957572594,0.47417956594920474,-0.7060028872057198,-0.4380205974256759,-0.7324236969580353,-0.15650916147000582,0.004840090862548774,0.21220594113350022,0.29317830726973826,-0.5178719592739254,22.201281246080857,19.703977988665102,-9.015657578751972,-7.697920598835889,-0.6710484595661566,-2.4958744299943034,1.682958081697222,-2.707637622786565,3.8764304847008697,2.192605189254485,3.9767653712376605,0.022055622898594862,-3.8653369010262386,0.6092079886653068,0.7166054184057964,0.44100085662061983,-1.2393063319913578,1.8775721266958625,-0.22706360135869397,-0.5900196836351799,0.19180295211406673,-22.356673773194288,-99.50229502467218,49.344535797259894,20.682663308750598,17.06516124149664,-7.678594033364496,-14.863063654409752,-6.5701323504239575,8.368800359356374,-1.3640144469878708,5.877738082208101,13.70309613796784,2.9380080832668227,17.59110771954065,4.61192771000161,-4.030084526931355,0.3354659283637844,-1.720091535506383,1.2583298379744374,-13.098862704516758,51.92484180310532,5.803366341449486,-1.5292263603695235,1.3398895670307267,0.7345985954052765,0.18434058538514098,-0.21325994648187763,-0.1616797195007602,-2.1153040536288117,-0.42433895840928004,-0.25768254746602026,-0.4393994729300088,0.3240108805419031,0.3803047197190914,0.00357329724021338,0.0654044066227597,-0.21433078325751254,-0.248643308034727,-0.22254509707784276,22.201281246080857,22.964530991377117,2.186357575706654,-8.709415084084153,1.4057796709513735,-3.1501714236129685,-4.629654462591344,0.3593043597993737,-0.005125537350399778,-3.094529073389823,0.9616481428393453,-0.7751526363646422,-0.19961157374957605,1.1696730128645296,0.214675455719175,-1.7308894404951447,-3.456772782074444,-1.4696047385071032,-1.07369084681009,-0.23192096635735437,0.19180295211406673,55.47089996152639,-112.0319651704995,-24.471366626212784,-6.6586405414150285,-3.652488740349053,7.3149665988325365,-2.900496810938729,7.443566601275986,28.6178206939469,7.949411893012381,-1.2603973132402901,10.673569129509948,-5.415029052376605,11.456798736367062,2.102025483370042,-1.4783366392345334,-1.8439935193974237,-0.9484121680611084,2.0972513126353274,-13.098862704516758
59.25856450433096,-0.5060791520657371,-4.317302987309574,0.247203216907518,-1.909917385904647,1.2524581043403349,-0.7236843003331135,0.14498721671322512,-0.11881564202718975,1.048765321252859,0.08616562370361258,-1.060545565372416,-0.658989264554287,-0.15307639002720408,0.5293683357914443,-0.3633459821211442,-0.15194012500643073,0.31470408830275787,-0.32250181343369255,22.91524179828476,9.997306365795723,-9.57430765412812,4.627167514963066,-0.41187542221104545,2.4203078232415165,-1.440945657088041,-6.281554450824449,1.3183531564651778,0.5413133105930461,4.774155612558427,1.9941209361937486,-1.3789693199571593,0.3812206408362222,3.067110506803096,0.7078801130325123,-1.6040676277907915,1.0599198266443808,0.06096366710455259,-0.24239784146465548,0.4179757552065304,-71.01283077422455,-94.64626550307455,70.68272704356713,15.077371940607351,12.129382656867627,-9.1161396815485,3.869132144750902,-17.3946155586073,-0.654487589238518,-8.943344926540044,1.5570948238538307,21.80201184042898,2.768660219375552,9.24823522312931,-4.072096873082896,-0.14783045295891473,-2.452916375267668,-1.39740324663016,1.4664320470434953,-8.468284219638171,56.891751470442905,7.541176364750475,-2.905781796974719,0.9678685002267327,-0.2438924600928365,-0.7409552253097986,-0.4526660480307254,-0.24687347235248835,-1.4854630683088326,0.14384409367789264,0.24304605174188998,-0.6756404059158978,0.5775473214208482,0.4066045819269264,-0.06451990171006994,-0.1136675916509362,-0.5739343173663296,-0.716417901806232,-0.4715456120804231,22.91524179828476,17.225636125555788,-10.510697124577291,-2.5484018204429457,4.529492257059238,-4.485584320695286,-1.8710978308478243,1.5120636659565423,1.8681657035828731,1.8140119793152591,0.99708171019641,0.18974036348376178,2.321261787395856,0.9137348732192632,2.2241341891408597,-0.41473452802512756,-2.6422967833009374,-1.8729434972601349,-2.336779167621244,0.3418033059340434,0.4179757552065304,10.778459835645052,-131.7844725745541,-8.651812450986785,-9.707033209218931,7.605178635661663,26.307088177362367,-3.226055467233234,0.5450292134437487,24.924829555823308,1.678750651366838,-0.9001303583817846,11.336896593455986,-8.05301836191103,6.825483345473652,4.198261301887095,5.691677635809844,4.010938393661844,4.30138223807336,3.3992776672176994,-8.468284219638171
59.36030025477729,-1.21787861133497,-2.825207857433842,0.5258860006264232,-1.4929436480972376,0.1438267254085015,-1.4393395729037772,0.464615737600488,0.0943918622997102,0.8783956413918954,0.5485904340441412,-0.9370684835633669,-0.4607929274311906,0.25026209340087213,0.038379957551068156,-0.38912676191728446,0.18934345381152862,0.45243228860142803,-0.43187814920898226,23.08654529126759,-2.940537964253238,-25.886882273646744,14.191649359324192,1.143001232268512,2.888006540657682,-0.3045245545284807,-0.6361522192964957,-1.1043110189949998,2.806433071087486,0.011170431238037626,1.53198555000328,2.7147475584982663,0.7098149196985779,3.667853354155361,-0.586497859164596,-0.5496536819449116,0.3527298390657747,-0.45318872709015356,0.3992970675383283,-1.2862437743612603,-88.82260319484658,-72.48713858724842,24.506190300196067,5.251466063352112,-1.7990466923340231,6.121217325154247,27.82161471311619,-17.400054191540455,-12.927781802577229,-7.721863337436851,-5.8707986180941765,17.91732063573389,1.4255209399443012,-5.578569858539266,-3.0977657769380884,5.4404489160967024,-4.328960732688389,-1.7868788121238515,1.214849549088807,-13.610634783079341,57.38909107785839,6.2502928302845975,-2.978099751111196,1.4866056114536494,-0.7591799005367399,-0.1882162091354458,-0.6570913367121167,1.4641058166923653,-1.3210796680968275,0.7073734749021459,-0.1533994140636079,-0.6795779783034395,1.0929997973717245,0.22767733676306845,-0.38471071653756583,-0.304075347103258,-0.7132315784179657,-0.5575059973721082,-0.4503044514202623,23.08654529126759,17.947631592943367,-31.695443490315103,-4.019134429140258,-0.4681094146381479,0.5946530065023299,2.37970480891787,-2.1525713517547014,1.0738431417589769,4.975807434855589,0.4880781410994963,-1.135547923421762,2.6770220028480485,-0.5361871316879643,1.332441833110004,-0.1978236772527464,-0.06778537842090748,-0.160216909067872,-0.012215923366591275,0.1903557484833851,-1.2862437743612603,-30.04793303081798,-78.6684925484019,-11.911173236275811,-20.275053126687354,7.6198477421009505,22.789400256526662,-1.0059469568311266,-21.20505009542678,1.2921334879158515,-9.255620589238614,0.526264539748502,3.7342122009186,-9.856741508114013,1.5672541291881035,5.725460251148723,11.099057065383672,9.805159692945622,7.455251530354436,3.060431114714047,-13.610634783079341
55.56635083107918,-2.3496111986197445,1.4687778856091418,-0.8468909668002111,-0.1974009193221704,0.5045153711332113,-1.600151591997649,-0.4652939799619755,-0.9862682207374087,1.1155855615970536,0.9692531551826722,-0.3895184675279846,-0.4406160659423315,0.8451437911010107,-0.03975004095811885,-0.5917408678049239,0.13771541792831954,0.33703893172605137,-0.29551590300872643,22.371698658660435,-17.104500182008273,-36.43412871976585,13.901300374761313,1.4759653935659136,-0.4691530915307771,0.5590581997395621,3.872456467135864,-2.84263081144553,-0.5450005992929374,1.0308632426752107,-0.34729282541829165,3.6791391765460997,1.461587908913847,1.5735825046919545,-1.6542004869791325,-0.20348013238472618,0.435327416347284,-0.3943991078620881,-0.01956165891511996,-3.794686723664018,-33.71371369270261,24.513257383380566,-43.47127668093521,3.2663079243290425,-19.222812425685774,6.777773793807857,28.053773195363405,-5.64770230889453,-12.887685758266768,-7.005712510027031,-9.894853157567882,4.781992572886587,-2.5786991310921286,-15.425088824459253,-1.251898511686083,7.418029886626694,-3.8364323062377457,-0.8791266294956419,0.2553681500350722,-9.065369674086014,55.973621018661156,0.4374172665778011,-0.49761007788150424,3.088227148789581,-0.7690136685055355,0.2305504481464502,-0.3193240271787028,0.7483985180429453,-0.3470232420562973,0.07398383713594203,-0.2572473906729238,0.49174403966692504,0.803658855294304,1.0811342213137223,0.35305619045532755,-0.4866548771578054,-0.469768215416025,-0.6691447963669481,-0.23341161955779732,22.371698658660435,10.966772242677422,-38.64277962083138,-8.791450976163576,-2.5877315677505544,0.5990041218595579,5.842963734861285,-0.3895199583278641,-3.238039402365986,1.8169312997202793,-1.200187484197947,-0.5032708201284548,2.672479493487508,-1.8009271056485208,1.6807489584225879,-0.03304906362616489,0.005881551161347032,0.8185299363543441,0.9301035830892654,1.233732483031244,-3.794686723664018,-59.494006925273496,58.181844676576276,-8.800684533406162,-20.442492547436043,5.623840603838035,10.486291980057734,1.353640387533753,-20.352215086648734,-15.433040173648362,-10.34722334011009,0.12678676078270001,-7.497505679364172,-6.440220144855702,-6.889581146987696,3.963015026511255,8.36682917955713,8.17191517785372,6.7090582448112706,0.2738118974522443,-9.065369674086014
54.44141934854876,-11.953678461256786,1.9524439222289924,0.6124218123895577,-1.7650590421408978,1.4333225817467068,0.7044305377558375,-0.4249867099803164,0.881489064735475,0.47529309120418084,0.7986285752113149,0.3158573431211975,-0.19229973688236468,0.6023928895555377,-0.16519890267752224,-0.1557893072680172,0.24374308919901244,0.055416522013014724,-0.3317163807172443,21.82993092871239,-11.156420334856193,-31.829316339557316,-0.081891878636978,1.01076416422142,-1.9506673187751682,3.743564815860544,6.126164274791373,-2.743104627114005,-3.7281287570911377,1.987479887460843,-1.7426368053424732,2.564269168589077,0.781784824598645,-1.3259155098082664,0.0731582681573979,0.7806243783539608,0.02538796550021627,-0.8928216199372994,-0.09401300036554416,-4.50718319999033,23.17142781533667,173.56138915547862,-77.07261884188259,-9.553856906139508,-10.118082415492706,-5.278597793840065,3.058567495799356,3.776117701849741,-12.720044682909805,-4.249013928351436,-2.9892398917140035,-8.396893038784874,-7.433360278116389,-15.883167190931967,3.8154887320306536,5.72002281260209,-5.406521493135269,3.3173098157537533,-0.18928043232519598,2.906884956998219,61.35772282546788,-6.492475854621729,-4.74287943448626,0.0456555354302286,1.294485702862791,0.8884401531159516,-1.3562166327852396,-0.12239414381898861,-0.19662024932728484,-0.14536975958855658,-0.5753097879694944,0.315419305702604,-0.05713845223880698,0.7092608165806955,-0.30412658746885857,0.21800536016574057,-0.34652228876660085,-0.2783878224376646,-0.2464342190974631,21.82993092871239,11.06999641740731,-23.08184745036725,-11.543477124361743,-5.173134979987406,-1.882541773839915,2.9080148828174326,0.8071226935260136,-8.054548032089361,-2.4499219896344075,-2.567527554582783,-0.16551477468428288,1.491885673663898,-2.4013667517585855,1.2699951356723627,0.9409979528797352,0.7686665833862503,2.0872383911584693,1.0204935430118733,0.8523300024510689,-4.50718319999033,-110.9042128292573,191.64938184072315,41.897340866026425,1.4871574182011043,-3.4084063343097712,-7.918579896560587,5.494821864916608,-0.9302345517105368,-16.829921328178756,-6.293293590748554,3.6972566182101554,-11.882721898839126,-0.9567226860782849,-7.855492368129433,6.354532144866649,3.483026089104923,0.8671998004766173,0.5835996862476724,-3.5270362477848325,2.906884956998219
53.16575486644109,-13.355243586987758,0.24452131023966484,0.9419180078089076,-2.0084362346482054,0.8872392760410133,0.14065887790501108,-0.8315269652191377,-0.7848645428915408,1.7657482176843216,-0.2124998595891201,0.15256110955835167,-0.06244190537177641,0.4576494642414404,-0.19594247758382677,-0.5817547756381409,0.03852376547346936,0.3160124176659205,-0.3823635271371215,21.646205617730352,-2.751609295254106,5.653538070517448,-9.971700206523956,1.2873970739770217,-4.771761459884946,-0.07610344537862535,4.36417389981332,-0.6861011939225845,-2.635248654451026,0.28314462943350804,-1.3159944649173156,1.0872661614407289,-0.9441138771598756,-2.1485494734447173,-0.24789720647152613,1.4398082853731191,-0.6946253896917127,-0.15878320121969547,0.13194126750481683,-2.504239369021942,30.26946089626974,218.20294469318867,-45.698866363512565,-9.686006041664879,9.980554445197614,-5.108115164181865,-12.171864187705086,11.426739218828676,7.853574591117404,-14.958357409115804,4.998113339139689,-15.64748277848696,-10.556130388332381,-5.648152774521279,6.355108884924752,5.040087286294656,-4.468646336095567,4.214895623439839,-0.02016848619018785,8.791418446795298,60.39082171797687,-5.4088291032120495,-6.419117443368975,0.3944777543631659,-0.971223200862823,1.6421984609951452,-0.297863379158096,-1.0726431932798044,-1.1392271278334642,-0.029878031175729625,0.20236582863060582,0.16310069882483447,0.25215289340185354,1.0061873212294068,-0.12133649805750601,-0.371767169704762,-0.34802399401483997,-0.39092519772882106,0.04338551327379925,21.646205617730352,-9.082549749312932,14.273427193736918,-3.1865727395352845,-3.339241233984154,-0.43506662860514567,3.107893122231261,0.7090368370830613,-3.743746252817324,-2.1896433952639227,-2.6487271120174958,-0.2318828304936278,-0.8349228876941552,-1.373785389173277,-1.1894330356341678,0.997362170164259,1.1228918255740485,1.089286441553555,0.5013952215951591,0.14772212767632364,-2.504239369021942,-126.81666863972063,192.33852444588427,73.09457470045317,14.05581260153463,9.745646568864787,-21.168551774931487,-4.763053125189426,24.808554775434946,0.17626990785942853,2.612761424002562,3.3312700424197432,-11.725825223921015,6.297805749129713,-8.024240926623223,4.919125308472791,2.427139656019243,-5.725317767869894,-0.2851171922769159,-5.996240458258054,8.791418446795298
54.98238806966824,-11.629720586929622,-2.2540255090675925,0.13686359543257387,-1.5627596498218042,1.8242471808848726,0.753337329540579,-0.7238200833279334,-1.8703743551687926,1.547054257078683,0.26814853875880074,0.07402631218800337,-0.25898759541714567,-0.21894849807347594,0.15305530994262107,-0.0038076188236955133,0.25163326278906184,0.016534735662843802,-0.4354608373275568,21.195700211737467,1.4687305000380135,39.84997890895092,-12.408159770974468,-3.5396430610067964,-0.019730482911586744,-2.6262426288894196,0.6472728122644542,-0.29451697683160205,-2.508465242788372,-1.7394772263168292,0.5217164238957901,-0.187762453341485,-1.8040143263227553,-2.412664252242287,0.6180948665969277,1.4887135154772109,-1.7855545044823615,1.0876582274655269,0.2289053881657619,-0.4780249731831887,-33.64850742865133,139.70574290106418,20.623390116695855,2.29545098119152,28.339623118233316,-8.947052193117088,-17.965627484670666,15.045248583529403,20.904117147269346,-21.571473865349276,3.9453593357999237,-12.73522625258334,-5.5826294059007555,5.767726125315417,2.6802279681219745,-1.021334359164707,-1.1524865231144725,3.72874796699575,0.7277189359775165,6.985327177881228,60.71548893690419,-2.367507710004103,-5.7890846305483326,0.24691281867315373,-1.5993460212780537,0.559967225848923,-0.2642603139594133,-1.6526473436909401,-2.149938720025448,-0.5244593682334098,-0.46596341105751415,0.23068652894955477,0.1680694024386571,0.9001483546414075,0.32298460415871855,0.022814090863345404,0.26951550646067646,-0.18636902518523502,-0.16253801661052614,21.195700211737467,-27.47981382569011,37.67114402276232,14.12709688555881,0.6512241275792041,-0.592514785420204,-0.21204983304741187,0.04556118299813949,0.8615792911293776,-1.4358658817416865,-1.9342988403650065,0.5773863908659023,-1.5106377559806834,-1.2281193329647286,-1.1602133539263342,2.4642367782853665,1.1152225289252033,0.13800473857083118,0.4939381005042981,-1.030157197731571,-0.4780249731831887,-123.78998941664173,76.99730610254916,65.85798969999271,15.612206113214986,14.909003421963316,-16.500618804051545,-5.357543401647254,39.360416147562916,18.697835141619947,14.176863524343046,2.061545039372874,-7.096691277788798,9.857246690198163,-4.876272082753001,-0.42765399940983495,0.5434274947221678,-7.930093688762609,0.32677571702657926,-1.4577735898585726,6.985327177881228
53.920061822892386,0.3151788994753977,-1.4138375020045442,0.03458667866679166,-2.68443134542419,0.27100134887481575,0.5574819620166405,-0.6589278902494593,-0.927960838010788,0.7212772933765565,0.5764959409502715,0.2750301286589769,-0.8793290752548788,0.18153974819315888,-0.32282575050395357,0.052172430659474855,-0.21354236371256152,0.2770882242912891,-0.17767304095116176,21.436694332636925,-8.282345151320506,36.82769600257437,-2.7849988608262253,-1.091834014652418,3.555655713136239,1.1899043400236113,0.52597010454678,1.6464449728276067,2.771954939114382,-4.584836904993855,1.0195872295324209,-2.7685864017320987,-2.5235777097916436,-0.7071195113516746,1.2508856562634785,1.9625189422009772,-0.8935245167092107,0.722808780156418,-0.19110509627586691,-1.4135566136699396,-88.9645643753764,-29.618711164263722,58.140266027882916,13.134043396915224,41.68963301314655,-0.3568716746051659,-13.891337302901038,13.623371196870483,16.147791898695477,-13.835069883783575,-2.6726518684894542,-5.021740747380247,3.4028177452560584,8.599637978359171,3.301421536478168,-5.960474253551314,3.2512392343802414,-1.0095012315321295,0.1503019875380427,-2.1727048769699664,51.75346308828654,5.511646791137448,-1.56779384961811,1.3179778901760413,0.46036887926231396,1.948733472895595,-0.5107837680500853,-0.358348008429741,-0.46518570433917716,-1.0608349145503793,-0.4278619943757278,0.11664898419637204,0.00416223336893351,0.39097393446628237,0.5381816797236685,0.17238667028041643,-0.23314389225288612,-0.46445658419558333,-0.20149865696310398,21.436694332636925,-33.16665695563418,27.149986865545976,14.920549369102726,1.5279951792334554,4.826813912082096,-3.181279794672036,-2.39026576565864,4.708174323742118,1.398038199703633,-0.21042112930555423,0.7909136183063241,-1.6891714036507097,0.7613520595194072,-1.1162672600896753,1.6648941779074147,1.046173406401492,-1.069512121286784,1.0508227082045951,-0.823144146006463,-1.4135566136699396,-55.49621667930287,-78.09421111076063,16.939845973368765,4.1527202947976605,-0.7547147787556545,-14.729844798349621,2.30925547113248,24.725070019371802,19.17319575812221,20.91416987816612,0.9759213511367741,-0.4306801651442089,8.368365177491857,1.1583813828990295,-4.253184626505012,-0.5957531522679151,-1.0021321324318049,0.4647119057054041,3.6834204334139784,-2.1727048769699664
54.79863112034212,1.136099749987098,-3.422456557136137,-0.7037340535427825,-1.4369267282086988,0.42832023088509574,0.8196554018322499,-0.6585447358809566,-0.3011954090990874,0.12778994019964873,0.6649888868895142,0.1607416069001424,-0.6858633151021911,-0.465884378541465,0.207290167081005,0.27160384732178033,-0.5230010984491529,0.6187077324330938,-0.3196089297273432,21.69567408466751,-25.215306121148657,22.43647614494632,6.636452506862085,3.3481051991318997,8.055435653830896,-1.362965173399119,-0.9375475699106894,3.613246581275601,4.020328019760832,-6.364266278000114,-0.9377479846673795,-1.875417676116179,-1.2197979620358483,0.8372325718029208,0.6638808208508828,0.008601870357678232,-0.451405732548271,0.5307563728725189,0.43136964951355594,-1.5598609887257169,-63.000471592362175,-135.19737229873286,40.031676832937784,13.025136718958771,14.429089173286496,-0.5309687543704698,-12.449865760710438,3.221505724293979,7.294083438390298,2.1879954250730336,-5.23525800149821,4.58604875117642,9.425671863393625,10.953146628799743,-2.610776634880774,-8.76928584063824,6.37799537775077,-4.941384510594705,0.7063946134289518,-14.455541840508953,51.936495227467994,6.882858209584683,-0.10499278858228767,-0.09048246868660703,0.2824322700901205,0.6291477306420208,-1.2269758468401752,-0.048752090679331506,-1.2515739019452716,-0.597040738083735,0.028497318966623553,-0.41667371497350647,-0.5472027887047113,0.43676083299909063,0.5982327127832374,0.503539704635753,-0.3349599703621622,0.005346921047865605,-0.6390707328447971,21.69567408466751,-38.78294468775293,8.978525765002802,12.33195667131561,0.1993498700112819,2.9410196667981223,-2.197708060756691,-0.3219977059267629,7.399699753412377,5.1051547836917885,3.3017512162327693,0.3538595206021782,-1.6293357072522243,1.459687868994154,-1.204723793476384,0.3934049493032399,1.0787395403336124,-0.798409171802666,0.909167658220445,0.608876344363176,-1.5598609887257169,35.27563578603552,-128.74677313013754,-40.837314019011664,-3.3475018289309926,-12.656475153131252,-1.7368470850265698,1.9527287628012862,2.6378459873946984,11.427747840033936,15.097953171819753,-3.907991992204382,5.9893077539226836,6.096816548781682,1.5899318929808797,-9.366364004481389,-4.2209946428863105,3.4082113884138105,-3.2943841730356866,6.430844115044905,-14.455541840508953
49.1164607654439,-1.3243057541589316,-0.5637625961391755,0.8162998249703768,-0.2935248388866385,2.1801549210527074,0.37048489403256557,-0.04094215252882272,-0.18347654636920252,0.1829619236269111,0.09887358111173361,-1.2750897386637672,-1.1107929004250754,0.2275576487995976,0.4023829219787205,0.26179896238960976,-0.020921312262028646,0.37633030935900447,-0.5358420290751618,20.68944037443036,-33.89187317234897,-0.449066129612111,9.57612666849923,4.410544642365286,12.035471978317085,-0.8861780104263586,-1.7890845605496273,4.171702625459055,2.174250663622111,-4.321995786616637,-1.922588194880458,-0.5797766008620475,0.46518681332470013,0.5263211037122644,1.3799205846405802,-0.8003730188427711,0.26391984153136283,-0.3850828896892562,0.10586013059994115,-3.049673799735661,37.969610938066744,-126.43319803414468,-18.780524076988804,-8.494932131207293,-20.664024339696777,-8.985792140958127,-13.872238825921881,-13.504115768548811,-4.106493281897869,18.071498688342714,1.11875402553602,13.172825518519826,12.627421108315438,6.3598848116896445,-7.471011943995677,-8.579730009967728,3.3177983909211197,-3.1760440978562556,0.2975807272974499,-16.144611915072307,48.196990094877876,3.540981369766547,-1.800888679800635,1.327172987659774,0.5012946094941377,0.01696831126257825,-1.011638495547035,0.47949634208545033,-0.8893904370217358,-0.09879791090334411,0.350592272771699,-0.3578048810389898,0.9904650187332413,0.6797474520057276,0.5734865365839419,-0.08904327339021978,-0.5805423162468126,0.038628183256926185,-0.12992020161229678,20.68944037443036,-31.179092657932955,-10.427369232763631,6.1809203542706985,-1.0369439578013626,-2.579191244092136,-3.2642001630889106,2.0474440171117525,5.349728525727076,4.1264441510804435,5.190332798766677,0.3678412802066213,-0.9909139946304892,1.4664935985932097,-0.5879871244096282,-0.09381422859718413,0.8432567437358864,1.0564273305244012,0.5261363955897878,1.1699155733359394,-3.049673799735661,118.28374274269994,-70.48349536609851,-54.655242468548344,-7.799090229434295,-20.122840531151724,5.805562562005264,-4.275353431115657,-16.533253784973276,-5.301519845671763,1.3609078870248763,-4.929179175520077,9.021733773578958,-3.0443133062885037,1.7371245814055443,-8.264769348871363,-7.185340382956475,3.0210100538592455,-5.797328032168308,2.05719293201206,-16.144611915072307
44.776535537818155,0.40825981236070286,0.6391632914307657,1.4200596218467312,1.2695049238248681,0.18818780809636726,0.3780620785772717,0.7738103384495489,-0.2324524911091692,-1.3659211970465517,0.0380857263443799,-0.08862259220871405,-0.7531546638499715,0.17665883752476508,0.12239138412672546,-0.10431994950992385,-0.07038012921034009,0.23229187956524555,-0.040691518508778834,20.78939669647789,-17.22674128562884,-9.110326174322266,1.427115880831697,0.22173596996373712,2.9549059711412387,-1.8536858308496695,-4.420132735542561,0.05360705899966334,1.4374286141529127,-0.7769000729689215,-0.6248248646468757,1.0108570218116992,1.4144393438158849,2.447188754625615,-0.7518109150320103,-1.514483424320035,0.8247210052727365,-0.8290881929089886,0.43362008144233377,-6.887737300404805,97.26318167239825,-84.07248238356605,-55.80637822573624,-24.094180208125287,-45.78765709742023,2.2913613575378715,-7.980831795370282,-23.412010932150025,-4.4933034548296,28.774047465699713,8.360981893461442,7.458781467582861,9.20745438107508,2.6613823965072343,-6.936471035469923,-2.1239218198418546,1.8042853532709577,-0.776314342827348,-1.8799888204543964,-23.177093942172647,43.10225308973205,3.1070878831827486,0.4934411202007345,0.34199020493692833,-0.14929905299490454,0.42699577628708596,-0.1748318031743199,1.6282803577576528,0.614741038161726,0.6453977380594573,-0.6782607843301385,-0.3467543920588765,0.40476194425358014,0.15339969913349294,0.5020346503802018,0.6928988328654697,0.0440101325563067,0.016672420198732718,0.10611092789565824,20.78939669647789,-10.83577808152296,-7.913564493151647,-1.9217456165310072,0.25994278163111684,-3.2177497838987144,-1.0390131913522596,-1.1969293269864136,1.859725183834248,2.913805062586876,2.9143007815087545,-1.1650734361864374,1.1348874164705482,1.467718171889211,-0.6293874752759179,-1.3395910207030284,-0.8938164611851493,0.7791407068721439,-0.8909108297061415,1.1887350001196801,-6.887737300404805,142.32213731897787,-7.825702227334082,-53.70688206299867,-5.191471566952396,-6.607004518043869,2.474790213273711,-13.805627267233543,-29.311594945884654,-19.91012525379977,-14.264013395595523,0.48337090947111916,9.182648208157499,-5.219733053462406,3.1705896752014837,-4.912009316164564,-10.56436202643502,-3.2218161157925915,-4.90437170046965,-2.84015392876759,-23.177093942172647
41.98517302797988,0.4545658034825397,1.3434159079616195,1.177962162154678,1.980088817717569,-0.052021444943999295,-0.11626365663068405,0.7107458853148154,0.12479303480530834,-0.6928650313086617,-0.07134657621739038,0.10982392778238137,-0.6130899942186385,0.12342869201617601,0.4095839332934763,-0.16005218034605861,-0.3078929275662865,0.27775470588058515,-0.2642016812604734,20.364996126863904,6.7081778999529575,-10.615501854863673,-9.570592586305434,-3.776115465671983,-4.22609161536732,-3.057631401730177,-4.668856725598225,-3.3257931503088303,2.0101580009694073,1.6572293366619064,1.422502682290179,2.374689008563876,2.4730141914402095,1.6678448030818003,-1.7767744477929133,-1.5658034154440303,0.12731130984084538,-0.18529098588095616,-0.043439948591530886,-6.821924415366549,64.47043174314356,-18.332445655546735,-40.625372539707215,-19.560937128008177,-39.474085043756475,7.052911463519186,3.2228759283886252,-17.36768091998543,-3.39611987150728,20.991222241032666,7.299408871923512,0.5152555855693925,3.078637091509747,-1.4075763051382724,-3.273020799427921,0.7194241190146744,-1.2621252005224497,1.647044554909014,-0.7452210868554692,-19.414261165983277,40.58103782818803,2.185847337956599,1.223449373125728,0.5832695744635923,-0.6133610812412416,0.4177093685286071,-0.013133781327136829,1.4780000302153047,0.664878901147546,0.9131122467613635,0.10943769737596387,-0.41376767457618757,0.26142666618639265,0.23866093919426712,0.5393735966265942,0.4993354780335013,0.10558472155008003,-0.207051135976123,0.010868299334638065,20.364996126863904,12.001631112600805,0.35428431157394735,-5.280220721248137,-2.40184639129361,-2.1552216281453473,-0.8578459483716201,-4.090476670686643,-0.788465283955454,-0.15704686257979206,0.6637580315688913,-0.9142094910594065,1.439583921277383,-0.764819745072373,-0.5353731284871361,-1.600992511525133,-1.5602187843173645,-0.34778203369456606,-0.9478020639162658,-0.08447700787868506,-6.821924415366549,69.47037793316538,22.841078655800395,-24.116380059619885,-1.9916923241399243,9.22916076311295,1.2702509504267918,-7.481376275666288,-25.334840253908062,-17.213318778145982,-17.678099946324963,4.267979834791197,4.265898869365644,-5.203166896313281,3.2880249930229173,0.004625981288379766,-6.667242832084476,-7.6746137219189015,-0.9641490657608395,-4.088156426096054,-19.414261165983277
49.75090434625971,-4.3084991159947705,-3.662487868770686,-0.7736972371530646,-1.0962805709401833,0.6175654984586143,-1.1470366906074054,-1.007585225302944,0.26338410739011353,0.1772533811829744,0.43768653323063833,-0.026286715417082274,-0.22749509629746711,0.8097744771630533,-0.17221579609237803,-0.27471229347040294,0.0328452118393443,0.2534514377178092,-0.23861906291352053,18.414027558248335,3.1162591788995044,-14.516547184210928,-11.693376978603702,-4.60565485091211,-6.707611098037016,0.8684422010217259,-3.4880773850715316,-4.344010996915468,1.855722623672384,5.03314489321047,1.5701975234780228,0.3767402529622903,2.3800155394439364,1.59716192037177,-1.226007180667332,-0.6706438412626194,0.5190412099324666,0.042703249554694844,-0.43397472111790625,-11.262282651996596,-66.12066584128401,21.93401177556951,24.145551020304246,2.961840058290385,2.778168173441961,5.940414922568183,18.956536210110023,5.326055142406978,-6.622121696419754,4.721983525224655,-1.5809295720131356,-2.737372378489043,-1.3849846091177669,-9.5781136476649,5.895546015869372,5.321004418529835,-2.8260399697538103,1.7903187376683296,1.1150813193434685,-8.023774985788926,50.326582320051436,3.6036429789138333,-2.5780346233109728,0.41144062872704223,-0.7691147764915469,-0.0907293936671234,-2.324692867443331,0.38185865717286527,-0.5718060397364746,0.3541545738382883,-0.4334621114287276,0.17875139003036655,0.5511754735133185,0.34261035176686194,-0.05450632758960294,-0.23755790166868218,-0.2884531358245366,-0.31726883418868057,-0.1150974832584245,18.414027558248335,10.787762086469115,-0.32515212083302814,-8.790913822424312,-1.7139346967187925,-0.5744674001972068,-2.1634900614784804,-4.155850995644337,-4.187000814688685,-2.7081623363779794,-1.5669680979660994,1.2365703609707517,1.7467394388725892,-0.03452198590425781,0.3542640461631119,-1.3090105673150678,-3.001703708857272,-1.7072125475894782,-0.8060489622613531,-0.1840043294133068,-11.262282651996596,-72.99220336405324,-11.078952009488145,18.17355680165983,0.5502183732311317,11.008385757012665,2.676287401577067,18.07006800591267,-10.04660853011995,-6.1526175267172984,-8.527394779124618,8.036713381941857,-3.25106272229426,-5.471959116657325,0.9709140124348985,5.963603575974501,3.4512570749334124,-1.6764088594119215,4.068038231301326,-2.0334952875682317,-8.023774985788926
49.9833653111996,-4.273677217413032,-3.1982333091911666,0.025120521634283133,-1.223677899187773,0.4366503750064954,-1.2013940841742086,-0.8131409458069914,0.5736841548658598,0.23998930284310127,0.6103245188136939,-0.11891317277764513,-0.13711558848122296,0.7449222305213536,-0.3387007118081844,-0.43590657335216587,-0.008878327866448155,0.27310503734224456,-0.45859823116855636,18.466162735861865,-11.828157533041363,-6.912178452441147,-4.176313171636677,-2.95622851120088,-2.870312008972026,1.2792137053975368,-0.6436742715908292,-2.3133288065760933,0.26704372310873525,3.268592850809999,0.629605047018849,-0.0050904236526467805,1.5217172612655478,0.24754636827005072,-0.0194916822557194,-0.8625807508641417,-0.21430286105972707,0.0025436665334090947,0.16704698845232657,-10.569531706931404,-136.0936039681377,31.90057054124233,64.46517911375291,14.875607552938364,24.72102087106271,1.4298185553978602,22.77370446011554,17.772095988967344,-10.283220997155462,-7.842719147306974,-8.102843651565344,-2.226147312131907,-3.965013110548456,-9.63451615970946,8.471289211513163,8.104466739659264,-1.061633138750727,0.11885676671933787,4.071611019887015,-0.09471868426693675,50.585641036018586,3.4698459776879784,-2.90526116866885,0.09152458011791209,-0.26640834283021464,-0.15309207794612711,-1.981946298755851,0.7084745504001171,-0.37464032936253155,0.3787026869916861,-0.22891180920870968,0.09923418855508026,0.5348483815671856,0.31745556144547504,0.051260769806277695,-0.4039242982818261,-0.588201698903674,-0.26830222150750005,-0.06155449997459794,18.466162735861865,-7.2556737753463025,-2.8010360910227425,-2.4426855725925924,-1.04585138069637,0.7137479456135856,-2.0668362528124042,-0.21378328639243005,-4.294328601965489,-1.6692315385101208,-1.4080827346583766,1.301009299023625,0.8361094288513125,-0.38396977066669624,0.5641996113823156,-0.10679146464697453,-1.4364210484702904,-1.5377029032042386,0.001630928986973812,-0.187792974945594,-10.569531706931404,-142.32647327183227,-38.64563439006605,34.55303196814337,7.6593242510306325,6.172601622471621,9.270294950532636,28.450916462280862,3.1789525677363937,3.8171246225681807,-0.49123184242790296,3.5184497525122818,-4.82430532615427,-2.6588631586420672,-2.541943563857211,6.29117083881068,9.37149455700452,6.057677706017843,5.012382989254965,1.0150800129511053,-0.09471868426693675
42.33556898565805,-4.485892269296975,-2.9367005892946927,-0.30634698334912613,-0.48241726674096874,0.37807299863198285,-0.8234114001867319,-0.6362517444472817,0.4709632606967471,0.6842240824828019,0.48234894056784916,0.21411608455244435,0.19886590300328888,0.6644930284580612,-0.11646988365611022,-0.30171467363817994,0.03963317590597404,0.25596833861176327,-0.16048060411369047,16.107672065980612,-41.018906489773684,0.005018012251226001,10.80275168364944,1.2927125218733782,3.6661002546645722,-1.0519009231294345,3.045544142508753,2.210402458336784,-1.0020750951266284,0.7784099325693599,-1.0188408330177785,0.8320605486754391,1.1975955043443323,-1.63171885180096,1.3173207101340791,0.7944074526549381,-0.41749189415388255,-0.027846150282006432,0.8859172725921393,-9.02582114751684,-76.51268518413329,27.870004634557937,57.10060162419158,16.08588258016931,20.722344250952727,-7.587957605882142,16.014456602691602,17.1336053725219,-8.042390426422731,-15.529553947730061,-6.73884928283645,1.4754360394940518,-3.851965812465054,-7.035771216911386,4.16733132946379,7.481067140926026,0.09260133570195239,-0.33476657870678217,3.6242242636959525,18.314044254127023,43.49383252905133,2.302512502900545,-1.8376605201141318,-0.2691046462496278,-0.6100091222990214,-0.3693485312147873,-1.2683510422821311,-0.0804573096790957,-0.21958051477222496,0.12911846896124635,0.10919914944757414,0.2701143958117842,0.25079009361105475,0.29113441108944493,0.09158578013282614,-0.3563231334055026,-0.46270293101155535,-0.35572651816625533,0.05032016284362284,16.107672065980612,-37.70322731957603,-11.875380296597374,5.746265209971136,-0.14294553705193724,0.8519583077281521,0.903625661656666,5.8997579838228145,-1.4106474222207106,0.5935886371933914,-0.31347622493992056,1.7456738597429753,-0.18890669846354635,-1.4586863736422895,-0.6937168389931945,0.8951102438451426,0.7699132083580198,0.5358967119210194,0.6683917894929016,0.2236453398690188,-9.02582114751684,-84.45243544452839,-29.72634620999483,26.998067752409533,6.503758807062212,1.9152505865027853,14.20417450060333,19.7523260535905,14.777658538020706,7.01977507029552,4.5296033984189865,-4.114028082162498,-4.4043284373123095,-2.4949492516596807,-5.525235114066561,3.248418004253088,10.57492250726675,9.35551729838599,4.086231969328208,1.1981318224320496,18.314044254127023
39.77876194176003,-2.9128268460869315,-1.1076343175947154,-0.5338272203477312,0.2380011611319488,0.7073316576680848,-0.5999134376364355,-0.6315852584010624,0.1545253197063592,0.687946043446424,0.2211247436234287,-0.012922684028705334,-0.0654118632362426,0.3198426005036974,0.3719651359474827,-0.5778413656942409,-0.4184383401294649,0.27776808870031267,-0.21974741643422513,16.233408019532064,-39.271041249779294,-1.9259991824735838,11.413932639444452,0.7125046244044548,2.9475631438132406,-1.3825505619556666,3.4511847406694023,2.2830481165487146,-1.7025536382088178,-0.13676275667102544,-1.334399965244592,1.033955204641348,1.0817176537157835,-1.5349728906865643,1.187206212562963,1.7539043074268226,0.06476129250865648,-0.09058790260293659,1.3324195644969536,-7.987514509739896,0.419296891461876,4.595435386883841,24.735277443478495,9.428504114638017,4.308394116419623,-6.29048989239387,5.6569686311053635,8.19006483816463,-3.0740340777314556,-10.402458464931504,-2.6920430964453654,0.9629266743168108,-2.218932715916554,-1.9517660605559883,-0.5154087356569752,6.21569564923808,2.1235270192710898,-0.21158394847638196,1.166342118626477,19.97607719079313,40.36957583601493,1.435894530451872,-0.3680804647689886,0.4006165216037423,-0.33603993553071154,-0.4763991891037631,-0.6481963371039519,-0.4380062873414592,-0.34584963058963925,0.32158893187069615,0.48861171644962553,-0.04139446304124017,0.21963447080417642,0.5464987152241334,0.4129318104418924,-0.15949243033323368,-0.5761418324585299,-0.18700682949384873,-0.1657370111891826,16.233408019532064,-34.91611082029276,-13.193418795576903,4.7277057466258245,0.6423211543882792,0.21786632912778336,2.2437436653271243,5.107177070720212,-0.5871656963212442,0.10063996191861291,-0.20860382615814954,0.5904636358106226,-0.004745673131683947,-1.3821691305243908,-1.2823544678375884,0.44253250230010144,1.2397200355772493,1.5595021895591066,0.8211690548340891,0.21923816395570472,-7.987514509739896,-0.6101364696969114,-12.498949142017231,2.5078791177277857,4.316223616254645,-0.3861580950640622,11.579968533228403,3.707304146745825,14.044045630650324,2.495242785493092,3.423924135236514,-5.743205003302215,-1.588303845615281,-0.12206488044007036,-4.889911797552086,-0.5599179605373787,4.945989896839562,6.8053397601529895,1.81024023097073,0.786578647078375,19.97607719079313
34.34375278609265,-4.986415295532208,0.6935884772558087,0.15213289477463166,0.005930026232241925,-0.04372560443689766,0.07499505737808443,0.006838160162483398,-0.028074022593450376,0.342479977165993,0.12286600431688166,0.3367483145461674,0.33545079325220883,0.20645486627140142,0.131111635096828,0.19345882902810363,0.028879270893911402,0.23719683689777193,0.08491416601538349,15.017494342654816,-21.418641554798178,-3.0746345019157424,9.061800927951527,1.6029198713698785,0.7446234510467145,-1.5946544682427435,2.4717214101441525,1.924603227783076,-1.1806739088802045,-1.0289542769140487,-0.817224611808482,0.5949354585623188,0.6740324369862913,-1.0294640586056156,0.2543095366552217,1.7616472000549117,0.42580980099925103,-0.0781142552305234,0.7954511227077565,-3.396269123528839,57.05292956493212,-7.307940347776095,-5.834033222888751,1.5108299459584238,-8.045893300002241,-1.2976109965136948,-2.12710879525445,-0.9300433498730545,0.16468210182146104,-4.5069199392098405,0.9204077958547028,-0.9132699263052699,-1.4548113514455738,1.7100184184716372,-3.058919022865456,1.9422223874280369,2.047651898796862,-0.08806256252462075,-0.7179007415579628,15.85034943418706,36.58300126026525,-1.3170714457668007,-0.9734923702753355,0.18542188945815852,-0.30831982627722243,0.5227369927400276,-0.04168885635787367,0.2497753649332981,-0.28940707052622505,0.225973338928823,0.08061305561359244,0.1546123665967536,-0.020560757926321616,-0.11876964461906447,0.212213274015161,0.02518276853603152,-0.026534713086598938,-0.02372063544905545,0.048816442283377226,15.017494342654816,-17.60823711332185,-9.992133873553364,1.1229243941712457,0.6938584392699889,0.631098701297087,2.7833072297534205,3.059831852594593,1.348247001499545,-0.083210551444586,0.09809414699328012,-0.4651708485039965,-0.03499722879206746,-0.7828969318052508,-1.4850764712602167,0.04053645133793826,0.9476870027523334,1.4219435552218438,0.827297959479193,0.2115460123520686,-3.396269123528839,57.49785411947927,6.96777776811156,-12.85146298405436,1.725145237525562,-0.028486840692826476,4.2989267006198055,-7.727197480582062,7.453201545261299,-1.5374488906391537,1.129838717017831,-5.477323900808562,0.2775673836825743,1.9508510823932175,-1.7854412679566725,-2.111143635976572,0.06351455596371114,1.6345350522643858,0.3239412446176868,-0.03189080663753652,15.85034943418706
