41.55520688112135,0.023778651750123725,2.890208642200001,0.9952497699282388,-0.2857175483465655,-0.7937873947928997,0.22202911987803198,0.18579070401668485,-0.769363326143433,-0.7584474758112645,-0.51490524983687,-0.4074671727988901,-0.6529629952343305,0.13465227433445492,-0.4979214084418524,-0.03092025570824042,-0.25550108332305577,-0.23115838186694315,-0.42386786700763956,18.775402623902668,40.46737748379863,-11.450014320049466,-10.65216891573083,2.861148616790305,0.3515375445890827,-0.49733307124022197,-4.468471133186315,-1.2048657510475063,-0.24142175097581964,3.1406927135421427,0.22150504223434586,1.0426086322310653,2.4306100512521134,-1.6060792004331552,0.6273261782446682,0.3318447958679809,0.3985222595096347,0.20625460487500602,-0.2079903360790034,8.455713372563245,41.1851564545739,26.96122243775018,-13.906914238428861,-6.147697062109546,-5.5606647990195075,-12.100772241575623,9.563519831270934,-13.674711608745296,5.561809401006066,4.732518166186825,0.6071548608189916,1.4407337029161131,-3.900830502802951,8.053841036972473,-4.55212391314862,-1.8658783703203605,1.6934838260863427,1.241671379843335,4.2903837131106055,21.900680551617278,40.679341247896595,1.0847947098713973,0.6074226750431411,1.3253855420316158,0.5212554776269562,1.8911257939169546,0.5454448701740624,1.372119342419211,0.4686151916482302,-0.15742639771462175,0.08813253787005104,-0.22643028398304232,0.16602368728033579,0.5234050280028872,-0.13890809514230051,0.1065624679913586,-0.15135980645707292,0.5001808697007717,0.40124591427373224,18.775402623902668,45.285400357377625,2.7512415199631928,-9.221426676999384,-3.3154101372737173,-5.281280626422246,-3.187180300901068,0.5512898007643872,-1.1873340313404368,-2.0548608313281465,2.475755623637248,1.84375870342299,1.3212686253569823,-0.6223401949513934,-0.8946807291735583,-0.05657298328045557,-1.1076673484829571,0.46901698612724885,-1.167554088593306,-0.7196203812459445,8.455713372563245,23.21056159051254,25.264755751012473,20.9491289340448,-17.624723438885848,6.637557661805794,14.797483385758937,-6.989464018420307,-8.392310750328132,5.37665650747221,-6.17486072408677,-3.4917751556203807,4.854910688144111,3.2669373564463067,-0.7195342186117186,-0.4706410551378777,-1.2035263367942155,-5.56445868092425,0.47757206650631656,-2.7818282104684386,21.900680551617278
46.23240112715462,-3.052663681523875,-0.9623690992123386,1.0554995937105005,0.4513474715277628,0.13822517900224973,-0.7929969444030958,0.8391522000789302,0.01615062608032236,-0.11169849179929914,-0.5898264676683218,-0.37808084646686546,-0.3927652787130771,-0.31104385654800404,-0.3146461282299917,0.27343614069493394,-0.25195811083457653,0.047391082591421885,-0.2676555095913491,18.278072728085906,57.29645615073352,-6.2349530236640085,-16.81150583957151,1.8011373239658184,-0.6325577879411579,-5.564074895043422,-1.8374769506206574,-4.190806759251483,1.9036500458287966,4.840035622861983,0.30649829117241145,2.4343021033253676,1.432814249835754,-0.22079337331619975,-0.4943979292869656,-0.21143232092980102,0.7394122318553062,0.6004575146790871,0.6797992940958989,15.343480264012904,1.684218261532152,45.987374393219824,1.226226002158068,-16.607944808913153,-12.601937613013787,-6.129466019436127,15.639607377084598,-14.56841889221004,3.4629068659769997,-0.4070210281609672,4.114468122196067,-4.9871597835815455,-8.666621237360108,12.211642582135056,-5.500855850661098,-1.6257463053492822,1.1218467666198035,1.139451254866433,5.420825784431823,17.368897143986676,46.48207002203223,2.2172378745354027,-1.8138486760243464,0.6384035695245003,-1.336052399113754,-0.005765370807657266,-0.2312935583193172,0.9735605840116417,0.1871172713230589,0.21736522966801153,0.4974580407412421,-0.06424360315007638,-0.2031982070332481,0.069914390144727,-0.3183614512892976,0.029796222693789343,0.051023573277450884,0.07841540453584084,-0.0055966290465852,18.278072728085906,58.2192645174196,10.004979681280972,-4.007357371535215,-10.159592772932307,-5.207711157648742,1.0954114164183846,-0.8567929468049813,-3.241697645444532,-0.5632751358124117,1.5285537392692303,1.3525497211640214,1.508268096352004,-0.2942468531234801,-1.4076358331552778,-0.43271171107260953,-1.5360072693432947,-0.6705645588328699,-1.4596757448563376,-1.534005302960599,15.343480264012904,-25.02961180728319,23.7284975527073,33.46460968949337,-7.383841841373205,20.626582445390113,16.33902973905733,-11.186374210822063,-6.329039432266925,5.537408849765679,-15.129375766229295,-9.12915652360481,7.7758922288259384,3.554162655605104,2.742033320967622,1.5773909761698623,-0.46581588874272817,-7.165246015917866,1.622108854450023,-2.009490622267176,17.368897143986676
59.45029850000403,-4.163007341637609,-0.5095869449592434,2.3956991664322604,-0.47848128598918827,-1.5084602173105854,-1.5046934145745618,-0.743322919538191,-1.2828311777432204,0.4885243889538242,-0.3666921198039712,0.0991439801506302,0.4322431721310993,-0.4455392604408932,-0.27589595942544864,-0.017176055975837157,-0.05801143981247803,-0.26730581165862266,-0.6059692137552866,23.251924258092675,52.64541637761813,-0.5769337493671065,-14.52595757302492,0.317305732147775,-1.9367471886555507,-4.014348280126433,-1.0022083088336764,-6.549251051318166,1.466947051124905,4.6572803419756355,0.4825858481748089,1.0671287481419707,0.9790927005588175,1.7281984044946037,-1.087873724563825,-0.32945583089330843,1.0748191863799703,0.629988839894633,1.4933067053888485,15.962170202647055,-77.65445976974434,42.787323084702436,12.300837448416013,-30.58594346775306,-12.074220664977858,12.796174962251756,19.216230669181467,-1.3500259248669004,4.181156292469607,-10.135283263426706,5.17905128423056,-13.247025392897774,-14.3195382963278,9.412837965217424,-3.545229831448716,0.2152917478929106,-1.8232022582162697,1.2904777005894106,2.863761627224475,-10.874025920159006,60.42067703951759,1.894193887520991,-2.792654987922807,0.011171459648315007,-1.1907308972138115,1.2459812258287264,1.2094589848029458,0.9777317059527775,-0.4180662638532575,0.8930556004126857,0.8053491381459505,0.35311068827896586,0.03946453696143104,0.3028099823451882,-0.07746790870902975,-0.40888808360133533,-0.0180430032607104,0.12728655798658406,0.24485699531091876,23.251924258092675,50.42374907261291,11.75675031481054,-1.3538968627090666,-8.705680538887346,-1.9992865299061013,2.070265533318674,-2.2394008346610823,-4.356307599452456,-0.11232542534990886,-0.1380737962221279,0.3434756167422839,3.655224233931527,0.8470818123578032,-0.997970286488558,-0.10382414695331743,-1.495260556449896,-1.7434215818548164,-0.7827072272086321,-1.7033420256228367,15.962170202647055,-100.34148597811293,9.50210596343447,33.203393511169324,11.539679228165229,25.163020591546154,3.4013227723991095,-19.945241149845188,0.8181642816698305,0.06993798515300287,-19.854573464157347,-12.23296584817524,1.0131178893264488,2.221528663499163,5.260428480450615,0.9183176584071835,2.043268825766787,-3.450391439690717,0.6263176578115488,-1.0426499666281235,-10.874025920159006
61.25588914704677,-1.0003048633880138,-3.8156464840061317,1.1955937336591371,-0.505614573495833,-3.2184884310557678,0.16665191179400018,-1.4450558638316187,0.4391956225708591,1.0380844032371823,-0.4357626692671137,0.5563783023890334,-0.4791589539991685,0.3143513550640291,-0.8561330975935371,-0.14350851603934256,0.015460210849308487,0.08714409036844017,0.007082453414133383,24.208881938814116,35.22046716765495,6.107132591219269,-8.10216158600475,-4.170902345345006,-4.805288895295494,-1.80355847651518,1.618201143179665,-5.816882547017197,0.6358472809623179,2.178888385244913,2.1481987003621477,-1.4632313175151603,-1.1769418920812926,2.8326032881704934,-1.265501795681634,-0.15037804342601557,0.6212971793843687,0.5641131147984091,1.6517740354029826,13.386933529514678,-154.75143255160523,14.01003067483614,40.59174878360339,-27.51582295598914,-9.09042795631436,32.43196841616969,10.53329287951847,16.259252018435888,-4.148274946186714,-18.991855568315124,7.538353682695376,-17.213803595054397,-8.854107877259766,-1.2040976390495672,3.358608980179769,0.29177393368483306,-4.9099249639528875,-2.53585758823594,-5.810563050672586,-43.07526993580062,59.9183056107959,5.682584961687086,0.3037828207585078,-3.0973038032428875,-1.2266069137770308,2.761403786170261,-0.21495866054286994,-0.05153566206983795,0.6303183514927682,0.08160947285633968,0.405799098314112,0.23793327806195563,0.08217983587804811,-0.07011536574590216,-0.38598404389524066,-0.4037158908839418,-0.5533004874716891,-0.04320984687030327,-0.2875622777251605,24.208881938814116,30.20142009611839,10.112735898893169,3.5771132606021414,-4.3121958571535055,3.391013548014737,2.353611651517725,-3.6465519869339094,-2.76736696341789,-0.2574241094344254,-3.782017549547712,-1.9706780150390615,4.042236935482679,0.42003012919656024,0.5279807099677525,0.7557480866409065,-1.1467786888708518,-2.0073867378406516,-0.5489230920606314,-1.2325048701910866,13.386933529514678,-155.61141660145242,-28.57646323678843,10.71433563183415,40.05150152047618,25.837158365083475,-17.22566942355438,-10.691652853633276,13.742194750943167,-12.296831796250867,-11.103445307655202,-10.237971024078334,-9.598492966447974,2.686379380923359,7.425624116705877,0.1886418317862122,4.569401810784482,4.689748073985619,-1.0237573252964203,4.8695185769928235,-43.07526993580062
60.36617105998434,-1.2908676320013601,-2.9461314519155617,1.083855566027808,-0.7756101201625429,-1.1226047298271076,-0.7588994626373542,-1.9467307896871238,-0.24741229882624882,0.9953012476583125,-0.35064422495006964,-0.3411323731558542,-0.12021980731187609,0.6860538707757402,-0.7711147860419922,0.012824157212243614,0.14819934902498688,0.06395953419186418,0.18541650418404343,23.79108311986209,12.678142090465748,3.7726044148601146,-8.856422318306203,-9.445803282430814,-3.5992072342226784,4.020496200621535,3.4118051545042576,-1.0668408195980994,2.483057777692223,-0.5963752993626752,1.8901804797547577,-3.6321373537975576,-3.4242810259532632,1.5736414514322097,-0.7597368042823556,0.40896353106254346,-0.45402134336303135,0.8696656551100503,0.7379031068796922,3.996973779732855,-239.3108164686906,-15.353331931550779,55.94760653980959,-10.724823477407803,3.2013160578065163,21.165003531102904,5.734077697512928,29.520870309585657,-3.2764828677922795,-17.588022558538164,2.730443876292623,-4.6409208266998725,-1.2720389803274497,-10.395965369771165,9.142188987860969,-1.3611779538704296,-5.088390090516403,-3.793640378971194,-9.6600904485286,-77.18551906200778,59.173097989821215,5.230496323700827,-1.1283415047028194,-1.1596010410283633,-0.5331105299944561,1.5426739820873325,-0.5824229960447025,-0.293486334266277,0.1908519388884211,-0.15858541741984977,0.30569981745475805,1.4500933923767052,0.4468755720035893,0.09443476270392281,-0.1570088723159877,-0.4243117534447238,-0.7209085670099111,0.16963988179952771,-0.3094422741983984,23.79108311986209,9.123579578971764,7.448416392874329,3.588034762516602,-0.4692689810805035,3.0008673165190918,-2.1156190322511836,-8.026451254093743,-1.0154172315188426,-2.172817351940638,-4.796245464032955,-2.6111103525630894,0.5608431504548692,0.1312856456381679,0.7677252394902341,-0.19164405293362186,-0.2806472258357853,-0.5877676442142188,-1.3097715860853847,-1.3916955809447624,3.996973779732855,-217.8747029452033,-61.011180270109136,0.9586048460028405,36.90831886119784,11.286854594100529,-17.36174788009464,8.241685832548953,17.00741915176382,-10.35820736956087,5.457361315087976,-3.9755991071023153,-22.30441842216552,-0.5789792336628956,2.966710441228771,-0.956311308199639,5.44084015181908,9.340691985802238,-1.7444613301768193,7.844892906928705,-77.18551906200778
63.38469843099194,-1.435167240732365,-3.795177638736554,-0.37402977875977594,-1.802732559033307,-0.9564818029970792,-0.3567933487818671,-1.4675851383552023,-0.18363517289700448,0.7243572714709132,0.47624893508580124,-0.8895583285712034,-0.7050047350322357,0.5394612219289261,-0.6997876127625369,0.18324701238788577,-0.044414915561124646,0.163814967065383,0.16253864914047722,24.701960061958538,-0.09562298149290882,-1.4047067683595493,0.6496009248708297,-7.075219646739457,-4.3465417433147735,6.634487072667438,1.2221627574696101,1.197614134106427,-0.6785427905482195,-2.029064340626424,3.371877816730125,-3.822966643232067,-0.7925528255380887,-0.7455637163097864,1.0208381006621843,-0.43475503506531044,-0.9511299852496367,-0.7873096870465914,-1.847780431985816,-0.21155649243030794,-221.77313207843554,-19.809257122993017,57.96851801471725,18.513121162630014,16.155252626453745,2.5095437340154865,-4.593759498872294,21.226524931702208,-11.32122722176393,-12.161541529480314,-9.69438594477634,12.94729953100393,6.166413252246671,-10.157755894366389,8.79748800596189,-2.732707089789155,-1.1883825883030652,-4.611631109452622,-9.795715518703556,-70.67088972672742,62.206569594939616,5.605454605892069,-0.8574487873332695,-0.9323081087139133,0.030644191283936806,1.0226940768219022,-1.1586285613624479,0.225486122412224,-0.24605388476499312,-1.1478230361895767,-0.23805630643269238,1.4083835125423931,-0.1968886599560471,0.43809235494923593,0.09928307383463464,-0.5358812868199423,-0.6012370137682745,-0.21722280340094668,-0.3446994293874699,24.701960061958538,1.0636409635139685,-2.1290849761451387,-1.121155368230974,5.747952208402364,5.2107911016804,-5.424481012573876,-3.309094163905288,1.9589545460602444,-5.68144507064248,-1.6940830806529568,-2.2891428062224586,-1.743787845133654,1.4068409206980172,1.4223284622082646,-0.2944808421893512,0.1413869707418911,1.0964825093396406,-1.7080222280661714,0.7449307631967756,-0.21155649243030794,-198.78023657443444,-58.52636166427315,-7.612061600248884,25.411315101017088,-8.186801120284239,-0.9660366042500041,25.908883563190564,7.80829345949775,3.8078391086773244,19.52622123283443,4.513828445624424,-20.609643458050563,-0.34443848886163186,0.3497579106591435,0.19964213261448815,6.476376681457639,8.28897672127134,3.681983241857249,8.925207705464201,-70.67088972672742
64.72496490326432,-2.0592739455353763,-4.9480325267471335,-1.5423907185736905,-1.6295259103317905,-0.629215431029162,0.4629317929655006,-1.2654786920754488,0.27011310883682293,0.34720030515562117,0.12239231789695015,-0.9939563812680303,-1.1669744503289987,0.22872653184276315,-0.7339371039821265,0.02392794534182041,-0.25508454828877714,0.1291915775479311,-0.3147457581786124,25.00387208638689,-49.35194678215323,-4.497680035353087,9.071964441442086,-3.592947355858901,-0.5654627357426527,2.349130710833709,2.0628497327778152,4.703935762912851,0.48590065298403395,-2.032754574357778,1.2359682281371318,-0.07346400234951256,0.15087867712349068,-1.6807007781508387,2.34005082119475,-0.8678563120088758,-0.6831622765612284,-0.5911199486684637,-1.5869612851810515,-15.831344317384346,-111.01658577237129,-4.701520700895179,41.725618520962676,40.35347990562439,15.46599575108572,-19.0364153695949,-9.93827926598284,-1.5776645759521775,-21.568402968266902,-7.673109657712295,-18.26530871500234,25.886910175084992,4.754943028156437,-2.4521112373252683,0.37215308306466244,-2.409818960617563,1.6751757725084502,-2.973849124692854,-3.489568714134152,-26.329812867972247,63.838334836931615,5.656967261855664,-0.4180218026186173,-1.3059608781564238,-0.31892279148474945,1.057526564377314,-2.3319316918341375,0.3315121979523252,-1.066288821694696,-0.8903508770808335,-0.178278335762192,0.04830714626618171,0.2446416076975626,0.4325687417427362,-0.41592349404077833,-0.4831289985512277,-0.2879585622195271,-0.4405927567907866,-0.42242221933030777,25.00387208638689,-43.94471283368652,-12.627929382724874,1.4745398747089116,4.718404858933638,2.734251990311331,-2.7215620746828457,1.7127131700990836,1.7842412216903858,-2.5794186295263155,1.5466396268744826,-1.4850915412171752,-4.603972586843065,0.06418679977562691,0.03821105800557123,-0.05686533663800808,0.5810766896532729,1.374989787456156,-1.0753883242942717,1.2303866111475852,-15.831344317384346,-102.7188745261262,-25.628435211324536,-8.148321258146858,4.175780600480894,-16.543900540951586,24.860321222856214,31.798962601394813,-6.696124806851521,25.493228860792414,14.322562875116258,8.741341532659593,-6.09966338824529,-2.964834077382319,0.8997258194654147,5.035009777983616,8.102713445160882,2.4852686341408816,11.394230492613438,7.245378241195073,-26.329812867972247
59.02868073466033,-1.3184550908007804,-2.489895484154931,-1.028892947409842,-2.251927550068596,-0.14793954412102162,0.16681766272737786,-1.1868748455842426,-0.15883847653478655,0.347602704175316,1.0136579676744388,-1.028693015170912,-0.35205804525965156,0.17023316637562447,-0.3643028882923778,-0.3664379276367862,-0.25846283311862783,-0.339126774832889,-0.6667266313974467,23.49670920933656,-44.65105443525333,0.33764625482936017,11.91790404147973,2.1592302726840447,1.7554651686913658,0.2868961353864763,-0.004200895393260851,1.910991627578432,-4.026187767565553,-3.1836927419976924,-2.3718881462172097,3.231081772262782,0.11868488250366593,-0.6191035442211763,1.583348394560758,-0.8783216667848837,0.1416763518319346,-1.0113096380386448,-2.083651527918424,-12.034352285290431,56.53323354971396,6.412617311694621,-6.485487907292376,31.80875960246267,12.191756310166603,-24.741680718229382,-4.054847118189704,-17.294822746595564,-17.47985301049158,-4.153245238946863,-24.724940263826035,23.922141664599856,-6.917529067014355,5.373490693519925,-11.215806510956046,1.4835510127757472,0.2898851950376822,0.8781942175760049,4.093976758758095,27.313725228891748,58.11750766899768,4.404807004537098,-0.6119547143990802,-0.15014778047767496,1.2716947678083157,0.29173698873833187,-0.9947513946007964,0.6154423448509831,-1.5818338035369135,-0.39954933763964684,-0.4967832281886424,0.06693247855039042,0.8867172783800701,0.47198187583882345,-0.40376715412752096,-0.3036137829597443,-0.22153423519706084,-0.5921046416082318,0.14139307643918197,23.49670920933656,-42.6545519847697,-9.112272045443802,0.8278299043815447,5.7996247733479676,-0.569079349023502,2.173564870608554,4.438307582564957,-0.2630494602736293,1.8497960836970753,2.8096505214157843,-0.2767731978998067,-3.680176924893636,0.2813603076970148,1.0676167560396557,0.7881797948003437,1.6605476941134387,1.155722906959831,1.1748768979724367,1.9190578864948404,-12.034352285290431,47.676750655307096,21.062465378568334,-2.5895240911469593,-19.404325615906732,-25.31666919314074,38.40893807617971,8.625684367250336,-18.030768657388897,35.686495601074824,-3.356022188792088,10.425510314983965,4.763698915835922,-4.719854620043801,-0.17639327397978288,4.101251399692235,7.985909357525044,-1.8947158127330503,13.707160475927456,-0.36028475969483864,27.313725228891748
37.86820651707353,-3.5980637246436955,0.9372096915146697,-0.38518652757660954,-0.8337439925162249,-0.3523105038482819,0.01071989799693096,0.2648819453838218,-0.01686032051534081,0.16730124412722214,-0.0013646271758225303,-0.30829703103075623,-0.22125381363642282,0.03031750947697165,0.2311682623203033,-0.14626152877985832,-0.08635783047687573,0.019870430806768313,-0.19343149813752036,16.478036387480905,-20.552435068839685,0.5506675528180707,6.3722353838706844,6.11371171066963,1.0827871853171116,-2.3239160155354326,-0.9441526520557271,-2.2123618543101906,-6.627321217932563,-3.8556159275331883,-4.370590896272745,5.784293525997515,-1.502428365895922,0.28435574672527064,-0.8549154096993112,-0.5741626333864513,-0.1628366256495919,-0.5052589317403497,-0.88894570222108,-3.256534757823207,237.78211340925884,12.69704404149964,-41.736448055394646,8.60000008471502,2.4554746412691775,-10.676898370769793,-6.627272851843607,-23.786653461989324,-9.177671037203137,4.7992329695002365,-13.173613241505208,3.4288492163533006,-7.590660717903313,8.312542330727569,-14.695629155633103,3.3206865810938377,-3.215832952201522,-0.19531798176324866,3.695551567608959,79.27322261349987,39.24527253594892,-0.48314456698412434,-0.5138186038154582,0.8085212243203364,0.21349017689902006,0.5473714887876948,0.19199500562401361,0.4036561653595363,-0.43096741648877646,0.24059754674242662,-0.30748249227585456,-0.18116738404882615,-0.06283399727665584,0.09659553126191467,0.06608357334608606,-0.2499071605481864,-0.22326506256743994,-0.18061336124396554,0.06270477846206823,16.478036387480905,-20.3767612099495,-1.8742076781386068,-1.4606185028630856,1.5927850366871419,-2.3811477286047507,6.515518637585709,3.9993291733685403,-3.252477631777666,6.80817650128579,0.1131691724908035,0.753375609605381,-1.5207940037877847,-0.7883910865524903,1.394944002307246,1.7845305175633386,3.011129135058882,0.625246474046127,2.94589409720203,1.643929978003742,-3.256534757823207,217.6239926701734,51.77062977378793,-4.16073432485814,-19.11619759879387,-18.169927645093743,20.16936371047029,-12.984166055350773,-12.242020957296628,16.12395149803007,-13.62352603391186,10.828764596279543,14.213391369273879,2.078939383023661,1.3605092757506212,-1.6408762263668766,1.9593249504788461,-3.286012569000369,6.137314275413159,-3.392051533697782,79.27322261349987
54.48755040646067,-0.49694922376352535,-0.7788467271275903,0.12698326208370592,-1.3228909335954069,-0.9514861988942811,-0.1327878489942127,-1.2772696432956216,-2.053242342003699,-0.7775395690137334,-0.6478166654864173,0.38315288244155044,-1.1185226121266907,0.3291139610012337,-0.39066609863337276,-0.1708190839437167,-0.057940098551108044,-0.287179278583358,-0.9399442448392807,22.947701768766315,13.771237936707301,-0.7225719065978176,-1.2432784999896578,3.9758306212276118,0.925211451238646,-3.399829923262681,0.6982403907915291,-3.9916484305798354,-5.861858360335711,-3.1942562835121504,-6.187312752977954,5.209225424894348,-3.42466383753556,0.9586533680121216,-2.989582039368808,0.16017363201135093,-1.0663502131866138,-0.39114308672264597,-0.1497998440867544,7.157901342234997,153.50230282964034,-6.378929274155978,-31.972471604299734,-6.635201345917325,0.9112002141249533,4.7615073297636386,-7.480849055700869,-5.592899148159402,17.79927112583976,17.934358817177415,6.251485802321403,-18.95038356011001,3.691381572268335,2.3584054325766934,-4.277389637337586,3.5059384791280648,-2.9428533591781,2.156046703014277,6.827427906407371,39.54994346550542,53.175824753046115,4.119374497590062,-0.3956354345440767,0.9102632267216904,-0.5201019674196989,2.3645540499209887,-0.20143811880904483,0.0578894085718038,0.36118345448058475,-0.3084719873933146,-0.31184082712576444,-0.31696768474692094,0.09752929637956953,1.1398873382094745,0.2523694375413743,0.17778164123525642,-0.05572231011440265,0.24022594781186113,0.3722660149637623,22.947701768766315,13.118040479299005,3.0252868608458945,-0.9483382250184551,-2.3914006884277548,-4.88984363543193,9.161447669381703,-0.1395599819148483,-4.538070355900177,7.46800516448888,-2.6553589478571613,1.8043787758582455,-0.9035276787433328,-0.5267974461598244,0.6557653530675358,0.835446930556093,2.9193154268016084,0.52399625967813,3.134916799149406,0.35801669992127794,7.157901342234997,151.03876064084054,19.197716511366842,-6.1891077086960635,-12.355125043110608,-0.49190263573800186,-14.736038807959321,-15.19645686974857,4.843065786201337,-12.160038462052905,-4.937805312013103,8.806630922539817,15.877763613594475,3.72056633391054,-4.409689501222516,-6.3561061156208565,-8.514963438301237,-4.120965935927105,-6.051843379725435,-6.961707276502116,39.54994346550542
56.71931253294431,-2.1946931026449685,-2.6174392133254614,0.9365270320143506,-1.5526506259098292,-1.3894001114102486,0.14065822279843232,-2.3264622203748546,-2.096345567395002,-1.0180365220164482,-1.2321658136589941,1.192267432924496,-1.5349563498434402,0.29146400789259386,-1.1482132036612847,-0.36096279319794,-0.436764228397333,-0.14941163644700928,-0.6226098025682354,23.65010842776041,40.327963736495875,2.3809510661103226,-5.215668315520542,-0.2012474877731747,1.077401443618296,-1.1459554452266092,-1.6020073362363831,-4.238070939002677,-3.1850995692324555,0.3721436811495691,-3.4431260892350997,0.6518887795113546,-1.8727773218085533,1.6866919310962962,-2.7212985396570177,0.27323932913992577,-1.687065470152715,-0.9988622152080875,-0.7061113432924067,14.209140175602872,35.52249573521361,-12.327056302774357,-3.646109613365612,-1.761410043964308,4.759804050175547,7.687445177672494,-7.492838324052815,10.541339653002641,29.997340430048027,19.390760421696,18.924680285146454,-26.39779062451305,15.802907543105327,-5.280919383515972,8.51830396175998,2.530552534798663,3.5289190772193555,1.3268082195703794,6.974077537969176,-4.076961254809078,56.12079568993265,4.8625796762598785,-1.2564906939776619,-1.0397738634125355,-0.6135982881731175,3.27887735257884,-0.7289237430457431,-1.0159501497969181,1.36629079993945,-0.8793049659585979,0.10593826850905952,-0.520139773979055,0.2450400554215677,0.7960880117110336,0.14827346890644333,0.7817378568807127,-0.05824128773779269,0.6161889971001819,0.284106300409273,23.65010842776041,36.98098726936583,7.188606051024243,0.28225677697984164,-0.7441812095754359,-4.190329689031326,3.8691783811657237,-2.4904360753364005,-2.1992588091446548,2.6734525790928183,-2.5326186554449746,2.88871477004357,1.1143984747187228,1.507735368215877,0.9243913973669418,-0.900937017699321,0.9313552985486111,0.047846826596821934,1.0132488628238228,0.3148814375854755,14.209140175602872,44.71325419156166,-13.54243228727736,-6.018840622415794,-6.039975544295538,12.134187029944822,-33.88491493266508,-1.1897433705545715,21.039785087768095,-29.573799881404565,15.448059870016788,0.34501549375917184,12.995207856244779,3.9213359607590297,-8.557715494311092,-5.477093694429538,-15.828978102767874,-2.7925688249242686,-10.48476197401169,-6.292148348154926,-4.076961254809078
56.48874669507859,-2.3814263550990526,-1.3342102817296944,0.29816558340848376,-1.4298685077524707,-1.3293097019713787,0.45096869572239173,-1.887026977994822,-2.0500250332628114,-0.656856554508924,-1.4645978155729522,0.825637465298636,-1.4075386959239227,0.5189866011738742,-1.169403174985988,-0.17900047942206987,-0.6164347407517061,-0.4500572845673232,-0.5270374012254664,23.489623860314307,1.6598975768990627,-3.7669601388947545,1.7256200890254756,1.9991091989467846,2.2137581466032503,2.0786695151138836,-3.415698081153367,0.12739659584497387,3.1523369710042726,3.669606862249636,0.29012235142466913,-3.677907634549143,2.149550146594149,-0.14106892011834238,0.37784514087081855,0.45094659151596006,-0.5676359055055538,0.3135153552023624,1.2386452458209247,-0.9922180192507604,-56.00043925311479,-13.543808716282594,8.108483764797214,21.050957909713073,3.2914073729453532,-2.9188989557447154,-3.056513824638075,14.13722561873892,24.798586084876263,7.48320911893698,23.959197782257384,-14.600548093361326,16.47518462888395,-10.458949784563018,14.68510205881937,-0.11245620653366983,8.51515700249739,2.937699070080379,7.970900735820745,-31.37511233846035,56.23876633165532,3.2445883133380433,-0.7147877818272059,-0.4217005808251164,-0.7596828173715808,3.5067078915336105,-0.6040720112233422,-0.9437896755208783,1.2535396704934134,-1.1672775552177153,0.1986957793480233,-0.2153451658561616,0.4693815289510461,0.4501183121480319,-0.0271386366296531,0.6402214217266105,-0.042047992772819454,0.5769525787943974,0.20970066542621857,23.489623860314307,4.185954095992905,-4.044820654341806,-3.1381615898879507,0.7905453749239522,0.08956031332078496,-3.8712844051611146,0.08496177204314259,1.6318740215105336,-2.1628611862328913,1.6636417793771217,3.058872683151008,2.9411086426503474,0.9935802472681012,-0.9019516921014501,-1.0471394953787547,-1.5570471067820444,-0.6160602372790689,-0.8847221747011771,-0.8972714815470839,-0.9922180192507604,-43.71004520192989,-18.04954188145889,-11.564156434598388,-17.742163729579445,19.49413603780857,-29.429583518831954,15.680697308256155,23.725600338882547,-22.22120391945199,25.41184065879993,-10.808895633747664,6.338943534809811,-0.7473684834773151,-9.772805112012264,3.3862370989225314,-11.88493974099046,-1.8506557328426558,-6.873922615040431,-3.7869884705380894,-31.37511233846035
57.03159024101251,-1.4653496259207706,-1.3929426889445495,-0.5714014321255858,-0.24155448362854504,-0.7363764749230377,-1.0821620424795628,-1.5492748567679162,-1.6110187595020125,0.29303157744960195,-1.3145370967501049,-0.20359493270362172,-1.0131344326420835,0.7787271549387995,-0.7401124693318981,-0.005551166470718849,-0.6506432444529342,-0.39812167380529284,-0.7529405915906309,23.311645429508346,3.2644829786712393,-4.090666482420639,3.0647312826803117,6.22136739982789,2.818415862722583,-1.219443145887468,-2.633602578109686,0.9987854589787251,3.8642513314214595,2.407832710433919,1.8530316940991702,-2.971035256537266,3.6119184135918876,-1.8062428009674831,1.7205229810608647,0.5457271542605755,1.3522657591195557,-0.19418404291766422,1.9038705218096688,-1.2199557044848675,-83.29767996440346,-23.052161095389977,-4.176547047914938,20.651553310736077,-5.895698025166146,-8.234487142409453,10.688636700955438,14.534617802742478,9.909640758612753,-8.379448914650457,15.98410777455039,2.3597301275676004,8.534962336950548,-7.2040602030664616,9.386336363414737,-0.6518874736428251,8.540176560804582,3.337828889197459,7.172144943225443,-41.78758193468402,56.204295381327235,3.5485515506540057,-0.21311404168397274,1.1024125233060218,-1.761884242640702,1.9108837585642457,-0.851906085837038,-0.19513369716645013,0.45958076505121825,-0.5963089970678603,0.8816065895090366,0.32522059386515556,0.5051075705455443,0.9036757429761069,-0.24463089841806074,-0.01544940151955787,-0.20617880793982057,0.1576477546766777,0.30142817202357786,23.311645429508346,6.44590907748438,-5.110370064183437,-3.3751271316362352,-3.0181757671364804,1.1962438119913035,-3.9105727914754222,3.292196611112259,4.182442723401026,-3.1632902640556066,5.677698743882056,0.2986364028385857,3.054491763637765,0.4120880471130617,-2.1050552222638075,-0.012723116684006719,-2.665178649533228,-0.20100968993740786,-0.2866674028785239,-0.8745001053395398,-1.2199557044848675,-67.09545780020903,-11.66121132459993,-14.991405802414361,-26.10562053671219,14.429175741769754,-12.262379728962857,15.28927345063129,10.601398200417051,-5.3188003143872224,10.742578961941565,-18.295844025416287,-3.686710479400119,-5.1624447125522295,-9.962452659162073,7.2038726078786866,-2.3292499011247845,1.026962781517279,-0.2608236417683567,-1.775832359684084,-41.78758193468402
55.1613603408761,-2.7451010315730016,-0.5282849448053084,1.8805020936270664,-0.8715599314344238,-0.2386632595809446,-1.2292267569318986,-1.602165027176604,-0.7197372604480576,0.4017298123780595,-0.4615698482285273,-0.7578697520189621,-0.3046584974302946,0.014947927418959672,-0.40579389536265675,-0.12305160154934724,-0.2348185432760843,-0.0060665823030350285,-0.25545622741762064,22.620824258266968,4.302758689062223,-4.258667490473634,-1.3292364166914772,11.290002132283616,1.700407928159179,-4.822535550804609,-0.3142189005908569,0.45853617979892336,3.0127592317754637,-0.47049623868583534,3.1442072464836026,-0.27958660376200406,2.0705806092061954,-2.524354158237497,2.1320582296819355,-0.03229838381580885,1.6715626734259454,0.675367362172332,2.5306595912725802,-0.815106886951309,-30.949761402471715,-15.777274466834127,-19.646054105867147,-15.696289056738525,-10.114832972973554,2.3537938576756865,12.800379106224892,9.995126982010087,-8.357595046844825,-10.38708579531093,3.7834514413450218,9.587525494569238,-2.12181090226933,2.034564027939819,-1.406946307057141,-0.5159684408006244,1.420745840685415,2.365950288865504,-0.18771039349955032,-20.42199745546146,55.227051955345274,2.7539782332220955,-2.4864045556348966,0.23444272082438777,0.0988211664744858,1.1129086443477285,-0.09746606139182612,0.4634181930118366,-0.266892121191745,0.38185091784987746,0.8297613539497508,0.7309064526561475,0.46428566245163183,0.6351176265262128,-0.07474812648575102,-0.20214828295563048,-0.28978366865292315,0.02713548167302471,-0.08503066161693207,22.620824258266968,6.530556974274788,0.1500039777202895,-4.90172448800961,-10.125485274436954,2.16393763296104,-1.6634685037137018,4.8094723289889,4.133879047268256,-0.7242253736629034,5.9454026818792896,-2.3050298574130945,1.2958974442020512,-0.3526580273470743,-2.715913893123222,2.0844585295097016,-1.2248874696527012,-0.276903348476083,0.34791362448036334,-0.9407867638852592,-0.815106886951309,-22.20378838306172,1.4066657794828767,-1.904873440514364,-2.319569052513888,-3.835225419320039,-2.2581695924880534,-2.4317378182410954,-6.64671038023417,2.5188482875182134,-14.605102926414865,-11.806257948069408,-9.806820560552401,-4.179062020670872,-1.4256913222533818,1.721072925798089,6.7108090004169645,2.8088165380837755,0.3209944883753302,2.432181115160833,-20.42199745546146
59.01524719938117,-4.058189005618313,-1.4880362404474985,3.256042476819004,-0.4225969827075611,-2.5444449055491996,-0.33604533992926555,-1.9695004662946012,-0.8293637880916491,-0.34341335024298036,-0.8071639502816215,0.49850341331466197,-0.28043724229431044,-0.35963805571369045,-0.6697563529425179,-0.11607365500401357,0.048560552424633974,-0.46849900903798547,0.19353487143267611,23.474530376541647,-2.6423068017874343,-8.899275805795227,-5.776513586619535,5.479082700926448,-1.6137724597427412,-1.8125964834720887,2.1915714239600805,2.8636681703915876,1.8395096796883248,-1.7475292257079231,3.1218853505106283,0.1325933279015854,2.4341886153606973,-0.7236955513773573,1.0947630976447924,0.1889180799843977,1.4634235207838266,0.48912622590565724,2.2339539555944867,-6.7732063578888635,-24.97318712552113,3.9892146749467106,-10.88406561668528,-50.957629211398,-11.114814218932118,21.50195543500251,4.66256445613098,4.479687630303255,-8.487946532663798,3.4657037923105354,-1.966089935865798,1.1031909116806125,-7.419978296560908,8.498234443497829,-6.1256256362167,-2.7124832091276057,-4.75002821750169,3.846745655569563,-6.8553441689607775,-11.44934563519804,59.84960741682986,2.552699684226134,-2.058245872891934,-2.876933397805528,-0.44472837410049904,2.52049058043407,0.6638715875946284,0.3716672776372376,0.544861563754226,1.1849801694486337,-0.06027631737251138,0.533980298583673,0.4536320122278057,-0.3489392566099607,0.16571665549248893,-0.12966661554478098,-0.03487829476644477,0.7477638442216064,-0.005778088738921605,23.474530376541647,2.260956930120379,-0.739411927306771,-6.331664675166509,-8.338976153251078,1.9870695220334222,-3.365919434039412,2.7919453715063662,1.85043777818501,-0.7052654843857868,0.697790374274724,-3.577255972382522,0.09364883424281145,-0.40036785075265,-3.1498538317032088,1.135200273795794,-0.3993494705784528,0.3917497729539685,0.2665191423488742,-0.5512771010874788,-6.7732063578888635,-26.274158606443308,0.45577197772934586,15.09720196444696,34.03936937422503,-7.581240142331849,-4.571356812335159,-19.40218205181987,-16.68302961143629,-2.696443685987762,-26.59745043949063,2.9332738186016294,-9.240444619133125,0.1688297227530149,9.729599896755895,-6.48917050305899,6.288440970488752,-0.5447623097752397,-5.588150332242096,1.4543950186117212,-11.44934563519804
57.64829756042537,-3.214340410487098,-1.9512817143239585,4.029444695077997,-0.4891432941333731,-2.8365432620606024,-0.07919910584818535,-1.447646083332018,-0.9344729030802612,-0.5738822100055505,-0.1461807655653926,0.33479499040849214,-0.7385969864947115,-0.17400787261862938,-0.13855211833971026,-0.13988842706332694,-0.1302553024775175,-0.0771849358648109,0.26505466289917035,23.000627943322,-10.861588234107458,-9.251292710624524,-3.6767845292581747,-5.477892979971756,-0.6275641786508648,3.5521431127440373,0.5719044709241947,4.192518731143586,-0.014089726551572479,0.5537449326650914,1.547421243891451,-0.435959179483949,1.677509594575079,0.3349394690565042,-0.012748070949715862,0.37136690825373675,0.08715813400501826,1.1548353652234538,0.9797483321787406,-8.426591420279493,10.410575284159904,32.07442890670602,11.319172557464643,-62.319241667588464,-6.387090798150494,23.577368851387856,0.75153591228647,-5.188253486873952,-4.24652090637105,13.06537361471093,-5.833382513997554,-3.6627610014197893,-10.322508451374325,6.703994142529918,-6.724787073737774,-2.5703954465963386,-5.334114270258157,0.5819606593995144,-10.084749602688348,12.178278721161007,57.6813888010414,3.817516235412124,-2.2430841102280303,-3.4947702574878186,-0.3362919351611624,2.3701702287418476,1.0427753165552744,0.8397493607114059,0.8487865843104578,0.9147792024636825,-0.48287769591774987,0.3282237038856053,0.3187902944363783,-0.28153113462054535,0.8099168511699228,0.08488629391287139,-0.26614992359754885,0.45585134626211476,-0.10708958613516129,23.000627943322,-4.823464021855955,-5.526966833038701,-2.6123295383799956,2.2911610417243073,-2.223465251360294,-5.2726958801231465,-0.8807815172744586,-0.5254786959985434,-2.1324494323086944,-3.1489554990266453,-0.9063101032731424,-0.48188017292837637,-0.6897228141344791,-1.0923980485084404,-0.7605647277196106,0.6654428039490501,0.4919683003171307,-1.000818203127211,0.157207573907302,-8.426591420279493,-4.014430909753273,-3.1658560459108167,36.6393877247678,49.99112009644854,-3.969581009431151,2.303097729710443,-24.55168588238959,-17.861388281514316,-8.16789442799141,-19.722438633783415,10.986522673563062,-5.913914836564224,3.0885806123582755,14.932780306491747,-8.99029346274176,0.5767112809734996,-2.184827980209362,-5.6755072673511116,-1.1786511303585976,12.178278721161007
54.46696823034416,-5.6803678393613355,-3.569701097494992,1.093668617612173,-1.239649032150441,-0.34373471541925316,-0.5613901560413792,-0.1947002434944154,-0.5838960983417483,-0.09292702421255461,0.08871103717364193,-0.6836306399665562,0.42092911957047363,0.5113572792689154,-0.32635180902097516,0.09732628627846984,0.02878689553969571,-0.11799938407157629,0.10378094104821711,19.735140408036397,-1.6399371225044845,0.4002534651281606,-1.20352746937898,-10.873499649743422,-1.5750051933384537,5.344195239839465,-0.7453820358017222,1.3716379984580214,1.1337025442530781,3.6285640209137235,1.668379727462347,-2.3412535128359875,0.09846477262699205,1.0132276071344304,-0.26988668673165983,-1.0123470963380001,-0.23054607992082565,1.4894547833415563,-0.7483459331238003,-3.138886255419795,35.2650806921156,34.92816646841921,31.10969106380752,-25.408881100979663,2.6443247927745768,5.200938532576107,2.0238891957630374,-12.94045272709209,1.4504242431276149,9.462007924478922,-5.054865615655313,0.709325562267578,-12.496311418600083,-0.22559708755885888,-2.3665363161545128,-3.05350719899402,-2.692065689114076,-1.238587221788645,-8.295615722046453,31.00925568991648,56.10760542353936,2.647076585905606,-3.5006066019706603,-1.2024690641634144,-0.5507929308061668,-0.4007067506525197,-0.02605408905740525,0.5419196080762703,-0.4508913298927766,-0.5138779522374008,-0.25070187174847414,0.5733863853718324,0.3776713291768461,-0.21292679230211853,-0.11936325034800066,-0.3586414252430352,-0.02212079399052347,0.07654939355656976,0.03681908373895304,19.735140408036397,-1.0141597276719025,-2.0439986699392687,3.0287763757724377,7.793185761895402,-0.4006748170139538,-4.391637509438279,-3.563767491665998,-1.8293932106837199,-3.807400077726592,-3.073847385410292,1.0659134350694244,-0.6768417373635836,0.6650353018832715,1.9479868038067494,-1.8347967395988454,-0.46612330108972766,-0.8578266692216345,-2.4063766551957846,-0.6962997649299598,-3.138886255419795,20.390912298943434,-9.531928372336736,34.836567525593836,25.018369362831688,4.435222162121956,16.575464283357288,-12.147797380234843,-9.272865252902287,-0.9402644934272324,0.7351234935844606,8.519568973926873,-3.544796943190166,1.6071939906799861,12.396046352594912,-1.0341857424998286,-1.9994897106621294,-4.997386547484356,-1.1196220798597813,-0.9513751836420712,31.00925568991648
52.00470570834088,-6.5596579700137525,-1.325844780910649,0.2227425332446038,-0.7768159960384162,0.43705320172610085,-0.8306021134137445,-0.39330577300490344,-0.8495159685987943,0.5533591156953923,-0.13579672001043352,-0.38478231512032757,0.1834131189248529,-0.25308000554409116,-0.583870202798286,-0.044068118063720574,-0.18135264783110605,0.39610128782548726,0.27929490386397915,20.277223532379846,9.0068614915007,7.12878232741768,2.0438568034205673,-11.693327526175679,-1.5125211041182118,3.387753013233542,1.5300257854332795,-1.3895754776712694,1.242402346307562,3.3741439453588065,0.9542688010089662,-0.8740436841031123,-1.922811695114115,-0.04081866622843178,-0.5480104149987255,-0.7168635189527792,-0.1485096613508068,0.4661834131541396,-1.0205652657124509,3.4568724223946603,23.968055729556554,0.8329207800401934,29.99050114298764,19.056006275265478,-1.740864915801882,-8.484804433994395,1.6178387085320534,-6.086148097115226,4.429010920287679,-5.424226251055595,-2.4252324819146165,5.271654368228065,-3.5597990559028485,-0.9447755761823724,-0.09285620804182138,-1.3762097168025924,2.391506364941039,-5.491116603038165,-5.430729073786784,19.01291894819672,54.68632094106255,-0.05669363413699102,-3.0713889602855313,0.5427910748654847,-0.9598791808528273,-0.06284063017054997,-0.19289398170303862,0.11555267979304862,-0.8352403905225909,-0.3431977708204279,0.471819079501161,0.47026332279787963,0.15740459690987207,0.020912370118071566,-0.3124905374253115,0.24506052386802168,-0.050178268882318466,-0.1376663945580625,-0.02772546090221839,20.277223532379846,6.160899848294292,-0.78063067391887,8.737748848904818,6.803993816214076,1.3730192977691522,0.0009393988409533982,-4.288514180619714,-2.9568995990545375,-3.2571052909882057,-2.0299977551699095,0.8666467756424634,-1.2758146882768635,0.6589307025141027,2.2015559423676723,-0.9256896951638593,-0.903144913910314,-0.7445291174929625,-1.153392110422863,-1.4576009971433175,3.4568724223946603,27.101087256430098,-17.462376750732698,-1.139856578823224,-4.41246675536372,13.427057912848028,16.101928185420935,3.787057005285232,3.832884815863029,9.276330001521767,11.334808867179039,-2.2858268471581042,0.19902392488711662,-1.360387394731025,1.5147143780649894,4.494582636320754,-3.6283714505485705,-4.0089434942869335,4.922190667517018,2.638114703032473,19.01291894819672
61.017074564171175,-2.185403493290906,-2.402518441843643,-0.2773562671360108,-1.0662632284242664,-1.509145517522819,-0.3330348540473471,-1.8108516222291478,-0.3049909832058435,0.90724799736341,0.02183389067207253,-0.3123346903389219,-0.6922099086905966,0.18651181431625563,-0.5820406540790599,-0.6701573576728168,-0.04116381485898457,0.03958527078764362,-0.18775821561162842,23.266789454302828,5.056008681466288,0.37476990939327326,6.918011278944855,-4.1176405764614215,0.15086839937822072,0.8700678325712121,2.724455364587057,-0.8155110887470303,1.936475764822565,1.5732752301846804,0.8910287641242145,0.706298361344956,-2.0138064490947474,-0.6486150275143188,0.17912611159204084,-0.7937203059093543,0.2352245739047012,0.21415859104599178,-0.9136971064831443,2.7896895657322993,-24.832383378539483,-29.527802494200152,10.192941084676448,50.227592398055705,2.934300216077295,-12.914245512945453,-6.172469433814438,0.7862482462727347,-0.8274668138010286,-17.858731379814245,-4.760001236072585,8.368902751584974,7.390335379003439,-0.2584194485750815,-1.2330504801622768,2.589328269537364,1.792406223646608,-4.303705104956869,-0.7650877958800044,-4.281144244863871,60.84006148298334,3.467805284031057,-0.1297052599769648,-0.9991211830344784,-0.3332721597616435,1.541177255171129,-0.5001775091092142,-0.18093098724544365,-0.5168249876925457,0.27704496338554296,-0.004667987547254615,0.12453962044574407,0.8668425119326946,0.4738323929241055,-0.19047802000931657,-0.44281538106721996,-0.5717774567348772,-0.1586656129661972,-0.39361003382037296,23.266789454302828,6.9642311445169724,-7.878544193035055,5.4115798939880015,1.913792140919882,2.4064383285296773,2.2849950681571825,-1.5780869869384273,-1.5702843967381361,-0.6130698017596474,0.5058732491385864,-0.2039499248768888,-1.2817823796780279,-0.27109761373694785,1.4011923491561904,0.7006698862680041,-0.6148004669798355,-1.488694791883163,-0.21700494393319048,-0.2195604073832047,2.7896895657322993,-10.437341013912736,-9.289991141895136,-35.694185060013154,-22.546768765971517,3.567950172237262,8.418598043395706,11.028598568910663,14.81913900013232,16.368307795929823,12.491398433105187,-3.693957089291108,5.940819382474713,-5.7905514937004305,-7.466904437673627,4.33612990365481,2.543302843915353,0.7516361749483844,6.17051459927076,7.306235340147779,-4.281144244863871
58.87667513926221,-1.397431419813473,-1.5129446404393492,-1.1317066256357502,-1.3320967480555663,-0.5599613543920485,0.5716361358714384,-1.3343581328002865,-0.4527242874944326,0.6131022518858704,0.36439220818987517,-0.2878748264568811,-1.1434333199212339,-0.03199447325651539,-0.28471290331003063,-0.11457836456407322,-0.16953477795358074,0.07711444328264894,-0.09945839162713233,22.963239631386116,-2.2255332713145677,-8.822090542736984,7.257696668073727,0.6721806210199834,-2.360933432910143,1.5468045993809665,-0.35409487500416814,2.2430192261884994,1.7990291233075237,-1.1307237974981845,0.723480484603209,0.6760920675396114,0.9537456774845245,0.6934729982896926,-0.2836825741324769,-0.4260513453618824,1.0500259895627742,-0.9530748401478466,-1.6529406180349795,-1.8844198567571802,-37.955348681468635,-2.9347572125545804,-17.619821519017435,51.45255806568167,5.934085490347212,-13.262038025135482,-13.169156895312815,-0.4272225640635683,-8.596561873535455,-19.72775762097495,-6.873601216561583,7.222030458072655,8.97569419494873,2.940385646478974,0.23844152965753662,1.4583030752762858,-0.9430190872399373,1.0574462470734678,1.7614959982908522,-6.2979136984649635,58.39561069546656,3.0168365493899634,0.4403396432275306,-0.1944472899452485,0.24145732820115207,1.3996979252505,-0.8644200637286779,-0.27727514115500584,-0.7467992322837604,-0.4956811329327442,-0.17257125019712793,-0.0852602577897823,0.4036700543155054,0.47586724395017876,0.38262938841865113,-0.32459918513019326,-0.3635861509718532,-0.0032372056879332867,-0.620675525927157,22.963239631386116,4.737884170264657,-11.340882446857156,-4.3736595868993895,3.0246244745302073,3.0865071322919038,-0.5600480762104105,0.019906733004372068,1.2614093049601793,0.9085504304687171,0.7285886172884344,-1.414291846879038,-0.0798978893275959,-0.9018500536898819,-0.06164363215066615,0.21899327750734177,-1.0744043383801813,-1.197069385495572,0.36559127500000077,1.237895246650161,-1.8844198567571802,-47.49204321104264,34.871307582663874,-35.01879865463993,-23.6263644553527,-6.572390188539581,2.525539197452589,11.430024789365806,14.602887801328162,17.38235170245198,8.057595840414088,0.6526568957032526,4.4963035671277805,-4.429710250479879,-4.739602592817503,1.7327456912972223,7.691512529719265,4.523021726832901,1.8886658927657545,6.668086620980518,-6.2979136984649635
53.558987855616635,-8.074096159764839,-0.017145528258214693,-0.2879270911783607,-0.8865744564527556,0.5898064789254276,0.0997184016095578,-0.131929607970239,0.18594594351735338,0.6638390227845465,0.28413095513559483,-0.37893520362580135,0.07744911444614333,0.07650699936796812,-0.38636740296908245,-0.26427874342603097,0.14049024755328365,0.14857333372283876,-0.1636909644477993,19.78697714139941,-8.439931430366592,-6.3882113468945825,1.2860231406326648,8.0575424756866,0.31635107909615945,-0.19245330970697383,-2.8895564224902177,-0.051535230335495674,0.44165574885258296,-3.0483677975649037,-0.596226732371067,1.068129987135138,2.355353775829392,0.5168720505878275,-1.0185758472459225,0.13691095163523337,0.06638920644568791,0.047231357514115224,-0.8147021549025382,-2.60881223827581,2.1945242461201246,70.14490064683673,-39.84664882260742,14.189973400673338,2.051870731278581,-16.289494228083296,-3.3359550569768053,-9.479296526654672,-13.857326381172587,-12.54069202682508,-6.433698790924733,7.161997422460866,-3.881175968449246,1.620064007412819,1.9678390211994619,3.3086396737043167,-3.490399943313374,4.367976952142864,4.3738722029864,15.983354518060338,57.73507611859584,-2.828960602375399,-2.5506809567331907,0.12304618870189321,0.051757978931682214,0.010521505715546553,-0.4793345415137993,-0.04680867981877057,-0.8016468098920155,-0.1846996466119495,-0.030481669337774076,0.21025698582664942,0.1189897936055555,0.26019194535992307,-0.11658827013597994,-0.3812118042338455,-0.6097642488873376,-0.0991676728450901,0.22351391255982,19.78697714139941,-5.521322395613453,-1.4088683544176934,-8.262611936332037,-1.5905139502484227,0.5265563518433014,0.09815524978525625,-0.20367866402271018,3.471021837375083,2.2939259595098576,1.7925586449131292,0.35940420168462106,1.6956095543991392,-1.4498500668649514,-0.6538656277708945,-0.23907327410704093,0.8911578331028824,-0.2557384477461375,-0.08061104827183674,1.609069783247191,-2.60881223827581,-55.74659089634656,91.46108084923242,12.279237759352057,-15.579850443022334,-10.008077752661634,11.057446340656606,0.4090900926347212,3.3061927848521027,9.297872315587407,-2.5570598850208905,2.759187024674153,-4.023189675984575,-2.119158128393627,2.469893832857485,0.31548595659331347,9.265889342437884,8.0547548077029,-0.3081623104682196,-1.6418017931854452,15.983354518060338
54.620982426960865,-8.026356908145278,1.1103170963335,0.5641182557757705,-2.047127098479243,0.1609795031924608,-1.224026178744281,-0.11125716704010813,-0.19546987030663088,0.10970170423573178,0.09479499005940983,-0.013436024707082161,0.2754564460987452,0.14865890107489887,-0.8235481154195132,-0.4600330978680547,0.2528333157441469,-0.1349301637160336,-0.5592090307354252,21.074919760452964,-3.2228427933171773,9.042894349284317,-3.9500598869320562,7.945359980591146,1.371780301196425,-2.7120054281951056,-2.247546768684491,-1.9851746889088209,-2.3084685824751743,-4.178913351253875,-1.7389040590241844,2.556055732038124,0.3804552898981801,0.8466306179599821,0.1700613292490245,-0.45302761008693015,-0.5356015212412688,1.0783701534568118,-0.18931474235732781,3.0071664751662333,29.453031380190595,87.73374546267524,-43.026742867989356,-26.01625343117245,4.449992035045781,-10.982688833872531,13.726811414239593,-8.417089528905397,-5.716013044012338,3.913729425739927,-0.2957494785175916,-0.22539246780031785,-15.309558304747684,-2.7340815135970202,5.0546349769819265,5.967699207605886,-4.146225755171918,4.851296075822451,6.361350042662389,22.691376060191686,58.60775570838862,-2.578751914362341,-4.047730905357113,1.4940196262624026,0.3908593159464617,0.42246320645203594,-0.19336209899856005,0.6791961785598017,-0.23855426418849746,0.2519688428225355,-0.22242000304309828,0.387455695443629,0.08040592922850065,0.09691077782482971,-0.23993877360830895,-0.3229434337387562,-0.6297195655538743,0.015380272881384327,0.2826601892327656,21.074919760452964,-11.342344987161816,13.420185198104386,-1.9345545632551264,-3.257035365878121,-0.97323480815745,2.357128906753211,0.7392940526053313,1.8238911845529335,3.980572679603031,1.3554574671498627,0.9112981602133348,-0.516358871751557,-0.9665481961618347,0.8592836344224632,0.4105547306722743,2.18963220090796,0.9005035738549756,-0.2772561118706627,0.962127218031744,3.0071664751662333,-33.759588324722934,85.3344671593846,51.08511684484678,-11.276991050463964,-10.082598510503994,9.5482308606907,-8.809612715418549,-8.30806962957115,-5.317271591044237,-10.52410893724502,2.7546862495382625,-10.859161676820586,2.3532349885481563,5.368004964853196,-1.4208186380886416,4.994607280852219,5.372104555149376,-0.9869379308768178,-7.9322983772803095,22.691376060191686
58.92495520513855,-2.0650464225722946,-3.0711377399137354,2.9035025300015285,-0.5505725136643482,-1.9658426011685606,-0.8799819079845963,-2.4481697202769848,-0.2127903173734529,-0.36523562759397254,-0.14148086644822833,0.08451090235374759,-0.22397790378589022,0.35462115244446224,-0.8219109716472799,-0.4289745152032094,-0.21915325848500444,0.1692232530440425,-0.3652339735087511,22.9065432706315,6.651925565527655,26.514727786800986,-7.401434854855966,-0.6592435559103338,-0.6895531020357728,-5.1452742676824,2.0032037829388156,-3.441062394525706,-2.93843857287238,-3.172976006350014,-1.0946283595244553,3.3473152403261324,-3.667749239526198,0.08483816635694597,0.9361736705010211,0.874087663305328,-0.7171616423499645,1.3824245703150944,0.5414260571712297,8.335573658800762,37.02302187523991,26.14380087066108,-16.866485122694225,-54.02369084544233,-4.034892003270093,5.569188081000497,15.90853736793687,9.624740042610549,7.250771997674375,18.676198675156837,6.229253080724384,-11.7353429607152,-11.910708375481825,-2.767018403968286,3.4481183759319998,6.3307767651062195,0.20121417693868415,-0.5776954933883465,3.413594859431746,8.525927908528082,57.97332777871558,5.561165338698363,-2.0169759538506615,-2.6386116162625153,-0.1446949777126476,2.078872239462989,-0.9375458234856282,1.076344271584694,0.3760155080147516,0.7994992979644677,0.1999584897180411,0.735986421028608,0.3035495410437212,0.3363778121013328,0.0012694239506430005,0.0019356597885027416,-0.5665799733169354,-0.20827987638677437,-0.040742999776738786,22.9065432706315,-12.868949724943072,25.471462409100383,10.331646261841898,-2.735303160387121,-0.5677295775764626,6.355129747003675,-1.7332356004215463,-0.1984289441084619,2.4998552314668987,-1.086091118302573,0.012848583914001344,-3.075146726458335,-1.298327606697785,2.1756756322983684,0.7626321379821945,2.386125934595036,1.4898961322930133,-0.04966240573196856,-0.9025772896667188,8.335573658800762,23.631938084003238,9.207666885583484,40.82472976999915,12.449659979864308,-5.4257071815173905,-7.643422306185858,-9.672001117538969,-10.644385885140325,-19.088729857342777,-14.067477761473485,-1.9914676118848627,-9.720348542418144,7.298396154861008,-0.14003517350472006,-5.987628491210964,-5.59604362170521,-0.8373649295635017,-0.08398361402701315,-7.926535225637483,8.525927908528082
54.582270067842664,0.11949088623241355,-1.960978478077617,1.2452585540698782,-0.8142075688515575,-0.6381395284426072,-0.06228709367373009,-1.168825421101324,-1.4075904482866166,-0.961817098551808,-0.29225391053030547,0.7584299865724065,-0.802492165856127,0.2522637591852286,0.01808954565358034,-0.2587442837189491,-0.2575137855550711,0.6059745603504529,-0.09334425827532034,22.90703980435319,4.955053920833606,18.593312621752855,-9.911945768176636,-7.977553078767777,0.36701467517871356,-1.4681293385675864,4.062930729401112,-0.27076195616909415,0.6310697621638361,0.8884450197643341,0.8248065589211073,-0.5761967929560448,-3.689481967211522,-0.4575508163933768,1.2662601554850146,2.189209902606013,-0.6313114636253587,0.8049765913628892,0.8496702972593306,3.989075224800377,39.130143017857336,-54.30260858859917,3.079581419133545,-31.196670319724326,-2.9416262540410414,9.564779577096171,3.7775324046367293,12.306309742958579,21.438862789064103,24.17981419454846,7.432498419323764,-21.89636595339546,3.776062776783804,-0.7473916349413869,-4.875922144785744,3.300267555346693,2.954946865348207,-4.586759949638758,0.5752560248447116,-8.581233390804687,52.60531237182578,5.531866177905275,-0.7937901398412972,-0.4421360704021047,-0.14693359755540802,1.5440870117533843,-0.26566739644009774,0.07309397541972862,0.6546559485643715,-0.31005187164602144,0.16785775038163187,-0.6063044112665401,-0.17188391748449483,0.8674161277907055,0.5289779067114768,0.5786431833126127,0.06507349817043351,-0.08730915985242249,-0.007483460743005654,22.90703980435319,-8.468096327432,17.886185751076106,11.871769736437034,-2.0414764456324255,-1.4076491582502109,1.0855801055257297,-3.6201211565054843,-1.057900119083624,-1.8530500010319224,-3.094140969726224,0.13632908677540323,-3.1241005873091514,0.19900621050061296,1.2075882202413004,-0.9922687475815968,0.6754152512998515,0.6161656020595405,-0.14335201170834222,-1.4724304055330393,3.989075224800377,80.82786956687386,-55.56954259853609,-1.3180994981396141,7.246183996440967,-0.37877919790089365,-17.80378189007712,-7.15123828562124,0.13645658254443127,-21.83338363631085,-3.7899196952474714,-1.7200532727074715,8.183855186997723,8.983301870098284,-9.78905917541545,-9.424506058574957,-14.391176675741251,-7.739800204750072,-0.4866767228934965,-3.8067337273837616,-8.581233390804687
56.90430681793956,1.110343836446809,-2.182215168480639,-0.9581190182805814,-1.8478107722844848,-1.5832711390982384,0.5204507505436902,-1.323676678202484,-0.6772130539288437,-0.38688957899669063,-0.06965877433177514,0.9087894108975205,-1.2174511993395196,0.06712365349127625,-0.3390993982551187,0.07212068115208026,0.03708297702791041,0.46933325684714267,-0.12591032209223685,23.03870394884968,5.982631150177973,1.9084799522016893,-4.166276480092158,-10.992846417355103,-1.1987121095300313,1.970202685979515,1.9094735124354147,3.9036284245999155,2.5972725753702655,3.7560523545044093,1.2365444990184793,-3.2334152307253774,-1.5650317833566691,-0.21454643421963615,0.1573839276020823,1.9811805778418716,0.21485126610707495,-0.10491960813309675,0.3726027550050055,1.1631973411711591,10.151197669815446,-93.71243307243248,28.11129306565156,18.066684171607058,4.8878239938500645,11.599950345214998,-13.748193916355657,6.727318294129987,16.051042594963903,14.698114973402376,2.8466820329481686,-18.684774518850563,18.12275730653444,3.631476269380609,-7.195082914605646,-5.26288630742722,4.428703327075213,-5.00863194274671,-1.61705895906389,-16.980444540544624,54.30182292440573,5.851461556040986,0.9881717914298505,-0.27652754315941364,0.0367896468943858,2.62727447656671,-1.3097996930038036,0.15702794969703504,0.0016756994649993473,-0.4467348485289575,-0.21919625409313848,-0.8304363240474335,-0.4040290863868392,0.9627770865261693,-0.11973054130477556,0.3610578545379881,-0.21221271460298485,-0.07265415934417097,-0.08270290728565377,23.03870394884968,4.857522316523259,0.9619648118881887,5.246590798821461,4.026536579560884,-1.9690900638690132,-3.0877815026939324,-2.859971618236786,-0.41027545337680094,-4.333627628844055,-3.01638101738557,-0.2488450675388445,-1.860693859031135,1.6165708072343283,-0.8980355074326731,-2.5314757805855876,-1.1497555029456679,-0.5322519266301708,-0.18955490536650355,-1.1369190177891593,1.1631973411711591,77.93345345034675,-85.76988420889269,-43.55893494969287,1.7598974068479363,4.756652592500448,-20.707712274423237,8.802546529150087,6.7751689088050675,-7.835781968202596,10.53266222807876,0.636941832951285,20.966571410880476,9.721323899103645,-12.226917328061337,-3.8183703265339815,-14.196666278039716,-7.469083634484867,-1.0228899960128184,2.6063909996482817,-16.980444540544624
58.10883358097716,-0.31739572677840266,-4.290117073471366,-1.493847509467063,-1.215000631579818,-0.7643708971264935,0.10722285669213161,-0.8088846661619056,0.3522763790529826,0.5647511898192579,0.4712872234617369,-0.713673675456991,-1.0725478897302012,0.06363224235480347,-0.43182382437308653,0.384024255257307,-0.19094053382498988,0.11750313006386093,-0.25403570781401696,23.003377033744062,16.67687592328633,-5.805286027715618,-4.027848364747188,-2.4861737485486315,0.15554667792303345,-1.4873541164779776,-0.3119154311144259,0.495634773007658,5.6431072379355545,4.446479565593142,0.8117587213662305,-5.10176200913385,1.2171279502053176,0.6226271007775797,-1.8785048716943784,0.6435597103181445,0.47586545720431483,-0.4713377321384713,0.1827249211481401,2.302737938578691,-23.27971240514379,-90.22786168900727,47.9010112700728,47.99519089970122,4.335882088398952,4.4305409411577035,-13.651401960312638,-1.76039508255697,-1.5321237867443465,-2.520077210807152,-3.204708251183059,3.6774118606180544,20.216973709879372,5.145729762188229,-3.9386494744058536,-11.728836356239103,2.967128245197092,-0.7057413494158804,-2.3547088249004013,-17.49009303919316,56.20945997182755,6.219192852504401,0.3855800902211479,-0.707760633105361,-0.4037075754821604,0.6910521406630403,-1.8172957424922145,0.6099042799618193,-0.9779093604295825,-0.6719845687938639,0.05532191225019312,-0.39138322567292594,0.5336983481940873,0.38750525073306163,-0.6755731647713981,-0.16479690546357317,-0.49882039388107935,-0.12410859149408848,-0.43257505977929656,23.003377033744062,20.20835377554195,-2.109837302557562,-0.05107658081471467,-3.0148632376316398,-0.4619441639616215,-1.8233064134365442,-2.2729570812976685,1.9980427304593187,-3.519377708396917,0.4256425690676253,0.1821183495860219,2.9683422880337047,2.06765353192125,-2.49839038341974,-2.6546443393313135,-3.2380154181923135,-1.958322499058468,-0.45064822350014344,-0.8240687815989167,2.302737938578691,42.00718087423529,-86.99385392088331,-56.20064886878322,-2.8620808227743604,7.4402553497517445,-1.548563155362789,19.50577391451203,4.550522403788726,9.006382983732713,16.79834570151977,0.1887303622621299,16.331948764073722,0.2510355673432374,-5.516859491806189,7.1891796563040025,-4.461899983410526,-1.7593170725735403,-0.4683903434721921,6.455658171390002,-17.49009303919316
60.15298902366029,-0.8923631399660419,-3.9897066822629395,-1.2233676469075525,-0.9495320370652336,-0.9176255738368599,-0.010000126949819776,-0.6763258854467362,0.20591255664188024,0.7495064054726992,0.09502081606499013,-0.7961448819942425,-0.8714659335271877,0.3416636937498567,-0.5182623228329053,0.24023150422959838,-0.14501425129650758,0.36099916412079014,-0.09858687123690002,23.439973326521642,5.866613399209015,-8.142189424681018,3.71216297625509,5.628408864783624,1.8600928935170997,0.6643132938802943,-2.6834700949812444,-0.46060161204908834,2.581063986723713,2.3970642074367703,0.33523657572706744,-3.732289411010247,2.9403244550326018,1.3604873424617723,-1.0889852732121053,-0.9845303942643477,0.9436015607728052,-0.4837342393075803,0.06636926569488,0.6885200316392925,-63.22953817941996,-84.98275913880228,32.999873792459574,40.56011825348953,4.551124366949054,3.1841682135906657,-2.5536066180091748,-2.1894196565445774,-18.223048645736608,-10.378156575931403,-2.026217029163355,18.004612853040406,11.012953687991713,2.588703159354951,3.16540617726174,-9.183629702074173,-1.1991105143380991,1.8171013729448757,-0.9528036120181627,-21.81175089161564,58.600015136976324,5.698484407342894,0.01663433052884633,-0.4925310451304452,-1.000853020683778,0.9614989236611948,-1.5917174595779628,0.6028013926252482,-0.9745156519102989,-0.527724862154396,0.1318038750143382,-0.3018211012837666,0.7590438118215943,0.12731549691381816,-0.6621929306007135,-0.20122204729623827,-0.5507589906062644,-0.28465761324919314,-0.39665670915317297,23.439973326521642,11.759551948743322,-7.415468168529131,-5.486398054378663,-1.3686610609635457,1.3377442215294666,-2.5442831307268072,1.994455626549589,1.6611840855226006,-0.584871898951902,2.4203482263398826,0.3084248689843345,4.361917541310476,2.628010682143719,-2.0847937299017794,-0.31536522940993783,-2.75549186967874,-0.9574016343904157,-0.40745929784247714,0.07643739819036077,0.6885200316392925,-3.5851659415277624,-73.91881107269779,-49.688169287405174,-7.281085040649064,-3.3676082808370587,6.476166686327974,18.490635660628364,-2.9384346168061355,11.946922409060605,7.522809872046693,-1.8511290719173237,3.487103497050431,-6.769699303513927,3.04735351529205,13.685053514872745,6.2968579042333035,4.585693259953825,0.8512419620503113,5.648913435287847,-21.81175089161564
61.29636692662547,-1.78179863941897,-3.0711569035600603,0.13479599410904797,-1.1855735974996664,-1.7146393693122852,0.046980629515811945,-1.244683430975369,0.9724003653957984,0.6932246920100682,0.031285654954427145,-0.939983871548637,-0.3669208236596342,0.4263072894447282,-0.8315814279047156,-0.02101984009863589,0.07146755720929532,0.42447274064439355,-0.0156435231289187,23.857774084806554,-6.62679340625381,-21.49528353430943,10.099340138686141,7.709414730013471,1.005553217854624,1.4000858280608757,-0.46629844704687784,1.0311555208769227,-0.12688783688506078,0.3079004878945777,-0.3268936050247162,1.5119462274954172,4.166326768533529,1.3277971763600336,-0.07987998131081842,-2.1923527894604296,0.4878775116403222,0.6415132322421908,-0.1745673705358073,-4.518632640030269,-74.64010323136769,-65.35451651031478,7.195077159553975,0.995485346878028,2.1408236230225044,8.381783910318976,3.9810620175266966,10.259792874227978,-26.356504674126576,-8.878430817211791,1.768808207557417,22.391488979909816,-2.312454224708499,-1.7828467166636686,10.461379353021611,-1.9844631713729934,-6.247854155002349,0.6885330316020366,0.30569943505136354,-24.47161692505261,60.56039315331146,4.55343610097554,-0.3335596997981525,-1.8415659382324088,0.14091565425286312,1.4653215814878697,-1.2611870538018524,0.8492286191852814,-0.616937229946438,-0.05673558029948955,0.08341686062090448,0.6135591213684788,0.2804063993719135,0.0359517308870112,-0.5271130683062109,-0.7592245748664308,-0.7448146133571607,-0.20663154464998312,-0.2625409506087044,23.857774084806554,9.084479293575612,-21.422024719156884,-10.86206027135451,-0.7749180367573909,0.6590613739264217,0.039549341860772635,3.705552178357343,0.18163131336103833,0.7757636258883576,2.5866672591709357,-0.047940700355121324,1.9305680945569046,-0.1811959432824637,-0.9574624144272408,1.4942658049825794,-0.7526665570388755,-0.05091808034710721,-0.2685949872064515,1.148720472172202,-4.518632640030269,-29.76837833968471,-51.33885934937078,-27.446845946423714,8.608371759296116,-20.55336442636787,-0.1415161005790715,10.201326152825525,-9.606382338630281,5.934285045421422,-6.951037117252372,-3.4664883277378236,-13.459721241487227,-9.187036677722997,8.06560004857622,11.662591195053725,14.46852232869347,9.205288650907608,1.0578863718817424,1.2802960475311007,-24.47161692505261
58.24384684471992,-2.228549419573416,-0.9356137653087471,1.041763662323175,-0.9324778425660107,-0.7759802560651954,-0.7911631833587722,-1.3360781018202965,0.3032569462616048,0.7474057736262893,0.31796029778541346,-0.84420019656178,-0.10010250485850225,0.5660298011772,-0.6837132330953568,-0.21762246830212217,0.3776797118971704,0.0739813319030862,-0.21192178158734598,22.95576543913808,-13.980303274761937,-32.737900863902546,5.270066164420965,4.189418470108608,0.6518468039787004,2.1185668205054213,0.7098617113970533,2.5411582223929945,-3.6292542100877307,0.6362636053879904,0.792762147632275,2.462037077480191,2.466845651475081,0.7272201076666125,0.8407745710411723,-1.1926780233059278,-0.3907100182799783,0.24720559614901005,0.07484709483789787,-6.331992815332182,-26.54496051530139,6.9376330966690585,-23.746064519574077,-21.609304965458833,-0.07140840107200974,2.7299925149736493,5.02376459986611,7.4393217020300755,-14.109849411157013,-4.718059942950298,4.787553887203627,9.05422161388733,-11.503258186354149,-5.468075056485449,7.821795210244418,3.5161011931204165,-8.40852130575407,-0.43282089878836416,2.503420228921674,-12.190156992503105,58.00613230803543,2.976605847540851,-1.395457340749831,-0.39395542107766257,0.43335014279160733,0.9679981907908917,-0.5906262240741902,0.8679578228466043,-0.4712463152525239,0.4558147703937965,-0.0790312937863269,0.8480512730871022,1.0366222290961074,0.09615698149830498,-0.3516432042423381,-0.719474245599953,-0.567916422060152,-0.23512233168746222,-0.12950126277576945,22.95576543913808,8.626876586742547,-26.341347016161045,-14.192001999611225,-0.7339785412007722,-4.213396973231564,-0.7811260371786037,3.3960915822498907,-0.9712870532307285,-0.5077370914563897,-0.3354884264138782,-1.0593800785269347,0.40174498623248045,-0.6438541069207786,-0.1448227342828976,2.2365959046938384,0.7559990185942649,0.8068924939910611,0.14503945751180614,0.7011430729692048,-6.331992815332182,-33.84804427278702,17.721410732437533,10.71523890697123,5.22334534737331,-15.05051025261531,-4.8012280179556575,-2.8720501551921784,-5.605729564917985,-0.4659860974928485,-12.654603377678477,-2.1092147058043658,-12.342630999151508,-8.550551370106511,6.7606438998383105,6.7716042384580915,10.687458509552794,5.7429781776360205,0.39833320264459937,-3.957955911780675,-12.190156992503105
55.75000796732044,-10.39694435412943,-0.7674934626053918,1.2282942009243087,-0.7207511199021175,-0.13515064198188798,0.2646551613731689,0.03656920246333595,0.2401602658005899,0.7197517496897516,0.19637068008916714,0.06632709557448635,0.6249337802022206,0.6153477768211486,-0.38903835989727,-0.4832251532070475,-0.20834875960166777,0.5817686622938083,-0.2846519379066976,20.98616465742071,-10.719717355412037,-26.184688563262245,-1.2092613790531375,-1.2689358777721096,1.8300815342034853,1.9764110753689468,-0.018050325540226453,4.124651292900605,-4.429986000722012,0.8876644580116362,1.4674000391923352,2.9968192365758397,0.29764023962982833,0.04783735984332527,2.3873048826897882,-0.2445980608475622,-1.980905830770468,-0.4925411340657482,0.33133572410231293,-6.422814100461878,26.954810984960062,130.3397037961866,-33.04456164328822,-30.03379217704375,1.707437679594232,-4.7991526146840595,-3.4526638903832465,-5.346528375728521,0.06488579845698217,-3.04437946983824,3.4979931841494825,-7.233948693694205,-17.76478381050678,-8.274551198814287,2.139951867732028,6.678208123325174,-3.610194820948821,-3.6174497787655895,3.0172344391566446,13.685742844802874,61.0486410330858,-3.130880227173019,-4.339404209816768,-1.1445074635104477,-0.7912784702566422,0.7075771780285782,-0.4650652710654293,0.5681417215316604,-0.8416622158142912,0.12957924451750769,0.136769146472965,-0.0010353655799080208,0.304311167915599,-0.07564669877280217,-0.08371512545929605,-0.2820040848311536,-0.5157007183276892,-0.2831737258781797,0.00820745311810267,20.98616465742071,6.890502286699984,-18.316327553426994,-9.421697581410292,0.9719813821350312,-7.9630557797650425,-2.7756430105001817,2.126888017264943,-1.4889128694791576,-0.5908025894339621,-1.6719576631816802,-0.8672233405272554,-1.781432055170911,-0.8899324124079993,0.564424143058929,1.9006706911436613,2.240500302017919,1.7621747622045976,-0.19795441523641388,-0.49627359522278836,-6.422814100461878,-63.46511789462515,109.34882022768895,62.48332608762205,9.667433397234706,3.8138069367117664,-5.946082803347858,-9.432836697951512,-0.1352996928787804,0.36826565726026006,-6.228516008952506,-0.7632230463195535,-3.397031990914051,-0.8753113339327974,3.2598424230282985,-0.27028841689144745,3.2013039688062683,0.7538150602409353,1.4481936444468841,-7.291367204639343,13.685742844802874
55.93601686593183,-12.953740714562084,-2.5065053205297914,0.32459248473912083,-0.8560198738746578,-0.6480865272493479,0.2360934628200284,-0.04637309096959141,-1.2425944986043809,1.0543746793268527,0.40885937731375765,-0.0682818268157086,-0.1339704097205745,0.6107535038949528,-0.31914657131604196,-0.1250048508691597,-0.2004611020310152,0.4059540013705878,0.07334088357093838,21.709781632548474,-5.359404883862567,-2.3286703618700804,-2.5065685246623097,-0.687068314053001,1.4121245348066642,1.7411469277130833,-0.39571185580151536,1.7123113529541083,-2.3223116369363184,-0.25184774909690777,1.8318666972203554,0.05238489139320679,-0.8769613736926223,-0.7335702775225981,1.5883198999098007,-0.2003571620105733,-2.0262674208988347,-0.1331175055477929,1.065127832836657,-4.454467734396456,40.00702155496596,193.7777178967953,-17.010581842028238,-26.51140051746536,0.5666934298026249,-8.119342704973661,-3.16594129332274,-12.328873649784875,16.220778449026533,-5.752345614691048,-3.4275273408517357,-8.984982209301993,-14.009679317264933,-8.916384615711213,-3.2637301784075623,5.291391730933855,2.673512166052519,-2.2244552479370205,0.8698219986058187,24.461916891014525,62.66932949046043,-3.630030936663347,-5.076444414267458,-1.2080495530918118,-2.6414544450448076,0.9498081068015387,-0.29173255982122903,0.25770131483669445,-1.116021704704567,-0.7886264877698337,-0.4245623071751594,0.20634863530666703,0.42516437408936225,0.11070334460227604,0.2344060503227483,-0.06183278301674444,-0.26186969112546965,-0.1738667938791918,-0.18145937453197414,21.709781632548474,-4.067481684212375,-0.10761138517530933,-0.8489599458651567,0.3695619032768982,-1.8764523279324559,-3.537300963524159,1.3477626294996998,-0.3064086055162938,-0.13458184003716633,-1.7776410013230475,-0.33654116383178145,0.046602116598629895,-1.2928967683467687,0.5345849412742911,2.8672344467385673,1.09165395556926,1.0075410331517423,-0.24361298250519625,-1.0800435240024815,-4.454467734396456,-89.84001351483855,140.9571645634469,88.45647826183031,11.886498565440021,24.415076492252062,1.9645599879875637,-13.579964840654668,1.2370781596133535,4.593381968742138,5.400892497891213,1.1249324337828988,-0.20956756146257804,-0.3764351349946784,-0.961267528833829,-6.762666103985682,-2.230651044376283,-3.5656571724326676,1.7162861557596114,-4.428222646721258,24.461916891014525
57.09042323831349,-9.511547273555758,-2.890341815476107,-0.14108635598497976,-0.3087618147436002,-0.7903806960357356,-0.4756728563437016,0.1727897100495812,-0.4696669125322148,0.9835724681656046,0.7195361347864226,0.1704665618662471,-0.2011667514136839,0.42786411800751445,0.17978768255052113,-0.18962767923889823,-0.6299149512118458,0.01221583887776867,0.007393006343095587,21.269358937870418,2.5401628907765357,28.46995311276764,-2.53462333841633,-4.869237966427601,1.4791331922377582,-0.8107805328849849,-1.6398436086392167,-1.2276852322678953,-0.7479162242322759,-0.7702335697820932,0.9025507122559848,-0.9002020263081933,-3.0441616241360103,-2.079083230452504,0.6163232881208813,0.6505908415544803,-0.49944119752466,-0.9770501062922026,0.8389094800431354,1.385476241903305,3.041841551532677,142.41335440907176,2.578918995191349,-19.19573963996365,0.34360596483995653,-10.432232618668671,-2.0323557846332734,-12.780556739460511,19.852484639839023,-4.486939682676272,-9.050987689872574,-7.182110180350021,-5.7340168602954416,-7.539639887316813,-7.111630505765433,5.050194389884092,5.735934858871408,1.6623704958405365,-2.156592247131512,20.35086987243333,61.674045705448954,-1.3014092836358584,-3.2039149537444853,-0.9485281811578186,-2.3032099417114504,0.08659511823245536,-0.3471898772958615,0.4099004384506575,-0.5899508299373974,-0.27049378280851455,-0.17742930294830694,0.04369441267324081,0.1411691206712864,0.31089062086449015,0.1301976499830766,0.03220484485092445,-0.01675059772220311,-0.3362365211723253,-0.48469869234199625,21.269358937870418,-16.300900518259503,20.135517579194726,13.708081745583481,3.507028439621128,1.3974925196327508,-1.5554045966403787,0.01329830575668245,-0.21845775693556924,0.7733188288088759,0.19348554214926716,-0.7909716808624747,0.4096235339168044,-0.2943302795358673,0.3327549593083141,1.0438023255144913,0.6801579588767612,0.22566518019301984,0.6498280550254918,-1.6063698316616262,1.385476241903305,-90.32548025953102,91.43793141455411,69.79097402971829,9.31898128030707,22.650250253843872,10.399739698521119,-14.888566688512295,4.928039629252824,1.5218679968543518,9.946976904759547,5.4203927689858595,0.6775113414135112,-2.2435769129556666,-2.8018961465988674,-11.361131079163695,-4.345130030829156,-5.348015421716639,1.0681285076005123,1.2886360978397826,20.35086987243333
54.89393676729211,-3.835583140795292,-1.1274738512045444,1.3829197837513187,-0.43241022774193727,0.4222082348182701,-0.6188551024010946,-0.548032679136365,-0.502985283040152,0.489571539839909,0.9723109190469634,-0.870077484011057,-0.12553292589686116,0.2929864918227181,-0.173966304364352,-0.46459978629148346,-0.4246709027471578,0.29219899083720957,0.17461966270608587,20.586934431714997,-0.6067326203732435,36.82363724648016,-2.5725437769115573,-7.266130744296326,1.1106676898628765,-0.5475087278544439,-0.06221229371482151,-0.9471103399151923,2.6401001261806667,-1.410960188060669,-0.6385768593254175,-0.08194339572878873,-2.8670930752744663,-2.6675119050410787,0.09440027912184457,1.0054233909599781,0.2053137481233771,-0.622767541706273,0.255971216170396,1.9948204589924892,-51.931665505657506,19.03531009775049,19.77427854788546,-6.277912463589337,-4.758150318500814,-10.386037239293582,-0.526473499028798,0.8620689618568793,15.126778572215581,-4.385994956497768,-12.310428201366278,6.010372066475298,0.8654727060563765,0.7190788931341974,-3.8692546621772737,2.80021048203306,2.3685925980579716,2.9291761668212,-5.339390998505415,-0.16080743339855275,55.65968912974767,2.008064683184616,-2.387681941718551,-0.30716411061552806,0.2510897145527835,-0.4901612610731263,0.02431739379087583,0.7938741616289589,-0.664392928209554,-0.23296921660471615,-0.09020265099158165,0.8489874422598427,0.4717448685448793,0.17018079231680439,0.9750176314057593,-0.33075173265636204,-0.3136209657870239,-0.33039742529298755,-0.42306995204696074,20.586934431714997,-24.697428768196986,24.91131269925155,18.471347467807043,3.94174721277619,3.313867123195571,-0.4089652501147234,-2.3370959823233135,-0.9879755296958459,1.10689318379326,1.4322362198662546,-0.5350396914678757,-0.7985665890426663,-1.1298727408541838,-0.5096219068245047,-0.7163029644844172,0.42084466797670217,-0.2076813012194838,0.579291300260659,-0.957920132172005,1.9948204589924892,-61.44714502980142,-3.243682759143165,14.96603311720259,7.8037261767273085,5.275569125768758,17.605383905876064,-10.782933876059888,4.873476346427223,6.976194135797526,6.521000774353922,6.30928786264248,-7.651393427797352,-6.456633561106845,-1.3072702569632146,-12.887235170005216,-0.877084819467171,-2.049425320398085,-1.2256809579044192,5.420977294961592,-0.16080743339855275
57.54112946202857,-0.7210465846290068,-2.72432086647618,-1.735488431795591,-0.19298934684959868,-1.0756882894581894,-0.12779236033587793,-0.3264436195872249,-0.5036024540976625,0.6170365345421769,0.36592026535055666,0.017123911018063875,-0.9013657737776413,-0.26531033236898605,-0.1534668493126743,0.011867735281354541,-0.34596445800592646,0.15012111441439613,0.08416341254729631,22.2403263787891,-11.57513271139036,25.44583483709851,0.11318574466716091,-7.577274482632273,2.1526129390953574,-2.0953774061816244,-1.20097799890021,-0.9359162303949993,3.015050437639007,-0.7762491638446196,-1.822872027471066,-0.5270717100381732,-1.5743023397269704,-2.755011770055841,-0.4215505597989504,1.677608857609208,-0.22872898584586965,0.5834691319337602,-0.3423820911303126,0.5279767390603141,-104.98535327013626,-87.16779120321212,42.47159818579881,23.96940681824003,-14.03324920714924,-0.962738663000295,-0.41290752313277856,11.226811373383297,5.141533434220893,-7.484408422466279,-8.788980443971514,9.09817215167294,8.307706090256222,10.002357316651889,0.26071419349187086,-4.072575865058773,-1.5068905753240665,3.7165458359709382,-5.174720504532766,-29.22815880052802,56.40301095431243,4.117830752500362,1.1702554267005185,0.15856403506197436,-1.5388042902390624,0.6498595636457214,-0.6164410949931405,0.1908264196677436,-0.6808171896573598,-0.0515066199904175,-0.42589652205006123,-0.11754300209809365,0.1338557809199068,0.06099205702409072,0.06788024675644411,0.19253436942703583,-0.3769924909004021,0.12000561734146409,-0.6741721739552171,22.2403263787891,-27.957264301073216,14.893176111636636,15.813635726612752,3.8453793675389205,0.7669096215928799,0.8600589820556599,-3.4749660210796978,1.3158904072370308,-0.45060610292199943,1.6965921786034421,1.942222307783721,-1.0200920316435074,-2.093232882632125,-0.31442050619110695,-1.9881261428266939,0.4033399303996197,-0.30422178146810896,-0.07534230281908538,0.0869827577818647,0.5279767390603141,-43.08424474321351,-82.89798554442979,-48.105694587305805,4.194996676126387,6.725400100647647,13.634822110567988,3.5321127124731233,6.517391109038284,11.285908213390513,0.10159165568135164,4.967731350163988,-9.64478550686838,-6.185509840347183,1.4800055558877392,-4.895918888791245,-0.20201710584214205,1.0660714707639631,-3.7649078612437172,8.611385058248034,-29.22815880052802
55.40729744388767,1.0628275642146225,-3.8757876834855334,-2.5112718495037365,-0.3585722628902204,-0.779187094465343,0.03104706795870582,-0.2703115961087845,0.0944233352686763,0.532162552108232,0.2663788823689819,-0.03258219925601136,-1.217417436175829,-0.37641522343733635,-0.10531916582352197,0.276959137350703,-0.23977947457228632,0.025617592749137552,0.162941288554036,22.221708141585378,-24.267589835607872,8.70104382483973,6.056666207738674,-2.4720062877453337,-1.3036904978725423,-2.8095732552853887,-0.8783814101854177,1.9974613329461,3.359594318235831,-2.4418374303145285,-2.9606360335992576,2.8710057664958457,-1.179154662868954,-0.03606656115383089,0.17262949278107986,0.6862390709785928,-0.977327227709244,0.5512109587498257,-1.0139218808293267,-4.106121699674237,-47.262675743298004,-127.78498268391206,30.643269211118998,40.2919599259201,-14.927584485758508,4.461249534522152,-5.577351056695402,8.48816788296789,-7.527175135026547,-6.190772991756468,0.33796353462815243,5.594314760909351,12.127409020094243,12.992173883832328,2.642901306211815,-8.052378922709693,0.3684828388654706,0.23850301241372418,-3.3742766478607678,-32.86028205309432,52.9561324819302,6.116005394894318,1.9721441294135613,0.20927794518638665,-1.366723709183216,0.463693259037544,-1.3256549421342463,-0.12674944061977156,-0.5171419329479559,-0.1820019592457549,-0.5678485433582201,-0.1123159518289989,-0.13611532646203983,-0.01915832688977659,-0.09258673030614406,0.06842478868355095,-0.18558939514611206,-0.11234221300575697,-0.5656826998113662,22.221708141585378,-28.962872307706228,0.8917179690321531,5.581279622221503,4.102249527681656,1.0766236839718588,4.057659200065855,-2.299572145112054,1.363155485611018,3.965477693727035,0.7313060676268257,1.4515057731663608,-3.06423681451989,-3.6217622473520623,0.20453754554239434,-2.0604189040934484,0.7915205600742452,0.24777185378326427,-0.4938682825351173,0.7837688287565691,-4.106121699674237,39.03378325900628,-96.75565036969482,-77.96436299579517,-5.900919554989796,5.6417259717892225,-0.6695725900459188,16.465629170525187,3.5905333739677188,10.144843531510542,-2.044920934549329,-0.6350990971530808,-2.380247831585398,1.156934847254555,3.37896123835682,3.4893112165708127,-0.7280847890879365,0.5559114080963354,-1.0083546896546385,6.559723667648775,-32.86028205309432
51.04617654432053,0.76216479248854,-1.459592027002032,-1.9826277806735884,0.7306256723782201,-1.2373717344847412,-1.4011129409737069,-0.43402894666170866,0.7391539971328744,0.5741523801091333,0.16106613938988046,-0.5118169355303623,-0.4423756661376852,-0.6149409093903788,-0.06531116661936909,0.2783972877446126,-0.8367251582222164,0.43724110388868476,-0.15795885214603578,20.715960452465385,-38.12208513667428,-1.0526457780182024,14.386570762157959,4.718403214416918,-4.3303123174691525,-0.16111760066965997,-1.438212811970308,2.9134346179931074,1.4631033968505884,-3.9969991598883032,-2.3309099225928525,2.1724094684159603,0.2657222147893441,1.6063727559298169,0.7075657780371991,-1.2261049309842134,-0.6615659972703827,0.2942335614652172,-1.1135042237233863,-10.178132079027343,43.80213115066397,-108.05006286497772,-10.068984551725713,35.78130806602795,-8.994505265044165,12.499990650087247,0.3918796060202334,1.219329229573574,-11.728692796487424,1.8100551240461322,11.077304296494521,0.75511471095527,11.69764029858932,11.266140021148658,2.283058164745672,-10.247964626401359,7.4092714622276254,-4.267764366832456,-1.1866693340016827,-17.490229122172586,49.04719187882108,4.091208416327609,2.522989873995835,0.7159404747106843,-1.1108484190470107,0.03969734920495016,-1.4096867198731493,1.528157443193538,-0.8888793790291962,0.5523186778137259,1.0325047971268728,0.014300093895907917,-0.6015172231413166,0.24834992737222716,-0.3300632405743187,0.0342865493807778,-0.23287727377671352,-0.48293527872548325,-0.36990093956886116,20.715960452465385,-35.71030112011164,-9.303677827910466,-3.8997316252766523,5.524275620231588,5.878814289568431,3.0286942335533267,1.7605927433876143,1.864672289930141,4.986980680537245,0.5947464461096574,0.6996212619024011,-3.279934106778774,-2.1411404464605193,0.7156780110687342,-0.7320991490766158,0.3938114599069187,0.5309743380736274,-0.6960460841984788,1.828478216998104,-10.178132079027343,112.34918646788452,-55.68921670014431,-71.29883343581446,-21.355645131610494,2.5280128955702743,-16.00582095788308,18.585933510103658,-8.422487665783644,2.4631618860671116,-2.4940285263668613,-10.886963979513924,6.4368868812409605,10.68791806250833,3.704843743274207,8.40529918962083,-4.372161012205806,-2.6545432307613863,3.0461017065231832,2.3693306896027537,-17.490229122172586
46.007618308342195,-0.22666691693420127,1.2684948329277184,0.2704863143176506,-1.5460629862921178,-0.9017366703111482,-0.42138551717488903,0.5044906508739269,0.555433650462495,-0.7099050981008335,-0.4055800347723273,0.8298958225110789,-0.9446053111513162,0.449768499756499,-0.13172939932046468,-0.2547450270338161,-0.6679541664936348,0.4242444754749781,-0.21128014536191142,19.296056545039736,-10.964594279380286,-13.819613787917522,5.612398319902542,6.732010370139125,-3.1116619247341233,0.7159861366506501,-2.732270415527474,1.3722981773746987,-0.3475139209383977,-2.8959716859170612,-0.21557614445044804,1.36547339549882,2.2765991575144975,1.6478827738822563,0.8512927633096774,-1.5689091760981573,0.6059736732683689,-0.35889825026513944,-1.0456060414634512,-9.082266158510844,104.76849109798377,-66.29228916045177,-52.89740496631674,6.8539109308969985,11.619288278606389,14.961560043749634,-1.3791063573136606,-10.604599750654137,-8.041832430239223,19.492641903112883,14.950468326347428,-11.470415951698214,11.431194545428074,1.614280880184387,0.19251008565049044,-5.432809867123017,9.174032534861757,-4.499004838244097,0.41211133697292335,1.2366795977707454,44.85616251364023,2.4672348357870693,-0.27340935425545787,1.465272433400945,0.5754236209426871,1.8437494461801864,-0.7288458663251467,0.8067863926715706,1.4223770133398816,-0.169228831693375,-0.09365042399686829,-0.7490525129971031,-0.9714497531005402,0.17877062991393333,0.14377992302441656,0.14413245740388958,-0.26179264745723607,-0.2758611185270725,-0.18332115486185419,19.296056545039736,-1.3040187291746363,-11.368085515822314,-10.654150354145838,0.1518393089349579,3.578777775102407,-1.8280691708865162,3.277939220705624,0.5329002159414584,3.4605215578189084,0.9606986188384825,-0.2312887171037561,-0.858769467267732,-0.5274515353127092,0.6648094537239846,0.4003391469259501,0.06156650867908442,-0.34732365694218426,0.38546584612303647,1.4511939720442635,-9.082266158510844,140.75914021393638,-5.618612280617455,-34.069931301931554,-27.834244909205232,-15.471870898360148,-28.92839229419158,5.914218151622277,-12.100337177212205,-20.386891726691033,2.865564477026614,-4.824358957475381,15.535770350365443,17.34416486514862,2.8287484052470733,4.836541243835514,-8.308676548290332,-5.039288878966783,2.5652398672299848,-1.285478565989541,1.2366795977707454
43.17992646146417,-0.6026222330636961,1.8968232563961727,-0.7671659064978251,-1.7644001438832264,-1.0949723018701167,-0.6206824737542345,0.7428725659179731,-0.002555913269277621,-0.7604292202974419,-0.463555237375215,0.6720896343424989,-0.9049107288952256,0.1247841839990047,0.21352115645439662,-0.3353326480184926,-0.46266011068044355,0.09792445378408443,-0.2854779823564232,18.61408613754825,3.674435085827831,-17.31886778901173,-4.699172587277628,5.711371221439471,-1.4406539799959344,2.3918382228939796,-0.07809369321906523,-0.013670037822511638,-0.9957418410175911,0.35584552597971286,2.34325017620179,0.6032518309379746,2.546640899375964,2.036083573000444,0.38064688730958673,-2.3187993320530964,2.6842562947791366,-1.0953584469749853,-0.9198746778140917,-5.729065592607675,81.70992138515342,-17.380119971704886,-58.34707701127993,-13.600909143242745,17.086366486651496,9.105648070748057,4.842532341403823,-10.617238111892755,0.43796945504399076,24.23151124480024,8.591134919065736,-9.37215188578779,3.540339104773877,-2.0016333776162885,-0.7742794663166459,0.42426605373972115,3.5941093554369483,-1.7544437406830096,1.5140682772317842,10.975834395249372,42.597845378401594,1.2903771180987538,0.34316635589670197,2.292704601070489,0.4295291894822013,1.4741785868510635,-0.03454926120388313,0.656394647987143,0.842913677467344,0.23948003928822126,-0.31318495077953656,-1.4391417749034285,-0.5190472289911026,0.31986658415660285,-0.4163526544471441,0.35158626502032586,-0.0734036957080264,-0.14625797199711754,0.04888616206907892,18.61408613754825,14.387902143603249,-6.8215304960082825,-11.718066003110806,-4.857238088892979,0.7798390238127431,-4.199987311409695,3.0292450510632927,-2.4802257908200116,1.0334529080656196,0.3348816398141832,-2.659862436838182,1.0956177353508936,1.7035707926023644,1.3078654113552015,0.9841444264740222,-1.4177635500057029,-1.3339456414860777,1.0080414861134293,0.9379355309393943,-5.729065592607675,84.82198323182868,26.193778578048622,-0.05298555766315349,-21.45530173157384,-24.20133368012126,-14.794723633174872,-8.699235684674079,-11.817747961138092,-22.94151213934982,1.8346569969668152,0.008060485096727632,13.11201302720383,11.06505076411278,0.0685171034407197,1.2397330335828178,-5.9986904300396775,-3.727036882320917,-0.9723367312102982,-5.218280062304034,10.975834395249372
53.85812534562571,-5.16458581696802,-2.747796165233365,0.24700239847794458,-0.6668903171265588,-0.49239374244733014,-1.7253033734147674,-0.17261326371127605,0.29152133000055347,-0.248532490647011,0.4709014985263056,0.05820121355696806,0.15214967396018997,0.07766361680910006,0.18091105429443388,-0.20063048281682305,-0.12382516170898827,0.015826792668867995,-0.2961021670724959,18.731512219788524,7.218395602132958,-16.311989749889396,-10.849164600701902,0.45846517419188926,3.061124472694043,3.3947288548076084,-2.2479941482178694,-1.841286214473159,0.5681007220503091,5.128061178307906,2.177518080177135,-2.0796233906142687,3.3959832675517734,0.5562184704030491,0.43234398097013127,-1.4838186620484741,1.9367778936968751,-1.0034954561521214,-0.9046809852975123,-5.712315143998698,-40.057698948043345,41.286950203126224,-8.09808955318059,-20.59731257458301,5.158124483622824,1.686726962546941,12.468775869685052,-1.069342101473957,3.5797983018045314,12.866588073914865,-3.8933185018802208,-2.990549330456574,-7.820730933134069,-2.7206408982992727,0.5786296814082159,3.3661755057956153,-4.991976281185451,1.3808537700347139,2.5934120585786284,5.0381649256583,55.52879636755262,1.8323782860975881,-2.26501928860979,-0.5031844635260367,-0.3475236258966188,-1.1675819452287708,-0.3742540611160674,0.5755820649541552,0.3472223177132281,0.45476666943623867,-0.010648027956893458,0.18502024893680336,-0.44107609119350144,0.27748807158002786,0.15072755009324368,-0.05944181479668087,-0.43898801265154774,-0.0879479433084216,-0.04947926460820451,18.731512219788524,16.367596167404514,-3.1586618372276667,-7.544518839827198,-4.624116072358676,-4.109824132330371,-6.792196174548423,0.02321077686124573,-2.5145640626200088,-4.251204283382671,2.29402070928787,0.7190681437989621,2.515872439597998,3.1279645656908075,1.3228180480226974,-0.5002700699510103,-2.45703020911461,-1.3394125959202745,-0.06329213407607903,0.5863008887911535,-5.712315143998698,-68.7311194638076,29.12337128716199,28.218599359175606,7.016906288703575,-10.599003005026287,13.04545614310845,-11.025083132728298,-5.139595435413424,-12.993293493315218,-1.3889552150865916,2.009460782440561,-1.2584186339644445,1.9412651187952787,-2.738844617003772,-2.2170515545290947,1.0908209413925303,1.9913888451581498,-5.221570829520007,-5.309278380206468,5.0381649256583
48.95814056859269,-5.428309652000416,-1.8010328215603044,0.8847997879660001,-0.4292876522025266,-0.24612408696966037,-0.7882008594633003,-0.10231200828036302,0.37323923685504967,0.5213888393720785,0.894450460841459,0.17565628441568037,0.2825672909945438,0.5891533185835427,-0.031307949772025,-0.9080596503904321,0.23333848677502877,0.09377072180424717,-0.5754851801977894,18.133699818787154,-6.358619384854194,-8.496517782884709,-6.556186283179782,1.0547212407691635,1.1264777271425128,3.0523350756258885,0.7409152250768014,-0.7883922420293414,1.2242808028782304,4.106740030399333,0.768110424626224,-0.7911180814213905,1.4761997121576447,1.1513882188612763,0.5299004360486492,-1.0565171611391944,0.4700865702338384,-0.2606897059327966,-0.4269326131904636,-6.37519038865873,-68.43721319434282,60.32569646060894,24.948290788124268,-15.725232487906096,-6.071185094708268,-6.710835821055925,9.280455737283468,5.044882276584179,1.5369386574738877,-5.317467497544566,-10.901662231382543,2.3801614691507704,-12.060732724141532,-4.29769411625952,2.3768505615096194,7.004708883440504,-10.520927882050415,2.963413643084767,3.7621129777534073,3.748547412983452,50.90482602366651,0.9978714431682079,-2.340238160382402,-0.728450121272314,-0.25945528372098625,-0.5546306107954184,-0.07236009694604251,0.40364671164224,0.16542442281694036,0.40776174715601066,-0.3389276193122055,0.09507258060440149,-0.014918657793653756,0.8529239122167807,0.15853515912827887,-0.5728080895217884,-0.8112524119225966,-0.07287112327809409,0.03214588077401115,18.133699818787154,-2.135116952486868,-0.311500378183478,-5.481040161267549,-2.815397554908515,-2.377551596775811,-1.8866040812031553,-0.9616608770272359,-2.5204695513581723,-2.627912468536873,0.8454138993683713,0.22847307399940586,1.5887514533902762,1.5636768850941123,0.4209322656397376,0.33807197615327333,-1.346235396216073,-0.8364996335977859,-0.9578354597040701,-0.3482152725273583,-6.37519038865873,-104.83501432025372,19.882934784559986,33.01889225799447,20.37328768068264,3.5228693144528123,23.320894179278447,-6.75477495435291,3.567966957235616,0.354972392910605,-3.7146574989623558,2.666231648429536,-8.844362063666273,-7.411125754857345,-6.4651852343974445,-1.5500320789376856,9.158415876189189,6.1979491118298435,-5.197582432163682,-4.641889079990078,3.748547412983452
46.727709055844414,-5.969818082410539,-2.3071594284449946,-0.3262639458183174,-0.6830569957854462,0.3712036496424278,-1.4616233984292908,0.0064398307365154395,0.651586436425486,1.2132164612183591,0.004176156207903237,0.038300802167353876,0.1596473126796858,0.49569316766575455,0.20685714427781177,-0.7102908568720834,-0.047564518372933406,-0.07542638661116396,-0.5186170390899845,16.680092132420935,-25.976916518060946,2.4126863105820826,2.4918603912633235,-1.2383209268172264,-1.8161655364919347,1.2291011915581662,3.092613060167119,1.224988228741135,0.33237390801595734,1.6618750988305617,-1.3746655196027755,0.5673836864502158,-1.0985457154433773,0.729910001802204,1.0659808296442541,-0.5169625086573006,-0.7829296050517076,-0.08580573576887685,0.004628955514049071,-6.240121297656167,-49.9177181731516,51.56542451583449,31.567896416989267,-5.880207505180002,-13.361531240801838,-9.48409035326889,9.430564785049462,7.397866307562952,-2.6887095627692625,-16.07224793617684,-9.117614003779074,6.359851943593281,-11.977549160852874,-2.862652912154054,2.3621728331930933,6.124535584150848,-7.992704048242928,2.050191161364367,3.7558751057559814,7.027154248794481,48.88647027471003,1.0341567546385089,-2.7039665160295048,0.6637917583930086,-1.1349962086209047,-0.5379440422707842,-0.6983350600234441,-0.32412167046598217,-0.36448050102625196,0.8936406690166654,0.27875498216894723,-0.25822347095201925,0.3404682441461393,0.5736509898951931,-0.3937990187388001,-0.6221854698823583,-0.5625745873100882,-0.34420060992462376,0.11819943018125645,16.680092132420935,-27.408068913033375,-0.061414931153720875,0.3366364045203367,2.639372186294514,-0.14202841711645986,3.537967285564438,-0.23914938161326083,-2.0167756214961736,-1.205442500537454,0.010954881518092652,-0.6707260813022695,-1.7345456432696456,0.5131279778390563,-0.2611462819201693,-0.38515040517822285,0.5712129024805346,0.39964776169274474,-1.2423810957282173,-0.5603698163255942,-6.240121297656167,-79.02539281123616,11.342764382343027,23.122485352059936,17.156614565991106,12.269327331733134,22.3571305748193,0.2643522826770175,4.714188078305826,10.194495674597155,-6.57619790529043,-3.5621578618157246,-10.224559097731536,-9.903327389177024,-6.464803484301395,1.1171738276051044,11.20226431131925,6.201821032305338,-1.9191960195708,-3.253407474546761,7.027154248794481
43.56582491392772,-4.448264991784791,-1.6015882535879036,0.046827886034887634,-1.1930779409825263,-0.0006034601020514785,-0.38206484870857205,0.25914989767940666,0.4295519349573713,0.5620663189695394,0.1538626460970982,0.28648079932661075,-0.1705596921761512,0.4914635180013156,0.4654983294870323,-0.6087610415604596,-0.2657471472315518,0.013206190457702105,-0.3876868529429107,16.452200986902678,-13.946515451246626,3.4816424110569972,1.104460310801893,-1.30285197200902,-2.0376015227570794,0.1192341439907385,1.8918305712301753,0.9756338788624306,-0.10940910526347136,-0.5697951830538979,-1.3314891395995265,0.4698290269811176,-1.236460971197227,-0.19960925082889314,1.2522537437273351,0.7001270329715688,-1.2163538968717795,-0.07249648562422406,0.5065268406568311,-3.5908888092872147,-3.145391065970543,25.025276488358326,13.93389310750192,-4.77967747074816,-6.549594486064329,-6.976068910837728,1.1010482033698046,3.2786978919048395,-3.109162829562832,-11.584740708790921,-4.156022748448252,2.424339557335918,-5.563236622463593,-3.631514192011436,1.6309795294404523,4.730377929850396,-3.806305226031308,0.3896956907617979,2.3688167928373716,8.217835647111983,44.85144994857946,1.5337376947365544,-2.177880111027215,0.3015177126567088,-0.3655103175435612,0.21605759477049258,-0.3533392002638127,-0.1539882599818745,-0.1151911474313525,0.44274998918219355,-0.343649918842754,-0.4231441882638791,-0.12798095411386678,0.382251257818889,0.024946618045514457,-0.04015960554487186,-0.4298602251776491,-0.49704936854105153,-0.2090608215893307,16.452200986902678,-16.141772476304666,1.5713134432347382,0.8508025037126634,1.6976616221217458,0.5573758234321935,2.2953780481730988,-0.21696234687590898,-0.9451365327641212,-0.3119417869016863,-0.38091419578210606,-0.6318495000727982,-1.201354255048421,-0.6945737909004321,-1.1327450408720874,0.1515685546187857,1.6473228322913196,0.8954987356223341,-1.0012052491423427,-0.8096736564972709,-3.5908888092872147,-16.747014610906888,5.3983560172248914,13.177851429152751,8.084407789887752,6.569259080964662,7.121375021361169,1.5115840950400057,4.222305125920155,5.525442076906142,-2.8445252676011537,-1.6817685669149367,-5.047020028656171,-5.724203120728577,-3.978953371975568,0.16371211672803332,7.06322638682557,3.9598477123698292,0.15443626770932983,-1.1722206081115016,8.217835647111983
