35.903043022010486,-3.7125351587865376,0.7109238469554016,-1.0325024130529203,-0.9385656750878635,-0.4795485332957161,-0.40873350947188625,-0.4651506794942484,-0.9179811733099532,-0.3079077513750499,-0.4640692626978453,-0.5892034247119298,-0.6330480481770528,-0.060526345466227705,0.18987634383336616,0.15281218774153182,0.053832279585656506,-0.1956995720224397,-0.15545354888369434,13.437217427120657,47.532797408790714,-4.688403862175008,-8.392218342223671,-0.49674660221566835,-1.4347204404043783,-3.073832786956247,-2.283048087671361,0.26801386895306756,3.1465302358511464,1.0936346763723073,0.7076517194933305,0.7880339792778466,2.9943874805239075,0.38999968597284074,0.1588393839050659,2.745073643772019,-0.06646060093061634,1.7745804238659704,-0.3196074500763896,20.380638692722698,101.50021647425768,-5.717165324010106,-32.56329036285715,-13.758830142521118,8.594136225108835,10.709448189883025,4.36182177282762,-4.514036600624177,-5.898547426996731,-1.12910800742329,0.06137878753755621,-2.0209825451172785,0.5053357999644223,2.5641753532909055,-1.5456725439234362,1.3899150012883856,6.508083820968658,-0.15057156037399633,-1.6229321967289954,45.029682277910794,37.43202715251084,-0.4736543017597037,-0.17983335028403702,1.1848101750518851,-0.04545397401625095,0.7186319762363162,0.024397958939468056,0.24681498673015567,-0.4656129076959141,0.1429463136496767,-0.3432250473952503,-0.09878193910695354,0.4046655414300917,0.20751701801549416,-0.12861404981672986,0.28057628111483335,-0.02223900045628613,-0.07006520144282302,-0.056981617049749245,13.437217427120657,49.44022312575096,4.126460246215765,-1.9903113768142964,-3.7332296516173162,-1.1762294555524593,-1.5498883427842678,-1.338811040673356,1.7792566269650465,-0.4453199521377278,-0.6652961342011059,2.5941638827258413,0.7827725108449144,-2.740143796162017,-2.6174244455645925,-0.2201942634811629,-0.718596374356975,-0.9345447976542646,0.20157134312955372,-0.19719467603832985,20.380638692722698,102.12885179147469,17.274271814624132,3.9097177125942513,-6.43544370113388,-10.586713074721299,-10.048306794015138,-10.12798090431312,-7.980564399680316,-6.33124102212834,-4.98594731398731,-4.017069265975542,1.1019704096092728,3.696164132540259,3.245297188643346,-2.2502823101316833,-2.138087125096715,1.84424992867433,0.46883090408964634,2.869645067846254,45.029682277910794
34.16045185037254,-5.4015007122008925,0.2801282410374131,-0.05899277298333372,-0.2499727202153279,-0.20399085825365804,-0.014174748549728111,-0.20188462107888183,-0.20350699780463488,0.06628144947486758,0.09639731618726244,-0.13542567747515433,-0.1176670386264338,-0.03703860813270743,-0.031015864099980472,0.08570905511772975,-0.1741972276424124,-0.10466526827621525,-0.21680723258428436,12.089043939400947,81.86079994313809,-6.414657219179296,-17.923271176821707,-3.054870181836541,0.0763480133015757,-0.16492360118129246,-1.354206035034895,0.8292334025661194,2.646402045378218,0.8495448119762159,0.6272395512927973,-0.026811545255683855,3.1817902601676415,0.6801935815917564,-0.42466702196395545,3.1081659116858917,1.559049416112196,3.1619591694788203,-0.44953121011207986,34.858985084469495,45.693286571634545,-0.9788639396694272,-16.282549906757353,-12.119808014356355,6.151161867624643,13.07244688674384,7.0418583149467295,-10.480737791590435,-15.562778577423007,-2.468985443047058,-2.139480392495842,-4.466574273921823,-4.178115962397802,0.5006398300611934,-1.40660273494862,-2.1876611539121082,4.68940936774384,-3.444726662329677,0.2746299805261775,16.791841981120818,36.61943388898027,-1.2925781750325005,-1.1280854582261337,0.003974376572954075,-0.23691429696107869,0.40751898778118534,-0.22012787231351472,0.3917520549594573,-0.42343006937726413,0.10043683727716735,-0.09532589201593344,0.1361286008296252,0.03991695131429873,0.1465769041242697,-0.06046045043201409,0.2054106439827359,-0.077501625969431,0.06629662752707044,-0.14353529453284186,12.089043939400947,83.48552625354012,10.267282059339443,-2.959716415231462,-5.196352268309519,-4.161707028553084,-4.649376144669555,-3.9632050478829726,0.5606328453349445,-2.334122209443286,-2.134689042635852,1.956045148571912,0.22577779497923545,-2.5005368926548446,-2.548496858963033,-0.5950915443296594,-1.5107597205445777,-0.9313043766464509,0.0971666396648393,0.4061643246340869,34.858985084469495,45.603222211233685,6.641278332475641,5.534640664974313,-1.1873210479520004,-5.954205575255198,-4.726213786645388,-4.368245802193436,-12.201717875110262,-6.733789775468002,-5.538509230302843,-4.941365836628965,2.346574492075809,7.909373184116885,7.611509776671208,0.4002149829279882,0.24999688525215125,3.6800683829341283,0.08224292681068957,3.465011414964013,16.791841981120818
60.54073731222482,-5.212254313166865,-3.2697875211974403,-1.7676305341955478,-2.0002223727263204,-2.154243764294869,-1.7475369337686457,-0.46277677422539787,0.29804685686296084,0.05181498638614501,-0.39047669239373395,-0.4220753086913942,0.6064551873095914,0.12272962885343253,0.3797421397525724,1.5589005759394423,0.1346167327343828,0.6460734880374333,-0.2845804320715941,24.301623517341863,81.11890437874587,-6.683859845677917,-19.90833710635323,-6.097099883665791,2.106813445297062,0.8264367150977883,-0.5665582275757837,-2.269614198165547,0.4473206175892446,0.651125604858708,0.7785471973623752,0.18496546898597233,3.153353990684251,1.5269904148088356,-0.3222436851221415,3.2584850104592755,2.3748263010323063,1.0056052708725474,-1.066111668423042,35.6563066358047,-161.63762579256246,-4.297192383940041,36.387066101433156,3.244547872941945,9.404799403877584,13.677928043596387,10.689719257659199,-9.510217828489381,-17.753698205829757,-2.219739128327319,-1.7375106900022381,-2.4175486542613163,-10.761801952211894,-2.978013521650041,-1.7547338497583196,-11.560451018926187,-2.3665414246073504,-8.235365384735923,4.805274274658986,-78.18688548511481,62.55843534715161,1.9990377579845773,-0.7008629847201369,-0.09138675151730746,-0.5378385403200667,0.09924429907174792,-0.5227446457707186,1.063974766098028,-0.709364302924103,-0.16844701526462158,0.829907316278012,0.1751490463472143,-0.7830320615930204,-1.0707251478211899,-0.2727879812496692,-0.04113908749760542,-0.461880086526846,-0.037460444362992895,-0.11230211632736786,24.301623517341863,83.48199745759374,9.693185246965992,0.449249998691412,-6.219390193838155,-4.976847206412796,-5.0242978388491935,-5.090604489225107,-1.6017136820600602,-2.666539334549119,-2.423573336977388,0.9046886168150352,1.6122550735823904,-1.011865181645474,-1.0292396445436993,-1.1578867781227562,-1.391558263811531,-0.014040043821006432,0.4881891469067341,0.9359483575485887,35.6563066358047,-152.46864973188005,-39.449013791020974,4.128714028803969,7.033297680452128,3.7783115038442716,5.730009454861825,6.763384692693826,-12.065501020749853,1.0303344594143184,0.23453228681920057,-6.54031622259161,2.457293542732664,11.387791658564185,12.596995690253905,3.9796485919011975,4.180772963210846,5.668341257205951,0.39756057256032895,0.7433790153697653,-78.18688548511481
64.51459584847237,-6.170004191186022,-6.26035605737903,-2.192373443399877,-0.36956331961784716,0.275337281613214,-0.416434814840954,-0.05172093084561391,-0.20279416570730113,-0.06299671426753939,-0.18724577220350236,-0.6861732553500395,0.33809546416344594,0.18794245816982036,-0.1173900651082147,1.0038509494855226,0.7929647610673913,0.964393482687034,-0.3156557123457844,25.434506924244804,53.58638720963041,-4.180107840258267,-10.775433913537569,-3.756473968668784,-0.12990644944277685,1.5122559053886553,0.3796361397542154,-3.7035409932828425,-3.2852542437294066,0.08039649060557785,-0.3975362156891129,-1.1437189025371275,0.8258462442448344,0.07182423658544002,-0.3039204490556404,1.3945373834723362,1.0576006319598423,0.43670466919784334,0.1909596493600254,21.138725711742108,-335.75105905500345,-15.420122702708495,85.80788900270642,15.180448350628444,2.330279686617921,-0.5435549241192517,4.007220959172215,-1.2024224348377102,-7.70163332710473,0.7601501102809984,0.5330026716856098,2.355041486164249,-13.247160510189008,-5.6571525097145745,0.42940943232927165,-16.2017337916225,-10.644176384882496,-10.114085651117168,6.737565787523815,-153.3166379004607,66.61158618196052,3.423640698037878,-1.399176740681718,-0.7752674958182779,-1.8801152051408851,-1.296362257516177,-1.683633262646925,0.11855151971369171,-1.5107983148034627,-0.7687015432111002,0.04823134505407456,-0.12285853434441973,-0.25175410338577464,-0.4276103285476802,-0.3540728562650899,-0.31394589485123614,-0.2680706457442317,-0.03778426015031844,0.17376079490610352,25.434506924244804,55.22094706544642,4.6637369120784715,-0.442771732079994,-3.083809904482897,-2.2530233677498894,-2.175790488074499,-1.6470372174941983,-2.6311171560775306,-2.701605148666033,-2.555412147964386,0.9682185973667623,1.541318475514081,0.35040348863815396,0.3942380422605649,0.44875948530362786,-0.2571169870036214,0.44523701689617057,0.09938390464630831,0.9687395146502173,21.138725711742108,-311.91485458453485,-85.70304467098899,0.768979024372425,16.59832358483071,14.552418073891982,16.475928931621972,18.793972287304115,-2.8265636142956887,11.706879898582454,9.057009621545951,-4.969746293336032,-0.4742867093979817,8.595234523527315,9.508284935346566,5.65033231413884,6.953584138550575,3.4127493584151316,-1.0751109601510915,-4.180444668181388,-153.3166379004607
61.285423212333505,-6.670213342132931,-5.973002557012993,-3.0143620196775442,0.17463634726192723,-0.305994245680258,-0.49088259011416513,-1.6750396236936558,-0.6946772805639978,0.08229413292550758,0.06702588017872468,-0.22134690128150103,0.715747695770133,0.5904783287869262,0.07194160177641251,1.322983745787273,0.7576644357469078,-0.22742631206779063,-0.6390851432144653,24.592639252601078,-19.148809120736665,-7.954274743605543,6.227396076850838,1.4763292276714255,3.3708064929065906,2.926541481556973,2.1948904537636835,-2.2207078473671418,-2.76449072250992,0.36833927289396673,0.35128425798316654,0.13771333078791015,-1.2085414876206357,-0.7948224023490216,-0.7789008274282514,-2.178337601584297,-0.9990069211581147,-0.9804750183615025,1.762784257517051,-11.852674363471017,-302.9689304116721,-14.800064233411558,92.92421731466005,20.579081281763433,-4.01078700885561,-6.0777445969122565,-3.9759231277542124,13.602958620741534,1.5479970247157944,-2.321763684292611,-1.33954945306603,-0.12951555289484995,-13.45525407892509,-7.815128509749971,-1.669793479935969,-15.778018724731277,-10.163272824368448,-1.227967189071912,6.39327061517799,-136.70769714832528,64.17694973481758,2.014828885188103,0.1803372902894611,-1.5352639856715764,-1.712277123132746,-0.9415763205395993,-1.7891515905063806,-0.4174415866769916,-1.2551984522573743,-0.6342711645948835,0.03734064247726332,0.8368391652712641,0.044568477957391384,-0.020009187920380533,-0.5607512359615701,-0.1555245813739461,0.06602548752061099,0.22606981584923846,0.25234451700507243,24.592639252601078,-12.661812146142218,-12.796274075664234,-1.1844267039880458,-1.2728519933045632,-0.24141553403192084,0.0783235563491167,0.8847973904791702,-2.657618882703642,0.25358874718080493,-0.33766843812723857,-0.18208095296738902,1.3536489419438236,1.5282818424735765,2.2097059489505604,1.2477045176527923,0.7449687404779699,1.2113551341774,0.3992429969189837,-0.10679276336151244,-11.852674363471017,-280.2612229000473,-83.81079615107711,-7.481355311411532,25.873095496622614,15.98494147801771,14.933389335018298,20.77339093771434,9.80009030188916,14.924446052814499,11.036349743783907,-2.650927776346065,-7.908683698722265,4.223092863151345,3.3704186826790345,3.4206883699999127,5.788309559589131,-0.7647295733562476,-2.3200479792161266,-5.376793356280442,-136.70769714832528
60.5813025051334,-6.762575117846993,-3.755981197823595,-1.3138640145767275,-1.4023553049308402,-0.3719876648666358,-0.4526838504998607,-1.4475236929861741,-1.3497720509558588,0.09124012150797522,-0.33112207794352333,-0.8076493324486647,0.24060982926571262,-0.23500083980673425,-0.029075819639720724,0.9009361619299825,0.04307923683124626,0.5504369663753184,0.05592494766716394,22.512898927642393,-35.88087283462235,-13.48951112156973,11.912806732929472,0.7486394378090724,0.6094913328057721,-1.4867534464705106,-0.7313198961185212,0.2035690097480618,0.40149105187543555,1.3710130330990857,1.1073723568252065,1.1743352669254716,-1.2608422557744183,-0.987476264686602,0.01836626535373531,-2.2742896781035724,-2.0761221652338415,-0.902043511462739,1.5048037206797813,-18.044843366122997,-130.07789321292145,15.783065188259592,37.5056232238761,9.34358218383566,-2.4575980156797637,-11.210551464390502,-15.274936905811854,9.135407091844684,10.584262835708582,-8.131557782501291,-1.7265114302165445,0.0002217403215687419,-6.663518678074391,1.2900058732164728,-2.4475488812238595,-5.0883378791547,2.1578407860393884,1.5858077425332766,-1.725112123630771,-43.51881274391538,63.42065022787049,1.0313947174049725,-1.7900714617709297,-0.81599195859136,-0.7762066894296837,-0.15996594645039064,-0.41044300869278283,-0.18309834669179814,-1.501315569043645,-0.9443571620398947,0.785066743567822,0.5759427791246408,-0.1986815741418302,-0.1816620546958525,0.3079009195757503,0.13404489741909553,-0.1188359045450742,-0.015776550255891086,0.15851114612604666,22.512898927642393,-24.399996236859323,-21.339510614839938,-1.7583885517055204,0.6295404238390394,0.7467861722024689,1.0372776235422774,2.446080155916946,-0.3246963614911089,2.0592536989829786,1.3508633187120491,0.014556786795108412,0.11793750609952802,0.5270068570492876,0.5861728119631202,1.0272789648519867,0.8977688465859595,0.16237271356191174,-0.39591576541683127,-1.1626874490015566,-18.044843366122997,-135.64529368128728,-13.183615429179524,3.576247573979457,16.983439274669628,9.287870208431242,5.358018540923334,2.409966941137604,16.077527342854655,16.64287548787324,12.553763101999348,-4.234933470103901,-6.272274313408306,4.1572664599060944,-0.45723783158220765,-5.478029558995584,0.17200459846932348,-2.6546598017913863,-1.8119234674676252,-2.5967283102824394,-43.51881274391538
52.93297942352597,-8.893106221639151,-1.4082769125497387,-1.46872063477141,0.2015768663834714,-0.36731055027645754,-0.6319671890573506,-0.8752293168386887,-0.5107095617677202,0.15886620494537107,-0.1428964105321402,-0.29248060474812654,0.05092726094814015,-0.06320992333280095,-0.05386539669580026,0.5211891689250638,0.010056034273397962,0.3628142370125398,0.4110213666804572,19.83609033390756,-25.63193080496378,-9.429190321727964,15.209651227743281,1.9398840539769973,-0.26827895025501736,-0.7129309074287571,-1.9990417735165216,2.5783101106897677,-0.6220535178552793,-1.1550645085343514,-0.6436818154277995,-1.0388193921927522,-2.530928798768667,-1.850923589430129,-1.318283782294814,-2.796110821118409,-1.139948712555076,1.0609957666668826,1.4736016035060748,-13.105757399425386,92.67271332600305,64.02684415662618,-29.873104371965965,5.618808712410287,-10.840640771105504,-19.29507224002928,-17.47025667688879,-0.7912017930837161,7.847363570330874,-14.724198613445799,-6.181473857897684,-1.6609707542136039,-0.7498729493349114,9.708716617508864,-1.3959001126907187,7.88419500424923,15.257874667259353,7.083332264319912,-8.995730327801017,63.14540639667368,57.822997251125514,-3.2029762895310867,-1.097628976169554,-0.707450516783048,-1.2105005651916279,-0.42979207828658694,-0.7169410775082046,-0.11400974205104797,-0.5873113022136094,-0.2494534249138436,0.3704491405374437,0.5025728605845958,-0.04542740497820441,-0.08884631027182355,0.0200773896563069,0.1073498866062137,0.0691801099622753,0.15115719914928527,-0.15807367361809566,19.83609033390756,-16.838142341277056,-19.210589065113364,-2.6336192472015907,4.860482390312184,1.515718762619879,0.8358627728515673,3.24953229292649,2.1451210715913085,2.4152542680336255,1.1414638015763476,0.05605563392782953,-1.6303962910714653,1.0113795657246318,0.5600023119445403,0.2631976671030207,0.9251535991882447,-0.2549726788320008,-0.4241850076697593,-0.6867348387657453,-13.105757399425386,43.578900433810944,85.8070534841558,11.815406942851778,1.5898697880373716,4.154542373550131,5.809193682172649,-8.275862255677147,16.82004796493108,13.242503654528349,6.89187291927671,-4.263603431166834,-3.4063321720304693,2.4449478201733665,-3.7461787973419485,-8.038222152387457,-4.2833533000162545,-4.926487095686101,-0.7447123133705478,2.1052948505451337,63.14540639667368
50.75038132556496,-11.803313312217778,-2.5863155131459217,-2.590874416948408,-0.07828791277573321,-0.4373812893239415,-0.7115524634286219,-0.34984157939906657,-0.09403249916772216,0.5842237662720717,0.47140155156453334,-0.06343877015399091,0.04008455368723318,0.021048451886382935,-0.04530343319524066,0.26760339886484097,0.12870787918722537,0.21825145241549926,-0.08830710695335497,18.790359700530065,-8.21099855471676,4.44888254293274,3.486250122954258,0.6835397100962597,0.4608372642981453,-2.2732836323137304,-5.160866199511609,-1.535346426388955,0.9356585717975636,-3.2236805099309085,-0.7633088940919022,-0.5553416708860119,-1.8447194392183457,1.2448777667342301,-1.258003412234289,-0.8407449463379582,2.2069919206780173,0.20887314795028922,-0.527005085449872,0.005860857761600613,139.04461676429287,82.54497686069755,-55.99411212125649,13.156163482046011,-6.753337541844217,-21.75903945649246,-7.125762621476081,-7.146528208968554,1.6883125307708138,-16.47938593495422,-7.834278753119562,1.6695725326296724,1.4534266016915165,12.914915101652454,0.6127823401189376,13.557035478471148,18.58322068567635,6.685247376522733,-7.015267111794025,84.64124438056972,57.58856430537689,-4.6372120220224975,-1.6393878833049707,-0.8744040183430224,-1.7576103980102098,-1.0336155668715445,-0.9966984411875401,-0.19551258334483457,-0.8151150403338558,-0.2856787536955956,-0.11104451057846143,0.10324337104867842,0.05674726660666707,-0.1001053613903986,-0.13084768664803503,0.0035012944516636946,-0.18846160018410796,-0.19828583450875747,-0.20237383428309075,18.790359700530065,-10.513534677629806,1.2790866922132746,2.069948326516507,2.341242541043545,1.5123445881398316,0.12444917413594281,-1.6244211981490562,3.006276538202322,4.5389998348441765,2.9819032831834944,-1.2683164311327975,-0.10279606468242752,2.6874878569656735,0.9904709449724711,-1.7980018689192785,-0.26120711712409705,-0.14892897749482215,-0.3948638267931328,-0.03965360278888608,0.005860857761600613,72.20980883964843,122.95203554575964,16.217781074912804,-16.711294047780413,-0.8548640510674477,12.291727206140388,-8.989352037016417,10.309607035464172,12.978151011524151,2.950006631840968,-7.603948789700406,1.395484903758677,1.390085761781016,-5.108386613160388,-5.568172326134383,-2.838081109358134,-3.5580753046085283,3.866796181523889,3.7987570911988615,84.64124438056972
53.384918399635836,-8.86443940581152,1.0469902145198104,-1.4059147915032053,-0.6215368239431349,-0.6297628871659837,-1.3609691704080453,-0.9347256251423257,-1.6335738153857058,-0.7417299437237164,-0.6560768422892034,-1.112861878525214,-0.44945406582496084,-0.4630081117746969,-0.5790864825932345,0.24159471676063937,0.14487575829138022,0.4691643282455602,0.16983168584883157,19.90103016644455,13.352610402312067,15.089950502456311,-4.495877804144539,4.318283447732975,-1.9751868583923482,-6.327729545536058,-4.325464732984168,-1.7468510258404915,0.8921073026944533,-4.696413262313936,-1.8041120455071211,0.17206642258685,-1.2915393705661278,2.9433588906949946,-0.8386660449795986,1.0469875346575113,4.4883733695156325,2.005732784091939,-1.7191765033186306,10.694676722923525,84.87202753768608,47.08076289970898,-56.15013882260218,12.223803416878617,-1.340230382806734,-22.612794938907665,6.872465810136509,-4.303309919624956,3.0274165091427543,-1.1239815647889686,-0.5238082986271948,9.190014527949074,5.632701790462029,6.947111637605816,7.075491498187441,12.529922479991953,11.600434895194738,-0.5889803338935782,-1.4363307402574843,50.59749282183863,58.673921525425854,-4.756162277654845,-1.2118141225443138,0.9241832393603464,-0.46371588753254356,-0.08682012390323868,0.12874227220424306,0.6613260674451809,-0.3906715825954561,-0.3928784679788593,0.5134240865143198,0.2579907237735126,0.4225438404454587,0.21921362139916267,-0.20977809929816704,0.3723240197038922,-0.026648004075872533,0.105231954140792,0.08941958782676851,19.90103016644455,2.1844072911484957,18.797954012887054,2.8091083283268294,-1.3337681578881302,1.4530764447744633,3.4393346221386083,-1.2178830603264021,4.086918649915183,5.63496750651438,2.2927480392753936,-1.672446059586853,-0.23915035868043333,1.6705152526020668,0.13446748377491047,-1.3587661416553038,-0.8172199276751291,-1.0962375681372831,0.02636087092186057,0.3843377388047191,10.694676722923525,42.38173669784775,88.46787449664654,11.462205784893278,-32.55547699393402,-8.065400340677774,12.1830407996672,0.6426117253320593,-2.2517457172592072,4.923393009162141,2.820694557426348,-9.652899166968842,5.740838522336082,-6.425222896284666,-6.636888645131885,0.2350558871229096,-1.9534046820042026,-2.4263356545647774,5.627617902991114,1.5044804183537919,50.59749282183863
56.24983373972009,-4.552467254294438,-3.2404896998812407,-1.0034970811627,-0.7603798276184643,-1.377403312578738,-2.668615959580318,-2.185448752028833,-0.32051063824808423,-1.0703020591229353,-0.4561863091109428,-0.6751295310031269,-0.43155922695690974,0.5873371377813288,-0.39546698280814807,0.6203609148432156,1.0791653351612638,0.6016984947339528,-0.08698275464195926,22.4833594402547,14.149164943886156,15.523406896686904,-6.231484811754864,6.137521481954089,-1.913723484047671,-9.55887385566309,-3.1309897271227385,-1.2071145264710856,0.48856690698597616,-5.098005557488232,-2.2295519046949135,1.4036786258505067,-1.1538236690299297,3.072840046077063,0.08494856675559648,2.5826788832440415,4.401327136568979,1.968211668086099,-0.40644078180487875,12.375561762987406,-18.53445319726636,-16.08976145530803,7.642522359739895,3.2434284166535043,4.650291071068115,2.2481459591563686,21.37313595242859,6.8682635558620735,-5.29417756897025,12.641564912229974,2.0754231820164066,1.08786755304001,3.351675350531298,-13.463410329098547,3.35439861853543,-1.8572813218927697,-12.128960931558765,-8.746037283965224,5.03175875052711,-16.047053002743066,57.738420751905416,2.4475310575734888,-0.6980047253252963,-0.46118756614128475,-0.39342673418931007,-0.26922733657409337,-1.6454952826235347,0.9323720176612484,0.6698644885693663,0.6183070010843603,0.07942105501298524,0.6468358151889686,0.911076731629175,0.15954345195488995,-0.476172270406652,-0.12904572769179223,-0.14538633627341135,-0.19024584114821086,0.014937714009171543,22.4833594402547,2.193633366752117,21.132235619039673,3.629138197986672,-4.62898132595101,0.3506753055914529,5.88140530196895,0.18511181403518373,3.8592083670790402,6.938472585504678,2.2502245157830103,-2.9231667612977534,0.1200569917833505,0.8924818945010782,-1.7552530805322586,-0.9458252938360425,0.34991505533857925,-1.1960324940897114,1.3122093860493034,0.20115480781264194,12.375561762987406,-6.626919966865827,-24.607898721850944,-0.6491896928504133,-11.142350108535819,-3.489806981971305,2.7169097868510286,17.717475621436964,-11.748855626795244,-14.316758377178598,-4.844432590963721,0.8691612581091666,2.9293520846216468,-11.205555787859616,-3.9958550350399613,7.125686971500128,2.0226479201843857,1.5052893026116543,4.1654476968257335,-0.2300475663025645,-16.047053002743066
56.85955841760444,-4.973553999372665,-3.3291287212543486,-0.1032675787977766,-0.44497060539133715,-3.0611643114170883,-1.8161678074735863,-0.8308512434440511,0.04858315911968747,-1.3620775135140935,-0.5811585029479627,0.09939798696986646,-0.3590205340128523,1.1253251790672234,-0.29811664437914587,0.8683041782646321,1.7790139910441949,1.1739571078992825,-0.44922906113455596,23.336928825507005,5.624001214577802,8.573928951249444,-8.006550716203249,5.324794876487392,0.2488862325145238,-8.37653326520791,0.4222528953572975,0.2625392009183547,1.1152005691218916,-0.7798927671501739,-0.1724644594398912,2.576677723413525,-0.0600257886318607,0.7086510897013625,1.5479859773039641,1.757138504086568,3.5631011270968127,-0.11316366034781145,0.695154081554836,6.008138558881026,-70.80275525676774,-50.273952819014234,44.53217272840673,-14.969665295740187,10.30323575323155,27.121015816795904,17.11363039975636,5.844509793701963,-10.37012932498067,16.535188340079962,6.571959965551489,-8.968266068905104,2.341561040654169,-20.343784502950783,-0.3066801636199883,-10.133228203872598,-26.72720762559947,-15.388434593354523,9.89851803398642,-51.88514492929969,58.8402726734355,2.653629177114446,-0.16376639099597634,-1.580942821827982,-1.166054174714846,0.9076811176339916,-1.0014841869534084,1.365507282403502,1.4876826865919692,0.44492771733387526,-0.5610066720517062,0.11120145917423407,0.362665488811575,-0.1514369750570126,-0.48664338929203654,-0.23498656615962288,-0.5004763060617146,0.16031763792994225,-0.07456057836186725,23.336928825507005,-2.000858014544143,15.096773719796708,2.317888709509966,-7.932144173157551,-1.936146766444819,4.048905108768664,2.6660716495003998,0.5927822985233457,3.6772143972844455,2.9176504639897636,-3.9429687844741137,1.1285964418636865,-1.3037289011854036,-1.3855799978690369,-0.04536267687714246,-0.35710982804519475,-0.944588747816945,1.5360873374045794,-0.054898834889613335,6.008138558881026,-28.351721637641276,-93.2700025990653,-5.25517228683691,14.045153270297714,1.7409121952121072,-15.946906206544366,15.082752466645792,-11.500807050606536,-25.510693031308996,-9.024483100004375,9.368091694576455,4.496481365576031,-7.345358235958026,2.27130705249869,7.44528745671625,2.8109946242807378,7.270793309996435,-0.25547297567839133,-0.08381941189552355,-51.88514492929969
56.087643788523735,-5.9870525670937536,-3.5139984511362745,-0.17343728232407818,-1.1234327640754675,-4.001117505029935,-2.0494480084572206,-1.0053360334837467,-0.6908275329274307,-1.6546052275768557,-0.6808335704535438,0.032270610023722224,-0.582044046733786,0.7633018295039542,-0.14331406892448673,1.2455881097348653,1.5123023310953074,0.8499608966316876,0.018002875635899418,23.26019125249254,-13.613920559482807,-0.3379874091178423,9.062847758853561,1.8019982040458036,1.6739462543787669,-0.12480879289962044,3.151842962531953,0.8940902381626588,-1.8229768459012803,1.1388416986021974,-0.5414210961173138,-1.2137135447793446,-0.7846385549198303,-4.369473497318227,-0.7741301141083552,-2.1244610919988713,-3.3948524238919546,-3.1046972718124475,0.7817089973769495,-5.674396561588683,-34.527608544713516,-40.98347397474093,34.144147271447586,-20.71845847382685,1.3502661081044098,37.32730923568313,8.492185743307896,7.874758543819756,-5.998269574309351,15.42226624615651,10.246362227719189,-13.40852935859055,2.772016685783688,-13.534417867999819,-2.749490988034896,-8.575972037632358,-23.15755897711675,-7.690269299232789,7.008147945623758,-38.435419360687504,58.60220541474813,2.2240100601126938,-0.3488426500858033,-1.9363316507243633,-1.231103601623332,1.4098364633443157,-0.33902930459112257,1.382000992715525,1.7149441178247706,0.4205304115395423,-1.0354125119443252,0.23666649923999294,0.532927389674148,-0.7924066034284403,-0.46532768856912154,0.48211411505271085,-0.5495636962360426,0.4302760166213191,-0.019806347282451897,23.26019125249254,-11.7343620082164,-9.174272522167024,1.990963289499732,0.06925549441034562,1.4620527027638204,1.1781188242464293,5.2923392576560255,-1.1210830994993817,-1.640502799130155,0.24723577534444896,0.3015255603654161,0.678006577356336,-1.4281679600703998,-0.24743283172553587,1.1081398844417047,0.5200617931531286,0.5278912636508359,0.9329967883783745,0.06494090090699789,-5.674396561588683,-0.22763703303254346,-73.94832973501923,-13.847135219743468,27.99352967670528,5.84095315756746,-25.470886862650637,4.266306315201172,-4.611223748521903,-26.87321126605155,-15.097827692149007,14.658766387483052,0.8326127278662634,-3.3206693538239955,4.999341120950098,4.243332379671831,-0.500114018525347,6.893779077781645,-8.034712895738966,-0.5301709344142578,-38.435419360687504
56.278013982522914,-3.860182273787141,-2.819530767954297,0.8414527473211795,-0.3155672394573714,-3.50617242354434,-1.4594266982909452,-1.3935123839556915,-0.8908150834850868,-0.8395247430718431,-0.6299854413378485,-0.17822308733187597,-0.4042245502524531,-0.19666491278532838,0.06883004911691692,0.8075503713580985,1.7098578238727646,0.28845129712278705,0.46491591148732025,22.51668353976614,-8.167224474387325,-2.1163287541484355,10.123042274754612,-0.9987875611829762,1.3825961490102086,2.5157458314801593,1.089934122066667,0.12480148869361796,-3.137185483352254,0.45275727968083146,0.6378025329798236,-3.003370526550776,-0.30535140729409305,-3.5073765890827513,-0.5624667863576169,-1.6660565796573314,-4.9771406630536354,-3.1520300426360492,2.636007624083666,-6.222916579438277,37.960117747967466,-15.527592714709542,-15.803107702182118,-25.84554206663419,-11.510551666379225,27.160485072489085,-0.477994734042928,13.258895880349609,5.621141684611629,6.147500360254333,6.652267581668261,-9.489128873062693,3.13014820289276,3.232153309484648,-3.360170381719958,-2.2636722274030436,-9.668562237976053,5.316087036366711,2.1536379371344627,5.192336883465551,57.24160018673243,2.9039850809739067,-0.22745080540907736,-2.3043168049268896,-1.012950837037942,1.0981005305218887,0.8085451079382369,0.7329027291797154,0.9253958014190646,1.1648350587884315,-0.9006435222440818,1.0273736026798437,-0.04024593916972963,0.0023986501563093565,-0.2378817286555035,-0.11181081569095674,-0.2968536980030294,0.5630146939583167,0.07934220102777356,22.51668353976614,-5.0274558401878835,-12.683793216042247,1.0006096391518446,3.339690067080049,1.7678438437943331,-2.1824752422723144,3.769879451186073,0.8266608579011256,-2.8308913168227017,-1.217999140507513,1.3992536268697897,1.7301155313210894,-0.841838938091207,0.516210885620894,1.336894997563948,0.5032040155579651,1.6771972079906607,0.08823068191812933,0.41053498630977936,-6.222916579438277,46.95912298659115,-4.160377906034683,-13.487423618961648,22.487280801227627,1.0472354044168153,-24.078994399157324,-13.198796671432568,0.9069248019144265,-14.744748720024738,-16.976141154044914,9.39311089962097,-8.739245087192867,2.776639097911839,-0.9464942705250488,-3.882533767796036,-1.695612221681435,1.074684133352335,-10.318374874975165,-1.1114578954367034,5.192336883465551
49.73364567751945,-5.278146821646121,1.0361352028955144,-0.5748581421992762,0.011891616603936228,-1.2173036529649224,-1.2710650329056619,-1.4570730626916835,-0.7622999398963373,-0.7621575950429618,-0.7024833879746568,-1.143175766241928,-0.8012764962970245,-0.9364045649515087,-0.9660053866103571,-0.4114927277029532,-0.5836827931989983,-0.5078972357840232,-0.1532007422644226,20.05628380233079,3.7809735160119615,0.3767987620153783,1.7757923284899988,-1.059916536124153,-1.8054453882433084,3.6586412138344393,0.7812625311765244,2.7991336015511603,-0.3843748539316265,1.9968025421745206,2.4884957129548235,-2.510561928462618,0.3548474831930304,-1.5863550485307902,-0.23457054543106093,0.006290406299812812,-2.9073314569141733,-0.35748979038617623,2.1272064197425857,-0.7266203481966933,93.89370663893766,19.113172637752545,-76.67777312500723,-21.148755089248397,-21.10282687504126,9.095185637309584,-4.7421624955180945,6.629798349591103,12.712084187867028,4.939673280088359,3.5280021797541985,2.8369551100063166,4.8166661773957635,17.49636552266233,4.192599785379752,4.62478459734055,14.621568874743819,12.753817129430056,-2.462545936915112,41.87384715006853,52.67057599114875,-2.264783155439754,0.3293191266311202,-0.06487282738665812,0.26104794835414813,0.22462236910517275,0.09565969875865532,0.6881327445234509,0.13075653159074108,0.38197121802930667,0.40000226029188113,0.5277530321143318,0.39844846558462743,-0.04109077651453896,-0.04648315850406615,0.06939729365043901,0.01674799152266404,0.07490402502678917,-0.029543225232149917,20.05628380233079,3.5931137630577155,-1.951645780550467,-2.635789876706,3.73186639228283,1.4191565792556071,-3.7383479538358784,1.7663610707929334,1.436657213129199,-3.244080190467522,-3.230864528042855,1.7351052267718203,0.23560381098778072,-0.9987977639580179,-0.20647796180217504,0.4847120587793279,-0.3302988757256742,0.9399640668973082,-1.9812187340769543,-0.2966475699941833,-0.7266203481966933,67.19895435692337,82.40875300768376,-12.414814038632596,0.24138816364100002,-7.222868139960723,-14.00018702724639,-21.688185342844697,-8.414804365007756,-3.4046029804907545,-7.423465960316447,-4.543589558994788,-10.135037516130978,6.602054193393522,-1.0955634668801886,-8.710890807558966,-6.063763123596051,-4.559505011632359,-6.7297504653566005,-2.5474021559615916,41.87384715006853
55.95294523591292,-6.386171249170699,-0.5426744108929373,-0.40195092945166566,-0.32133472122593476,-3.195198321709515,-1.6603922342160322,-0.5425819844932738,-1.4842733790719862,-1.5819226899406247,-0.25143232769749435,-0.8145640881726965,-0.40208001287827955,0.2214900817535792,-0.16800437871501916,0.8638163071548757,0.33843622166453,0.27687115278911323,0.9543765598574379,21.827424260868742,15.906613050814151,0.4527395083280634,-12.264576852112526,-6.167018786744725,-3.766693779364051,3.311984267669602,1.3685457440135478,5.9394654593989085,3.206470415442879,1.864876991190831,1.6387109268581708,-1.5194625212761848,0.935305293758089,0.9331685200499682,-0.40187899789466197,-0.44007335876429576,-1.5149404753801041,1.1712761171224084,1.0992243389392493,6.130418893917806,17.22330953889307,29.60931963906804,-47.971877050265746,-4.536229075391501,-8.646892704809979,5.1471525140731575,-4.986844759005297,-8.06983116110992,3.05836223925788,5.55548432582855,-0.2872430646270767,4.701236825926363,-0.9517098924666723,12.768288271731066,2.00171313451143,-2.1769958351002607,15.455240764401372,9.304166538588918,-6.9183715860023565,25.826027968321043,59.292359465141246,-1.4438708231304531,-0.0025424597785157488,-0.84682719995681,-1.0282080278064196,0.4090505436174059,0.6661110369647392,2.125771835450102,0.8643308212976333,-0.14479225616476343,-0.5790872447349145,0.8307159583976094,0.008985481810731777,-0.26898944570351624,-0.027618155542590284,0.2229738523204956,0.05496645405426248,0.3821189746862719,0.13557535376787144,21.827424260868742,13.814965593114373,9.405271395971088,-2.1124465168679922,1.4801907785200203,-1.3910810024823048,-5.5323587017688425,-2.1703375927843385,-0.23262545683373137,-2.8933712670592393,-3.8313699613390413,0.03679683213316931,-3.0198247185484695,-0.13009445028567512,-1.8793045680932416,-1.674915647943972,-0.7797356044465109,-0.6132830827640137,-2.1659923388553386,-0.42983354715737443,6.130418893917806,-12.863237558674449,72.32274782931958,-4.900845980159181,-0.1430979673906747,-6.210084154146333,2.7251932838384443,-16.52210126924667,-10.791189886942457,-1.2255723044620268,3.17268013636773,-4.021375062449598,-6.587275535700169,11.598480808827542,7.462146363996413,-6.026117893180871,-4.686656397501524,-4.187323714216197,-1.9365943431903123,-3.4838190338706894,25.826027968321043
58.14066491983471,-4.535658698394285,-3.764530465421955,-0.08169371199973208,-2.02327171731284,-2.327283949030128,-1.558333974906415,-0.031234432439375404,-0.5862858120997942,-0.2850049830552046,0.3741377292036909,-0.9048398537871765,-0.4056925738243575,-0.2389531920308947,-0.14218212772404915,1.2206003449863831,0.7443474037423381,0.6770060736054364,0.8368757613221334,23.241510717842893,21.296013997385288,7.934064778520181,-18.082229240216492,-6.188263727797519,-6.3028222189547325,4.02466480766045,0.6414559037994656,1.3016574276055648,1.3612372986346668,2.902618482891377,0.7221257968206118,-0.537189992413482,1.0033661832519605,2.15843670944658,1.2418758843500433,-0.425060403775114,2.1848319196431887,1.1105582130233518,0.3188276714916016,9.08585927676754,-55.007481128853094,16.093317227186258,13.44825519321552,15.453080826748064,12.552879093383554,-6.545339891126491,-12.87501680900361,-23.643613424249608,-11.203811759065667,-5.894983544084954,-5.790710145157022,4.1950941912090025,-6.24739550520423,6.111295474023417,1.8452309156462352,-5.050885773965005,7.631370299562393,3.091522836106541,-3.429881302828743,-7.1852638156309006,59.373382657072575,3.4221151218896404,-1.7791917612540842,-0.7991432570679882,-0.5138967166112898,-0.1148125201213821,0.615368266292093,1.4038950461449313,0.1234365126517254,-0.5400881950052878,-0.3286380373129987,0.45279722687500046,0.00891279720490834,-0.759951536399615,-0.3281034457359142,0.14957234318414758,-0.2554917388160345,-0.4698854907811356,-0.19624670864959248,23.241510717842893,12.44390445359415,20.98557167566819,-2.6599156518066476,1.11969922051086,-0.5699189440782222,-4.147032959628502,-2.581644891781116,-4.798842124635831,-3.3115643142572635,-2.1578117943980106,-1.2890408217636677,-2.0145420557743736,1.5169868927235957,0.40254316169143767,-1.7414001965838186,-1.870349958642659,-0.6066210967880066,-1.304766933913192,-0.788575910340221,9.08585927676754,-65.69965913164916,9.935542966376481,6.101627618894408,-0.3703719070061062,-2.9760626316549974,15.52536138413759,-5.554526809336389,-0.15988777408745536,9.938366520899153,13.59601225430731,0.7927893504193664,2.738411564221467,8.401705829769437,16.597414865192984,1.1961376927973624,-0.021858932697837563,-0.4425917035008258,6.83834432579891,-0.9528669042010327,-7.1852638156309006
60.02781088677236,-4.005056581249027,-6.551486359851825,-2.488638861150955,-1.1813324621810088,-1.2951901416769362,-0.6315193552837948,0.8633010306176088,0.6244130603380813,-0.1456625534703062,-0.348940536497937,-1.057122304197344,-0.13436386460974203,-0.07880633922065128,-0.544021079273568,-0.22853284436871757,0.2883724877120444,0.28163770098926144,0.5194898291636669,23.989279528968993,-8.313089945627453,8.909698057133184,-3.933885466025016,-0.7027285030420432,-0.6921617880390682,4.906310291603733,-1.3335849437474523,-3.1613760048885453,-2.4808104400064606,2.777591472236678,1.377365958733391,-1.6394380816121628,-1.1054657035568942,1.004371667794096,-0.299833433992454,-2.5388790921699984,0.20439803086836972,0.7660292249536456,0.08101120520797944,1.7838575922401283,-80.91596642011513,-11.248358425217388,58.717333867694684,38.708594471065595,16.346992235874367,-23.862200984973704,-14.76979848191989,-24.543658550147406,-14.934772231296545,-15.817777283746869,-3.351537703160819,5.555941889693951,-8.0441659847334,-0.9128193800876487,3.0749420142177555,6.888510552126785,4.599247961500666,2.6805429634960203,1.397056520685285,-30.460655689984257,60.7976796503277,4.763171640294754,-0.2294186199004713,-1.1970862008262144,-1.3210190057963755,-1.4983613757492555,-0.5364779722206512,0.2587088499521095,-0.5176298226410472,-0.2898202153637919,-0.5179249573750573,-0.4450608539747254,0.08947466987729236,-0.5778232539477735,-0.9345294090115654,-0.5417661426810665,-0.467375374215687,-0.2475867175653903,-0.05222283084219237,23.989279528968993,-15.884469964793325,12.008971970508213,-1.437750463377422,4.574224669270697,-0.3426604716119188,-0.6155360974567803,-2.3171682021502376,-1.4511844166875876,-3.4099354071588444,-0.1681854391460702,0.9006391199127348,-0.43844930314791775,3.699509137981757,3.942773505872294,-0.5631078213449141,-1.0700986417343044,0.3568279327252195,-1.218292389758908,-1.0854103604525465,1.7838575922401283,-65.55524794268885,-45.48119453573496,1.1889107041361293,-8.457987250100642,5.760813108951819,26.66096571496458,8.266797631416779,17.619041142518995,21.29457835110252,13.516399382430393,3.9051355463244706,10.923242661102654,-2.6629121970032665,11.986324837050995,7.308699184635149,6.250522794321389,2.6988656973441687,7.956872605668366,0.7332422226894285,-30.460655689984257
58.34421985078237,-2.501671766346867,-5.000573442733287,-2.6256460402483914,-2.709520622395893,-0.1549753391509867,-1.4647735204720478,-1.5091858564443423,-1.1360245102840376,-0.028978421832432488,-0.29266638516412957,-1.2904916544363452,-0.433451478805313,0.2929620002588966,-0.157059094156061,-0.07784835382871358,0.5337650335988389,0.044998596627578547,0.22365645882826368,23.518285806664434,-11.612915550193783,4.1949781012059475,4.3345742320540035,3.934478735398538,2.9337281627859775,-0.4111917436958712,-4.30518052944478,-4.472252378429917,-3.1426403057397905,-1.4070464703908798,-0.27618687556129773,-0.353027052690128,-1.748464770751593,1.4336911146088545,0.6370221304409527,-1.4697496139798383,0.048684439742786356,1.3908950737514758,0.9213723351938492,-2.1459716051733047,-64.35891849269248,-34.386424018464965,60.41782900533761,33.46989393321101,14.836983627186605,-30.474118305453665,-1.1759709266253884,-0.502108409099475,1.8661260511723934,-20.638441222018812,-3.0886445613306406,7.14596897030563,-2.173045500480958,-6.129730427583587,-3.353774800491613,11.06372838234293,-2.59342261855813,0.25996933446051385,0.6975851502584898,-32.793340268769086,58.1398681253526,5.124481450681738,-0.8872006192112258,0.6701062833034741,0.122493965310015,-0.8951881510257478,-0.5938682425392074,-0.7777568250454685,-0.8340453035685504,-0.6244206995701844,-0.27509929426988133,0.15837041041331235,1.116697317913145,0.3145977084533085,-0.46372763006148787,-0.4834076881701095,-0.025391642736364517,-0.26262659580397574,-0.3299320880972285,23.518285806664434,-14.406998023813017,1.7142754153692112,0.07767590599591889,1.9996634934044386,-0.5930850020070846,1.5659214360768858,-0.9374870291923112,1.9659928060123995,1.9833851400318574,1.735549338014314,1.6995787580917208,0.3141218853982384,1.2872533567929847,5.181190433811549,0.5268769918784801,-0.19604682343069624,0.23361270740227869,0.9641034542742851,-0.4452926154471136,-2.1459716051733047,-30.095542061945267,-72.47773224201009,4.169556986844135,-19.698924887504834,7.587339408769486,21.88938268311104,10.708886449374903,25.949515810311546,22.613172485261554,6.947373012080636,0.8787662223524184,6.809462762987318,-14.066086597988358,-7.477469874137449,4.984669961417226,9.175069578525825,0.8387070542417447,6.396399639804618,4.635716958501422,-32.793340268769086
51.694622797625364,-2.9483156866278164,-1.8915956552497795,0.5186609831516424,-0.3242911627039424,-1.8281974808472192,-2.373964933306942,-1.3842942749350629,-2.449809249983095,-0.3211402344336718,0.7706527088531114,-1.4414572286541936,-0.9409334121662489,0.4577183195057315,-0.31048261249524023,0.24360111047742494,0.5459264221704645,0.9758895037548649,1.3014918137083624,22.580965512578036,-8.096905385453873,-3.301896365623514,5.885688345599567,8.125907217190042,-0.2114728522972218,-6.401187949139089,-3.543035280324275,-3.4454089126570535,-2.008976898018165,-3.889179174041475,0.4620984114687161,1.1664269537091139,-1.7108622216068348,0.8391316274250067,1.438018886168761,3.5265265224014595,1.85275724532043,2.3713791685063565,1.496480267430768,-3.4839935101039003,-10.259392301015502,-37.63435000046254,18.534860284369234,-2.001092543130034,-1.8460476388507043,-9.665249208747884,18.123785083734788,14.484540304684383,16.71688439189399,-8.888235499032819,-5.958550874855193,9.73178467583222,7.860293493173401,-7.55241821992087,-3.604128277936236,7.819422706435308,-2.9589986370897896,-7.655022652545343,-6.838805479735333,-28.299694250456,51.96688174860457,3.7094319977276036,-1.167413262488656,0.7056603644928074,-1.5177336045730314,0.4914703103411986,0.11214519030527059,2.491005562701508,-0.361895974171651,-0.18671872345535023,-0.15553705630010572,0.7587047150544945,1.304847790447492,1.165122684806169,-0.2413599740522605,0.0044145471304719575,0.11833037237703725,-0.33065666768176205,-0.3402871367345838,22.580965512578036,-5.537207139526473,-3.6996777417469024,-2.886786943701211,-3.1887849829770905,1.5009085809580358,4.941646957860753,1.1409822916296481,5.19447764910165,5.106443181347459,0.9801491636699924,0.49505481536771034,1.2774646414165516,-1.346683780822003,1.7245342143722002,0.8452953501424532,1.5083742251082022,0.31603286381292794,0.6780087698851056,-0.23485408325921386,-3.4839935101039003,22.262499926380812,-56.429900432318824,5.3262900921529726,-20.465895252759193,9.9835875180273,2.911764005347982,5.446061939526231,-3.356643558685422,7.8531081544382815,-1.720809097547276,-4.973800691137905,-0.5735584652725141,-14.939784039620072,-22.36313108219296,0.8389451552177631,5.426422206722174,-1.0136718701344773,3.834606185296316,6.234250489922307,-28.299694250456
56.50080118931132,-2.9665400951019167,-3.927188701695976,0.38189573354823825,-0.9849282856583845,-2.266376151292922,-2.839701450617231,-1.143562968877998,-0.6204948098091014,-0.9007893777689617,-0.32375233125248215,-0.8891859179038157,-0.8766401854219006,0.20963003591034113,0.0595597041072633,0.24965856057339275,0.6399126563845212,1.0253277090983726,0.9065609366467102,22.87268192345172,-10.991537529047747,-3.1533500193339514,7.216898356640024,6.132365378691944,0.8753251267676467,-5.55864522469497,1.1581956087751828,1.1926196769400814,2.0583835532267156,-4.083216804978953,-0.36456271021237097,1.6328619750786952,0.21954169203645169,-0.8238084841606685,-1.3039376759763708,2.0741009801106216,0.06394100313809359,0.4378679084772532,-0.04011428449054777,-4.676885306444991,3.2378818483236174,-11.2827455815911,-5.509149249526605,-36.48738444184633,-6.602776154273567,22.044485114054734,28.07756380200408,14.026307893838666,10.372857957367662,13.291618288987337,1.648404330174805,-0.8974914415753932,5.287967230693463,-7.88751560894527,-2.0406405084822086,-0.29664334661632585,-2.1891733234233537,-10.178166080214192,-11.626735359395717,-7.944348885237023,56.58528259602763,4.806122650857821,-1.2713564869620324,-0.7506847930252798,-0.7120819182265041,-0.32676764512816625,-0.17768682956702353,1.2707430927764318,1.037262158432956,0.2761357280476484,0.3399573911953859,0.007975385059509676,0.04485291531630087,0.9591707111291883,-0.4112496672763266,-0.22154141343696976,-0.43153825841125726,0.05370121141419282,-0.2748608634269536,22.87268192345172,-7.777497990011909,-7.398969589209297,0.14938108177731424,-4.848258397117664,2.301966234021543,4.019066854268251,1.043723086016393,4.853084747625324,3.736832634120362,0.7417074102342758,-0.6468655583149463,0.5322323534370503,-2.992959946868704,-2.2270721296272398,0.046733198381110785,1.4279483971990004,-0.16687003521098842,0.94528230616711,1.1040044303138234,-4.676885306444991,15.475189995213142,-23.92265714865628,14.522383191925899,5.0860473652558955,5.665671398698342,-11.531770736822171,-2.188418413864699,-23.245568757023737,-20.87198961820502,-9.167345494364298,-7.3902481554365,-4.532952918921657,0.46152885587315895,-16.34414514259229,-0.579114189627828,1.299340679949015,-1.8772658425079058,-4.122907448554842,2.264757227743546,-7.944348885237023
56.90106752478095,-5.423570599683259,-4.145334557570697,0.07054386054575135,-2.149365056698374,-3.4400837101755135,-1.7155730303733407,-1.04221486949409,-0.6378402389084692,-1.6543466625227792,-0.10234835771940265,-0.6745616956090519,-0.7682006221048656,0.3824254566661298,0.06667896467915035,1.3709769596309591,1.1616772989794182,0.9771627290070426,0.9262777239698277,22.5700847155234,-13.753475106708223,-6.233312882828136,3.8923826138665905,-2.802218096253763,-0.585984089455255,2.6474124277293396,4.99661952900996,1.2484581197686468,3.2771198264572825,-0.32844110998569476,-1.5577215613686688,2.2335097424195354,1.8406778116357843,-1.6430876427815777,-1.1314176697519103,-0.4010930359975742,-1.2827295693741787,-2.5849685186819147,-2.8576482248174884,-11.100532682352029,44.15588893386657,14.796426333558353,-26.488485815970776,-58.613469820094835,-5.63459702277306,38.09175883429995,18.53158517450636,5.586090780462261,-2.794627104307608,23.75583661973977,3.7823615187748714,-6.903431071537398,-0.08802876851576968,-4.393735669319292,0.9780975202196331,-12.052332676578265,-2.627285925250355,-5.380391759501697,-9.02417814596466,22.165821538539554,58.80636884522695,3.0725121693332613,-1.4807341578756734,-2.0810831541503827,-0.15327677354909808,0.68825185023233,-0.17407753289191907,1.8316977155919845,1.0999380370319292,-0.2500238473377121,-0.5779258924238357,0.26886897941045174,-0.047945019235287045,-0.03784264809961324,-0.5381207153329195,0.08148783250646474,-0.10628563447177664,-0.06674623623192177,-0.19718548480693676,22.5700847155234,-8.067970018503473,-11.649355743361943,1.1895419948083665,-2.234762011847849,3.2016076693874167,-0.38622680387847197,-0.5847422899914738,-4.573052166836761,-0.360105076983956,-0.5316690240296891,-0.4130390674528841,-0.8342837698035808,-1.630276229997434,-3.534660753504791,0.09643665301265214,0.8311148513119344,0.05023336896461439,0.7084212769428377,1.2570663616281383,-11.100532682352029,35.6711214817183,12.09192831492792,22.17540373937885,28.447453087845982,-5.344851622915506,-21.948195150566377,-9.037081223624886,-33.44444974149459,-33.41553267613682,-10.073174060467638,-2.4123980508949816,-11.019076908030048,10.738576594735925,2.6018323628844193,0.7585546007685937,-4.677657558622487,-4.229918230557723,-3.5166330931874747,-1.35297741610633,22.165821538539554
50.24522872268071,-2.840719319486121,-0.2652548132528154,0.6645952104005257,-1.3593211120148538,-2.1283548368343244,-1.214871667551257,-1.083915720694788,-1.0128172392079926,-1.403983610277355,-0.03844720698405801,-0.8575084334195684,-0.4100470278177788,-0.0812958104016368,-0.9976087207314417,0.39551421164983,0.2578600967634088,0.2632959382401163,0.3912063614522572,21.185283551969256,-7.1656897654047995,0.01931356901270842,2.5766524731571896,-8.845150828802728,-0.18040429577178907,6.086750624897281,5.463773966890142,0.19396805227656655,-0.599259689293683,3.458393642074899,1.5579252759447972,-1.3353141678330354,-0.8802511720261714,-1.2689570547604878,0.9014201541601841,0.3457384919115156,0.521841185378414,-1.220014122761484,-2.7149310983798816,-2.309876461667752,97.61761667639648,10.66365545951161,-29.816607593957542,-41.871609078953625,-8.885345491774817,28.60656068612606,1.9294842687263412,-6.297582959345887,-12.836013972675,18.778220251177494,3.716244565686294,-5.704567487482246,-5.0727196654092115,3.3388785466641715,3.843294902044678,-3.655990583601737,1.7478590005481345,4.164345271700919,0.7600991135967214,43.59469903983988,50.831375582035456,1.7434565702742613,-0.65584963062906,-0.3606511559337626,0.5912486668088199,1.015954506162812,0.07110466206758392,1.9784394723219552,0.30345400788984045,-0.2219144325118656,-0.3873376553654895,0.6694044549538589,0.2966137493201826,-0.19745568990742024,-0.291980660230603,0.1920298677413943,0.003481343082548216,0.0780593415546591,0.15051930109585965,21.185283551969256,-5.4040215867179455,-6.272214158151408,5.300703032704079,4.065675690467765,1.3894011531273955,-1.536027051464587,-1.1688339453140997,-4.7730266645302635,-5.719335539904945,-2.0922143153179946,-1.541498378216232,-0.896480368452524,1.6598140093172797,-0.3612846535460983,0.6117492456294666,0.7922532034419452,-0.5721204664275175,-1.1125565235320016,-0.05887422401901654,-2.309876461667752,87.7958436908203,26.51010729888477,6.584273513620419,28.808291865329725,-9.562116754191315,-12.361373865723081,-11.232013439661857,-23.48428532024682,-19.957699745713544,-12.531797130726282,4.343337207839032,-5.834157385252312,10.91971638006289,12.490355614830351,1.2912952990424158,-3.844936070183801,-2.55407887969106,-1.2645605976279353,-4.796510761174625,43.59469903983988
47.94567147758656,-6.127882515849782,-1.7763712925380646,-1.0237978034013828,-0.4300867942533353,-0.5735019242118482,-0.6880700603349488,-0.7898888391423444,-0.615088122055008,-0.2337636731723225,-0.15086063396543503,-0.34054109968654966,-0.2538910851504177,-0.2183625787290684,-0.34760723495184287,-0.029873233059580784,0.09558791729393135,0.06442112984303572,0.13034498889684465,17.874398357143253,12.068115199657939,2.509985006982333,-5.038431620644404,-13.69206958911004,-2.500906652414034,6.821993543214761,3.5699681278714266,-0.153037710094166,-2.0774688289117695,4.217933912301485,1.3920351777775677,-0.8012005106037194,-1.204980173833408,-1.1351619219347295,0.8243887312103002,-1.6354585717881196,0.3101641915750921,0.5101243043748769,-1.6782003986068952,6.415412836777257,95.76905999739688,13.964723500232736,-13.845695423384,-1.7934389047907535,-4.324335479632731,4.565549544016631,-14.305492980652339,-7.881282398734166,-10.917705234293203,2.212971461734639,1.845652320977122,-3.829102694335684,-2.6902878767073592,7.098469085727162,-4.134897670865559,2.3767573989103905,-0.5881350230955693,8.90053350877448,11.759363240491954,46.308763106556796,50.80985024634892,-0.5839128336615875,-0.8803956932509589,-0.6067374599768756,-0.5685950623969851,-0.3730041672435265,-0.30462170050777004,-0.14936871048963418,-0.1750444373920712,-0.20352815519043777,0.0015909332538899257,0.010848295205529546,0.3638292584468341,-0.023894491427922215,-0.25277615106879625,0.21318633219725713,-0.07406274388755829,0.011374905719423678,0.07555596181807878,17.874398357143253,11.111615399685697,1.7829087001881132,5.625253950524833,6.577974517153187,-0.7152346900526436,-3.254903664556017,-2.271279804517549,-6.71469151556785,-6.873239069708297,-2.6394770037876913,-0.26382780012913765,-3.5177174516536853,1.6962175384529679,2.092556657773839,0.9420646269025721,-0.5126069573245136,-1.5963010358576688,-0.051388361859076026,-0.32990346414595884,6.415412836777257,81.2068953659631,32.48371136407087,-7.415479973330297,15.430730954860731,-7.76368972976935,0.8202110625789758,-7.581262418356738,5.2493016657090354,2.1151985426972235,-8.890066081634203,7.46459618956835,7.191462422886018,2.6236628322740625,7.724517906896989,0.5589012992836471,-2.092497017207645,0.1553060920136431,0.5326383403204245,-2.971960926121226,46.308763106556796
57.39565433020611,-2.604727352512301,-3.8233440976336976,-3.493508848879559,-1.9347695647667984,-0.6562917318261143,-0.6215659521913559,-1.1727419579155876,-0.9315007128826736,0.11811594859325947,0.47946644484293266,-1.7238532997815845,-1.5739205399122103,-0.12445447377230368,0.7174128810028519,1.1229529028744205,1.4338779399164716,0.871691447299634,-0.05293824500673905,24.065586871807916,24.906475655967412,-2.1931712344833816,-3.22599832308325,-9.358513414356729,-2.609886337640373,6.657344560625349,2.83626344370762,-1.2554238878014559,-1.6823291054262581,3.0327058094662034,0.018681203057657747,0.29793335784920005,-0.7939891479335581,0.5916679287479931,-0.3601934254351371,0.863288456205026,0.14142362293752542,0.9724941327993168,-0.24978864079748364,8.362491453910309,19.923033311029215,-11.343380898382872,-3.0940334610260756,33.44440820167031,10.988953267284668,-5.413463726813921,-13.114955225939275,-2.3227542608874043,2.694583717532043,-8.121271860722349,-5.23076118948761,5.751075528819795,8.698926926258652,6.734198129060702,-10.53970150935631,-1.2928067887091785,-9.622647372951823,1.3161971665960994,11.393070956170746,-0.6545319195288926,57.88153110210767,3.4982280732795417,1.0788257970776498,0.5449802051218495,0.19027780276113715,-0.5641531621225315,-0.6968317184161479,-0.1252370264478908,-1.1849143743075166,-0.7932192756849861,-0.7205502107515929,-0.3112544570642912,0.6688727811338802,0.7715543060202936,-0.24804732659365492,0.10873593843860663,-0.7337099369171252,-0.5416376213274807,-0.44066869874896963,24.065586871807916,26.530631146303655,-0.8600481615419393,1.2236618607292904,5.149519271046681,-0.5206709633540845,-0.7272816482545168,-3.7290148765514988,-5.818238238132541,-2.98545024237424,-4.470287165249864,1.4501974119426966,-1.0431294982640535,0.8036513589375405,1.2044969721486205,0.2695668609573587,0.17734126642532377,-0.6206422726453769,0.6929068267540992,-0.5007660373864404,8.362491453910309,18.914914173185316,9.837616549525466,-26.76425461885145,-11.365525168326421,-11.176252532032024,6.004933720250175,-7.131333815611464,15.427783623185851,14.850249816492852,1.9368495653961881,8.389954927129143,14.233965132224485,-6.704571000091297,-4.166680029936526,-0.045893110266921555,-3.0559042402825503,5.682661745866564,3.221170277616004,2.607104320116745,-0.6545319195288926
59.359912320847215,-4.286574079679003,-4.885505725702458,-4.696438904369226,-3.1120941565294187,-0.7651184910722382,-0.22724182411757798,-1.0743206059307733,-1.7172329165270135,-0.30642948580734375,0.33471240525588586,-0.6419895177299035,-0.7887539529743539,-0.16357617261590152,-0.37863747058284636,0.18952832812460407,0.7287504731904328,0.9280271266647222,0.3092498278958782,24.3376394739927,18.094972181304115,1.8552912690362775,-0.12913969970519057,-3.4422562558721395,-1.5334108083373286,4.644890231873621,-0.8423716997249486,-1.9674871095594253,-1.6401980826230318,0.9908885371859726,0.13472663556346198,-0.49766536758942426,0.452402861235798,0.9758344083277626,-2.568059715387029,0.5285106813108658,-1.386588299701519,0.7690441079249244,1.7894621666372903,6.717664913137341,-45.202866064782214,-10.257408966004412,4.783784929920547,39.754856156992105,25.474952232114454,-15.499765048658388,-5.865712926954943,0.7317027586541518,8.57392892335225,-9.082527559111913,-3.7594168294705193,1.013232401950328,7.170147905623544,4.909300980438315,-1.9628473967230051,0.28494489915827614,-6.238496151559301,-3.6296961011182356,7.0041001535897465,-22.390360054938775,60.83709878503369,3.0865807679246777,0.4645551035333879,0.7550884238984046,-0.3104086865515785,-0.14914614790300673,-0.9257492449088276,-0.4738097928070175,-1.5924973067235406,-1.2841099276449977,-0.5432335147953529,-0.999660290407316,0.6140342340843481,0.5239306828234493,-0.08905506870010749,-0.1331686815043982,-0.5358405124007743,0.21740806427961012,-0.06654321695750154,24.3376394739927,16.568151297967276,1.8864169403687603,-0.47967740586938756,4.938681675293059,0.27479886274348164,-0.3804939741940192,-3.0952830335511434,-1.4257955471811044,-0.6694484544006967,-3.7876656398808555,1.8234111322518265,2.834772006545193,0.10963651132946683,-0.45529261290365586,0.5469784949905296,0.09232231121642265,0.15214731808036563,0.07200877195999955,-0.007968194748762869,6.717664913137341,-43.63602140793322,-2.507976545645444,-13.194864866439922,-26.840548737019358,-12.400613522319421,6.118058667320259,-1.5678741796722986,21.163824395415894,11.63103541950955,13.347280915673958,-2.1197829285922043,16.81901257757508,-6.174421948002534,-7.5399369712758935,-0.005085348796802114,-2.0549758268930125,5.5034690241144375,-2.0315202108872565,3.461736305761627,-22.390360054938775
56.991346129034085,-4.8579591548132015,-0.3236867582122436,-2.178340946293917,-1.3232605996969986,1.2961257269085453,-0.027154063806132278,-1.5694117812013015,-1.302909394685119,0.14870220077325724,-0.2718931250658896,-0.5578175454732914,-0.5396101678725898,0.18714495091577632,-1.1621903156335085,0.7174576591602506,0.011990630283920778,0.3177400062289315,0.1768596215539986,22.134908720499688,-0.21760160071328016,-5.3250300112057,-1.425010217825455,2.7521466054134778,4.830324415832192,4.46857041716089,1.1124662677186925,-0.06018437843450597,0.5293967963279695,1.011280399271481,-0.4288010476919548,1.3884560250697149,2.640520773568552,1.0426438446386173,-2.6722063772193057,-1.3826495289925662,-3.4411062554591925,-0.6913754412384581,1.2477730970833987,-2.7882684596122402,-72.4349848334297,3.1924728994611526,-1.63753281309504,25.25412850558901,20.19848368481964,-27.80323792415846,-5.725049504883668,5.636197493413931,8.4805387944727,-7.497319109007883,-1.9339552647274258,-0.5848609491950381,1.5868649635080536,-2.8397651663682604,7.625261678810151,-6.160977634957229,-0.8820783477145355,-4.736062663441259,-0.3022691074693862,-25.012215405478795,59.0830668858449,-0.521814311289841,-0.7164940986565882,1.5331955376519377,0.2018199972090744,0.5403846723652936,-1.4828390040076367,-0.7684591055856238,-0.4805446786315448,-1.916767128909518,0.6101732746304802,0.6530939986282549,0.5733369409701958,0.13088020904120423,-0.239057770936268,0.45387800780488385,-0.07595090898353218,0.3214961756516155,-0.02881412820957041,22.134908720499688,1.325167550733923,-1.4051600034789988,-5.028958598524536,-0.7974404727653814,-4.693741889286679,0.02923496347950172,-4.322499238603035,0.29641716286929,-1.396105939312319,-0.5496952145733185,1.6098596191578576,3.0442574685602795,-0.8991809771666182,-1.1707000331756139,0.7863457564520271,-1.0381635509697982,1.3949862295367472,0.4363300483664625,1.083710301340758,-2.7882684596122402,-75.84573655711,4.0447245932949905,5.027365759704415,-26.556533765172674,-10.993282965433128,1.7679501171696343,10.314009359871905,18.267149306376286,4.164933870760682,25.093631589981868,-9.484338017991066,1.466586252376442,-3.7248485826612114,-3.0521854076608514,0.9849174281151056,-3.7825560456640104,1.5828608110676459,-4.054312865826837,1.6069385619702945,-25.012215405478795
57.19531166882463,-4.073620980181193,-3.590769812101387,-3.4025098826302735,-1.5025466809568995,0.7727344623576324,-1.406461854390035,-1.5752974822792,-1.2494828224653012,0.2463874693306649,0.2921824687707071,-1.1723916606354083,-0.544844840552329,0.1137549130907729,-0.6918354943271772,0.43712972945293704,0.11323742225944722,0.7259189043408492,0.910177138935121,22.198569889366038,2.028720795607178,-1.052790087658714,-3.547033208313029,0.1300284795009099,6.516464086906911,0.16649809061779708,1.4990102523884188,-0.38480608545056505,1.103632681887242,0.6873828378428897,-0.26393211158288565,-0.8398456432388128,0.6628388182273088,1.094000610339116,0.9989715087408819,-0.3700171296101853,-1.0178189450061992,-0.4727889591653536,1.0750688092475367,0.7956127660691443,-67.57342130006845,-4.106236359885677,13.195290977740473,16.735168006079395,2.724405587343582,-28.585902670835196,-4.851499657112074,3.6228283218148314,5.751523263598669,-4.9105168422440375,-3.3332639797077723,0.6077521500472431,-5.25885241278305,-4.492050898971074,12.111805947838182,-2.044462469426283,6.57501651045193,-4.230523817531728,-8.290948351852899,-35.41777484374638,58.49315800346395,2.369316828807484,-0.22257444831853368,1.3684957114046097,-0.4369667282492129,-1.1155200715844487,-1.4592595744875974,-0.5406554445113199,-0.8619535124304054,-1.5355870485185994,0.24793475668876663,0.9460600706318529,0.4664154341934097,0.06879625060979455,0.016218318597775117,0.08677645312232984,-0.32686859881417196,-0.38418760679012465,-0.13435542082600227,22.198569889366038,1.8963364935039522,0.8014763483339209,2.1541317469317853,-3.8688199794504605,-4.829005988246056,-0.5741326367628967,-2.75847471332793,0.8098929816391802,-1.8523935114844825,2.0738674787110147,-1.4035503680328203,2.848095353721688,-0.53957726749622,-0.4898133252019905,0.6811325047568368,-0.9323424620734588,0.14761922510848802,-0.9388600781088858,0.6087265193712554,0.7956127660691443,-61.13914128958825,-13.81290165324533,4.5346312557124895,-15.86251341282339,1.678811287701984,7.734165896292643,16.633838898714146,9.970777076845582,6.2902493784820415,22.559850930634532,-7.30719636989987,-10.43940843406926,0.8579069827536614,3.2523596145925726,-2.3637831747415063,-0.29678459132693624,-0.8302606685781746,-0.9848975552798056,-2.8763944564020227,-35.41777484374638
58.369153855860766,-5.373718907864056,-5.183217163346961,-2.7644000570422964,-0.3243810946369621,0.8090670000393958,0.5242771968042188,-0.9523457089586271,-0.9006773617495449,0.3473476706599956,0.28633088923954464,-0.7644242157939747,-0.3756147093389468,0.25820190569366774,-0.4620912957346355,0.3078274377139709,0.021081337652368193,0.6270578378423415,0.2704846480153389,23.740987434315127,-3.2778910678989703,0.8571058935946905,-2.335817975326851,1.4824084707512504,3.4644180571473258,-5.0050783308259685,-1.1969522847908975,0.7713343468510798,1.1860249095549555,-0.5642008953661968,-0.7489670557328814,0.1765930210763753,-0.10577464467528674,-0.8872977554418138,1.668921801905983,-1.7679364558130628,-0.4840002282674023,-0.7746206653761736,-0.04372651583729992,-1.1825901752949903,-76.24359459983108,-2.5509631768688976,24.10328111586665,24.10826770785353,-16.764137257990626,-19.184735508383923,-14.681291036001916,4.912191230740262,0.6263344016463779,-3.7754199863148625,-0.6321929956529746,-2.175213038792958,-7.222426905226304,-4.987771662557519,5.308366133286553,2.077548872216597,8.971226961381317,-1.2283840256488798,-8.15721679765116,-37.00179335212152,59.716085268259505,3.154280041098639,-1.0920887262586576,-0.16044367501394374,-2.0933141210333854,-0.0663487185420597,-2.59132617292828,0.056394380838905356,-2.2482392411102436,-0.9423283225348444,-0.31120453691472383,0.23801409669626405,0.2930916924960403,0.4137715055393141,0.09248885798341733,-0.5203184043596565,-0.14070277894205274,-0.022674761609382088,0.13509255385565977,23.740987434315127,-4.056329730019684,1.7047844311229756,2.4204401641809112,-3.7249967841678964,-3.4654100205758795,0.25351274161473913,1.2595856432728474,2.19749215064546,-0.31151077845200614,5.145762070445134,-1.6784908469105129,-0.31649804566408024,-0.7341660429802217,-0.3043353755326379,0.6949485701317579,-1.2016043697617407,0.17305217937438488,-0.828815181124877,-0.005644113461302336,-1.1825901752949903,-69.71690501694542,-13.368015549134133,-13.03343793685813,0.27514733731753394,17.929390593223268,2.3519564981957326,25.739306850368095,6.835687127173589,16.28716734860254,7.1364721153754855,1.2805582028123088,-10.297740974541206,4.509943305643226,2.7180362208590116,-4.094278059302524,4.675122074429781,-2.928233363054952,-0.24287846310307604,-5.426326952666818,-37.00179335212152
59.68536885523746,-4.5550892469829325,-4.229257127291614,-4.338395109244582,-0.3533018656059812,-0.43834008232876487,0.24654767177145587,-1.575256684777393,-1.3665325920511795,-0.0620608018292681,-0.07636565768827408,-0.9586090041889683,-0.539332273127521,0.34789565516471077,-0.2292012261618419,0.20933487404265128,0.21529564700310955,0.5369737312753404,0.7999717192889764,23.93240650011955,-14.16159373513726,-3.2888948633067567,6.923909667915743,5.560196814498671,0.5117451646768956,-4.911236729550549,-2.1134122520261904,-0.5718323112948025,0.9072494925628098,-0.6766292366172073,-1.371822350269961,0.4121422094308671,-0.8038756360338075,-0.3052202411175591,1.3172791689694177,-0.3010770899920274,0.42236694192855095,-1.3045951887720824,-1.7102622028288097,-11.794061650894474,-63.0959640661476,-15.658016087819021,18.51992452994541,38.148522931954055,-21.989720827649528,-4.613740730097009,-13.98070944168893,7.701811677659883,-3.2335641009086746,-1.0811031041809076,4.0301201061251,3.0763138957172673,-2.447800691148687,-4.237749630981444,-7.641530371173539,1.6166162767418182,2.8131788709643257,1.3570368804345792,-4.605254739329457,-28.812181923095775,61.46875784057836,1.649271765897398,1.7294182908003153,-0.33250195949388495,-1.5773446215533764,-0.13284577083077842,-1.750743017112471,-0.481290045199692,-1.6348467812264325,-0.7343955914768272,-0.784319793039161,0.6319273374195236,0.48436822457331585,0.13757837197339917,0.08573786921846827,-0.11224170645885745,-0.42965496486727006,-0.07993650614433401,0.1558667016955111,23.93240650011955,-11.310670706450047,-6.575006103554891,-1.9370611593658666,-1.528796875417378,0.5000385722390739,3.3744500848846837,2.4305939748679886,2.6090554973536015,1.9333786544101677,4.644531182927184,-0.18601181966392355,-0.7045544533772574,0.4560825356130993,0.7377048655711425,-0.589214499220089,0.025650424948925776,0.3479840088724595,0.21213260906576648,-0.901488215548744,-11.794061650894474,-54.64138488847908,-6.017948412304359,-41.82448320865685,4.818025742298024,16.426534734171003,2.0980060000372456,21.620293948751808,6.5978075031929,18.85596164408512,-9.299981116983702,9.774008245887462,-7.674105033476977,3.004292249484589,0.868678505461292,-4.412977028668585,5.288118139538268,0.3585940404066954,1.7143599209987874,-4.069602503453428,-28.812181923095775
54.10737200187818,-4.188672074614987,-1.1723520882805554,-0.9691940976111377,-0.16567397879879486,-0.6008761661612403,-1.4521349692823264,-1.1837650065266652,-0.651372055114702,0.02082588867012536,-0.4621025897028397,-0.5764123631583238,-0.5952537739226371,-0.3735742978420995,-0.5590465487631846,-0.0526131410411379,-0.28103859622161154,0.02490226007359908,0.21009907345842094,20.676695327475436,-30.244241635256607,-5.482459211816128,5.391158901993483,12.09119629184136,-0.5493847520481139,-2.584929926946898,-4.42196799807496,2.4894243498577437,0.9407555918133745,-0.19442355665590183,-0.1909524261749045,-0.3251444206616041,-0.23733545191404204,-0.7516315609118047,-0.1771771406902971,-0.3783451126933466,0.32441428176409115,-0.8896643392595336,-1.438169795704008,-14.99432792719119,10.66845959227733,-7.899212183284898,-5.515859400861311,22.00286033882436,-18.79714971790992,-4.227336008060529,0.7747227797393004,4.124008146448847,-5.969548407512082,-2.5202690118830335,8.95059330927893,1.747818264008713,-3.106102497971148,-0.731442228531298,-12.65264415495229,0.017831272536655618,-1.9627748570692936,2.3334043239404707,2.2608336832252847,19.622788134999283,55.56710210227785,0.6906004357266897,-0.48227038612555706,0.5211959810172369,-0.9606960664267836,0.1758038927958281,-0.7073044610587762,0.3006042700812923,-0.24985343345953437,0.25551817779216224,0.2870551260391876,0.6519113424023795,0.1972775242901319,-0.05567853940691703,0.07365673881926438,-0.04741509728539284,0.06196836373020931,-0.24503696523371832,-0.17674724620097826,20.676695327475436,-26.929781357761783,-4.40092655210166,-9.500081113804775,-1.8298783561231557,1.6064311270823897,-0.7690781482464222,5.9526198424830525,2.814679468598874,4.854591652041626,1.7332089910063395,1.6413694463795636,-0.3282881151608503,0.8579607741003352,-0.42544101813267465,-0.6256197712107718,0.8204010427338997,-0.1693128438727145,-0.2606055267724017,-0.8743458075326513,-14.99432792719119,12.97115784350735,13.503174299011127,-24.66788958318167,-6.588553992058033,11.897884426702868,4.155545052334144,10.953053097896033,4.420589570318382,13.44346955658485,-21.26093324905893,2.742805005476782,-2.084951148679706,0.16457038641083677,-0.7712658446652065,-2.9974380747919556,4.460344390856469,-0.7385395852152581,1.35970544611819,-2.0371755317489173,19.622788134999283
52.24540572824729,-6.310591828459106,-2.134247515676718,-1.5200144550965176,-1.3260276565375353,-0.9779123193173236,-1.4749618973598575,-1.7455039891425823,-0.9205107295013177,0.07133374201699638,-0.019511966893081212,-1.0603264822378002,-0.8369631262773876,0.277032894299877,0.015281716671806223,0.46681147383447774,0.47548086016071256,0.3746990988391792,0.0852388247991751,17.833685117338646,-16.036085953787804,-5.7120155788628155,1.8494406179995089,13.899896034932883,-2.4714949223201335,-3.3504464763702426,-3.878836611814015,2.6070547518760443,-0.39051470969630486,-0.0380573836027116,1.4721206267006757,0.9491800254888105,-0.4952811237276571,-1.09270730241661,-1.8987442055477475,-0.2565046627991343,-0.015436764539783043,0.263251317993616,-0.5303369204838375,-6.704609319530643,85.16859605108672,20.861227527210904,-16.822075874281268,2.3423523282300955,-7.894684862764459,-12.834463309983647,8.747943813293103,0.5464930358150748,-4.7771711319586085,-4.369381745383889,9.176559536397512,4.716804713995607,-2.520345221080797,1.5293906627868281,-11.326462768782367,-5.194544500173972,-8.910465754121468,-1.154140958856385,4.387610788565323,68.78169440759427,54.91231423322975,0.31365357971601293,-1.4960141980680173,0.2632774456803304,-0.7532564694329769,0.4506286651889493,-1.185973442988355,0.6417673595442874,-0.8944570890506762,0.1877552927814894,-0.14420098462015085,0.3868342210901665,0.7423637861029135,0.6723737058684813,-0.2689728714301929,-0.1368499879403391,-0.25421216571407323,-0.1669402004450733,-0.42917962857205527,17.833685117338646,-13.987630136864539,0.8453576337940589,-12.797849218403798,-2.4073663223238184,0.8483408050103112,0.9861658081863067,5.70515516144287,3.8002030742589237,4.9925360953112605,-0.8698465400614386,1.8235236082658721,-0.9830621282684151,0.16650544870579598,0.0050787488286738736,-0.8650718389061911,0.700713901447855,0.4980987569353854,-0.36578494478572976,-0.9917238853197838,-6.704609319530643,71.09851955545238,32.10003883845766,11.134364413806638,-12.999281010992158,4.880171302533939,9.002756915172624,3.705809601588186,4.170377464675257,9.539374731084525,-18.34153864851244,-3.5627429108286752,0.14745217387548637,-4.815441910366628,-2.402588263801677,0.9728185613502638,0.6791390215635233,-1.0440350589867629,-0.9004133032611257,-1.1116724793491535,68.78169440759427
46.96701460172755,-7.237197223034033,-3.5351425181576674,1.8720077618043511,-0.11271057519524197,-0.21361184493977392,-0.8259520176676043,0.3774901181528394,-0.6533104971177885,0.18343862040891246,0.16242783075449596,-0.8761376871003608,-0.34546700872103453,-0.08218249432981772,-0.6729213374966081,-0.010083418528615606,0.05319587195561226,0.2633629844306553,-0.0912338025917645,19.293184162109984,2.993584837564967,-1.880939840269729,-2.5565131507993892,8.313989029946324,-4.44253675830912,-7.899141461446386,0.07312128497266501,1.2438948884900798,-1.1498671930715285,-2.1436213278149614,2.304358110421265,0.7819832450517601,-1.813123149813936,-0.8592753390579373,-3.0493885883115786,-1.7813070331411816,-1.246485803567882,-0.3918417567887875,0.4967276846028563,6.084077726522736,118.84601912150887,40.71542385461507,-7.367308239723816,-30.01517909813233,-1.0709943181197628,-16.09904913947148,5.739452106439422,-14.099243870797228,-3.788592249503955,-6.377387039395132,4.129206234900025,6.279971603460774,-2.0409404900590706,5.877145943118831,-2.910616687330382,-3.805611248263611,-8.076623634200038,-6.41230474917992,-1.7966980562268084,64.41060814934382,49.52941639305292,1.621625858138502,-4.229413038726879,-1.3732725556626293,-1.7021426335523904,-0.7426250106751346,0.10259896125118795,0.9022054127663526,-0.1911382611773087,-0.536799269160833,0.1894207820655529,0.1964165972805174,0.593074298781409,-0.06634667047456433,-0.042965657297638016,-0.09781374225196582,-0.3130806004550084,-0.10947567784521328,-0.009557184776882721,19.293184162109984,3.7677289069412367,4.746189711954064,-4.483110597890956,-6.579989056743693,2.3093810763899363,3.5254274061309996,5.098831598933423,3.8122131473519905,4.8806452793898725,-2.7275156925900195,-1.3118560581370198,-1.2197197825583546,-0.5070923063211517,-0.3236552394940069,-0.6658417974211688,0.6910360874170292,-0.2712749872647071,0.13999631885996622,-0.9791140444502411,6.084077726522736,97.4137604996049,24.78847594844498,47.55818335018945,-1.5927961113055669,3.332620414762285,14.447920658336697,-11.757044252154257,2.1287310710777834,0.835041650295036,-4.562177225066581,-6.448737952646814,0.3088745162144608,-3.361406114218757,1.8983555432972834,1.9488435297158722,-3.403777340005303,0.17519739484726338,0.4286047850505532,-2.4961575679986874,64.41060814934382
55.23750457841888,-5.886834462204817,-2.1231416033533037,1.1909519785141152,-1.6155310285678244,-2.3071954811246194,-2.005962109942913,-1.0523568711791231,-1.5608207258977886,-0.16239585950001745,0.34742944543339593,-0.33415632947354457,-0.9118662175921508,-0.34415389779973515,-1.121635934569004,0.059817681386822974,0.040460030644606126,0.5493690280936203,0.6854696970721503,21.271857423036955,11.803791053995312,5.340959214525497,2.486707757171547,8.619976609561236,-1.4890212635748306,-8.671362617292628,0.013015013096548955,0.3241789372965669,-0.4360246809740431,-1.8867212237296218,1.9688021496307107,2.2169807335719884,-1.276154397624259,0.5132969793489213,-2.9098464916111255,-2.196868379855096,-3.2474158924661967,-2.130576959435648,-0.48390554869958047,12.057582726045702,10.827419632795547,52.27583261929695,3.1139932435141358,-42.34642065369968,17.31828017966469,11.256670944173408,-0.21379903217327234,-8.487061817232052,-1.6508149497084132,-0.7187073395785517,0.18967070864469493,-2.860798593263447,2.728864907665699,5.437416578090021,10.952625868875174,-0.3854724502063074,-3.5672700074789017,-7.208086170622751,-9.459434692864921,11.891605947910726,57.49378562675856,1.6064378715885215,-2.795934992100922,-0.5889508523158611,-0.7824509354854174,0.8194515849978563,0.6968828524539821,1.1180109205872397,0.8320636802880848,-0.7731601380310489,0.1762591830805924,0.36814364584624704,0.36972256168057527,0.14545181192155976,-0.2884868521761761,0.2633145667483565,0.0069188956930315015,-0.3306096222314514,-0.4235902716764286,21.271857423036955,8.889833938924632,4.901455183646074,1.121635789580543,-5.653382030603189,2.58864924885227,5.728575765282285,4.710392897436896,4.195477390314672,6.690039206278307,-2.2958757995308563,-0.49077052281996947,-0.18511253274076211,-1.2691118793594711,-0.51448215564903,-0.08269420543975858,0.4299024133891227,-0.12305244892492562,-0.4383749653809803,-1.404940336764526,12.057582726045702,-18.59838141171899,14.816231322792586,53.086477293507755,19.564756316160597,-4.0109735611819115,-9.490553637407862,-16.75494207822045,-3.261253874302232,-14.426674055232022,8.01812538246399,-2.3218284425090414,1.761267078352001,0.90895764105412,5.971210579835099,6.741192682983417,-5.2482137565016025,-0.5866970530272126,0.6349751242480512,-0.29528700836666877,11.891605947910726
54.10811499557487,-5.341020677876996,-2.456161619841957,1.8323172005567074,-2.2421906719382103,-3.8858053159807855,-1.1500742205044663,-0.9083911212633549,-0.9061506534522308,-0.9341199744788484,0.5066057593445543,-0.5485058170145716,-1.4643638031722235,-0.4926185713212621,-1.5152820172985688,-0.7397697613879013,-0.6867710832474994,-0.25835358294801525,0.1583474796233615,21.99964803788765,15.258829421606272,9.348765318797248,1.3888712125455567,-0.2764335445389823,-1.5761187404806467,-7.973996426221445,-3.498167757310531,-3.4187596782511314,-0.9307855472997337,-2.4587851562900127,1.6253099298100904,2.180941027027194,-0.8673690599952764,1.3839392697648452,-1.126934341323799,-1.3109688782971711,-2.097907971372721,-2.8989025751348616,-2.359734509709541,7.829880124692544,-73.61396899002938,41.75405806086751,3.0084399637856727,-37.28521739540576,26.851615763301016,38.953692322983514,-8.217851051181263,-4.267152183913664,-5.325141352673977,7.3336081009775675,-1.9958687161765811,-11.81858751864115,5.939317705082465,0.2086705002365019,16.62986464898228,5.201821094351339,4.657501588882174,-1.1524991966043343,-7.6877236448041355,-36.24535723171407,56.160230858984065,2.4173031457674674,-2.073865288054583,-2.3426843983565138,0.2085917047944048,1.7541061359568744,0.9006831906867669,1.9685890632358114,1.3272088215660216,-0.6277819530965785,-0.5291029868796939,0.05139673874516193,0.1300519833407252,0.04595478781954032,-0.2495071695183284,0.09802066907877394,-0.20423466060569662,-0.09320409491054615,-0.6690989468739121,21.99964803788765,10.33836685414608,5.965262647194823,7.31926805729778,-1.0032685576362539,2.4025871125425526,4.083677202373938,0.5714788484089113,3.6814078461098916,4.423360921705621,0.16513500820775784,-0.42585246440092295,-0.5728256548174464,-0.10493361897640963,0.783517205754819,-0.04238682308605202,-0.7460818832393856,0.2288614564810727,-0.010008123949499792,-1.9158163658096241,7.829880124692544,-102.51449856252762,9.76000020683486,28.402435233362773,36.05223812903235,-13.39681519955721,-30.828839428607285,-17.697733945235836,-9.347668019649927,-27.873096890702836,12.305707688327029,3.986717780411949,6.019475243739067,5.136734503308529,10.603823222543031,7.057233857090315,-4.751401845230799,2.456821177119772,-0.347664104471588,3.6408048727548903,-36.24535723171407
54.576751058321285,-4.588200493774877,-1.4303840862487998,2.809819130307923,-1.0057982399534664,-3.4774968924431318,-1.306393289393152,-0.9404739007862017,-1.0121029918211182,-0.3132475724039341,0.7928001436272449,-0.11565205049470073,-0.9155919278639226,0.7388994224700598,-1.0184611892327762,-0.26677954466342735,-0.77824360847083,-0.42973109718930935,-0.2815045906581781,22.509244542472665,-16.754998429410684,14.81104815125217,1.4337450580841038,-2.978103004674306,4.754436158597976,2.3153164781039908,-2.2000916067590532,0.6948511266306241,-1.3254630074364089,-0.2398291391544618,1.9064800713286105,-1.1806981621306303,0.3962742851958625,0.504393682217009,2.6163416053959496,-0.6844099653242932,-1.3733606843768145,-2.0872613581447226,-3.8318231697600993,-1.631707544660184,-101.71688953824464,15.003771005729279,-11.582486727886195,-30.82968968068786,18.668214502144508,42.5495842275488,1.3755098205670069,-2.0914014463927337,-3.9883646834932978,8.135155927987716,-4.327058502814733,-18.032749499254898,3.8446967943837507,-5.15000685282453,11.906412681054281,4.908068648903907,9.473856289080622,4.404933823207471,2.6006413217486837,-53.54959079677049,56.041823969726494,2.366542527724567,-2.0129701786138936,-2.078707648274322,-0.4142990141802394,2.066550974514087,0.7701808910123036,2.206314229466894,1.6913889727168123,-0.9146912650160661,-0.03032436155751217,0.3667878839874632,0.3393190041435199,0.358981898896914,-0.20704921803972698,-0.01981598691114761,-0.37016136010119194,-0.394263474602897,-0.8018789159058035,22.509244542472665,-26.572139816326455,7.643936827569972,7.844200100755714,4.586651586202761,-1.2037489936569528,-4.038235908639093,-0.40863950240509817,2.234978787728857,-1.9921587534626248,1.6928908007716685,0.219607590143303,-0.42587565296286867,0.419904925560485,2.4370978161218106,2.1937970154179594,-1.2048339914747388,-0.04531799145111082,0.02670483874302887,-0.6710162288234267,-1.631707544660184,-116.22539673312855,5.489912413901168,7.722405224736363,24.006465393079477,-11.973758848074066,-32.706058448455714,-15.69230178049766,-15.20716362408446,-32.861038130170115,9.208840646583766,-0.5608226317641807,8.613509221205359,6.910326605986788,8.154971777043766,2.696175741894754,-1.6531211285401575,2.9984451621283474,1.717936079418106,7.330377749353671,-53.54959079677049
54.92680607257948,-3.2121315478503782,-3.187085670437141,0.924357413637956,-1.2056363397427443,-3.61545935239124,-2.9248203065977503,-1.3878312061691869,-1.3930621378059906,-0.9705281012841356,0.7523974465626166,0.10508068692381434,-0.7772886835827868,0.06826048041770738,-1.2879758808266215,-0.502269244652076,-0.5864062941730304,-0.6965382404953107,-0.7876139135813707,22.5894306647384,-19.534004915746728,14.261044721800687,-0.5258118193628314,-4.529579860638783,5.861542412254984,6.084365152347062,-2.929250930690165,-1.0750172981337809,-3.367718706177334,0.6997366803862426,1.3375847914840246,-3.4284710664175058,0.32032136131723576,-0.7504884403737302,2.502449687676024,0.0633743067690864,0.14523738682851373,-0.9897491557364173,-1.673175327268952,-5.193955753981356,-94.90142232038198,-19.025968580811995,2.6077765015950405,-3.1472141963474396,10.356003011972645,29.171568605541946,17.75384981497863,2.926445071686482,5.252420416645315,10.755856885544747,-9.561109974512291,-10.91952856180122,3.7870710287980107,-1.2252630551495902,3.137477913923656,3.0638546575249404,6.574206568499298,8.263832628347593,14.42642650140909,-48.61132273081366,55.42458064864199,4.2242048536678904,-0.961261416821503,-1.1300284365015258,-0.6849250379337031,0.6756638957537189,0.35168936617648283,2.1987576813814713,1.5908795534611377,-0.38346620156444544,0.07978632218414372,-0.08931834919881387,0.5558092680617319,0.21864688891516804,-0.10487788590888858,-0.32928940704190657,-0.010109744317360336,-0.08265281363424037,-0.7783210455670073,22.5894306647384,-29.758533496697034,8.254948993409545,6.356824863202846,6.326113199369506,-2.4928274021340577,-7.005586471211954,-1.190519173763497,0.11862843881993479,-4.714804186091079,1.4309548514222319,0.32631377558731844,1.9103993994222324,1.2167665428731347,3.502466385892089,1.72452952069513,-0.8672966327664393,0.9182683725582714,-0.2663756354378324,0.4743263379566546,-5.193955753981356,-83.89266250336438,-21.821454574871304,-11.424069047215824,2.0256671743150916,-5.047649824932536,-8.82759221315023,-6.178242981798943,-18.413045256946486,-17.61408679339791,1.2168717769575124,-0.49715309727901813,10.231909682348524,2.585170020795326,-0.7228523012058203,-3.2645630761527453,3.0171633913576397,-0.13447098415463987,1.826131577051108,8.940592812387138,-48.61132273081366
46.45065982521123,0.4542450484079592,-1.0408070490136598,0.15588036963633778,0.24340988463343072,-1.2847102238673966,-2.2186348702757974,-0.4652112654108951,-1.9800964874391132,-0.26410636567460477,1.17777363748867,-1.2512986625080527,-1.057266634788938,-0.3723965825607154,0.07288179989299737,-0.4011375596432363,-0.6964027060810356,-0.27516932220509327,-0.7574611912055331,20.161112337281487,-21.65823654645051,10.386705015888417,-2.347194090817357,-4.668295072732793,4.126255411129607,5.574248707197517,0.41631151006986933,-1.8933929759584753,-1.211740443281892,0.6015958219261082,-0.05086453261362345,-3.99468796933311,0.05234878891136008,-0.9944925919940566,1.2286678344161035,-0.4300056479362715,0.36793957297349755,-0.8826867575311346,0.473135520954467,-8.205294733002592,-32.60402775747644,-58.62138368437097,16.402848055492356,12.423708047427986,-6.330190449379485,0.6676865988944902,19.952527291874247,0.5347688816251701,15.744807846964445,4.0473144285742615,-18.12234184371416,6.995136892402531,5.695321810244543,4.727613980338757,-8.162262347341725,1.7391680208041458,5.33512527445646,8.260268403298559,15.711096459682835,-35.52911955947396,44.57554082376637,4.524955431423296,0.569863122660395,1.0980469598580256,-0.9375670609498399,-0.6604452492201123,0.767060013506575,2.1204160053788383,-0.29585106239078574,-0.04887261341128113,-0.018381676379674916,0.2255633633368006,0.3667963821003144,1.2776546694346513,0.7360970137280838,-0.12544739092867263,-0.11280255817669205,-0.32253284349808986,-0.7044873367415944,20.161112337281487,-29.174414252218085,6.501568217489297,5.464059998996191,2.685159787433669,-0.9505229178464578,-5.079821622152625,-2.25475898172573,-1.6267147180825794,-5.1713973049084005,1.6756346021537893,-1.1472649586961805,2.880029550742078,1.525201342709151,2.2035291428042183,0.3819354936170274,-0.3360507761174292,1.0314666741006486,0.548776830072239,1.06517718602917,-8.205294733002592,11.428302873156198,-53.909648797903955,-21.49499312571605,-16.036666002424816,5.675637874804629,21.499639612921683,-1.9029488774816492,-16.503940236334785,8.16171663895778,-1.2337950014445194,3.4119795150537433,2.905464190454989,-1.4342029455201042,-12.469128706118047,-11.209893050402028,4.1573497435316105,-1.6272512900627112,3.39340710479488,6.641863884889457,-35.52911955947396
48.404158154256535,-0.7317210880680705,-2.913856048140943,0.8944966505731085,0.06397647189583333,-1.940016074095122,-2.158578895408226,-1.6835310880178986,-2.1060132587319003,-0.6088222376503918,0.9829114081558541,-1.6949180442166485,-1.233365769051098,-0.3122147889927396,-0.8097286680234437,-0.6409036005134536,-0.6550728410281397,-0.8305090483083319,-0.440261883737437,20.57673626349256,-29.740262680064802,2.0479525960731273,4.583229037793807,-1.0049446086834588,3.91597313923986,4.982321762002763,4.070555591764322,-0.6614150911133407,1.638563378945665,2.4984308059420757,-2.176572755474938,-1.8718283502721764,1.1981292025459802,1.5207508792955828,1.135641501127952,0.09375629177128819,0.31854518420177125,0.6307264387321412,2.7009993956377203,-13.188987646543083,-34.139978836591474,-62.82336880856168,34.00834811215384,17.909197063423214,-7.037782164549369,-4.646490551140471,18.13129409440417,12.680522300724977,19.670046586328738,0.21778785040325577,-19.216072052744572,16.16889866852275,7.868161222036527,5.3603705496323375,-5.739321512228633,1.391379718473437,3.2544099141868,8.930541951882397,5.672101521246888,-30.54481272992349,47.01410568361561,5.465571190622876,-0.1868695070903046,-0.7680051027379344,-0.7761879728878238,-0.38518898778200317,0.3069840425578827,2.0708523946898065,-0.03657325392571886,-0.345213853187855,-0.37191744167495333,1.0772086987816094,0.7246965657988953,1.3378515954967163,0.14118447494533126,-0.2828119452956832,0.12622012471118915,-0.2622572281818659,-0.4806315674776894,20.57673626349256,-30.306827179590293,-4.37428033520049,2.7973035845696295,0.9603109289058378,-0.24785083782896322,0.19067395255558894,-1.594582902830244,-3.5942680294576324,-2.7940631992704446,0.7821989959954536,0.009007261379309739,2.890176584504342,0.6350031828469203,0.538875391810705,-0.7687376002619588,0.3281082047607795,-0.37676636837212696,0.6420216689114491,1.6863833329576465,-13.188987646543083,16.288514776132416,-68.70934537403319,-21.398702516881848,-10.215102256319419,7.388156440457134,26.616458755922583,4.65248426576078,-9.715020672085013,17.278313217225765,1.2143278786539176,9.057022345451308,-9.294209911302483,-6.186777335319074,-15.97437747018095,-7.780509861445517,3.49474254078283,-3.790764855499721,3.1716351927892292,3.4866132229137503,-30.54481272992349
47.0089567442575,-0.6350532157218223,-2.7405959428055775,0.49060197547395035,0.4225230597920482,-1.5280941779924322,-1.4813582399529794,-1.7393204478410835,-1.2614976529991093,-0.1933025932577519,0.6521108965238145,-1.2129966695910244,-0.661378990674087,0.431890761178255,-0.6432508784263133,-0.4124651907008743,-0.5599405485565265,-0.804089072048366,-0.21861284510291146,19.41294437659429,-27.953883425989865,-8.393097628069533,7.080648657251961,1.471433393062025,2.5621255704157955,3.2001814727233855,4.276268777950828,0.7554344639329891,4.043799873484314,0.8844810123547524,-5.397612077048989,1.5385489259979708,2.805031269703762,1.732581012551731,-0.7813854750008769,0.16998305257667878,1.207548054164787,1.232635046270278,1.8366376986279813,-15.398751378116302,-7.268110327389309,-44.47334339468429,29.321402834215135,16.494732107264984,-4.7090627270839756,-3.985021646097061,4.56083638583731,15.178176304511318,8.268622795606849,-4.235313013716662,-11.739391606348914,12.875573881130414,4.472986129327422,-0.7989107735183314,-2.9077657441847347,1.304234997172404,2.493809274499333,6.907802074520963,-4.114642471109733,-10.266309619449729,45.65985432613064,4.996643467991722,0.33186386601860285,-0.9171394214392832,-0.8439290056264079,0.057066605205635224,-0.33484593804126117,1.4569095137714365,-0.08058327604395954,-0.09600013812746666,-0.3781049589760539,1.2235391353682907,1.0174760266295138,0.901144117008249,-0.1391126516583232,-0.21108010584297388,0.07740704243485763,-0.030072852292964747,-0.41813506193587746,19.41294437659429,-20.583841538301726,-12.996272907076989,-1.1235358227857024,-0.7487802797778127,0.5115816615928146,3.113453685937977,-1.1580820766125492,-4.160543096299751,1.1283290726059472,1.400371227762798,2.084250604774179,0.5369678497235708,-0.006314867186459905,-2.315671039896521,-2.1645159493045103,0.27613846152745714,-0.21142626601726722,1.2692097389658281,2.043887216120806,-15.398751378116302,28.205661754131192,-49.41470900280863,-19.395594803570244,0.5227838054001688,3.85393734736782,14.107605998685205,9.553180651206107,0.3346310675844757,15.302770925461171,1.1425339794517921,10.742961118654746,-13.197567392833133,-7.250105792285643,-9.424862025060268,-1.726385542881374,1.6016837287936239,-1.8159078636336252,-0.03503806810534127,0.4384509850302307,-10.266309619449729
39.777526273023945,-1.6435061177489239,-0.04557670464427854,0.2545243063774203,0.6627936422978769,-1.0026064943273407,-1.2581808258769982,-1.081484160510763,-0.93307986555316,0.24328541547847582,-0.07305756069242464,-0.849984484670788,-0.37616790436722214,0.4264922481960136,-0.3620887911029902,-0.4497272832376129,-0.4953647808343993,-0.1167151462076037,0.29346161118617875,16.36902082181046,-33.45617089427279,-7.760738360501181,11.764440862679429,1.3551544381754157,3.1247162503372055,4.9481534940138925,4.20641748257144,3.9408301322829757,3.8395344286039306,0.6671880103735484,-5.597077462670578,1.8893598201783288,2.8780607319392986,0.5661600321695446,0.6378155862701973,0.4590698157493298,1.3526381033262689,2.4178609183040747,0.48112434451773445,-16.869633796386246,17.131395976995954,-16.539671173576448,9.921597508702623,7.735520196715679,-3.892014372778675,-2.368358942298645,-4.530983688724576,10.751113412090767,-1.854670342298446,-7.682660485682781,-2.8801663585719153,3.8926224325669154,-0.8546614081604871,-7.524040436713506,-1.4188037679971865,-0.23913037013652594,1.4487548294144168,2.538853196095581,-8.661381057024643,7.282347267784843,39.72901030766471,1.801220667783432,0.5563900037842078,0.35772021860004743,-0.8556694845099007,0.4122449448186396,0.10535089053527891,0.7333769124563561,0.08621406065250237,0.031197058791374133,0.2641515941719881,0.8567820570376121,0.5479710372205924,0.6763398610337217,-0.05164185334666449,-0.12241894720436619,-0.29359772880919865,0.0921280252189216,-0.07830551649104245,16.36902082181046,-25.909562465589005,-16.350803131323907,-1.048728484347131,2.935532104815537,0.4701985283748731,2.2060052527040357,0.5873845065603027,-3.4719677081139855,0.774489233764629,2.1757504779446863,3.2390671665777924,-1.5651747057197556,-1.1108640198385966,-2.2251222578480165,-0.8924996885668595,0.5739800188025326,-0.3556675851326312,0.9592255065099877,1.728277934367712,-16.869633796386246,29.386848701022913,-14.907741080081955,-11.40323545134521,4.704981728502848,1.836383232271714,-0.5958544097018916,8.639790799819188,6.78743112032852,6.546933149848887,1.6856083329615017,5.725291816563056,-10.790556520419575,-4.944445354780116,-2.142788878414553,2.4438624488148,0.09321067272650252,1.3038490547537855,-1.4352854451278292,-1.6262877485183407,7.282347267784843
36.787034052832595,-3.286411250786381,1.0653776078639887,1.2115832382651943,1.2250640846403067,-0.15332427738959442,-0.5306995160659973,-0.38851749719796835,-0.5446632472863264,-0.24791968606166237,-0.9930479166116852,-0.9044909792819975,-0.08334993227899479,0.12454040512077347,-0.5416308760676678,-0.41173419199281724,-0.17248270909551233,-0.0157487501203184,-0.20600408935335035,14.565594369064387,-23.434337603041172,-6.945621203166575,8.7229014138474,2.399021457470262,2.1673524920389466,3.598822018143422,2.628798757584965,3.394572564599025,1.8220854296923994,-0.6004392871479591,-4.21030798219026,0.5625048860068445,1.4488760888784118,-0.9166525551902032,0.023697919752613483,0.03945508866090974,1.0977977506609153,1.6776470399433805,-0.4742481890404069,-11.498126467805875,19.060924937129002,3.710070007140521,0.24296606435884627,2.8990431481113204,-1.7469099150519565,-0.5520503850303982,-4.872558765718201,4.732018633648121,-6.460877886495361,-4.237467896526931,3.761377670197776,-3.278943014153737,-4.141495004711587,-6.781279722843616,0.9960491229893969,-0.6806706549199582,-0.474340959673097,0.14981010898551084,-5.577144308894917,13.172757149201225,37.926167742590955,-0.1410057606954771,-0.3635345441697124,0.1607941593001283,-0.6420354743423942,0.4975646274485548,0.2888355512116023,0.7088821983456881,0.20691981662307724,0.4631075444805033,0.7057091080839439,0.6042606090705847,0.4520017127962359,0.45057501671788835,-0.24974779677817338,-0.06757465921060257,-0.008606764425131752,0.13487939928443038,0.11629324582548517,14.565594369064387,-17.270215732153133,-12.217524885853308,-2.310721368330551,1.9589411021789038,0.617421072735534,0.9663157271157543,1.4308476391820504,-1.520549344962165,0.6957119413046484,1.550125850905069,2.6091856480319513,-1.4910785005624396,-1.2269179520909121,-1.1269030448965547,-0.41937623367120924,0.3418551812585062,0.11296335066408814,0.372655877220299,1.2634553778392528,-11.498126467805875,15.266598345733058,5.690774287917961,-3.636363975073117,4.4388517612767995,0.35890136664609984,-5.533965443232726,6.021322564210947,7.231405865826992,-0.9440115550625783,-0.32611538075507474,0.4199885679697033,-3.9819964954147054,-2.55726010206122,3.475755202951394,3.9634028861622523,-0.10069139808192817,1.11741016915943,-2.379677352780747,-2.0256862330915655,13.172757149201225
