39.94104952320223,-5.793881279798839,-3.1613646994420606,-0.7187694308173134,-1.7245751033461767,1.4198714181461605,0.8746371421794281,0.20983727614141934,-0.7300079497312417,0.40195430469274873,0.09305166300796697,-0.30736583325101585,-0.0679842997029243,0.3230866497861191,0.1290828107118014,-0.2857448674521763,0.3153005015839676,0.07727640407292102,-0.08571946757270343,16.46343682993979,65.40576649659228,0.10283676304628564,-3.593208018208488,-3.7019434838321317,-4.593455946777872,-3.675932416534823,-5.793151189928138,-2.6105454043970107,-1.3070349593755446,-2.0716741399194043,-1.8537072810523012,-4.181892496992446,-0.8174028886408706,-2.9621218291854765,-1.5119088755550172,-1.5281626276613334,-0.32961971668624046,-1.1166989479483589,1.0141015328807228,20.753839782664155,-76.83951652840378,0.6477804288889306,18.45801292029386,21.835299233150295,9.948223067893903,-17.955736796324203,-4.485197021505176,6.488591474444871,3.655608336317284,-0.6948691495495871,4.06390380252657,10.59632445529277,1.204152545661358,0.9320468736840786,1.4647106908909207,7.021299629408235,2.896680809096224,4.0790765605578985,4.974538337942832,-15.799736445556896,41.87812023958998,1.7435595317347952,-3.025678427947643,0.08665117584250881,-0.28205656039539195,-0.37590349590106764,-0.3555719484890647,-1.0911881727836859,-1.2545889714106704,-0.6986156044844605,-0.9102764122128617,-0.21990023007016157,0.402535298391657,0.031342703753162615,0.03317670543147133,-0.05923895032436621,-0.4440846585655873,-0.025880888834671767,0.1517846710062336,16.46343682993979,65.34389818475306,3.3722124296874383,0.7038421294690052,1.0180694718459078,2.7870946950658624,-3.34364408074861,1.9047589902735618,1.1477346793583765,-0.7284102506992065,1.6258643470456509,0.5488435101495273,1.0097608490625074,-0.13246242670791952,0.34288171352202546,-1.3649731385030173,-0.7752468587577162,0.14588497364815978,0.6500929587024293,-0.8173110608620777,20.753839782664155,-74.43243502733785,-10.845791860301011,1.4243490101997605,-7.541583234048808,-5.103106839294006,8.87346315339947,11.386202689595653,9.314676455097258,18.531770342769388,0.6583754028251425,2.4488897507331155,1.635067689990906,-5.173696050115565,-3.9826645754548746,0.905774658774269,0.3195137819090863,2.759046986015855,-2.153391168111816,-0.44209201883467264,-15.799736445556896
56.57398245923612,-4.774992661654897,-2.4170214172188174,-0.4496831456119992,-2.428710473257338,0.7075232513114527,0.14674638918231775,-0.5204800943307801,-1.3874824026403565,-0.0873393494069532,-0.4984003828376631,-1.2418868469742605,-0.6099651505403281,-0.9204904179646844,-0.6312426580524702,-0.800749830254023,-0.23267631335758088,-0.6988833212559891,0.0039062396950300116,21.729242358815743,71.201039063764,-2.345355985152956,-3.10052384175461,-0.5682338758992249,-5.210034984489123,-10.051961054404007,-9.803883792745271,-2.3234600595186463,-1.1175224774625883,-2.56090822985261,-0.5254075572457222,-1.9468726419395044,-0.7326105617283454,-3.2694430558349112,-1.0930096375426606,-0.7017622941754234,1.1791334176480608,-0.5554782552514896,2.995007914039411,23.26676642748636,-190.25497907705622,6.185474485293531,25.114474518542934,23.062410094700926,21.447913353550227,-11.976486981626426,7.525031999216217,12.949489337091727,6.6176611262632195,1.7269436327298902,3.0336479121652724,18.39936946153024,7.0258002495188405,10.07480285275641,5.072214673363011,15.343887740570802,5.975410875327066,9.422125187440201,1.4360882205399932,-51.957101579156486,57.95162249334747,2.1799342504150796,-2.882423121589824,0.4088249152375423,0.5017796813199911,-0.2912757706526552,0.5175358988890277,-0.9279407833808486,-1.227349826273664,-0.4538674392852129,-0.7095031570605754,0.3401230299811293,0.18303544091214263,0.2137633278126856,-0.26956812276003195,0.21209082432302506,-0.184067259538768,0.22055044217360398,-0.09744045147785374,21.729242358815743,73.16819864490316,2.6596509153992858,-0.07003774159490117,-0.8387051550645199,2.404032734400282,-3.0204121175790544,5.854745067552548,2.5872617380875558,4.249853187734445,2.3887518061286093,0.2852885388689108,1.4137137804392768,-1.430884932944152,-0.04305895284736194,-1.659398441608363,-1.5064614963066785,0.6594092399436702,0.064518959434541,-1.2328977058544086,23.26676642748636,-190.87828745182762,-16.298790422905682,7.4208385290123875,-6.852867454321032,-15.189235480904838,17.79131965404475,3.1708087391526374,10.454680203008351,16.729057389457566,-2.2208735167332234,3.5593885766558584,-0.025381087393600232,-5.374943053086785,-7.1674423789837896,2.328075144083518,0.9722358573171364,3.2847454515945502,-1.9457162786377058,2.9805214556218047,-51.957101579156486
64.32746630348143,-6.251907207347667,-5.330140349657926,-2.7042843153360363,-3.669235391779532,-0.06192070670389693,-1.6579930762860857,-0.7302767408209863,-1.0547882029644566,-0.38923593821710245,-0.5380759545953686,-1.9310515748856165,-0.20569531860465773,-0.5361857309312175,-0.24670889268357143,-0.7923236998819196,0.4244790507116216,-0.09299320723680338,0.3765184452337913,24.20745395683389,24.088371948804536,1.6508233515903719,5.389456353711504,5.648851328776562,0.6889451060247054,-9.465786495762332,-6.030383399272159,0.49020766038624286,0.42601296782661935,-2.1744916697275953,-0.48590524169230553,-0.001240196872530852,-0.25772277926645426,-2.3424377790187196,-0.9890031491157352,1.5692870202998288,0.3643441206947211,0.6422289859821557,2.5109175112727944,11.597508237474603,-217.98734339326342,0.8324170670842665,13.126069897967557,10.04292402925763,23.52821751550554,16.404961743642115,22.910139810087305,12.47448557296794,2.6683545944997187,6.780570371477715,-3.9222320463912235,17.80585751048758,7.166473482622921,17.252535617550013,6.499686351833021,17.98393214254852,4.786974060680526,12.042575621662769,-2.4540658410561527,-65.9733037085626,66.51331820508777,3.211478387238372,-2.7453850163920506,0.434599042067946,0.7195726662798476,-2.0900393988995787,0.16025362295866996,-0.5989445278059162,-1.632413669328777,-0.008057513561258833,-0.7362412847142412,0.004968564435446687,0.44605401377745446,0.11157324848441386,-0.49793744972428566,-0.5825272670269199,-0.5011508712549171,0.17594992501240503,-0.13225829818276158,24.20745395683389,24.21553044100908,-1.6944027433189914,1.8029565701008385,-1.8243348317232821,0.42707225575164953,0.9314715143663479,5.622867296431895,5.085309377542416,6.048343201468662,1.573608318916743,1.9050658711563933,1.6253182283695757,-2.070099198647586,-1.4554802410207182,-0.7648731575632102,-0.24988264902869184,1.268646333508332,-0.13381562571953465,-0.8305637477832486,11.597508237474603,-219.54254192841358,-11.279694168578786,-1.560907531097799,5.63668340578656,-25.53086259796558,22.49433033483082,-16.558613376126853,-1.0147628033402483,0.5498958718235158,-7.851856885414045,4.199737117733035,-3.0057313096566807,-0.6441137422497347,-6.378608156438669,3.365260091097783,3.561297332517193,2.134457272141559,-0.6853393190495103,4.911689489820589,-65.9733037085626
63.348360664944636,-6.737546308600903,-3.627238795211433,-0.010128926507564362,-3.3572624513740608,-2.865213046630815,-2.7609896449604503,-0.481835745136701,-1.1263790618459284,-0.4829046887786306,0.14591169318677366,-0.4689592834034677,-0.3654340711162303,-0.8819986877726682,-0.22952615636184248,-0.3833365983250163,0.850277935844171,-0.1153279178979616,1.1806655330437548,24.22481148023592,-9.063025768041953,2.421580711421008,4.472697055102983,3.1538641572139845,3.4893002035959535,-6.769248867734281,-1.9120190856480197,2.313822731757226,1.1352716401549832,-1.1567935586503637,-1.020784344649663,2.9274660837127175,2.4156571814313414,1.76543757210935,0.7627455979068474,4.595056418643487,2.311103802286812,2.7148996788064843,0.9837376539546836,-0.6465452343193121,-138.04326816805465,-5.9507146433278,-14.111492680672447,-20.50219532726715,14.309854217873001,56.697635596567885,35.08682319207479,6.88438240780579,-2.1320861885026385,15.556752498781934,-8.377320991821328,6.779081345921881,4.569210647166386,19.514349442560217,4.084570658322026,6.537781018557032,-2.088941475569601,7.474801779151607,-9.14082779327466,-49.89407892062813,66.14462057929266,2.3394255616826496,-3.20084400452289,-0.5066753348024697,0.4191451934671293,-1.0290416031913394,2.313887799563342,-0.043679126228792775,1.0592499714156052,0.15048125311824334,-0.8546497065277165,0.3745222628966727,-0.3346665257733177,-0.030302045036143976,-0.5309654377948316,-0.5508255401264286,-0.08584693224908735,-0.09453681604093966,-0.3226426973264731,24.22481148023592,-9.53106166928876,-2.2438751952621874,3.864704173659282,-0.9871621035300135,-3.62751182572945,3.4144579487162865,1.6311092067707138,4.406287431770533,4.247741717945642,0.5415556027434931,1.6504266179740235,0.6892916157121731,-1.851115567281479,-2.3416584986984974,-0.5009855569311619,-0.55181103496366,1.2268770195153487,0.06918911159455843,0.6795760104094102,-0.6465452343193121,-142.30563488072283,3.205019817727433,-13.18650386876232,23.425025904232015,-26.72610597430407,11.626080298399447,-39.91462815939788,-20.0244058145069,-28.994316716609237,-11.15348385823564,0.543577231520127,-6.287439998672491,9.305733401248578,-0.8046594242922223,3.397839671315209,4.591647943225841,-3.0753652668112865,1.7674496425185529,4.912150461972194,-49.89407892062813
48.59804639475024,-3.98719278053065,0.13847216640999882,1.88587912401875,-0.9158265612754626,-1.5266536807638715,-0.6866865403852671,0.4356189317375012,-0.6475531362151461,-0.48750886048521025,-0.47205699585040417,-0.6944497134726777,-0.31911122904820033,-0.8673781048192488,-0.56627701469138,0.29019202673323474,-0.044004562669547775,0.10661319538498515,0.5813596413893314,21.014406387967004,-3.455872784136453,-1.8644230516985631,-0.816783517653505,-0.5415304857599215,2.8209852169323595,2.8851923619513715,1.7159863615668889,1.3080559864490224,-1.099254720934471,0.61655371021833,-3.5671349105459424,2.2838668954252337,1.1916999810907467,3.1467056656173993,0.8100566826367395,4.815394087203472,1.4978821213346472,3.269399895854038,0.7927037423950103,-0.27615624071430744,45.558185087411914,-30.397986701722946,-47.94210736074162,-43.82915869381608,-11.63232444799153,57.40839851032694,17.64233772636685,-5.17004829586997,-9.440923657107195,17.342335001731726,-3.1503216446666844,-1.7673213128904939,-1.8346468196899033,11.76169290607249,2.279910529910161,-9.179619028928474,-3.9668600206891527,-0.2777063870008345,-4.118044446221873,1.3119883619095738,49.889386417121926,0.8166125044415145,-1.964989701430691,-0.36776611499912626,-0.027203188593136307,0.4587151775514484,1.557685749389726,1.009335687411494,0.6262827304790262,-0.21398579122781713,0.11482979809890548,0.5755592676568546,-0.37366331758940574,-0.5743647303327817,-0.2185612158327339,0.1972779073860147,0.14112834454373835,0.06475492741283273,-0.150896079961081,21.014406387967004,-3.077742622357782,0.18412840072878156,-2.043982593706986,3.9106396489719346,-6.962564323852062,4.686086053519129,-4.262729767398948,-0.26915956915323624,-0.4524065798930472,-1.3764659939688135,1.9661430294634883,-0.13089372340228111,-0.2444039806641234,-1.6971225917717416,-0.2615495352927264,0.5280765768293711,0.9293797199331,0.3050882230976655,0.6822968259163076,-0.27615624071430744,53.066619223531546,17.858953237384615,-28.314304126501224,29.02989289643226,-16.944078024464833,-7.980625807620559,-36.68432574290229,-32.05629011020471,-36.224277697927626,-7.725198281109073,-7.924365835317972,-7.097181310499869,13.025650443110965,6.583059397273038,1.5192623000415315,0.6438551752579589,-6.495256800353668,0.4236709844109092,1.046633811058759,1.3119883619095738
59.90717952958074,-4.696559519352902,-2.9149791477012883,-1.1678327866823999,-2.060764786711396,-1.9447346955257006,-1.2949164215921014,0.05348343526858912,-1.0234641159375202,-0.6165996675980812,-1.0418020345349768,-0.3964547358243711,0.654571395397114,0.12782455503400625,-0.09008579809514217,0.955520515760143,1.1571173944764097,0.5587633168363588,0.39335446859460177,23.00249352608953,15.951527346207172,-3.563090105172389,-7.053150246408329,-7.724140632264557,0.8788720689935494,12.121367315023083,3.8663429228726005,0.7098069813528589,-1.4209317273333624,3.821945329565395,-3.1734532187295685,0.3001144848725541,0.827283381676247,3.743159943127139,0.049745775742114695,0.9440746816512706,-0.43210632045670283,1.8683371793883723,-0.7162990981590263,4.256559206266747,75.62935748204826,-26.30831163062679,-29.956094346926054,-25.280141423518586,-18.167449937465495,37.4833586822115,4.28756077052225,-6.669820503062125,-7.657874369717675,10.243024253546604,3.51397794634744,-9.076911274743342,-8.247704219240244,-2.8042662078067973,-1.3901295793413233,-17.4600165643937,-8.214545545402718,-5.65251519452155,0.8147075054637973,22.055767781534797,61.498057552686014,2.2554295941824147,-1.3402686922408629,0.3164264420060716,-0.9385883041082419,0.1415759154799745,0.6343744390588566,0.47106282489571294,-0.2328271672047446,-0.08012549908018718,-0.30982538948013705,0.3994734862265119,-0.33266367704516675,-0.6140969321279655,-0.6597490181713888,-0.45371728036527226,0.1082316423195786,0.31074249677066934,0.25166644461601106,23.00249352608953,15.662017736225167,3.3228952522391157,-4.739820094072149,8.00632055670388,-7.2642019629498975,0.9153207620442791,-9.159770480230968,-4.747706695818066,-6.9969302798893205,-1.7129529665464331,0.5265385754754268,-0.8519002430110407,2.3091341586884058,-0.32456748961796134,-0.2121404170860004,0.4003828623772101,-0.7086400866743572,0.7287918562852174,0.4667472382819102,4.256559206266747,85.39251498773923,9.787697690224203,-26.286961856531,17.207083858020887,5.132472462620014,-17.594490489347947,-12.437679674710465,-23.963326185034553,-21.219716880759016,-4.953101939485967,-6.474210369195763,-5.047384539743939,9.60029711473796,7.22592787721651,2.2364453957425257,1.1000693038814633,-5.315418134234287,-2.651685300956435,-3.263269245751257,22.055767781534797
64.32012047909515,-8.20461212782095,-6.094661932239751,-2.3961976281285793,-2.9069916156446847,0.9204362987192316,-1.5330365071868157,-0.3439083377991201,-1.6558730363858962,-0.014111593698212133,-1.7277865460074646,-0.825370400962548,-0.11984806131595649,0.5322554804741451,0.08859926950144814,0.9459447866772368,1.0200003820628258,1.2046611233230555,1.166525848655873,24.680534813549933,34.36018793538593,-10.555834590974403,-12.81867367590365,-10.826725623392212,-3.8220030506698577,9.793104668022455,-0.09839554034904374,-1.2928086123465587,-3.0163471769828054,4.007306387030389,-0.9847316269856949,0.4287749461023038,-0.3808592892338587,2.549547488508631,0.5074520269217118,-1.1950316256683002,-0.24748082827809803,0.9266570421907945,1.3019136642187128,9.80195019813636,-11.730123365643593,15.264637497030307,15.702674153384004,5.3284115852869585,-10.42093896990772,-9.10945371709165,-7.764963137106445,-0.43400274278258877,3.6221750944957516,-0.3138349883211715,11.131433356172066,-6.507436602272027,-3.3538839787470924,-10.978735173450357,-1.5300348243674717,-11.728324670539969,-1.7775985441259168,-7.509401126362635,-1.3342910345647587,-0.28734628861723266,67.2977284072122,3.3455405713528803,-4.697663969386557,1.9783679781496426,-2.082842746858498,-0.3323051314756711,-1.1313545804885616,-0.9908952879447872,-1.2125783899651257,-0.5809871344464503,-0.025581928506286822,-0.07295390893061349,0.3228505990813173,-0.4450906038555462,-0.5643204271823703,-0.3670431084928125,-0.13350029857270007,0.12585438015543327,-0.07826445619584987,24.680534813549933,38.15230035001789,4.451688651622664,-8.051933359284059,8.1938702863759,-6.2266216878705425,-1.8092727961079276,-7.32385573151841,-6.36583861376564,-6.441459648577668,-1.1617365369928299,-1.4951730252532944,-1.152676497518752,2.362601159922954,0.8275039530755328,-0.14966457746502515,-0.40405201007014746,-1.0112235135736491,-0.2517815058594095,-0.20083245619011914,9.80195019813636,-16.784227444192595,-3.157795274765013,8.094645591299473,-5.153782798171598,25.745693522295642,-14.796784517923738,20.19939884418021,0.20244433031847286,5.85268187416989,2.1686286933439063,-3.60528247234643,0.12208306235811683,0.1190388526909365,1.5259308311369162,1.6496314470984552,-1.0396896964283187,-1.7567191646092202,-4.28241628742848,-2.356105545443188,-0.28734628861723266
63.463087295875766,-6.410381687541948,-4.037246869090723,-1.7311608665661784,-1.922243889692675,1.9719256211391745,-0.40464320012337573,0.2628313803080391,-1.3326849754272345,1.1913693426105678,-0.8129501410994804,-0.2534416972222555,-0.05142396414422867,0.28976449114420433,-0.5320914105871992,-0.23917563747138204,0.10222230324963277,0.26981670782718936,0.5299328803309709,24.52002687057783,9.843622613220987,-6.386869334254467,-4.504405039234973,-4.343608985729163,-2.272930631335686,8.51847432033593,1.1389522505710712,0.2793447796239539,-1.735119316679687,2.2693422297169086,-0.5549970132560667,-0.6834435789974882,-0.921915293026478,0.6618835567603356,0.21898313609369957,-1.1297390071174769,-0.9234874956081747,1.0600135083773308,1.136486445774731,5.342285437022753,-122.13648704827085,43.20955696249614,45.18209536495784,36.72816173505102,2.2657759651226494,-48.31040561992568,-17.499098706509177,-3.451974865604922,4.534493331816956,-15.009070109313162,10.475420145668942,-1.2545690571263228,3.9886141556491475,-11.196127110171888,3.435325259806273,2.82496196822515,7.4447122152317045,-1.358173211841914,-2.110025656290579,-29.546837122892093,65.27145845236011,2.7364091543465245,-4.204416917581032,2.323417896975086,-2.1851360088751384,-0.1758710676556401,-0.9214772756129985,-1.4174169864596853,-1.519784608306979,-0.5224945585456566,-0.521174555487407,0.27282872968488636,0.4716435952355238,-0.2572228530837424,-0.46415604066301364,-0.06847360099840993,-0.30285265402804673,0.23930938573036875,-0.12558489006813356,24.52002687057783,12.55017433839302,0.5161935244029725,-6.274801371817681,5.474764506778447,-1.4292469124102025,-2.1351078711441582,-3.0571676485247874,-4.5270361384405415,-3.3675901880915546,-2.0423600954874823,0.1439794607345335,-1.3235092671015614,1.6455304197939624,0.008992167486120417,0.5612946620262504,0.46428791042683093,-0.4605304308484204,-0.9782186744051216,-0.510493971413005,5.342285437022753,-136.06679279631368,-7.107010650992547,32.86828995006026,-25.682285483988508,33.944260434310806,-1.6702166736129902,41.33904272476897,23.157974374010212,27.487100021161794,8.763802908346571,2.9093309990170035,7.239203990282803,-8.35044029527425,-1.8671412785139918,3.416711975996642,1.7813921267948194,4.190805814888137,-3.7758478659708548,-0.8883941000415412,-29.546837122892093
64.00018647929569,-8.408198991923328,-5.709730810847109,-3.245819647735467,-2.896088535119752,1.4115684949149179,-1.1810209212941518,-0.31545934695550315,-2.0011162949616916,0.6121598279256597,-1.0788487560609998,-0.5515687597225836,-0.15654319389445837,0.3264256713799676,-0.09154819498449562,0.2900242905148471,0.3597025688047917,0.7144150209849671,1.1640272676305032,25.156614814791034,-6.266982100465157,7.179785311357628,5.760180955451819,0.4324094836158605,-0.8135829178568832,0.1319120007491228,-0.8027998708355693,1.3062857159221806,0.8689266209865671,1.2359377659819875,0.6893536648033392,-0.47807237377575884,0.389357329068563,-0.8020237279243774,-0.03957940972278884,-0.01186140368213806,0.8547734368474247,-0.08113883182175874,-0.8008345468542477,-0.9626925004009266,-172.68602635109997,69.38273760915865,58.53069426332448,46.17820347602124,16.102151579895402,-56.5351168823596,-11.186505242249783,-5.887314423201083,3.0511771548747757,-18.580876672177453,10.78494737003991,0.5673117038805269,8.024973909030408,-6.7520645131193735,4.536180181402321,6.246822804208475,5.743693336209057,0.2753367537573088,-7.980805122961366,-45.060379999691726,67.07883614229382,2.801967050170792,-4.558882268402636,2.7256733007043166,-2.5172401801449595,-0.2871977289347081,-1.3263162590335518,-1.2293437137936272,-1.9509683732586902,-0.5736695299914973,-0.5270821315241068,0.06254339716829138,0.40548362623172607,-0.3390497933171268,-0.39118999331943405,-0.1973699373324902,-0.15894126406927356,-0.025419269996721727,-0.06268664071406826,25.156614814791034,-9.913934645538006,0.008581627264346636,2.770830840815516,2.599526274848852,2.9928049120259113,-1.187091888848522,2.7856682388380674,-0.2782726826827622,0.6592643112930148,-0.1274480828263358,0.35478135066072003,0.16595231982203762,0.14691731512856654,-1.1009370047553244,0.1765486487003758,-0.023720795409598594,-0.07303469028447851,-0.982614655271405,-0.0071353419578286115,-0.9626925004009266,-201.1014095056038,-3.5682430046930182,51.751989137552144,-33.604922346911465,31.36298605939107,9.1811680950299,40.87954110709043,34.17294415393028,26.923693351544582,11.490747406472599,4.735628033114722,11.334196612450144,-9.608773781578506,0.7476665566981597,6.4674025500935794,5.340810582375792,3.681585701673849,1.7015265798529127,0.27015308230402457,-45.060379999691726
64.98895783609096,-7.788200754428946,-5.3596472280150955,-2.9148262697435374,-3.2026816426417053,2.068936366544422,-0.9014480892528978,0.17893132965875758,-1.718402144989466,0.2049357364484372,-1.6437694361362425,-0.8750773459430974,0.21196131517312589,0.5616812379612628,0.1094795021946795,0.7186112602825994,1.0255225533013395,1.3338931221940684,0.9628469819946521,25.435596243980356,-24.803131160002714,9.173878424909663,6.248470120392857,5.010372681756917,0.5075499851483869,-7.2032391613030935,-4.531004265138725,-2.3157276155839717,-1.0963219604095706,-2.2969054145669854,1.2272142082103858,0.12625361624842402,2.43648215034961,-0.17911800374230102,2.0409241239675016,1.7649705547707644,2.739122654596388,1.6931485104736919,-0.7199378207678355,-5.134538005910656,-132.09693447966572,44.309115418048286,39.147165602168975,30.470371782197113,17.714629075090507,-46.28109950059506,-4.08551585533062,-10.75570724768649,0.6729138917597202,-16.992420057358196,11.46331860500134,3.7080366971211185,0.716581019936402,-3.9040689996013667,0.5790506275840615,-2.0948053352994416,-4.828902023038209,-4.962758498049856,-5.940003696311435,-39.40950217450991,67.88259085434171,2.785313116974945,-4.547060228641664,2.680156034117958,-1.4360130436701124,-0.9485317213625861,-0.796728545931042,-1.673231031400138,-1.5474272696037397,-1.1049643490514047,0.012914442396039671,-0.3300298003737212,0.4487850192766101,-0.662621253654115,-0.46566690408973166,-0.30640991073201795,-0.10931309035634484,-0.10273001535581394,-0.011369448831382245,25.435596243980356,-28.338261164153728,1.990943438922001,6.282942780908195,-2.0376501795268513,5.098214954257277,-0.23087802839191873,6.454988896975278,3.787497525645601,3.1962577507562346,2.1518042605436056,1.0562268870269214,2.108387343459966,-0.758244066551526,-0.2939176499595286,1.3331089578296202,1.1009133184443454,0.9176684091251259,-0.7937155019942121,-0.07429836885500563,-5.134538005910656,-149.97920047491903,-6.494744599652913,41.69871504205486,-31.148335218616943,15.1695161800065,15.923884694737774,18.453072213907436,30.98375632782663,16.665088924583756,12.29615592784894,-1.590591636424687,7.064280926975841,-7.201941922054171,7.862123614145395,5.7787658899405745,4.3716074133623595,0.6169867105014013,5.3139922352905575,1.1374786582278578,-39.40950217450991
60.42369415875498,-3.925809938698636,-2.5533712750516546,-1.5881601847319695,-2.673564198098611,0.9378869263911693,-1.6860339980398393,0.35118454548661093,-1.028551141111497,1.097074092373847,-0.967700066087414,-0.7535887634900065,-0.05686203644035226,-0.004714756896572858,-0.25197589175088564,0.46112063595917707,0.9857369754606848,0.6320535002287366,0.5496515243969085,23.741403876648207,-34.65944835355221,16.355160334022855,11.070235875944672,7.585385280875368,2.8388324310358075,-10.613597032337836,-2.856669903619038,-2.9389296263431377,-1.8101572776804757,-3.0000081269163896,3.5166364473010336,0.30758220041961115,1.952428943593301,-0.40598398779973754,1.8645716236859713,0.48102499549181643,0.7930607647241497,0.7477579180212683,-1.7602767639906867,-7.489828080242798,-29.438573561331353,-16.987087764025162,1.1266976872430057,6.9420225731998855,12.728421171501358,-11.931777860294538,10.104976076534543,-5.500459445593393,2.2326015591093316,-13.31250802723086,5.094552618088547,1.7786410460246374,-11.129367928867326,-1.3609611767014989,-3.202694906514316,-7.522396594678319,-14.2125123791975,-6.24173389537966,0.3987333771771331,-16.140406092690295,61.0351948834524,3.3253794036708433,-3.140926893448483,3.0997620470026326,-0.9610017734480554,-0.5395207490464591,0.1991051740894938,-1.002124606815942,-0.869124903670238,-0.3534762806067442,-0.11523575211765014,0.3114515160097091,0.40773854462505743,-0.7928599059480221,-0.4752906711188234,-0.2599353513308078,-0.26678742555079027,-0.1944332469371779,-0.13893984779313984,23.741403876648207,-41.954186651510646,1.9301921920166407,11.545189133129075,-4.852383543927185,6.191140408491252,1.8291963300309022,8.359836549276775,6.563366631156429,3.738463057770728,2.486554988227925,0.41651727815787254,2.7984735034255563,-1.239898487693555,1.3527921401474372,2.69812954968008,1.9480405771089913,0.14046991727650227,0.5067301978615921,-0.28385371631710654,-7.489828080242798,-17.24238263280761,-19.989636902387378,6.1877282141167225,-24.687599399588134,-3.663626239321866,10.44202581787847,-11.767165493096305,13.060088640494966,4.694829598211394,1.1864701053960545,-3.2362711425986785,-6.105939474345523,-2.490831970449821,10.223753177926849,2.5134157769887517,1.0757506857995993,-1.3602448010125339,4.600474062921347,0.13075448753991892,-16.140406092690295
52.84976787614477,-4.064637001699462,-2.4911915767920214,-0.054804257189468686,-1.779731065629052,-1.3928531752504985,-2.417638794319894,-1.2283543737050038,-2.367128532557117,-0.19954049689701847,-0.2549173819810804,-0.08930488721433205,1.1169765323035232,0.36577570341132404,0.5685844997797467,0.5577614671918352,1.15876642721988,1.1575717234421505,0.4771518415638505,22.660363336693916,-42.00861150006835,11.180000863437064,12.414150301603087,7.315089006739639,4.758176231763221,-9.249320913418119,0.12312933929749548,-2.9759011730866316,-0.05912042146630547,-4.108894852513002,3.763020897995756,0.777747482465386,-1.345160590320646,-1.4881708131026676,-0.44356706681864977,-2.423584874354175,-3.3070821710656415,-1.8358141155691106,-1.3537942938127674,-11.098897860311265,111.73275807314445,-47.71695277940883,-32.09404588489841,-17.94245357215305,-2.9048816469646823,24.521937425648336,15.252325504194799,13.324888180138895,15.681592581576535,1.8004575789198816,-7.703231509499317,-2.1915511496595,-19.868382428568992,-1.7130160822074953,-9.334837094771478,-4.233844814853222,-8.093734503417473,-8.234119110504391,3.0992633453631013,15.188142311290935,54.124148499703956,3.4701746970574994,-1.7719232146040107,1.1175484340625021,-0.41414773509495184,-0.16514857179572395,1.5433064563131178,0.3627222228742726,-0.46257746772308783,0.4433109470337695,-0.19898430167717462,1.2025683419941604,0.09139410276309512,-0.17727662174805903,0.24444877715149116,0.5132657652229216,0.2099046312752746,-0.07304137679650924,-0.12460747095610059,22.660363336693916,-46.419299896080176,-3.691984057799631,10.18737700305297,-6.373448193142005,4.556343429360377,4.318690366785017,3.382284303209577,7.544022368553178,3.425354900961466,2.7987163329098568,-0.6821843212263863,0.8923706045845998,-1.2620326398220623,2.7131894021074374,2.1898871565066855,1.6642109308487159,-0.2587893793782101,0.9341050166736589,0.1966045448805629,-11.098897860311265,132.45239120000394,-13.248159975715225,-29.533606032295754,-1.8239191791558564,-18.292649153242756,-2.6550978097230744,-32.39472878561122,-13.304240644605139,-0.7261740527096596,-9.634155641278088,-3.021547740394623,-16.93591360148082,1.3508748120056084,2.2894909961671814,-9.449562073120017,-9.571278792700818,-3.357169683120966,0.9229340626439317,0.24108599630463856,15.188142311290935
52.740057282492685,-2.0924007012766417,-1.6088406984863104,-0.8831380135748175,-2.1881476081081748,-2.16433525035654,-1.8512605205701727,-1.0812813084451913,-2.581831740018104,-0.6856061188598073,-0.01495655948806407,-0.7906638888771607,0.3671636693369935,0.2213864447550682,0.6111851180659564,0.6109616848061374,0.6896110142075962,1.1764546793715602,0.5267364558505607,22.799317228312855,-12.383528711098016,-2.316819789918654,3.240689708468207,2.7510626077244424,3.4253145445863793,-4.810936053340634,1.9226213652135922,-1.113857228123186,1.4666266310696003,-4.514321528660435,1.9687266289549274,0.08550121612807882,-3.284505265029972,-0.8279779115949435,-0.39868126758687117,-1.6787819864588278,-3.2283803399203115,-1.4375244664901874,-0.28453962174321523,-6.05071561954577,196.69416337743726,-75.40640777218172,-57.82809373824252,-24.01077087995349,-17.629235990281543,37.81907618517462,1.2910181826051375,21.81517735549899,19.563069169601953,12.461210925585789,-18.43427959381792,-1.3635231773457548,-10.38260537975589,-0.1448836710106005,-4.921875476667335,7.222765774987443,12.195322840374093,-1.2146934925698127,5.51395174708459,40.01295165275023,52.98096399385738,3.424632356137835,-0.17385620885692532,1.0807853287684521,0.06739736981308653,0.23570886129731194,1.683584514482755,1.0343629746473817,-0.6241617453136521,-0.10452968392012174,-0.21287412040856335,0.6954810776971287,-0.035770159358293974,0.09467396080356383,0.6028169408999944,0.3668125132445357,-0.24831516624683214,0.21310150965442198,-0.14799448781026237,22.799317228312855,-9.494606595978588,-7.144773075568526,3.9124778368014903,-7.576374418137638,1.4319275548134285,1.7591368225022457,-1.5615622108272347,4.373509216110932,2.8921305352960958,0.14233093368856586,-0.3941486165119654,-2.279009047913041,-0.8466043834610757,2.507386058174616,1.004867437856219,0.23250574128801582,-0.16492819653907742,0.4537121168553331,-0.07720955505565341,-6.05071561954577,230.29630168772923,-0.8088060473290626,-58.840694204630324,14.110153126199256,-22.94857041621472,-18.40462936165549,-27.031707448101876,-31.683693232810548,0.22142453510385263,-9.211502131717525,-0.4684415970354805,-13.699339627695645,1.4534253267869184,-8.77596269559136,-17.186589672597748,-15.014918868933744,0.2545057563696469,-4.397003201038258,-1.2058193116183724,40.01295165275023
47.82647052418793,-3.114904941421411,0.3751626345037753,0.39020714804770584,-1.0663018217553129,-1.004613001790783,-0.7572701583389834,-0.5927863299186571,-0.9713220562693152,-0.9581715841912364,-0.23863074043803945,-0.46766604201682727,-0.67263183287587,-0.29545476941589155,-0.5438845361230664,-0.5681017013179681,-0.47995555160493697,0.14378547483810133,0.2974073693614423,20.3571906379924,19.925288055342413,-5.3486079028239955,-5.883779738318113,-1.5436927677441448,-1.2381318951092402,2.156399062022473,0.70551285254236,3.4341802753755,5.106082376003659,-0.6395199242350218,-1.8504466373662196,-0.8584814664355598,-4.879241959623251,-0.8246290829484457,-1.4948679777818161,0.7279516383194755,0.702975955209882,-1.3312698525227766,0.09182528078997931,1.7399769193862973,159.92920942650633,-41.52231259173547,-40.595114550561306,-17.778585370264732,-20.547108670267576,25.971599735428775,-9.216821974417016,14.607313963341792,6.054882347201646,14.731498315890683,-16.813115665814728,-2.11645334789936,6.1995466607556935,2.2218139431801736,1.7645784570427663,13.373901040686441,21.111228460349743,6.561748680999237,5.143958345944207,42.56300693687609,48.700056351099136,0.8896946118416338,-0.936907069410958,0.5029202966640458,0.32795909937950496,0.823198656858037,0.15217393547711566,1.0805363621447892,0.04276860169870034,0.16992051906021244,-0.27935853407169686,-0.07585927892513111,0.039523051357254646,0.2502065140238108,0.09022286815420211,0.21232162240466823,-0.24794390969742897,0.16055511468521555,0.09146014361746047,20.3571906379924,21.658144408082208,-0.09565391514302846,-4.667504587075889,-1.587614331999553,-1.6685031955251892,-1.5233971794891277,-4.781676115778328,-1.7696940891342203,3.256336985638721,-1.4931615328257584,-0.049214035835471126,-3.820828181611145,-0.27945371266496144,0.27353088911047263,-2.5450410228184577,-2.826958659995576,-0.6082173755275673,-0.30573943016911675,-0.05707745133341291,1.7399769193862973,177.33032355507862,13.752338403963492,-41.48975996058114,22.5787520538249,-12.225684029036787,-18.619571557024386,-2.8832829726180083,-27.644572495392516,-2.8675211617230105,-4.955998175913388,2.542131604537291,-0.08315098106908203,2.355557364434797,-13.936745227001737,-12.024544784263572,-8.53352474171551,2.1058592173565405,-2.868931613676743,-1.7356398710326757,42.56300693687609
56.743578479184386,-5.559085863796988,-2.3662035264654495,-0.43513458348833556,-1.317621547742291,-1.6617011870090055,-1.5549076334234986,-0.5235280904681554,-0.9931410637205977,-0.7807711283092615,0.008519927618529266,-0.5216575780247195,-0.8043104863656416,-0.08808847628043681,0.10491799240708533,0.1846612269846648,0.19090779491293763,0.42018439128566754,0.49725394962650493,21.86763241622608,32.720683557461044,-13.083739168937479,-8.69484597321599,0.009390728140514337,-2.977631500668734,2.5930810725291797,-2.5023525689389015,4.763618327175292,5.388775908385517,1.4959098717375143,-2.893769581926937,0.4439350861972067,-1.4718330616333422,-0.8101966883821488,-0.07071565916611289,2.516639626648713,4.885693121773434,-0.11186095978680499,0.27388932225023543,6.0972103562835365,-0.29930014223953805,0.0930327233646917,20.91362482316021,1.3098587761361036,-3.9270987010246277,2.189282475752719,-4.806083577372883,-2.5951701231467803,-11.142447261646225,7.909840722343964,-4.988288078238563,2.7841505119041963,16.051042506543453,4.597600296110652,2.4662078022153584,3.7123342601831877,9.086364590822496,5.589226044716591,1.1086465141543966,9.92697602180958,58.999937659765514,1.0432329084945127,-1.6021960476442643,-0.3811110933669579,-0.6160914132785695,-0.1541259521222167,0.11389032909387753,0.825722931604266,0.3242673292669158,-0.14561559977568272,-0.27212294417637173,-0.1888391974871655,0.010371878597439821,0.24709155525335103,0.10425600230793064,0.006789590722326766,-0.1203272533339772,-0.08437543425037375,-0.28557843260774707,21.86763241622608,39.15524204027277,-0.27237590297619185,-10.44771717412166,-0.19022391139878225,-2.170721487173326,-4.452074577659771,-1.07403696528021,-4.621621756405146,3.933684282984027,0.026742855236970176,-0.13418866305532529,-1.6945969173243933,-1.0044752878786463,-1.8153599511497611,-3.5277011969562215,-3.3138340619357347,0.4424367935360043,-1.0718491792361489,-0.7599223740193048,6.0972103562835365,3.6436781543329246,-9.328432307290768,-0.86008804452231,18.608204584535567,1.8391970448932655,4.586621300624948,15.462575248997641,-5.041561760384473,-5.651792494853948,4.101096100207959,1.6369439129678072,11.04862502112049,4.316026936728569,-6.950579769664524,-1.92819163345857,5.640233111901552,2.254769576388692,0.7179007734360898,0.962026435960539,9.92697602180958
60.810651305470124,-5.005598371851287,-5.054400031961508,-1.050652356104782,-2.834060043366614,-0.5659706759130292,-2.213058811622051,0.20985915499422836,-0.6084326827040409,-0.47171795428980223,-1.1918789442174869,-0.6530487758583325,-0.7369073696567843,0.10819862245485368,0.07428407371827417,1.1348875152623092,1.7596060144721504,0.8700719412237086,0.537805735070868,23.996194202430452,15.403887078905285,-4.197695742921261,-1.9156391328354663,-0.2033677386007624,-2.3139050807430106,0.03447039136136132,-2.272794680834765,1.3890180309350257,1.0072461134765591,0.2517386052333652,-2.2122888294706753,-0.4596961265188577,0.848276638358886,-0.3861544531189782,0.27473935749235423,2.165654839435275,3.1914953282623566,0.7822284715788173,0.938970407162611,4.108642620212127,-123.46004094695641,15.96291216528361,62.95658672451953,14.766235308287417,15.055911461274908,-19.569899323090073,8.846789505212142,-21.995967795937744,-25.287246724546037,-2.702080323602165,9.134973765676012,2.663078076495291,13.901074623833791,7.599023489642329,4.27904193701837,-8.782473559123392,-11.958399409537684,2.7087287954029637,-2.561617370872074,-24.66074527728257,61.94373387079099,4.613047463307646,-3.391505588748286,1.0546894791304307,-0.9066549413117184,-0.7319297548305235,-0.06268450888160748,-0.41780480017127974,0.6913764878059887,-0.2827268614513292,-0.193966907711006,-0.2656856112192649,-0.0714037725472525,-0.11671997441771631,-0.7787912649617059,-0.7202021035137618,-0.15819801294493652,-0.07717261992866975,-0.08435422422406469,23.996194202430452,17.92093756333346,-0.25201344211405186,-3.377405471776027,1.2228525804010153,0.24482593583536083,-1.885489711646167,1.6968801941270604,-1.7806983928850397,1.470817446255995,0.3785112841789604,0.45890150431393906,0.558589048755735,-0.0053185053958784145,-2.093810206731243,-1.5561009182188799,-0.8293815383971641,0.4904577342625194,0.2624198578810282,-0.3298589811539492,4.108642620212127,-118.61897084491872,-42.79864837881029,33.76750073926059,-2.4869542384827423,10.187305169696911,27.485093547494436,18.599379555586772,18.395253794940395,-11.037366001465415,6.338458241688576,0.6417442846909678,13.256166822042504,6.775750954972032,5.563347327045671,12.582862639041451,16.90236642376829,1.2786586837500094,1.206872058070315,1.7525795299181433,-24.66074527728257
62.60830867058211,-7.688923570530443,-3.2414823518616633,-0.15801289742831637,-2.7930842476368913,-1.087115877030827,-2.3745424783980895,0.8992051126860123,-0.06888847260798281,-0.18087799794176718,-0.9852172485618089,-0.4760049788578047,-0.33661509308922044,-0.3855385953713788,0.2667429835622297,1.0177868898403553,2.0126767920557693,0.7573809662853541,0.5434819341209656,24.028420624235597,-10.272478293999221,-2.845759508187675,11.713431817306988,2.735829481220803,1.9996517868909507,-2.6553304801337188,1.0087333432157135,-1.388861167476339,-2.055178868489963,-1.0050304322226467,-0.34449631411212644,1.278183802121826,1.8772566892506855,1.2515849215456492,-0.050381034116277146,-0.5414664569251337,0.0705422689646995,0.30033939381731134,-0.15378892785233278,-2.2715604590538945,-128.55082823610368,18.256480504709565,47.26359018115621,9.457461997109382,12.764614985168025,-15.130904503123562,16.136543816777255,-25.381926068204777,-22.959033305535733,-6.773436542833443,9.69234501445677,1.4923317705670343,3.0232460390665983,9.177261357075993,2.3079032203002954,-10.515443645126766,-21.363074645571963,-0.29587782053551903,-4.5555086008900725,-33.17988012522693,65.93674625414783,1.426767978916733,-4.170415536249092,0.7097887818358686,-0.4006563534279648,-1.2127642216882935,1.2539952540220116,-0.5272773223971567,1.0183764531247173,0.13516543395413416,-0.3226642651165714,-0.05690421481800101,-0.48254439134536353,-0.6295427705505532,-0.7265265910201624,-0.8238426547641167,-0.07196971785507622,-0.2039592126567098,-0.4400484908991522,24.028420624235597,-5.804164096437752,-11.730809465728399,2.837384256890404,0.3224944179298621,1.3948615115797862,4.233493738893239,2.930447258718892,1.8582304877941054,0.9589940575604843,1.2570425752901864,0.17026556989723307,1.0555948474637638,1.1743414812686677,0.21576672126321195,-0.4536984311728549,2.053833736439586,0.4131190367602253,0.5285828595483055,0.5401944278348842,-2.2715604590538945,-130.46811141465278,-31.74731975039898,30.29144170787867,-8.622142420235338,6.122915587548759,33.79576553873404,-0.2793096622398128,20.779859825537784,-13.593960445478746,1.7091179010478976,0.4261630129945999,5.225266654560676,7.317113741621139,10.119808607009183,15.769437744111805,15.852253565316628,-1.804333279231751,0.6347799535062353,4.1966430328332045,-33.17988012522693
52.59604896794171,-4.148833959515314,-0.14501751921585093,0.14996243571731505,-1.485523012179518,-1.2746704610991917,-1.4838500762690705,-0.6096439160282281,-0.9298252950873431,-1.132248846758301,-0.847906567083208,-0.7203404048597135,-0.4823412103346376,-0.33980693642990967,-0.4874273529544615,0.09816288697182407,0.2049076139548256,0.36630142312766667,0.7437785806955175,21.331117844093704,-20.308151492405656,-2.4861416505570926,15.390374728680163,4.47620550985942,3.8011821917483717,-5.004344823191115,3.373364649071123,-4.487563875267558,-3.8155635978316202,-0.7400899340560239,1.4424036115643815,0.05593321384977612,0.396750476851631,1.94399185690882,0.6344856782024508,-2.134232099455297,-2.8686483231545923,-0.18300563162335282,-0.9751442795947736,-6.406010311586272,-7.601722832464972,-3.302649161180921,-17.117304397173,-0.9045854623808376,-7.434863355149168,0.03148592720100707,3.817930334404707,-2.907403564275648,-3.802150475562483,1.831140189563886,5.25460756079546,5.220775207560951,-1.3043775432487923,7.009229853295505,4.303268109618291,-1.1744995788073247,-11.122497783350468,-3.172831192468118,-6.362882913659387,-7.9979772407049445,54.192120835574705,0.5719203555734977,-1.341500060996558,0.5688966492631402,0.342654537371883,0.4097729358179918,0.4305615700765788,0.8666872927029807,0.43112276289779716,0.2187856442847842,-0.024637121444627486,0.13746775411815415,0.2833219336307171,-0.3583814264398586,-0.2724362942911913,0.2129469759493079,-0.02689381030561977,0.35155693282889766,0.003765682186188446,21.331117844093704,-15.171637946021896,-15.76576132317207,5.573695067048374,-3.0874506159052464,1.6423578899467102,7.876365435981587,2.5157715500155056,4.188006686236351,-0.7750009023822142,1.0609177279919213,0.11943099003373359,1.4321593470160279,2.0190133802473973,2.039641216426822,2.2093889138105847,2.9403906527009083,0.04577084473532689,-0.5025194205261865,0.16915391269856417,-6.406010311586272,-11.079875718367866,15.391528808868195,-10.90719726026112,-2.6067262357390293,-6.043881170930415,7.985024190513107,-9.306496348084224,2.158385488152096,-4.821296633151142,-4.612606535274084,-0.5100250484047444,-3.9755762725892505,-1.4521212309930926,3.3439417258232442,7.2810788505022845,1.7047444221873542,-1.4165207297257276,-3.0154658634385116,1.3016856364667353,-7.9979772407049445
55.71464050094898,-7.410347824058812,1.035821125815216,0.33247276121101743,-0.9920641698903636,-2.6350165344827836,-1.4151453294921321,-0.8082071386950966,-1.860034191773928,-0.9530208981863355,-0.3357144180046734,0.15108013753688398,0.007034778598627778,0.7617067639347694,0.3605831886853146,0.4322903126673405,1.0035281296539498,0.8222393472423442,0.3173730628880138,22.064390365867506,-13.698711274935327,-4.81127596276478,6.2839421866043,2.3983351024651145,0.34713235566958733,-2.4529635717563623,2.7428396744967816,-4.989053753825806,-3.6793358887282603,-1.3948941300345128,0.1250567047839195,0.9322863012964069,0.2655530386535845,2.6133608351419486,0.9033627906289865,-0.5911387264693839,-2.765772375304073,0.22281718154652053,-1.0468076348161084,-5.235403240430731,73.99569163772475,5.718641979699676,-64.93919416601005,-18.977211796879473,-20.08152591297376,15.997638773566223,-12.452257647578996,11.514594317884836,11.210957016611442,5.10641030332704,-1.7677939837537089,-2.0190399359782227,-1.1828147660577186,-3.939556641369085,1.0372025712947055,8.620555839526514,1.7508114227711131,-2.5043716975030574,-0.05890502401401276,14.068197851353446,59.97366212915478,-2.801608270502613,-1.2085066830749263,0.023032530531618356,-0.5433153968304771,1.3917695720001455,1.3324909189742304,1.1125921290641885,0.9338912205012537,0.23214943500135377,-0.27165505236094445,0.13738154357600685,0.42017976614278885,0.47580564189602814,-0.3757706986137541,0.567131919210585,0.020580163726477085,-0.03444878085500469,-0.05954117189543151,22.064390365867506,-9.532525912375945,-8.389161837646672,0.22245341040547428,-2.3461435233633203,0.19197032954537896,7.564880617893371,-1.623137474344339,2.7839556168030497,-1.7403867654362415,0.5400985838544385,0.2486281005820774,0.4812512608257986,1.6419156401102852,1.1778186407757985,2.4742727590849487,2.727406625173544,-0.23738640131627498,-0.3719895632794239,1.0888926954710405,-5.235403240430731,55.32936500542968,63.142421444984464,-24.992943672615432,9.602514621217379,-7.123561987233089,-25.45017195713675,-13.802336528052502,-11.83663770318484,-3.62018266041483,-6.703650411047219,-0.11178909406708692,-2.524612969378178,-7.912192245473541,-8.326054305946862,-1.6565220649332024,-9.624864926797887,0.22141610631967357,-0.6544345625418684,-1.0420155562327544,14.068197851353446
54.10340964408386,-6.3879570703656485,0.5021355935401335,0.942207569505261,-1.833978986365692,-2.294192758782608,-1.0060750615394682,-1.1802166569489958,-1.6206416220368784,-0.45569147119553,-0.7954285537138639,-0.9386247271307888,-0.7103570670748929,0.5065718712561895,0.34460681025795714,0.3605197541211682,0.8298561840957639,0.7461399349335371,0.16328803088995714,21.77520417582136,13.316142153140852,-4.866262096223169,-7.759546516070623,-0.4869132804133369,-5.205077042706913,-0.05097009922681339,-1.2308826792729457,1.7354125419719355,-0.08175061418553353,1.3622405489212412,0.18023844147903167,2.3236402276743275,1.0019396920330403,2.4375725167306244,1.9495014999288682,1.6032411848037378,-0.951596241278492,-0.7654260185198463,-1.7959616961851947,1.5915753905480727,53.30504587708135,3.952926613934051,-42.395536411481515,-27.721675460766924,-0.7142213229984016,22.27884850224477,-11.813904035647296,15.877282783703153,16.8112470286774,1.236017764128968,-3.2895746637515053,-1.9596580534655188,0.172876966919691,-13.446496651058792,-5.71443058252078,6.968238805938425,7.397562894111025,-1.4975794864128653,3.6559968155534768,13.04612046434595,57.33945696027657,-1.1556450735687158,-2.085612481811182,-0.14565770317006743,-0.014146474637107165,1.9039860663160506,1.1559534336500359,0.8562638172162234,0.34611865292661337,0.19924000202102166,-0.1597560190719527,0.3532511830917451,0.48674083883236996,0.35042642757240383,0.15052524574038229,0.0545059358493416,-0.18158753136804973,-0.41318754609261554,-0.19003092737664296,21.77520417582136,14.245180612118624,5.772927148279182,-7.523538678664122,1.2538084331780919,-2.1756690586126433,0.44132894411032053,-0.6795756133834354,-1.1643682133134639,0.40985954117878665,-1.569319987740208,0.1647077147691447,-1.1420272942199077,-0.9651662003132335,-0.9028653035759142,0.6204529119033604,-0.3137957716704658,0.10745008843790571,-0.7950268624243628,0.04663470326134034,1.5915753905480727,44.25478336239989,31.402883178881723,-2.144151327362828,12.568538227604094,-4.430332126920897,-38.02741509138509,-11.642402686641818,-14.322546292899597,-0.25902877068223273,-2.8845573567967566,0.8568498477327022,-1.3532414407086821,-8.89084107717209,-9.425767895463165,-7.897926457870144,-9.059426787553232,1.987266207904741,4.4994287147229635,-0.8672032126743092,13.04612046434595
55.005272695043374,-8.974999996487666,-0.4230878149375057,0.6450320869102679,-2.4452900827090107,-1.8038365140672998,-1.2420101485144999,-1.310035393766507,-1.5631482534973453,-1.216603750740409,-0.9489279028545212,0.09928033292593641,-0.08983064539230057,0.497952418356546,0.30240729727051363,0.5910390930309912,0.31731631933326376,0.6788703011556791,0.31032339161569156,21.188675838156403,9.913220702089902,1.203621704495201,-9.181204643322648,-4.2712170220825545,-3.5379815523682874,2.8668015446672412,-2.91527181640175,1.2569477828463325,1.6833931479927147,0.49700947795224115,-0.597310720946306,-0.8651896727795614,0.9832546986311215,-0.9649837290497953,-0.1892876593321331,1.9000748207086058,-0.012578060587794093,-0.6606362614859707,0.22716726843587143,0.7637456155556563,-12.253438208703919,9.908060489039736,6.653619816048385,-17.86686764442063,24.392149727102293,8.640035470291625,-3.2680420074846293,4.643288582226678,8.546082077637482,-1.9239124612848109,2.1815187189278586,-8.038659531496855,-1.8369141866773853,-12.726705250014506,-6.502795368349052,0.3483573161068225,9.311140475143999,1.849766921521588,4.9335774951036075,4.195737174481952,59.59681523560893,-1.9040302253354962,-3.6871326206390425,-0.10600580362918777,-0.12627068265078023,1.8225695220093625,0.07973058506311359,0.8699122237477468,0.1906851253921884,0.4149875470132347,-0.13079076601187012,0.07582970110810283,0.23670397610895266,-0.3950373771687852,0.2991290185065252,0.6190811778726384,-0.11331605798199873,-0.007581754835665144,0.20129616161778374,21.188675838156403,7.152109127206828,9.071057021038207,-3.110470706561064,2.9531222039968825,-0.2579060077570814,-4.774073993739503,-2.373047423607889,-1.3839009140234069,-1.4435274944274312,-0.7796637723673583,0.09173266049598405,1.0803816833926425,-1.2896648511877875,-2.4760071717088508,-0.487491462685844,-1.1315055147736701,0.4929874680687727,0.3476192992264595,0.08044625443711895,0.7637456155556563,-11.004757336809533,-16.04227018090483,32.662315470554525,0.8478001698562148,1.6790185371125728,-26.139635312150176,-0.042416112970957265,-2.002417121515838,0.3356690570881651,2.627635160775994,0.4527922359806107,3.2731996231330505,-0.519025353590167,-0.299970573734057,-4.028539566504039,-5.37975404081009,1.5579319652009553,4.08031748479651,-1.4676480170107349,4.195737174481952
59.60880394746494,-5.7996389214124715,-3.295336306874802,-0.24977386733897866,-3.361448577123651,-1.7157455209203403,-2.1858590063943595,0.5089764824934448,-1.1191435713184013,-0.31933714602064356,-0.45118060391876824,0.46737961128292405,0.06706134767734673,1.0108564947245142,0.5164113427173731,0.8204090891918676,0.07221539847592262,0.05527293691107604,-0.15067743176091875,22.564762803223292,-5.461594542377597,-3.5171271772200576,1.925179937902878,-6.049856158250208,5.386628484268108,3.4751968697194693,0.295468376696741,0.3280767482479492,1.9086953981465915,-1.0680328559849168,0.15879999255374155,-0.02515782584499915,0.12433813032270802,-2.990084186524704,-1.6764043880773793,0.10428052992492054,-0.5464640334572191,-0.4900686533135399,0.2158666765559749,-2.8825245074064902,-67.07610458783856,-2.570390178973736,34.43450672035311,11.644152204631059,26.550411732951204,-4.551754498691533,4.951955552668279,-11.185501286000756,-10.403361819278476,-8.8420900880717,5.8483803568941735,-4.982275399865067,-1.1570199596908295,-1.3007534536049472,-2.9808018059112626,-6.115268417618781,6.061270583307057,6.172154018692851,6.082884209982979,-4.4960130647868795,61.503134588406944,3.0095949071295305,-3.8639564315465607,1.2603200329325892,-0.9537023490242871,0.41503743286854355,0.7171539303404195,0.40584313870446964,1.0076555810417231,-0.6572934055912603,-0.012715407234592302,-0.4027699717578477,-0.10752327150898155,-0.37439256869540904,-0.2996596968996508,0.030074460783048318,0.093779344767571,-0.05939001139295352,-0.10333563293974901,22.564762803223292,-1.3865637846133367,-8.794429163073648,6.168081461850229,0.5471856342166994,-0.3478700048625081,-4.9678648038945195,-2.9304748186736282,-0.889338194800219,-1.0529449232277357,0.2785202277044414,0.6263036339431314,0.45597341537826486,-0.9606169126896109,-0.846329825062436,-0.2586922042390911,0.3401333288978987,0.6742170139951735,1.3873905055823537,0.23977552687837034,-2.8825245074064902,-54.41075237252961,-38.216031017947245,24.394999841859335,-12.673980295416808,5.513879577579607,1.5512743894609486,8.105297363422423,10.615151530342553,1.2216014143669658,5.4301806677256925,-1.603152803158145,3.5083672220905444,8.513130433448683,9.514060142055394,3.5123705125638143,4.22457779893979,0.23080813037669956,2.801251726783206,0.6620283305016352,-4.4960130647868795
57.91855370030339,-7.1026960462878,-1.6560452456386408,-1.2071450314081402,-1.9973201506955278,-1.490839381080297,-2.2828892652655615,-1.0243298169931507,-1.2690866431368093,-0.7726933217976582,-0.8064937533753742,-0.9845168680597531,0.10995292053806871,0.027072587675709414,0.18003709278954005,1.1523830554862937,1.3760594921699734,0.8373547155105894,0.5879394284313875,22.05148385994437,-10.436562031528062,-0.5318131777464679,4.768388867641742,-3.7536272808267652,7.247354455733223,0.10397067891630885,0.3456431427696236,-1.9637415658504747,-0.40151785607558166,-1.1417136582238392,1.2265352887104939,-1.9126444376923573,-0.214103273829942,-1.0361634382376401,-0.5350819495424155,0.33252025902343596,1.6872317583572902,1.0100219597041613,0.41406692636511067,-0.9004847042124737,-38.6701158544953,15.10866494620663,7.085094079937855,34.07008948605419,-2.3477300875709144,-11.668102893904411,-0.39641438643720495,-1.8556202515892148,-16.748177574899312,-3.912259829927994,6.87940155902251,5.605498441899432,-0.919498431331899,12.740390063557722,6.217521568575313,-7.763541494806937,1.6506674800564338,2.8025204061630937,2.8438288190478818,7.394728958712619,61.46787787869301,-0.3486997503326319,-1.874570061487769,0.7966047644787313,-0.20249046351542788,-0.25079310814585254,0.3653669588250943,0.6458520113083619,-0.11864099077001677,0.2705842526238156,-0.2993090280316326,1.0555829626971245,0.07247939571957085,-0.3997884458244909,-0.3944239586366596,0.013594899356896617,0.12939045969305307,-0.037537898591605945,-0.06266569189531901,22.05148385994437,-7.219032382414731,-9.12661877242267,9.70780107542556,-1.5689320389545167,0.11758007122659775,-2.8003401641792958,-0.5188959281847212,1.6452320467885082,-0.8411500046888978,0.9299960565201109,0.2442262589853894,1.3188507175932376,1.3801283195033904,0.9995656146520309,0.8995755339041551,-0.28943494551568283,0.2581961185055688,0.5769604951154728,0.25849827515715806,-0.9004847042124737,-51.36658303842575,21.10103617055678,-15.011523689032613,-7.068105589909605,0.8949059051850332,14.162599372834352,18.82625184808431,7.740063302362761,11.422530531732761,0.19546832819225424,-4.258443746136551,-4.957222860914591,7.161193939224381,12.466258076279583,4.737053013887408,3.9669619601669597,-0.7903138507379777,-2.107610350661106,-0.45515698662056736,7.394728958712619
49.915971870265054,-9.08267263407561,2.08120427784214,-1.156631950460639,0.6353502897616208,-0.7130928904163749,-0.33790131481556696,-1.1590310712116993,-0.8133247281438507,-1.2116631136593639,-0.7872456321765666,-0.4093050395604436,-0.7480797848787235,-0.7530303066657442,-0.43241028154024574,0.13198803785597724,0.027252580948799565,0.4218634010993121,0.13241335076009664,19.902537911224133,-10.047018773969448,-5.2837397445892025,2.4829100886237367,5.076367951274298,2.6774608197179344,-0.9454319156971138,-0.38536238252449273,-2.246993426680039,-4.240976021790623,-2.2394429270265688,2.1925056150977187,0.35622991019819183,1.0221086984181573,1.8227856445220731,0.631997742078378,-0.6706157431630677,1.2291341409024945,1.485321880231513,1.1520305798416755,0.17568401803869804,18.506624701187242,51.2716160441381,-31.43015074131821,27.87813386932227,-33.06046248655696,-7.604993290875804,-10.42823391006623,3.187909972062078,-9.724561725042914,1.0047924381579327,-2.0925371912512354,3.0077042499020137,2.877597395724508,14.991852759757151,8.36457258765609,-3.4208893345109033,2.155087650915865,2.7793904781878185,4.098138334347201,20.003842769400006,55.71064374642786,-6.330524892606972,0.09214696953829593,-0.32337017011567726,-0.14997158663603738,0.4567349794463982,-0.4521021625677686,0.5236248260358063,-0.02569075060615189,0.4107017630679519,0.23765492890949425,0.09136125998636668,0.08854467268225541,-0.07036295063096132,0.3679556321924291,0.5273157395561618,0.03416771679201114,0.2954857785765317,0.06183776281909359,19.902537911224133,-5.774624819335401,-4.236250463964003,-1.7351746487277668,-2.8221545930546124,0.39352769068532023,0.2300992240606914,2.445997320616192,2.628641071451855,0.7194715034930028,0.2909404316789037,-0.7131154860546305,0.492921799725067,1.9565024310655188,2.116378374271342,1.6831046698902679,1.3774578431704356,0.34024982840785745,0.49092840302273366,0.2886228581521384,0.17568401803869804,-30.26982380476816,91.02079790536959,-34.5132329829289,8.327756940090639,3.966394473094483,11.141411921204588,14.53541539382828,-0.8434347980732753,9.101492974809345,-2.2191825386898505,-3.9597877269524697,-3.178530917516226,0.787640260707462,4.916142012355423,-1.0833684015109268,-1.9037149526351347,-1.4017252861841427,-4.897766372009978,-1.0544344240935175,20.003842769400006
54.63340771787929,-7.599389729029331,-0.7271636734751055,-0.7783525119422845,-0.8200122882850347,-2.253177489861128,-1.9931674229190843,-1.4579023998391722,-1.9168166031224114,-1.3412975960329685,-0.1676277443703751,-0.4186995604985584,0.21068828397076356,0.8618140999328552,0.5092771346281153,1.1015097482106544,1.1834136072754704,1.0005860489136418,0.3758114635377392,22.069545932049746,-7.129125109361823,9.641260461283089,-5.91752267871415,7.200715666182287,-3.3572627638786576,-0.7569355095766728,-2.7730636300097355,1.6166727445157192,-3.615859929488334,-0.8734154014909299,1.82553724729296,1.746865680148559,0.07462019891744731,2.998776387205677,1.7652720598776444,-1.594247790150869,-0.07504340773943396,-0.2470713251769503,1.180999726316962,2.932005832189372,15.213661227922763,40.67908956071323,-0.24772840077372926,-7.629440124912073,-14.501410561426791,5.5317979501434635,0.06354969343025108,3.2553487244162462,11.787584906332182,5.810820042219675,-11.176117456788862,0.11132622992276531,-2.4974318932259933,-3.1694308494196943,-4.778916145484029,-8.211270569875657,-9.269223839433858,-2.940890809627952,-0.07646096452514439,2.8871748318224206,58.883544465391104,-1.7972797116785806,-0.8112837834686899,-0.09862672158231289,-0.4693460282316062,0.4015506666307873,0.40491066742484705,1.6336374034763326,0.28678328887167703,0.34598799094368404,-0.1338628045912187,0.48818944403261444,0.8287341637650294,-0.047269378874993606,0.4151091209125628,0.2257430657282402,0.04558781525856559,0.10346059773732863,0.24795860131694147,22.069545932049746,-16.337151874645016,17.342485756761775,-6.664604495788373,1.1037395226777362,-0.18115190293847894,-0.29175632129993145,4.3518424307893575,0.7271411040319364,3.38152955807858,-0.6881397102584623,-1.3677796525734105,-1.416703939238054,0.8323724465468381,2.2757677667640523,0.9101366071931807,0.33331320817354126,0.2648141354934419,-0.25795482482428356,-0.17155590451004876,2.932005832189372,-15.847920965366065,31.404088069088708,2.42363651176103,15.931501850319675,5.060983299752193,6.809222198994815,-7.416344669084534,-10.65468531346027,-0.23126805976330989,0.8885436278329504,3.0668592788319344,-2.0806167155982482,-7.99326484163962,-2.6553483103703357,-6.896513723358654,-3.212753766518131,-2.728465576527718,-3.4288446379137856,-1.7534265295948577,2.8871748318224206
56.22786755169227,-8.193161952336308,-2.518322048644701,2.0740138485652424,-2.6113720984699302,-1.8072924243784816,-2.5234011188298444,-0.39773393942356394,-2.915766602220912,-1.1547564724162727,0.32563919912759154,0.3625859126014226,0.527748015170078,1.504878560856978,0.6677901928372745,0.5105378712481534,0.7831054113744214,0.7163182103253063,0.5314018406067431,22.643573776189953,2.1379993471329044,17.032144025334212,-8.44693965957828,2.4120393029063996,-5.841294149204428,0.1031533185280582,-3.3592951919466945,0.13182457909589118,-1.3464144276684897,-0.6997857652724051,-1.1869695823631092,-0.3510607598144504,1.4187750918112674,2.4883722806322126,1.3557049010406357,-0.6427801127433785,1.4122173750490756,1.5281732282209253,1.8814694437536497,5.20315160909259,29.496115151686823,12.429236331663395,29.420251266048467,-46.12799866681446,12.274960974463152,9.336239942460924,10.766583248041567,-4.034580859308091,31.804479990668156,13.55907391303819,-11.31410239293538,-11.034403523093632,-5.785281638272599,-18.129860634630745,-16.681299307559424,-7.353207157318048,-13.612486328370876,-7.470490283986963,-7.573506242109588,-8.614716993986487,59.907988885390196,1.615759655820503,-5.263186894919984,0.2968584794358051,-0.6235107213235378,0.20391515751056932,1.9203807363486392,1.2262709783464119,1.1646791929673777,-0.5495250589117426,-0.4519962619821145,0.12738768743694084,0.49260056000104857,0.5075370849655132,0.13712609827087197,0.6127292991825943,0.30580558118874346,0.11557494195394602,-0.11433635046981006,22.643573776189953,-11.962415940882273,23.48141752501892,-2.9023322440072525,3.3747283234458925,1.7846932187672717,-0.6514507647319077,1.901863698753473,-0.8520101224585708,1.386461782793198,-0.022003158251197252,-0.5475872737537035,0.23448528503579769,-0.29291884585760375,0.9736401050592649,-0.8056569416390673,-0.9230982242642807,-0.029954637590834388,-0.6440350204527576,-0.072414595334785,5.20315160909259,32.24420693407462,-46.086726280811746,50.46508458903802,9.488416620707586,6.44022725711033,-0.14925895269844336,-27.428319526695017,-9.96300616159681,-15.480389464353173,5.203529183733446,10.393707155268244,3.0343529079720217,-4.50146447792135,-11.395236326223756,-10.185508049619383,-6.851838781025994,-5.01292607555548,-3.696720314909376,-1.7636850558583101,-8.614716993986487
51.19804330490887,-2.7268211565159075,-2.315043421752295,0.7778899021700627,-2.052590338519081,-1.32220736888758,-2.5766711782632905,-0.5966420106293588,-2.0257956708424456,-1.2378543431646687,-0.45016754538097326,-0.4970295040664068,-0.49065088002760837,0.39750634751718694,0.5125728855396021,0.16598424371477116,0.9606113730874455,0.5665916483091171,0.9789450466665452,22.146968843556145,-8.922240478117857,8.64978971764844,10.109449541355886,-6.236183019098853,4.256026659481009,2.3455770368754547,1.86438439419585,-1.5254762065303167,4.044993800029442,0.9938677820089166,-2.671785840953523,-1.5033359877246535,-1.6611524171394936,-2.953672181002557,-3.2863936017655586,-3.787032841124237,-3.038921778432929,-0.48184911910452066,0.011117012146551364,-1.9706310838282093,68.78564668420006,-47.987596529584465,21.467008513174815,-42.39935988751532,15.060603674870967,16.33602886762358,17.42057525458925,-1.3849948849436422,25.012391614281967,17.445045342349935,-1.0796099064397429,-10.176583947965035,-0.7336753960364768,-15.516659108428804,-16.61357971234462,-2.826434254923486,-13.494833032395436,-9.932811539483914,-11.749050769991682,-6.8158765045298395,51.200629371889335,4.349400853834519,-2.529205377152816,1.0383602010418582,-0.056296847640917136,-0.27026135782790384,1.3550467247615692,0.6580994871690273,0.9769388164825084,0.4066278084844317,-0.6383732588725335,0.3292177793528104,0.2866376753335933,0.4491454197592981,0.17605911192070933,0.137544723630451,0.12597859524140786,-0.07655989269245489,-0.06035658750589157,22.146968843556145,-12.049097304324327,-7.283408732369779,11.503198128945819,3.298377427955069,1.9524889570617185,1.0450459297144117,-3.9550014517956287,-1.9417850129864136,-1.2902791742206503,1.5307396654016365,1.694891792250893,0.4077606171387482,-1.4917934628548586,0.24326059407290157,-1.3043005220105046,-0.7455337950573901,-0.9209344367589443,-0.5699801121036745,-0.4376962628968091,-1.9706310838282093,111.24882542186288,-80.87942044344075,27.481139213597267,-0.9418267573548689,-0.8348484050499643,-6.807125566251052,-26.839162830970142,-8.145187495372959,-23.695418879483785,-3.467642036342092,9.147199612159756,2.5994126386875878,1.4025623724883771,-12.545210823686652,-9.283014292825408,-3.1348577524562176,-4.341649457926382,-1.3062754271116668,-1.6207610823416054,-6.8158765045298395
52.70265375031671,-3.002884907665216,-1.3483256778084058,-0.7287335060636129,-1.66900775972357,-1.1270012916391199,-1.725797033116811,-1.5237489762686605,-1.4320424081180785,-1.6132776227297163,-1.2394605228528222,-0.5456704476837446,0.31197734302609614,0.7233097098581962,0.2437942935243287,0.2783607337322296,0.8447623855673498,1.402947215512037,0.7715812810725184,22.46540226001723,5.59759648625198,1.4266137930598188,9.179549611612952,-11.269182039492366,5.008296595269678,2.171431782307285,2.679205229393498,-2.693209380811067,7.830837108784568,3.606452437742603,-1.2158840372467297,-3.535871017412018,-1.0026458126896716,-4.265920388689181,-5.182819080879733,-3.2508267963354074,-4.095169837936196,-2.1325343647981834,-2.0497811841279128,-1.680356020945755,89.60364968941519,-57.55951793370503,-31.586096393766027,-12.331740605017124,-4.307936153840075,24.347763351505414,13.122843495120605,13.141965361772986,2.4057640059879093,15.848813060009567,12.138778725994326,-1.5564142753151642,-0.07700714470229864,-5.064950970358951,-4.500057036944508,1.5327100729600986,-9.262808280557362,-14.452422639112346,-9.415243132518212,9.253591719515583,53.57089332273761,2.336843587145937,-0.5000583556232674,0.7955005302951834,0.5358504324522539,0.4669156093097899,0.023761658140606823,0.5853887229601735,0.32246237698503144,0.36938027517197947,0.21611651917329988,0.28808973484416756,0.21313349396917158,0.16824970258152527,0.08465216586882218,0.10986579847291611,-0.021004991994827193,0.06347851356504464,0.1797880595631176,22.46540226001723,8.203451362541564,-14.966666359804098,14.413466333424148,0.8247347646605143,2.5468208892403865,-0.5129313777957019,-7.114740501438824,-1.018398950837375,-4.6848188625339695,1.7832653357155772,2.9524023691673396,1.0978659755226767,0.8678531468056923,-2.56498620249496,-2.3024307903175814,-1.5090380457270955,-1.5733389232436896,-1.2014191107922587,-0.4601494905836365,-1.680356020945755,120.49514402686289,-16.829858003063016,-31.357702815617415,-3.4608456022891048,-12.588333451300175,-17.980786055919197,-9.184038488442546,-10.653644617770277,-18.018789121247828,-15.72400729011595,-2.3451110524965117,-3.7976424494074177,4.230769924094146,-5.454984967598577,-2.5932078425766134,-0.8467027958923572,0.016533519155472742,1.3955222700134309,-1.1963238254991746,9.253591719515583
51.93489437950814,-5.869633392540656,3.742562911784691,-2.4950703441772832,0.8368188720822896,-1.4205345377930816,-1.459777268677676,-1.6576329846817823,-0.6361818001591071,-0.6151031298717884,-0.7209708038569298,-0.7162393742183015,-0.5120025885269923,-0.22423756506903247,-0.9219217165981912,-0.675918103593502,-0.36687576903745844,0.41634698676801607,0.2612802493781272,21.173316148222003,25.533899663178673,-6.549772687371947,-3.9972630577223582,-7.158353606375989,-1.2517562986802275,6.376939692345504,2.917973786614793,2.336692281997377,4.30171010942612,5.695988168176535,1.3001895215148989,-1.7490211650351752,0.9184929531496784,-1.3824068323480274,-3.2722558053344812,-1.7034415758165975,-4.068766317444516,-3.3831232984093527,-2.7279003447380976,2.9658213949436245,102.07737139665736,-24.530557285840967,-96.77231916185154,19.85352974111496,-34.65533131627221,25.31752073632636,0.27179706864067654,19.121707499349064,-23.58663302320084,2.4348931036403556,11.25728847723585,5.585156841796782,6.955754973155895,10.84411986092597,14.61502576122354,12.695654801177373,10.32936566185019,-1.5838205471045743,3.085368594590469,35.30490327391284,56.02754359455523,-5.799526043526187,2.5587510113558616,1.3012409669655325,-0.0727821265886428,0.7925734055883829,-0.6242805193689511,0.9831860246762449,0.06275210975252499,0.6519051566026413,0.37952670095652064,0.6117187288983752,0.2225709653535386,0.24400460935345114,-0.21080417389166461,0.10440791855438425,-0.2514741165291212,-0.15548124412005793,-0.1179517351479269,21.173316148222003,29.204327184574502,-3.8731825225470855,-1.5819341777054396,1.9078229233929909,-0.9796399407000185,-3.7645787978935603,-4.559436884599565,-3.2622582294651403,-5.43053955899973,-3.3245949754128956,1.4558253320459467,-0.5486879651376997,0.9532676364593786,-2.2275244913021615,-2.9829836148802666,-0.9411457573231601,-1.1343184506433215,-0.6324004932103664,-0.7880689980564257,2.9658213949436245,91.20901668948818,93.8226770186462,-83.09580033169581,-1.499528625031596,-15.744170428640214,-23.88182897947447,10.980463126857757,-14.389803187342743,-6.808813703899856,-21.277893132645865,-12.448025654628246,-6.155572897627776,1.2607096998475247,3.3287772129805,3.2097227605452323,-0.33562620316666925,5.511754661259356,4.346900027357331,1.7697766723832842,35.30490327391284
58.65824025751863,-5.908448937794024,-0.9573504096067187,-1.9240970480072672,-1.5519284061357768,-0.6724129487720885,-1.7422454589259027,-1.2138431428028857,0.3048450168297028,0.3370941398085887,-0.14690119025779502,-1.295744661028639,0.03710096307493416,-0.31720967719450277,-1.2063720465336956,-0.6939243532654138,-0.6007359365312248,-0.274826641303235,-0.13465635281300425,22.290222113384146,29.711754121192236,-4.147833739008109,-17.186631556922173,-3.2927457059635943,-5.241370747043847,10.261353666545741,2.6753318594041375,4.771723015718537,-0.2718905793728741,4.87356057164857,2.8964320993998425,-1.0064253088167716,0.09044883431553208,-0.8297358788745277,-0.9013925156471567,-0.9182207089171488,-2.7042644957238116,-4.247401001682831,-1.4566434440631317,7.3617212294644645,22.267108780151133,-0.530924285135689,-56.879191087333815,30.5844589309379,-19.468522843815553,14.626390527089235,-1.468988375538903,14.095661240773712,-31.860231971652382,-11.649313962351286,-0.21530611700899804,11.470875486497604,3.6510341984406605,13.554835933167528,18.837432263953687,12.920690095292851,19.650621104725108,11.962362570157694,12.021379390161435,26.23173136763525,61.59625745532803,-0.7931100754011933,-0.6004319224622483,0.5777854788042251,0.6581423627705183,-0.583967913095425,-0.647325892305513,0.5545282341741156,-0.7206368849346156,0.2194689348869412,0.5152549426870281,0.5350702004254968,0.958560488393922,-0.6723856110790434,-0.8206576539817316,-0.12522132114292006,-0.2921375245478368,-0.4456739377283818,-0.31561352194061065,22.290222113384146,27.658443828099756,13.361375418576065,-12.038617498490332,2.339582774582379,-3.0434090580019464,-7.237031428887521,-2.387937829065832,-5.518595823104347,-5.552802585441176,-5.456339482901905,-1.6006095698994862,-1.1861116485296872,0.5999355665323503,-0.5184598360524921,-1.262919316492493,-1.2486436410775743,0.0850041289290906,0.08493630510730377,-0.495390140504564,7.3617212294644645,2.2166938821267124,78.07393514535548,-62.67370633342061,5.871729532345937,-16.831720620701066,-5.641610525136392,16.131399734428676,-8.392523996518914,5.911618442992951,-10.510291638346509,-14.44871351550021,-4.629060779864817,-5.8306388644687885,10.974816116604412,9.093287950664855,1.2343682267936373,7.521267850499504,5.820305476589214,4.391451867133869,26.23173136763525
60.98719988289725,-4.548925485137477,-4.509162584714318,-2.203605130046105,-2.7370081646530915,1.6389683058516562,-1.1094600720513483,0.4167512136364424,-0.7433843286032764,0.6349538596544462,-0.3463524509210374,-0.9965029799115472,0.10603378652281181,0.22656262486952272,-0.3984718470986264,-0.1995940006947059,-0.35102262458552524,-0.2860830724879233,0.06811369124025779,23.7174696143445,30.059366402740693,-0.8282651592380788,-25.093619455302324,-0.29763631530575685,-7.946805327498333,10.959376462919407,2.0022196135108685,4.302911344879414,-3.696958867492256,1.577760266876111,0.9007003293411162,0.024519578876114334,1.270177745935852,0.7502954945531011,1.8804059962299235,1.3944915157553195,1.4303083813859738,-0.21632607421448413,1.2572324394093954,11.160781927923104,-82.03956713927293,20.654879064125385,24.85506869179452,19.90533490885617,12.123493281974199,-19.555127912131127,-11.486245031678113,-5.285259684488525,-14.481596768952178,-16.584998335577815,-7.065046085230513,3.7746730170204894,-1.130427564206271,5.866782087328339,9.011848656161535,7.712202866197021,20.00071381306672,19.81107685791619,11.863180947336021,-8.462995648731582,61.79011089788138,3.9777864238345413,-3.269985682586045,2.101129188483833,-0.6072627831500585,-1.6271089955720766,-0.5891279423151534,-0.9575993831705139,-1.2167813320575327,-1.180714009079497,-0.060029804606424264,-0.06861643600670408,0.3905579963509074,-0.2442991690614984,-0.8627777855941472,-0.21548459522321095,-0.30561436380374807,-0.13818391365092486,-0.2066902957822403,23.7174696143445,23.827914807640667,25.463908887763235,-16.81866012094485,1.7911891104783386,-3.1244812836372216,-7.533818534476915,-0.8281712245532469,-6.886588170524298,-4.260694164716975,-5.488404491612554,-2.252615065529817,-1.5280370196489579,-0.7274798227944252,0.8843860173419176,-0.21919487865043252,-1.0435440989654854,1.005771367784344,0.96029219362521,0.46481239825529674,11.160781927923104,-92.68403499338984,1.1751879574598494,10.184653905590157,3.143264148941425,-4.569216278551282,14.585360689678648,12.688051932298546,15.17456651556735,14.654684230803396,13.247959789768469,-4.194854171140468,4.730774738291483,-3.1179366584856965,7.431450017154402,9.67756812700696,-0.2742776284659738,3.149846884296927,1.180675574082295,3.595616925083812,-8.462995648731582
63.032378059218274,-5.73715573087086,-5.8157787080199865,-2.520838966110999,-2.502779614877803,2.4739241198113815,-0.5632897017279062,-0.1750795675685044,-1.5143864335824309,0.19847416833145148,0.02144635037915288,-0.9087512992455076,0.04818357265896012,0.08304167545165475,-0.4686268990490321,-0.4189116721757429,-0.5152964345205227,-0.36953825570140864,0.1398428381098873,24.874186141688213,14.468417506546537,-1.6996021135749597,-8.711867733263972,0.5926887804414691,-1.3784403122290465,7.193408660564951,2.4025881281760086,3.3715117081347703,-4.099944388582436,-0.1590905927828281,-1.1237924996643374,1.3127963538811394,0.6470288901375718,1.4451464144440185,1.6595661503149082,1.66055170552506,2.9806033650111132,2.265248308183229,1.9683421188790589,7.3380293963821295,-161.08872118990828,32.60423951828524,90.98045066867206,14.247618207338526,29.68219541302779,-52.99905306219479,-17.169930655838108,-15.955213711766712,4.6321376112433175,-16.968291065398855,-7.939905935134091,1.8189619768675422,-4.3048302936207605,1.325998152800631,-0.4123873716293165,1.141831759259385,9.391970675668722,16.20858664816565,6.077222315856817,-45.797109892821595,64.51883158512442,4.128875062753606,-3.6049987578974796,1.5653478068272229,-0.7186137682680114,-1.941758904553741,-1.187783544919208,-1.2035164846686204,-1.8141721948305278,-1.442479883437904,-0.3644100129949708,0.035201493031863595,0.4291077617366623,0.15317167376275398,-0.22082068652618303,-0.35450976517707344,0.04856719610703153,0.09729800088412999,-0.02353773037200768,24.874186141688213,12.000004492071838,9.401755507718478,-9.305023861666456,3.818916437290809,-4.796618749641546,-1.4491167720722204,-0.9146734642476444,-3.4024959785672526,-2.3139323381788715,-2.3899757253578473,-2.4177341897948836,-0.7269898871541027,-1.2070925558018,1.3664666014852065,0.8623188168999287,-0.8406547615091142,1.1172500927922293,0.9123872840845602,1.1091357448274366,7.3380293963821295,-160.54653177299258,-63.18128129210029,63.604315651903484,-3.3215444929025693,7.922050281937434,33.65470561838126,11.830629994058828,34.83660222273747,24.564578367636322,27.48959389175925,4.022527016957055,7.301259414388506,-0.24694559338184874,-0.032630082491821755,5.5413060372630305,3.502853009398269,-3.0656271762830825,-1.654698498634832,0.5981718761196413,-45.797109892821595
64.77750868002866,-6.369412575621277,-6.375032666659838,-2.3455175427782957,-2.6611581872958636,2.485985159374887,-1.04814534052124,-0.025559099859266077,-1.5750455086991684,0.24308698930483574,-0.35479440950484564,-0.89747626567181,0.11754497964892074,-0.0492154941155607,-0.3505912922255612,-0.11617868626067773,0.3055586706501774,0.35553975685986083,0.7526468736213792,25.461725098031522,-7.864215599134944,2.5535510319741723,4.192889376345802,0.8515966048495627,2.8785251248994723,-1.866651760729665,-2.688776863610199,0.39416809354499804,-1.0250613704451883,-0.0801854173966734,-0.2222212215682675,-1.021295487873886,0.07498914313552296,0.41354306465686896,-0.0468108102347462,0.8632736500608089,3.0891566587213815,3.2660904756157123,1.4911973474588176,-1.2538305128809988,-180.47380986728908,36.7195700621083,97.87547380169403,11.033427965387544,25.8131942481458,-61.47709782437101,-18.189380061159547,-14.543309578233226,10.716728384920494,-14.339289417436731,1.750793711040537,-1.8279005331814222,-5.992970903446578,-6.367376162307091,-7.278617674118653,-7.593581680480128,-5.357260724810442,0.6605615353940886,0.6371598545070203,-59.929324981343925,66.48021393347737,4.471435831278031,-4.348295631398948,1.703054358193203,-0.9466447028879887,-2.295440365920917,-0.768137305338727,-1.5810857011645358,-1.5208273176580067,-1.2613226800412134,-0.3069483539673885,0.09763457277071286,0.12355741728495584,0.27341897560351125,-0.6203200969446552,-0.30271990891128175,0.08105920703561664,0.053178883386291176,-0.03158343180458001,25.461725098031522,-9.308470644106464,-1.3057785883883675,2.1435959566777005,2.7397881665094883,-2.38764323415586,0.6341442185381136,1.0479568991406132,3.266975106049987,0.27736743277081555,1.7662030406993108,-0.23303944357658857,1.5871385233202497,0.2978133683836055,0.5457372985061903,0.7931813819270026,-1.282279011340377,-0.07551799042642737,-0.4557881956578471,0.20747652181947984,-1.2538305128809988,-179.08853593195138,-71.37767199912736,74.94015505269795,-10.654601119106925,19.321494508853945,26.37147379313907,17.52678019518168,39.922706030363166,23.19909180467174,25.77256262654226,3.182024514523477,7.416471268426357,3.405918582496123,-6.644671623668411,4.101832311693963,8.007566655226865,-6.522261306648447,-1.6836006026491217,-2.2986263282919213,-59.929324981343925
63.99729461222619,-5.848006449339604,-4.380349235265945,-1.5567964514204373,-2.279073550928914,2.5007829547487717,-0.5716087606029525,0.6930678680123536,-1.3292965874135692,0.45348227859197987,-0.7045764607980596,-0.6888598412079379,0.3548598115806656,0.5432525895200482,-0.4005292488127741,0.09464384228010214,0.5612750983564805,0.5369860981144874,0.5072481154359645,25.0871090697317,-31.87081547282409,10.463377924528386,13.660339361589799,3.2564469376280094,4.187061733271144,-9.825158752727116,-3.564135229954383,-1.2515122144976103,0.7082294777252507,-2.781612118914466,-0.512060092712511,0.4259632129919997,-1.4643720110946834,0.0016394124739038674,-0.1439777982294801,-0.08169589644020103,1.162296703442846,2.115684047484895,1.4649852598405655,-9.32952749654428,-106.37903848176849,25.77565663599937,35.02863675619721,12.254113257511975,1.2627796585226423,-40.20365111381845,-14.08016392538306,-11.0053783522227,3.453771764211763,-12.550824529182613,6.75358046439789,-3.261024940304473,-2.3606038928142903,-13.474012608949355,-5.399233897196668,-13.325556100196838,-14.249566989274673,-14.467962558337065,-1.3201714895309926,-39.20517696273886,65.25120818356595,3.660942974736301,-4.713788878889025,2.6862811125949446,-1.5704760521812893,-0.974360613957115,-1.0151579429175484,-0.8349765961124997,-1.7255800612238144,-0.9352145923111244,-0.5701528775299316,0.08844975245973696,0.48851450002599783,-0.24801138266894496,-0.5107270898565133,-0.5019310450534418,0.07315073642859549,-0.08516169420470976,0.1514009184842775,25.0871090697317,-36.046629332522976,-4.844421489398277,10.282412288650134,0.2045110001155197,0.5491970582260897,5.506340003795593,2.5893131061166517,6.8229236499772465,4.460455799633091,4.661153696821787,-0.5991338723975734,0.9069302871799614,-0.03618382574758949,-0.3654505178805394,1.0015455718503046,0.6221503198090059,-0.9071647801070648,-0.034372749568583716,-0.06763626422683489,-9.32952749654428,-110.91738379611752,-17.065586885898643,37.40675788821395,-22.08872474987387,28.30510103902593,-0.7474919876844648,24.783130876827393,18.271708952186437,14.594235728837699,13.607550844805697,0.1899030876171499,3.8222983330912976,2.0299537843405764,-8.082206607035975,2.014112438895739,11.53343676353886,-3.9797650439796772,0.8809174667449491,-3.7245980266288665,-39.20517696273886
56.57263380682582,-3.2167246099160196,-3.1304326329184375,-2.2598280849666046,-1.4095986341778,0.6922130080181286,-2.4496889744189247,0.1797615426185124,-1.3484599369103014,0.4673570958258453,-0.09445165611656492,-1.617096452867275,-0.009809761370279446,0.2032287001637605,-0.4559260773341285,-0.02473493289222395,0.655269938336664,0.8936999884119847,0.630009726306628,22.984092893882256,-37.00792204121854,11.450029852764402,12.658013898117808,3.8871985887947447,2.177040773824473,-11.269888742620063,-4.109108738003709,-0.6572314829210084,-0.7426816081858529,-4.280623678776436,1.4702309813854715,-0.44601411727002693,-0.6706072551713089,-1.7116390856153871,-0.8571308665572088,-1.5311755235021136,-0.33916865023511344,0.18873682383172707,1.8274907961821523,-10.470102116285656,16.197582966603967,-9.138109621322979,-16.357443609567344,14.627322213211041,-16.40403596336306,2.2008391644861556,2.210175954650299,-0.1521017218086902,-7.235857102027898,-4.894697223850372,2.6833759474781287,3.5100449455893648,3.994390300662339,-9.882114506042365,-0.8195098626269053,-13.1305959703184,-15.278575962744778,-20.453401276963746,-5.451066076025908,-2.8550703329765525,56.76968727660738,3.55886317364901,-1.6437926437514223,2.910556618854716,-1.3751532582713497,-1.7937360316013327,-0.15146229374567666,0.4916182255764192,-1.1223936824754817,-0.5512451342932314,-0.07367809412723814,0.6983286959394841,0.5097613113980424,0.22916100840744624,-0.32123389296548077,-0.7829134609552153,-0.35566512917774373,-0.27484816393542855,-0.19042135930064297,22.984092893882256,-41.693036246037614,-3.1018386132420668,10.857699330245833,-1.7289087304874786,3.863358066855934,2.174189974158713,6.1832255878554445,7.9620550303850335,3.9516576687129144,3.8723121105687577,-1.5709029669667338,1.3632385273971883,0.3900251034265312,-1.571991234809415,1.7621078997213613,2.2288366879888875,-1.2431518490902325,0.5918719091272211,-0.09611476136352815,-10.470102116285656,18.402942931776856,15.805221733017836,-20.79586417181477,-15.79853238504078,18.992210087808836,-13.852822882153735,19.137812459198717,-11.74717034203182,1.0151730554374105,-2.6787977300763814,-1.6380599040396726,-5.055534637022046,0.8385329065115998,-6.146422002649651,-0.4595622533609871,10.563183359349859,1.7186735089264509,2.767414687359232,-1.0803784683971205,-2.8550703329765525
51.19940775940765,-2.0818107514592965,-0.6079090440957873,-0.93546022620284,-1.035028524801263,-1.5417691808737977,-1.6445854997562552,-0.9034959960561988,-1.273564480614239,-1.3044669443862862,-0.36475507267124296,-0.3359595991517752,-0.6203250623787815,-0.04236071545105391,-0.4879484056094885,-0.5054814970800703,-0.10900371664234298,0.41922365226497704,0.9336540416875456,21.448238495490706,-24.14924851329591,6.73998679402961,4.56988838394863,5.201944417224866,-0.3963083074302256,-8.206798405399075,-3.927327897318766,-1.6054776797435761,-2.5142483876062225,-4.334283726684253,1.406771631057738,-0.6053568015730266,-0.1604748571161574,-4.229268814894531,-0.6348907701221949,-3.8050017577918984,-2.4300174751479755,-3.430056145093311,1.1401096497518952,-7.656423283284973,94.50497104671172,-30.03389944896714,-43.25687728201342,10.004250132155924,-17.667940100211442,35.40384673126566,6.558303033075302,8.259688681526296,-9.372521207148964,13.49236688795188,0.04403186214024535,0.8450753167893457,9.92929905802071,-0.554779544798707,3.5424929013998216,-7.568250394212479,-6.670875082890503,-15.169744660866154,-9.53753213448103,18.728926710019806,51.35078024729793,2.1629506468689774,0.18395589260382472,1.0638521765542261,-0.22976096146328606,0.5605589301842633,-0.20146449765740737,1.1715933769495255,0.21683888739475488,0.5330581920989981,-0.7806120791138327,0.18831957503745866,0.2179139018063243,-0.007424601579483214,0.13040899740938205,0.1966621707493963,-0.18665302583982069,0.244125149760698,0.022063101262606355,21.448238495490706,-27.26640460502135,1.7669920771960066,5.041303395656454,-4.991097489147642,6.230431119365523,-2.5928856437247525,8.909257629808636,3.385818535358442,3.146040408268928,3.3607451621102777,-1.653850884291236,1.2961092773530767,-0.2382215311529745,-1.6157724353749778,1.384911777450619,3.1705057705956836,-0.28881549986570665,0.8290159650645006,-0.6013676268954926,-7.656423283284973,100.44016389140455,29.809542515041997,-54.03365083276212,1.132739636707146,1.3911451003914674,-23.52528223050752,10.230264709732001,-28.899581771573562,-11.29994093964856,-13.3292658775265,4.540370005910276,-6.382282027633188,4.461843813644265,0.09016179512751554,-4.115129965813576,-1.0704887708741335,4.10478679812247,-0.4785654338740555,-0.480538974237416,18.728926710019806
52.67249108582866,-2.5274954981792295,-1.9322458131860123,-0.7125863609897221,-2.1946603134474527,-1.1276831441238597,-2.566211339946443,0.44410709071450594,-1.97425236619176,-1.0182502385942493,0.2104103871244818,-1.2969334453349048,0.2698337890429898,-0.6122283844377032,-0.7354471471058084,-0.5817037783316483,0.4711137530320324,0.5087893917004795,1.4531893085866647,22.04610932700919,-3.6262075955970516,-0.15380821343792883,0.5593930603827144,7.192508971656656,-3.031807836431373,-1.5754123521506078,-1.4020925526028583,0.49509996526363587,-3.0317509887934007,-1.7511982254369656,0.16005089028567232,1.2493869922033094,1.4202357164774295,-2.412060074680096,-0.21110925560184146,-3.840371404422542,-2.7539742333555974,-4.187740066577058,-1.0718978855098014,-3.517917785998929,62.347699219625014,-18.13320436298426,-25.080512117048,4.410449613746463,-1.9677710843048182,37.34137930899451,14.912101569946781,6.748305087807052,-0.7658780327356474,20.63996297185198,-4.752002377678466,6.155575488930166,3.955872128542735,12.700558715834022,6.9743233277934955,2.375278913950803,1.8881705207115176,-2.1103344331827865,-9.119630840880344,9.562164182788457,52.58390977859258,3.6695126885906593,-1.3683183520224556,1.6498144609698229,0.31467678518097664,-1.9758051509122494,1.9166287659589245,1.3966568274969684,-0.5162079576108343,-0.05930301696189577,-0.9871702366588049,0.7293189251804462,0.4538702681080582,-0.6328700323459271,-0.0598341907169222,0.46240182718174294,-0.4106148363752915,0.18447141596719785,-0.014971903875508508,22.04610932700919,-4.497111541968849,3.291125494823409,-5.633781682732845,-2.561673781379321,4.2678447791788425,-2.242654398778581,7.456890866893979,-0.8880575076565207,1.4421616561716022,1.0770084430168745,-0.5247108896495936,-1.1352182902773313,0.8180986743420979,-1.9023127440714165,0.37171715244635184,2.7251349429412137,0.474644123916119,0.4962247907052266,-0.06584703104475154,-3.517917785998929,63.946692545664206,16.51255553562003,-39.482879889973624,11.4252957370627,-16.707345598812374,1.3147865034494712,-11.704916457175113,-26.737015825839975,-8.408392891390115,-11.11139655491245,6.183658842353676,-8.460254266985366,4.71171753595654,7.690680118685452,-4.306374388080467,-10.838442728057089,4.488106351788404,-1.5775729373058232,0.44221893647968424,9.562164182788457
53.87274171607682,-2.822627608193194,-2.694498453157843,0.2705548952035546,-2.0846968650092004,-0.692668171879772,-2.4770115264985764,-0.24184374590743118,-2.273524566575951,-0.9708559175400993,-0.1536216668897139,-1.1516197457606363,0.13480060781595227,-1.1636532756264852,-0.5782140989880316,-1.5293726138961348,-0.5616555465651916,-0.9855866760764156,0.6657131491718937,21.727889211525746,-1.3091871722789747,1.2483472331459802,-1.918788860549367,6.605916812275016,-2.0424840117066543,3.029526417670987,-1.6384918061171572,2.3021664021732158,-2.833496435545457,2.6998585983917387,0.1650458839075113,0.0008003166500043513,2.4548560320913024,0.07446013460690493,1.304257846992747,-2.7112231530862263,-0.9657380464421639,-3.2809498377437896,-1.8540864665539731,-3.4411563066777404,-57.95238029310526,-1.684472254974816,8.498863468510491,-11.09239358188471,13.975795788599381,17.797535858468336,20.42588629148506,4.128139989388358,9.547050159638413,15.578398919910256,-2.3949879451449734,6.347701773456919,-1.598211207769589,20.835343431428186,4.355829606415657,13.679387873437552,10.798003873593446,15.34257218354687,-1.734518520285083,-16.870026071857012,53.710894630062676,4.48911425586348,-2.3308743269252807,0.8211034469635701,0.6998244857753093,-2.179768876164033,2.4054253421344693,0.40541337060644667,-0.45565271952167397,0.4991869300783467,-0.9403322484097663,0.7210092765157943,0.39734925609450267,-0.6248820799797472,0.05102894774451694,0.460664196175921,-0.04378215990548395,0.09968649837622734,-0.23700762267603603,21.727889211525746,-4.424509738855079,6.863867714089984,-8.488672621241587,1.187263343915014,1.042526252260369,-4.04787892498952,7.067612821463384,-3.2018109667887567,0.06523333607946746,-0.6058274081655224,1.1479550918989943,-1.0349823177993729,1.9807012956167596,-0.15520886568578085,-0.36082403741897906,-0.16124319310422397,0.28633063245099444,-0.22583190729461422,-0.3230396165049312,-3.4411563066777404,-54.929219589441985,-16.500733991843465,4.218139293105247,13.354554009812492,-23.984685531998004,24.155448371084198,-29.230679008626268,-6.394750837045954,-4.518651119546305,-8.912294832335798,3.162954085286464,-4.813490042088224,2.1176427246629475,10.86431368290538,-2.253102582788123,-14.17307213815752,1.5190350696637542,-1.4888188321928737,2.467818337019822,-16.870026071857012
53.42286303069271,-2.9232202882680354,-1.8074413981960524,0.7334188401585258,-2.400668382289518,-0.5200436725541882,-2.7345222373491933,0.09648540017594653,-2.3643553883261457,-0.575047530315731,-0.11999291386449329,-0.5845728834611899,0.32274526177106844,-0.44215505708857195,-0.5163478584457777,-1.4329750766954625,-0.4953912633797104,-0.4977648807058479,0.22803122980955326,21.08530864286527,-17.254103101914502,5.129247451714088,3.362096461842806,5.390437198142902,2.016243083810278,1.7826385003421605,2.2025240013688765,0.7630990200241214,-0.9659966005840595,2.522286644611558,-0.2849073338786483,2.3286950680835408,-0.0003366355036713564,2.486775797550906,1.6604564887820679,-0.8904253688795483,-0.12722310423226046,-0.9409835464344269,-1.2352265661050859,-7.796653513195043,-144.9010192766655,2.8240592678808247,21.722520356391566,-25.049867019098762,21.932138244055796,-5.549383888149816,19.548561160022807,-5.866446266507978,14.555473837411132,1.6408171953841781,0.5252199102075985,1.7616975101041907,-7.107967154211927,13.062920303236748,-0.8503490078488241,14.980119021250598,9.895866918419095,18.434555765447193,5.367296098163606,-33.18846718813241,53.34107431424058,4.041344116563463,-3.203268375353292,1.7510940929603835,0.29397640769877365,-1.544899327816475,2.2735382198053746,0.43067947491969827,-0.06506705093146614,0.004194718225531524,-0.2561734543040681,-0.13562529993834938,0.8290929714250022,-0.41326662442813,-0.0956852919098723,0.4476529978021291,-0.1897785001868526,0.04548355710942009,-0.09380951285369754,21.08530864286527,-21.140637406288647,2.6060013361209595,-2.1187526062919586,0.8945587215125435,-1.8963622989976763,3.5590798665158325,1.251589763440514,-2.1126381314613556,1.2878647591125878,0.2999001182504326,0.12002346611498904,-1.7013428085192701,1.636422458019934,1.5430670396887125,0.4817886131159268,-1.524510194189704,0.713328260645619,0.3305093766538669,-0.014169298318966739,-7.796653513195043,-134.28106630786348,-39.47172449132981,42.89654057553243,-1.3824947869665163,-15.692627546259232,28.033225119197763,-33.04845856267575,8.526688819641876,-1.474589464121388,-2.5045743141400223,-2.585277081286085,3.687699177222176,-5.338739296274563,9.617334581833818,0.22886270000224695,-9.990669412163378,0.40138482374634155,-0.8431848402107955,2.0250082007674317,-33.18846718813241
50.16962820083614,-1.2597747398419035,-1.6297056818654507,1.644495579360544,-1.9532664962335575,-0.33082570782314,-2.3796759541134587,0.4213980502996888,-2.4952611873197745,-0.17613899932967603,-0.11703048022299978,-0.6917397217636305,0.5806472173028305,-0.09016731182216708,0.054630873556869686,-1.4354574244412763,-0.10862023165755352,-0.7179741304037539,0.6191898477991148,20.208060684223796,-46.31149090668981,3.256222833966194,7.41796841747383,0.5567835130393881,4.067564126748639,-0.9870559024112917,4.483306971437898,0.32459278757036003,1.226399498108313,1.3181732982466132,0.4317567705674117,2.028840047215317,-0.2492942850104014,3.7389849647040596,0.607241160893679,1.5597191611553813,1.6556088970870797,2.617851686608808,0.35451472990699595,-13.952068455615422,-119.29601551758563,-14.547826318121592,18.32913876472493,-28.47248407761112,13.514803963878977,-15.451083766845546,13.856822736497765,-11.160366811578935,13.506968894489537,-10.280826146228186,0.4774988235266151,0.7885917008004719,-7.218191255528799,2.448598249323251,-6.863668835120119,10.142285179396266,2.5822627822566737,13.379200430522975,4.421818066436543,-23.781400255350142,48.759943110046386,5.408968789927568,-3.142905406351551,1.6068440325164528,0.301852353408,-1.6788334438583843,3.1538871861510596,0.05367656984378222,0.023885102094804544,0.19839562042252323,-0.5721329243417039,0.10330052869716999,1.020653197956232,-0.19483073838127218,-0.03207747070363243,0.12341498888709124,-0.15390587770854292,0.20070312554227976,-0.10003790250076472,20.208060684223796,-46.40925146758244,-6.140812839374501,5.392858503988634,-0.04193673568732903,-2.67980810754522,6.5839714091701405,-2.6034313227777663,0.8007334287378827,0.963863297025283,-0.7068480916744002,-0.39474101953029517,-0.8275734845700662,0.4114379393395813,2.0936945141976473,0.2033247557217701,-1.7912077299176177,0.35135996660142044,0.1674642559937436,0.606702675251526,-13.952068455615422,-95.07988724465517,-49.83865947946816,43.233362518230436,-10.801807565617473,-3.8993581274194886,21.9823124087498,-29.63227137775963,13.221256613938147,-0.7356250305474357,-0.32464818074086566,-3.211849410909133,4.461982042467342,-9.443536498810012,3.0023786080458263,0.08826890299087742,-0.7124165578314603,0.18895152956620276,-1.062800299266778,2.1115268815430306,-23.781400255350142
45.89699629249175,-0.7442982064978305,-0.7835939679108055,1.2956618960032338,-1.252253955930135,-0.41728512598109546,-1.5136171254545636,0.49403570262300667,-2.346382356111878,-0.15446537539368177,0.049661126851800574,-0.36252592329163735,0.046742166547715014,0.09441653243559078,-0.22164138898722507,-1.0738740574988517,0.18098454346208315,-0.09550865435306477,0.8588376762205112,18.907696834062644,-53.57556536672438,0.2542836200923766,6.7522745995669,-2.3078578882749117,4.879237216368877,-2.3418131361843764,5.3112886386310185,-1.4493363606889256,2.2160379630852804,-0.23994697767231377,0.2893054020595214,1.1162158819727483,-0.7816727020776826,2.287137661889701,-0.28777541647671945,1.5142169490819528,0.8832857540893289,2.0801370539702404,0.5074495653415169,-14.856695305596293,-47.56969428548173,-24.27896976770625,2.5099130176937123,-22.681190959290106,1.750212417491408,-10.479590040738582,2.3182567563263117,-8.366188767397787,7.692505892653731,-9.541059578210984,0.48812468029508693,-3.6822229030654894,-2.0407471311405296,-4.516801578508472,-7.3885359922715725,3.693926409497182,-1.9407459420464237,4.958385638206136,0.5723919051261679,-5.860131132451052,44.4890668354564,4.512586089619095,-2.0216791154552998,1.7042235289496532,-0.43451829813420684,-0.4467329338071575,2.1681927256708864,0.5162061621476228,-0.11204448886277962,0.24104269699123226,-1.1112581656353415,0.18750189483012325,0.9604295261871605,-0.07636218330080835,0.22261332506511589,-0.13122866626869412,0.0011111528490475031,0.2992177907111051,-0.09054141312262753,18.907696834062644,-50.64527383153691,-9.942396474109254,8.873723042418256,-2.6383211350614078,-1.7173018140479783,6.458032993740469,-4.231816342323318,1.3740147044010982,0.2555519436380005,-0.12476837229869764,-1.0460013745779912,0.6049268817191034,-1.066639295656594,1.7819028569037787,0.20407410587710073,-1.4552174947337781,0.6428218687140768,-0.12201571104435005,0.4817859234607357,-14.856695305596293,-22.945879165515862,-34.41497919445439,21.739959149150856,-9.088782239157997,3.4824835437679,2.7792710051173755,-14.920207647706807,8.421015600932098,-2.898861129621329,-1.5604039046106353,0.5298225076730709,4.358880676553941,-7.852891086229396,-1.5001410043862746,-1.7003989788660057,3.1839346530532744,-0.5298377082930577,-2.4213915485381614,0.875874561516606,-5.860131132451052
34.47992963183239,-2.283977232095199,0.5025620404364481,0.2678251238008946,-0.625122014814572,-1.2375753963719642,-0.8458105967269423,-0.27832250334578124,-1.6693113336289285,-0.5220603458778172,-0.022570301964154993,-0.24822320223775396,0.14815501292242828,0.4375534119634632,-0.4219467532704684,-0.9290635429167495,-0.07203900144254849,0.12221105405159693,0.5275672909199127,15.840660888119348,-42.79646379866685,-3.5880840101039606,5.550691452951051,-3.781177683321638,3.2834209039535343,-2.633789647488517,3.735537243500654,-2.171799313259728,2.3289707298646416,-1.059437663580418,0.116688927701734,1.0013357601056365,-0.7635715623860913,1.398578327099133,-1.1534606179379194,1.1575982776311557,-0.17986108447462157,1.8980900773153633,-0.5145154990590026,-11.801835538152186,17.809155784103467,-17.530981318336647,-4.936137075661403,-10.14924218776878,-3.1641027580055523,-3.5854440014585913,-3.0712908510048527,-5.715247154230979,2.318075230292018,-5.574712609562166,-0.8027521600891427,-2.169888696086473,-1.0104534150597884,-5.569372610000421,-4.3870887591243966,-1.160860438499248,-4.7340868016873525,-1.621570195241766,-2.7600255223325165,7.355325602370581,34.932272635663544,1.1830868496484135,-0.22523970487995948,0.8235703611252707,-0.27583221508081035,0.5631336314163782,1.1563824278128303,0.7630167413614257,0.04976764795662425,0.027338894858296214,-0.7101604025092771,0.14565893684652487,0.5373999483832141,0.2535129565554155,-0.006457982882092095,-0.1454988367474762,0.03645299687727621,0.05655150957225663,0.06470966508419196,15.840660888119348,-37.21213514855853,-11.78126312052899,7.631770813518523,-2.4472005106067467,-0.9966830539242242,5.493800715773061,-5.006819814534515,1.6654909222490897,0.21357722854304328,-0.5558172532613901,0.12504280679091795,0.04287385831511137,-1.3895360769499823,1.2265625297295992,-0.17783233230412732,-0.552097821747917,0.41605959319986696,-0.5309695130788947,0.48474621337673285,-11.801835538152186,31.827371321026206,-13.119767208728717,3.235872390160047,-4.619406925384174,4.086868867365745,-3.1445736647615696,-5.581780455724693,2.0209912048704055,-1.5425468520594365,-0.1289872041366722,2.2106118340113357,1.1788416623663631,-3.924844813872516,-2.2896042961102756,-1.144220614233023,3.3813394893252626,-0.09736302231731675,-1.8058213401798213,-0.2409526338335891,7.355325602370581
