38.41302683527226,-4.736974780577265,1.211213210852332,-0.13558778501017343,0.054255965537030715,0.13314886306109752,-0.020338077948486966,0.07198317532727572,0.35337725455678903,-0.13796994671214335,0.25888559219526797,0.18409261277846456,0.32618365348845124,0.217504674088018,-0.23672468961414572,-0.1506008484669381,-0.14465732508024898,-0.055340150571541624,0.27706217816917866,17.21573687934937,31.268887996795712,-2.1006343225065915,-2.9193920394091037,-0.13687937823627472,-4.019523679801832,0.44814787493800745,-3.469919866946049,-0.673983855047672,-1.4305603035874883,0.42921712937853407,-0.3023493104295125,0.06185501647032288,0.07861937489740045,-0.028765075343053725,-0.18418085228277836,1.3556025150812134,1.741401056477289,0.6500914926189871,-0.9422648480632161,3.3048182365555405,72.1752666566643,43.05876135975274,-5.627255288834312,9.376099137493044,-7.520799089279428,-11.696726638568899,-2.2746320206106825,-2.24875870530936,-3.3649613064705792,4.788424013313165,-0.6772823636824481,-5.148172080225514,-3.3459566558276985,-2.4915712469844022,-7.650907849077012,-7.65018498361243,-3.2266249514864054,-4.236470972388208,0.8062213536793448,47.92485209367557,40.603098482603365,-1.65783914144816,-0.5899752260973412,0.3921960133483382,0.2261613524574888,0.19813161143584024,-0.4594231037505043,0.6316993372932127,-0.18341254054156586,0.41351730343014226,-0.3776773070288124,0.18911548469334805,0.16597831232311622,-0.18646711244666214,-0.2353222355608766,0.12657169055441875,0.0678522401990409,0.019176743019712728,0.1863337781368355,17.21573687934937,30.95110016432581,4.0776633447206,-5.848003928002969,3.520611447567282,-0.5754237247722678,-0.15751184427903775,-0.5528483823261494,0.48853475566800375,-0.8320377091092268,0.39828897785596484,0.2683674924527619,0.3520219560436826,0.755084452876809,-0.7369112885746154,0.7337434288118607,-0.8032743865569749,-0.6562209245807453,0.39524874841479796,-0.3160004767814647,3.3048182365555405,42.6174824388803,39.207123209294764,8.491540215132943,-2.2911938637040308,4.379359494973353,6.570104024510805,12.34559510978828,-1.0035189119786887,4.526629662366194,-3.5718415542183077,0.07603730363608885,1.960781139707553,2.6705871972758093,0.20055556169271505,-4.334743487563307,-3.600281630632132,-0.9896859529185822,-1.8096283005017515,-2.827090802445124,47.92485209367557
41.830941301227575,-6.902868214084574,3.0614007080901926,0.1734181787625113,-0.04864645415918867,1.0139812142149842,-1.1039939271427577,-0.2836571487867743,-0.32661758700249255,-0.3276743639513908,-0.1182705585787942,0.49388598411137785,-0.3358747213692008,0.5412800978531429,-0.004933587195149247,0.5888664226201799,0.37976218272019246,0.20375569852892372,-0.0033369079727942896,17.159874465967942,53.02698748122003,8.773878447438923,-5.027243346511869,1.1234472729523097,-6.586204477706441,-2.079425845166716,-5.570275136595738,-0.3181908030120728,-2.3673297824550885,1.8277448626707824,-0.20937054649880227,-1.4470828733273309,-0.8780018041491751,-0.8632298551114623,-2.044702611703051,-0.46533457644124554,1.0690884111943975,-0.7600669664207043,-0.9772766233379939,15.075987983296848,56.43229850368527,52.33269824510399,-9.867846121325629,4.543628762032322,-6.7821354775126945,-12.823392851224426,4.74344507637956,0.9118716105588343,-0.3343939335197885,4.72322505276964,-1.680749749349107,-7.511232262095882,-4.315523900701468,-2.7864382048572853,-7.63649404077546,-9.80361357347374,-5.247769610792094,-5.2824209443092744,1.5908243123864243,54.262233288916306,45.33905323529155,-3.739992957533304,-2.4912407456599874,2.6022066682087894,-0.448700496943784,0.9914620373362082,-1.2542911298008788,0.8922488573106975,0.4353721326506943,0.5415207363040575,-0.09656566467929095,0.24208332597366833,0.5425305398180962,0.033511465324390866,0.23460905027372947,0.07656886400156315,0.2675973586880731,0.085494618338118,0.21918973757156734,17.159874465967942,44.89663421570694,14.943273460802528,-4.539120124659371,4.995364027048088,0.015713655477399335,0.16338633394950097,2.6429609738065176,0.6744102683403388,0.14544746948807763,-0.342057498809919,0.07322501150071314,0.7389040702582816,1.546124587642064,-1.0594163594264687,0.008303674653813875,-2.3863331554392087,-0.769482873335225,0.04629844063748245,-1.2204776994588682,15.075987983296848,22.116743815518014,43.77837786592823,18.302137892383698,-7.452578340860816,5.545143634211978,5.734891040630435,13.146823945147332,-4.4032036553041705,4.091842663054402,-6.415800653345025,-2.128358708657532,1.1934234310739582,-0.38410191320403797,0.8192016611814019,-6.587704846790497,-2.9116241872768933,-0.8846785295997803,-3.698654975473583,-1.6350320333902704,54.262233288916306
52.338513600692465,-4.7043452250769064,-1.1735765574711503,-0.35853045601465316,-1.9040546645157757,-0.0831933750468421,-1.2134700868243762,-0.08718859013953528,-0.021905476457314332,0.17149082659674741,0.2962890123675428,0.06012343534716935,0.6965225283659775,0.04123442453392867,-0.44471066696503314,0.15746677353010963,0.4638334492581748,0.14015767118771927,-0.053870702791442904,18.89607720431786,56.477471582915705,13.991489972397018,-4.679094030274877,3.9210068649159555,-6.4965828254892415,-4.13642858429408,-3.5570582424265456,-1.9762597337201515,-2.644656217388978,2.1241652693889925,-0.6874798742360917,-1.7577620787436075,-1.116048363493161,-0.8573183089510505,-3.0793738971111484,-1.5590214309637722,0.46424490337553204,-0.7630647640552712,-0.5216482835861549,21.38165941002267,-22.101803732210556,29.141913918303068,-1.5204558256978542,-7.318111791475426,2.6591311788485417,0.10917156998471977,14.854267443070553,3.541142098990525,1.7406169435610659,0.4446654454205876,-2.8730473050493694,-4.681395842610413,-9.419714964825257,2.2026690354548704,-0.5993026336744127,-4.978841584911098,-5.9853399206601114,-2.19194845049401,0.5412702331456118,25.64854731248939,53.710671188422175,1.4220694389547122,-2.5633444303175024,1.0474964097017536,0.2758804147719913,-0.2772895236538626,-0.3384132818883918,0.7456919551184722,-0.9088237316923093,0.5486600759211671,-0.3840493819771922,0.3386425420750292,0.35524442501403075,-0.6649120456194964,-0.1034161640722493,-0.2500640894476409,-0.36013078133584786,0.18364217956790907,0.011905560028737217,18.89607720431786,45.287074358075394,18.248419891327018,-2.2566757221082967,1.637638225974864,1.3186873325895752,2.967091078862095,4.022044494501657,-0.10616245665750812,0.9425345327752177,-1.0174585609202471,0.40395738474683074,1.1389714687901595,1.6948579841320863,-0.47538097230233123,-1.0709084378907694,-1.8118858174319241,-1.0944329266627966,-0.33509024794742004,-1.277307266665325,21.38165941002267,-38.8765409555494,13.49549070107471,20.82760577063657,-3.3041570191556247,-0.13146209375702034,6.737208554287637,-1.0541200986619064,-7.912635293217029,4.439562318194695,-10.601353215460492,-1.7241887969501044,-5.1285520204139905,-1.5817782221307302,5.042882149797378,-2.571401908661237,-0.14406205205806843,1.8286281951268142,-4.234548631701623,0.25651144184355834,25.64854731248939
57.96377719317218,-0.36635033460798283,-0.11001357824186142,0.5376071869682213,-2.2596909582897866,-0.7983929404682906,-2.208909641808411,-0.007526343445355188,-0.6426462711637035,0.6211720979688025,0.13549860885972942,-0.4774642351695533,-0.2979866860248994,-0.12597512869066851,-1.1550830067902276,-0.5373019476860847,0.08564149334773785,-0.5331225446615242,-0.046109693019507514,23.913560708513554,46.88074545557835,16.0196526525936,-6.9734641046390315,0.10599188120377079,-6.172061845714475,-3.6712603210581625,-1.0546281410160212,0.4330898895679849,-0.9907093134466378,1.943355585758125,-0.9501589032007765,-2.783952566970653,-1.481808706258053,-1.007707560967698,-2.554831350256323,-2.0888922986331635,-0.2439056723678792,-1.2845408511985206,-0.3571609741085344,21.39751429428013,-167.61656923346027,-27.585867939382545,11.92844286247633,-19.431458792247625,16.685371542002407,15.951281651798643,24.405108948000482,7.962287771557316,5.465726553160366,-8.239453007832664,0.3763645143656382,3.816492883998322,-4.214356029764019,5.58522912435974,12.980681330279316,1.7325269099075509,-4.665372413509184,4.516946756192759,1.4763145711160168,-47.23388092273,56.49762923754743,4.273843298751668,-1.8728506863169465,2.5622278286956743,0.20915864903893722,0.5175353459554421,0.8015524722216982,0.9119081625507524,0.2520167897778447,0.17491716777967037,-0.33787876380426596,0.4838039911316483,0.8444075497986909,-0.4769528255734794,-0.29712343397828334,-0.8782769971641557,-0.10289768570112723,-0.03990675493564422,-0.33669096253854947,23.913560708513554,34.84148497521002,18.881474004381506,1.5074009152415426,0.7358088879330831,1.2500925636528,1.1476322144656135,3.733117151833614,-1.4157184658213255,0.32659750147575184,-2.1017375794284416,-0.8636068080230386,0.5552589152074232,0.0931467306471514,-0.45807561612005654,-1.6577830612320725,-1.754780764757947,-0.8794541883396099,-1.0889092411408845,-0.6528630985346697,21.39751429428013,-143.18708700782548,-47.01377846414981,16.006345459712108,-4.988689291394962,-3.2673760019316096,-2.6064098514631135,-14.794957816869884,-7.08112926446743,-2.990129881004143,-4.986328649339567,-4.741317123198194,-9.304660096834784,-7.996857892076055,7.079420677908748,5.6091632501183115,8.39680661180984,1.7528850965933804,-1.3299509061524926,3.5719807794568483,-47.23388092273
58.585344680757814,-1.0094887341170518,0.45737333888092024,1.6428211433449493,-2.088513195142291,-1.0288783517443052,-1.246409341828933,-1.0542120942035096,-0.8109365120570944,0.44968945702225627,-0.2117389286420397,-0.2091133169528736,-0.25078454593028,0.12247313288439843,-1.2013369283721809,-0.3670273787956919,0.23452547129374435,-0.06843341100395328,0.03762442889945783,24.5297234630879,23.291107143511276,8.847435534067605,-2.7065095731944497,-3.287207578099718,-2.8970294063735444,1.2986508978760907,1.6993903567993693,0.7209468481575616,-1.2485620663111807,0.5937444905451565,-1.36847878460321,-1.6104080580132225,-4.329334656460789,1.1448082953124994,-0.2287677998433486,-0.3220394162783766,-0.594771862071628,-0.18364579023910976,-0.9816875561051399,12.968328737308596,-208.47403274617602,-47.151621211442745,20.46593957826738,-17.254966190529686,22.30148278656663,19.35436306975791,10.322513709862552,7.689288979893272,2.419378390611632,-13.453850811411709,6.07492342452637,6.499166885065113,-1.2899711297274687,2.469414923173223,17.58543177087995,1.0903301371881442,-4.021724199408166,2.8604840835172034,0.741119000400861,-79.16880697456733,57.66734766051312,3.459452676072864,-2.02750811682301,1.2310045460923278,0.5565754457609158,1.9186404965572708,0.5236773424890355,0.5687884563444312,0.3795323972824678,0.08808980723221227,-0.05504206509290954,0.6377408865094378,0.862468799398862,-0.16892545314889262,-0.5049102123802549,-0.30194828757868386,-0.2941167009377572,-0.08566769431711618,-0.1743795051407686,24.5297234630879,16.540404306799566,8.856308423468466,1.5425384373648585,3.998310507546972,-1.2583442257384783,2.7189694926067243,-1.6249865206706509,-2.4227185238596785,1.2971684339942837,-4.022547589565019,-0.12531099626041442,-2.1204314766378833,0.6906842703089002,1.4838594146708672,0.28108584242418533,-1.19108160792664,0.3130788304848542,-1.1544217265468302,-0.47155205632178476,12.968328737308596,-170.85561233626336,-65.42693006741949,8.027963166466215,1.1698001917240561,-1.9821338088890306,-16.39448194843139,-13.097059999151416,1.6554627257482855,-4.703169052843269,6.465818470953806,-7.089278494570694,-8.18742447904826,-7.106979689142194,7.049117597362514,12.198765334891691,9.383786209105544,0.06124341278821199,3.380025514912317,3.390352282681466,-79.16880697456733
62.147898488984076,-0.7404701332677015,-1.2408062924053591,-0.7742616803154045,-3.0424481117031683,-0.34880645796536536,-1.6148383701484899,0.4163995480292053,-0.42745672592592143,0.5049041137149173,-0.3393360396743912,-0.7634719232239271,-0.6031255373500986,-0.003193036805940963,-0.904036131619737,-0.19333265053350113,0.3724633355184681,-0.3342191859745003,-0.22766496087251187,25.041808483722985,-14.188114915807887,-2.4470283030876425,-0.049314143813917966,-4.988174901663665,-0.04329541626308675,3.1786752396475206,4.004055037791545,2.3143497918277283,-0.33251358141380427,-1.5267712518236314,0.319311165867576,0.3874865583066376,-1.3785366725473707,0.9283214049366331,3.020335004802707,-0.2175621288301679,-0.7340894128366144,1.2086969247675945,-0.009099701520492998,-4.3342871417111155,-169.19966097050138,-40.96832877508751,24.066619346241538,9.785283526322516,23.565807167850423,7.291371423864568,-7.373111057077053,-8.031631404556187,-2.5863726580965114,-12.999448777658612,7.756382199988524,7.339258195308057,0.8489468660188186,-1.8621209338516616,12.192787953139481,-3.2402023826095627,-2.9856749627439054,-1.3926393704632134,-0.6344054393251868,-66.26615243411739,60.78145748685109,4.682052426098371,-2.0054584447864623,2.878357043980044,0.03599826938815376,0.46731313446344824,0.18122213392721465,0.2728413737870552,-0.04550718109881835,-0.2790629190656859,-0.6928727271329516,0.3701636113601756,0.33549171794925625,-0.44351963897093927,-0.393535456188304,-0.7748794193118889,-0.20513677568077715,-0.3243050652898116,-0.014099279111014607,25.041808483722985,-12.323574262567881,-3.8675600373430967,1.5644455254601048,1.3206832405645526,-0.32945856632437875,-1.0157577986543704,-1.9310024270422703,-1.707876330292291,-1.5269344216235268,-1.3326773091573165,-2.0327993595947613,-2.2837245054450888,-1.9502175014843708,1.500673786041306,2.1368881595554923,1.5016680457130693,-0.5967962036123602,-0.20901127313905876,0.16263508509778601,-4.3342871417111155,-136.79109838768917,-53.00000899599635,-1.572728917977893,-8.429148253211189,4.440985850818143,-13.875477705372592,-2.9216283133849954,8.479073404462511,1.4598852085208045,18.82905893347777,-3.1376041330160573,-0.7336213261785767,0.5732677870030418,6.841551559135037,12.055065319530073,8.516172432910754,-2.5675021918961636,6.291229989120092,1.3865372815013903,-66.26615243411739
61.892006524542154,-0.09356755871324474,-1.9614349869866263,-1.3461998114226992,-2.961190790995857,0.34133883263974063,-0.6608105442546521,0.06132188820196527,-0.7537812822317957,0.5264970639962683,-0.15053305566700192,-0.602076749632255,-1.3155753742018175,0.5522475262478146,-0.6846180044719528,-0.1755375831853705,0.023036597136995685,-0.05111690327534757,-0.4539368469175107,24.81611768536744,-17.225114604479188,-0.35098015548373285,2.091800778446257,-2.1593928389151698,1.5897753530683798,2.1157851702320314,-0.9251429768990529,0.9277548050966127,-1.7640648880995786,-2.867696717525983,1.7152468034929171,-0.09389819884969564,-1.8126699452122366,-0.5906253303166045,2.925758810799312,-1.949521447271198,-1.3015253260941835,-0.5794416102797271,-0.3251194196797451,-5.336843359265373,-64.5363025896749,-8.685825322705048,14.006701945887134,22.75581597867535,16.413040244547098,-11.79938539035705,-19.25648770415209,-15.426173867963996,-3.951673158984676,-3.8676729623980917,3.291342651668892,-0.026132674126954747,7.9260306719787765,-8.918961767588764,0.23269766399351455,-4.492326631888979,-1.5587305285336281,-6.8020287192557785,-0.720252873336142,-19.47503706025371,59.83895921717013,5.6461190870155935,-1.7257713324003152,2.888587055833055,-0.2667115082718561,1.1073063283954965,-0.8407413730764755,-0.14613391242951845,-0.11147752925683596,-1.2356236754386645,-0.2692078984430566,-0.6647530063581761,0.9550444760931982,0.0603010684146672,0.0853327682448537,-0.8973036823370943,-0.1524718211035958,-0.2513695285284223,-0.3851663098459226,24.81611768536744,-16.55820219116734,-3.09052812152043,1.7287835560155291,1.9301011455211574,1.1173959931336492,-4.148454888793609,0.3055742843638918,0.8676478384521173,-0.4822840320967776,1.8309205394210935,-2.556085586752655,-1.535249060407715,-0.8369497443732494,2.069803125298244,3.1311386191612933,1.2517828818853391,-1.2051402126323154,0.9149735255078257,0.010119782859180249,-5.336843359265373,-53.99805663567545,-16.701502673266777,3.240309985658297,-15.731665035633837,7.429705736627268,-10.261521163127941,14.130683803014136,10.080439627841269,1.882339897871772,21.552562917973553,2.920391961617811,11.975946496429932,3.763126231606303,-0.7276609075594276,0.6892225160363252,5.3437849936003055,-1.7557996852379265,4.149514207271682,-0.09259714909006433,-19.47503706025371
49.216388813376064,-2.0478250738537076,1.0747335127849529,-0.46196978647978737,-1.844999868494547,0.10583608716344672,-0.4996815216997792,0.5918815612657715,-0.837480676783255,-0.18061733143001923,0.26455125530599854,-0.08723923967654379,-0.454859608162816,0.12329837709593994,0.09672503366101193,-0.7418279099063294,-0.17565877599219504,0.06256766385797019,0.19512109412873024,21.603220026518226,-17.4609741556771,0.1346961098255166,2.6606903926613854,4.434726274772755,3.3674393584897757,-0.43414174530384875,-3.4289170027053366,-3.686129791179634,-2.0261442316006946,-2.8256481990356113,1.3861694027454217,0.12742160110161183,-2.31566762887292,-1.0710512150789768,1.9642993209920874,-2.895252474441534,-1.3833664217285542,-1.7829626264098186,-1.0026477619838252,-2.5829758744915807,64.57996156856566,11.825045297339607,-0.21233277866987166,22.877768386041275,4.945478878296872,-15.783444238681726,-13.390350971217623,-16.885742103786164,-0.7332132178279682,3.8140143801248407,-3.6844290364992465,-3.902786859122012,6.3856778548633555,-5.881047560517945,-11.268264476028135,4.845313184433396,0.5141921647547087,-6.400494343778991,-2.716201564738852,29.01822853305835,49.250036327934986,1.246730074608755,-1.2414963157982415,2.393778194107587,0.45607284289313377,0.4153235307091441,0.5182606164833186,0.41543118179158167,-0.2659454577642668,0.17043525453645048,-1.247195526926573,-0.006811315157088993,-0.17698903929066256,0.15877080666539367,0.4761991554869085,0.17023472307158416,-0.472118227424388,-0.06156147439952053,-0.14998001763707947,21.603220026518226,-17.004760969651116,-1.6451122211222216,0.6279138969272609,-2.444660557659604,2.2827153796258073,-2.356394447520516,1.3070225926238448,1.178635055254032,1.9462663387816848,4.386057822817388,-1.217021579284947,-0.10414295599694934,1.1435976314897471,2.6697283081337733,2.9447232101644096,1.28187320679144,-1.4040957627291069,1.0220081273918336,-0.20043037737445712,-2.5829758744915807,57.673799399195566,14.534994796930846,0.29209983772085835,-14.198773673337186,2.8800963951372305,6.893195673958489,7.896387102873399,6.796014150545961,5.071529728050274,4.595853117849153,14.154036506713119,11.759492428948198,7.960359215037887,-5.3601191917117195,-10.50116048557471,-1.5589664396875818,5.176491127090361,0.8850611440509657,-0.7000534515347896,29.01822853305835
56.438542216322226,-0.5313013415659151,0.3455038255088927,0.40697877696955587,-1.8923496402124118,-0.19830703919269554,-2.266559254502815,-0.6780756982734863,-1.487956980678217,-0.641398179168267,0.343940825614224,-0.5941787581514131,-1.2312524831300395,-0.23608523922484426,-0.2388381056128992,-1.0675404727448767,-0.14217613599801582,-0.5565476410600521,-0.3363283084410358,23.580596012057594,-7.340614531391573,3.213660666258501,2.9418391315114656,3.379249823019746,3.604123328523572,-2.79463330482675,-4.212367475028234,-3.991900294320755,-2.3775833207100736,-0.6906535170478993,-0.2562365772076869,-1.493441916474187,0.10224615769137335,-2.314986278474078,0.4155988740587184,-1.2293575594171826,-1.0494986218924722,-2.0888303742782925,-0.8450399625415448,2.3551545735719728,67.93333791295125,-6.804602618325234,1.0980553234795667,11.723508486012838,-4.4825406082599715,-14.662226251201997,10.898464124764715,-3.0926512739090715,4.621238463799117,4.448457006736815,-4.891461125514699,-0.5998494305886513,11.413367212686314,1.5066593253752154,-10.326454569783483,13.184417047239272,4.135337920521875,1.3263465429338643,3.1455200603131575,23.125578250889898,55.153957144387505,3.631849791057457,-1.5450974033093559,2.438344543789135,0.9052361555752504,-0.12959214596238144,0.5079452433929295,0.9313174715682266,0.24860951956680322,0.7788009901416908,-1.0559234585724262,0.05860381956421268,0.7002343058321967,0.564830886682063,0.6257917913627855,-0.1486139178277508,-0.7631960813821095,0.24044727299165114,-0.10137924444814606,23.580596012057594,-8.11803065749654,-0.6056668212753609,3.630959244460429,-1.984850111157868,1.1504216696000629,-1.741472764524174,3.8213428710033606,1.1742455972877943,0.501738002727564,3.894366303434406,0.926996094393584,2.7777509968530136,1.0253398196249928,0.5355016998449198,0.22177957513788926,1.5907083083343274,-0.16117123257573573,0.30482567682356465,-0.33631789963069536,2.3551545735719728,73.62762379947443,-3.523473114085422,-2.4405513569781507,-16.06416600097075,0.2008276254628676,18.95017940052164,3.534517100140918,3.6820122399920847,0.44446849319301274,-10.565409111129203,9.094808429094524,9.151626563437524,-0.07371164840459343,-8.962942268467526,-15.330803385145305,-0.9383514636402066,11.113660808126058,-2.296942944513914,-1.1588463948533871,23.125578250889898
56.14414356525549,-0.454255186928608,-1.063930502322426,0.5665121628748455,-1.893149007850003,-0.29605439470107164,-2.526422516377077,-1.0569665543228859,-1.0734409925030581,-0.3239723642206207,0.10651172105770668,-0.7037101184135421,-1.8031207973224475,-0.14455226160909995,-0.14477642055322004,-1.1949574429745151,-0.23661350877830323,-0.9729851302870574,-0.7877931111026619,24.368081383132118,13.159615831931141,1.6831739347110433,-0.5804997096814581,3.6813879603895145,1.4222700351577533,-2.257837642163951,-1.0475081987526762,-3.6686937103566697,-0.3923609740225409,-0.7082856620002529,-0.5371616620317452,-0.8641350124421228,0.8568442034325021,-1.1500219012436026,-1.3587172648410628,1.845012519459522,-0.6030066825601157,-1.2368558651226185,-1.1072402124590193,6.328828158399386,23.162441747129236,-27.348931564984973,16.864084090998272,3.357539421888004,-11.339198254862033,-8.41354669806346,23.39705121427934,14.310890472654716,4.33461184418943,4.018618570467599,-0.8078958573366339,2.174669844967079,12.051155300184625,6.435164814255267,-4.989123581162032,12.805755338933327,6.309295826827287,7.398123269335452,7.027454336305842,-2.16648366959744,54.62157803841684,4.866630963516329,-1.7818384608683115,1.8811480211722018,0.5913821272775042,-0.09243485211787084,0.1603901220044346,0.3234332094151986,0.7475824638802044,0.9067536595528303,-0.9080257367107403,-0.04358627959949346,1.0346956188246306,0.6390796059622494,0.8085966373349349,-0.5082876981708406,-0.6018225269060737,-0.05920940235393157,-0.25620800049713144,24.368081383132118,12.293239670194502,2.1575067109997916,0.7594076000980841,-3.8212279677645276,1.0940767930110296,1.2273489761901573,0.2593068310746949,1.536831865562851,0.5168194249894393,-0.06647363223939617,3.3026780531886786,1.4395216803986457,1.0988173240354515,-0.41223509708789163,-1.659012561220161,0.5527221126447843,1.4694648699045305,0.5385932232285546,-0.014172799424670979,6.328828158399386,43.432626040419834,-31.323128401793927,-10.134541330469668,-4.496787674960075,-0.6107291897393234,20.588747780099688,5.041759508189709,5.717748791253165,-5.0257491789594155,-16.507827270510596,-0.5310456687936829,2.1498794336848723,-6.294292474587696,-7.762341128302131,-10.595056270880082,-2.3694052652950237,8.89718655417569,-2.5766020363045268,0.7657631838871447,-2.16648366959744
54.757821882906654,0.7164778309534561,0.5788165863227959,-0.1708158745901427,-1.135054557056343,-0.8550325788413753,-1.7536237844301206,-1.1102042011640836,-1.824592784726931,0.25284782186761934,-0.19963157714669943,-1.0405622685008493,-0.5903217007763151,-0.47132029363670447,-0.35606784033547756,-0.563651596359869,-0.47123534741618633,-0.5777556933419801,-0.384999725572587,24.61126429384648,1.4312593581923139,-4.527520377089113,4.261423491357462,4.0790305612828694,0.3210897106044053,-4.303480006938916,3.3333846835069743,-0.6272888722694052,-0.2703372849890968,-1.7021494826752546,0.23118177312415122,0.10195539262784603,2.30775774497821,0.20218967545331612,-0.5759601811758546,2.2725545793979096,0.3759637645825351,-0.18932171945639498,1.2999368357144305,1.7700437497340928,-59.710898088247525,-38.26208278138989,0.8681010857502933,-12.910518315898571,-7.376346890352824,11.331597270707679,16.50672955324132,16.543137185634595,6.814573953194752,5.87424489246721,3.506385417554391,8.282042554590547,4.037062725045677,9.792589425801113,2.8986213029324284,4.429329794352148,5.738747581016036,10.516790752568475,6.148039215282619,-47.46692860655014,53.09417303318093,3.5333352319241262,0.35987936236493434,2.1524770867218135,0.24084468433599016,0.4904491375469169,1.248865309664647,0.48698787240257024,-0.3673724887152896,0.34340027377034854,0.024705253645818992,0.7425099742895329,0.861872056848048,0.08789751868869922,0.030023814889785116,0.23731168245128176,-0.16820528765062082,-0.10013272613943447,-0.5002112682312443,24.61126429384648,5.606609388647065,-6.753574144624148,0.44276102594104216,-5.413698149911756,1.812129099172472,3.5347630996118764,2.5966907152089256,2.52955555329375,0.45467367139585146,-1.225518288615116,-0.26853118844220614,2.26873190311325,-0.8514154148483983,-0.8706863063246861,-2.2323951877190735,1.1471826971385637,2.914909875113895,0.008209505332508193,-0.6624322035424064,1.7700437497340928,-35.64280857716011,-29.754567472525764,-15.386454551808406,6.837427905535056,-7.899696203250186,4.080876966221622,-9.275091236613658,-5.447748164649515,-4.557226658806453,-11.838853537221707,-5.521603202699888,-7.143362231901753,-6.429120172915825,-0.8627573009663365,1.8191076761516642,-3.781744551725163,-0.21489489879869672,-3.2628135001983205,3.0319124081982265,-47.46692860655014
56.63655689604942,-1.8301276927578716,0.6678272775372722,1.6676215194948192,-1.5125123924937047,-0.694719964094189,-1.2799033561124644,-1.0264010424672647,-0.8653432617701684,-0.9818831629480889,0.26775662567058767,-0.29611499072288705,-0.3469028976234272,-0.33409504631993125,-0.5240187313982303,-0.07126608836907233,-0.3126325115631676,-0.545256242562375,-0.3341633035350038,24.252299964823475,-10.265690226904425,-9.669179150993163,10.432940258237522,5.763605616585195,-0.6606429599816575,-3.8864917432794956,4.496732525166729,1.7870097341220483,-0.9124613273664677,-0.31059093098813406,0.7385122989111856,0.4170578690341349,2.607154227575975,0.8879432150849598,-0.034482941971642145,1.7566691256175833,1.0585502984475859,0.9663446808469582,1.4385910070411083,-3.373662297371361,-63.12258983591936,-15.7519503355576,-15.174163928005324,-34.4382447465945,2.380140428407183,18.57999748544745,-1.3050651672443645,10.185662489528209,6.256233268715764,14.153221541129303,2.562753631534211,5.54767068650618,-0.6802887641498612,4.775780696354936,4.343217051083761,-4.966814731413111,2.3132365027244415,8.822926730473569,1.485365424645949,-47.14816057300827,56.426548218635524,2.3747407096753164,-1.8142808985863446,0.626097938758984,1.3353069750182787,0.7189773770495735,0.27745399888480726,1.4060119141558354,0.30045525887149926,0.3548987966024235,-0.1361708564413564,0.37099644767957374,0.29160074721913753,0.19111994211812977,-0.055423136886671776,0.25363297925446004,-0.0348811893378671,0.3780251367802996,0.04234959454213416,24.252299964823475,-2.150767972513002,-14.232722760344792,-2.8452576590478795,-2.9786303757626973,1.646497069969941,5.299861510461302,4.440228424615917,3.359854472877636,-0.543076085032167,-1.3079135164131501,-0.8847807722638934,1.2253063077153687,-1.0651709885674054,-0.5083482529324892,-1.125717543847151,0.3189333797418099,1.5064569605139233,-0.11798480501490172,0.34550836652497074,-3.373662297371361,-54.12855325009758,-8.991513541525809,3.052557804994543,20.288011645409824,-17.09799185612616,-13.158560748115077,-14.363852221132625,-14.572101869076798,-8.551532901240085,-1.1192656955452764,-2.607598877512845,-6.826066599926316,-2.7661396363542305,0.3242148371934719,8.26511817590948,-5.187529153417161,-8.577855538409612,-4.524923174346713,2.088264778608247,-47.14816057300827
56.90796523002142,-2.1071252771958395,1.6103366812577748,1.8959393793010038,-1.9221230925883583,-2.150714257965595,-1.2231264928816339,-1.0070028903359995,-1.7271744885392102,-1.1635175211421602,0.3789092598698591,-0.7469986256828176,-0.8054825604904448,-0.040219009142770545,-0.33719704077832136,-0.4931088603486433,0.08381524768568394,-0.8650729446505907,0.08682520563235041,24.523508596078962,-25.483410546097552,-10.24120418158434,-2.1308303095728776,-4.11711816302738,0.9574063809168654,3.685492381084861,1.2688769396327237,1.5518165762571838,1.2897538325592657,2.0476215636796464,0.8591191510980432,2.006982920082957,1.2456225081424757,1.5623258762621972,1.2027923640902223,1.0294790346798606,0.9890966781116948,2.0679647290211576,0.9560640353497007,-16.527064501817723,33.607639055717286,23.77710081645123,-45.52630676161386,-42.40095374637551,0.4393509282098238,25.743127911697446,-19.54132623818817,0.6787678443599177,9.667492987455722,16.529109760326193,-1.076976567442573,1.2046765659146634,-6.5296968188016,-1.325776479440774,-2.0273896104605864,-8.159300044743247,-3.0102310043633773,3.312372995932671,-6.137009459998728,-6.718000303615291,57.0547767486017,1.5010078456658893,-1.3074956714798183,0.359020510039866,1.439338281291099,1.2320832892598346,1.747758662557206,1.6548058958447833,0.6995099577690815,0.4419692773093362,-1.5761164929282212,0.9856784074813039,0.646074034210744,0.3534675654417798,-0.058395915385947905,0.04401709202888071,0.41078818739073464,0.025934756090789657,-0.581874143738982,24.523508596078962,-18.717431124722843,-7.2878358218659525,-2.2599354018707913,1.0125650456087447,-3.075636570504486,-1.7372905485489354,-2.90666354407408,-2.461139788694356,-1.2469275716648593,-1.4043405230895707,0.25992390576992586,-0.6868224327562245,-1.107226110531491,0.15217962728405032,0.8646859045272164,-0.18326960107676693,-0.2871147272797805,-0.9982920591538675,0.9997977214935969,-16.527064501817723,10.832103543740956,45.83554787669702,7.577288896666214,28.31396749551901,-17.5081170447393,-24.936489492369258,-25.566513915448844,-19.67223812317083,-6.254413645128347,1.9366091245430477,8.473426870697041,-8.798417090464719,2.741760655178382,0.2677952326468638,5.027555304590319,-5.871121638686183,-13.211516639571077,-1.7938182898527923,0.827760952771922,-6.718000303615291
49.936226778245896,-3.8770432083505417,3.6367795793288455,2.41493734422187,-1.8299362200748241,-1.5914594267787097,-0.5433048995679552,-0.21506234267590374,-1.5783808042801524,0.22891484179020205,0.18649745200502021,-0.6419630053054906,-0.39196325367739515,0.08386870368641297,-0.17145329131761922,-0.3518942481713363,0.015136342894554566,-0.3461541642092729,-0.30441007318457647,22.725128083330198,-4.944344133883604,-3.3359593308201436,-4.971454773218951,-9.439660050752611,2.2941819142051147,3.0376749065478843,-0.6677869104377332,0.3345848101441411,1.9557101015611598,4.493439585386948,0.4302464647484143,0.9571865670834114,1.0477674397754386,0.5578003465294248,-0.07648501193222046,-0.016857073888008944,0.24704511203752522,2.0459642758753898,-0.19262109995367993,-8.096698002328843,112.46041155291883,35.89185303765552,-39.77140388992524,-26.390346035167028,1.4479968916917154,12.650718846227358,-17.77483668685582,-4.64085222360624,8.692065264455772,3.808543349473906,-2.942253926144906,-2.507543376130636,-7.998930793658839,-4.531444615279425,-6.623254265030713,-7.252521755648573,-4.810821108312261,-5.564514926048275,-4.751282431911902,36.095237863564854,51.56589219444996,-1.2335667235269492,-2.370779773469875,1.288561121631827,0.8153838637849202,2.186678827256321,2.131057657866114,1.41945143413291,-0.05739680187806462,0.20351239957676137,-0.5500052495556669,0.44748265766230544,0.6100091358595798,0.25212045611946454,0.28994773054922596,-0.25217371308873515,-0.13809078416978982,-0.1812355459764945,-0.042622379480777184,22.725128083330198,-2.6090166981693343,-2.0711192211422103,3.6370347165012724,3.109646257180134,-5.011036300213572,-2.7159045737869754,-4.170942149850115,-3.253871397981495,-2.908146404100248,-0.536695362774807,1.7346510673261901,-0.49573445162977503,-0.15634714630011737,-0.7615606452955239,0.9250059806114339,-1.375816314956131,-1.2184505981034381,-1.2206175817016143,0.19884462736145092,-8.096698002328843,82.88048890758374,51.835007565187766,13.265285513345837,12.182574583673231,-6.4997131801812,-19.871000087644187,-18.97640669177494,-11.245788779474905,2.5355416946918945,3.588482323910917,4.397021142334069,-3.08386655329705,4.332201967362841,-0.019313479140339096,-4.297675361739417,-1.2082538033188306,-4.950526662861673,1.17732259274401,-3.3582089644250814,36.095237863564854
45.36628166875964,-3.380666502042379,-1.9710747193594296,-2.603032868467358,-0.49763945280735067,1.4360833430433155,-1.4874845428860133,-0.7399652629311722,-0.8231970971923062,0.671259601338297,0.27055758523510587,0.13585319883193092,0.05501973132190674,0.10086076949122202,0.06904562166932804,0.09140200088119332,-0.14057143558920004,0.35667563199204766,0.07815567692704972,17.11131798368426,15.574405839540546,4.194420121049994,-10.799532373721231,-9.519813478235978,-0.9366472623840689,5.106000623996117,-3.85501871778488,0.43830751189950723,3.12932349427495,4.160390139300301,-0.15317359351574966,0.4342293265605395,-0.1773972705223219,-0.2956271299893034,-1.5686539514258586,-0.9203323432209178,-0.7233991443941232,0.9270549809957247,-0.9529618407875398,0.7725614504051883,73.36987958038819,10.728895872242,20.308486681297033,22.68884269665157,-0.12157037179330121,-9.515599700226279,3.5804630832507605,0.38605505085488323,1.769780685281369,-9.114003496093433,-2.9762041290625336,-3.023250209476247,-4.770632589437579,-3.8856617529718394,-5.368069948277594,-2.195341471943875,-0.4272381425807257,-9.201607833115489,-1.3922702079087732,51.93596621523794,46.16578548291229,1.6935710375922826,-0.4918389011286961,2.3275280180897644,-1.0370120452995737,-1.1120468618309245,-1.1312682918630466,-0.750301781933145,-0.8119102441729373,-0.28307678926160573,0.36158440308793716,0.36085565292005484,0.14905480726208142,0.133487075330057,0.28968133343544444,0.3985802280844959,-0.2601578538745497,-0.3196484143379712,0.04217357952700984,17.11131798368426,11.25178552334571,10.083398024123072,0.9902592864995734,5.699147281376334,-3.6131627381054225,-4.925598604448615,-5.880980955282482,-3.9997005728620985,-1.4899979916342816,-0.6428228031627636,2.658466327111273,-1.2699562624465375,0.0650529916071485,-0.6101824938197369,-0.7439792976532065,-0.9410032748555575,-2.328394665362963,-0.3373832512505317,-0.1752198575746855,0.7725614504051883,68.22177167715137,-2.8865009873666736,-1.1152570703669773,-9.220133384277974,12.57266286669871,9.937775242579477,7.801003687787627,8.83058954932766,9.698191079213416,4.831897469915182,-4.197448196337906,0.11698917905215112,3.822607782687638,1.1687095751526324,-8.790968391452807,2.4384153460958853,3.526461993677727,4.359583209445536,-1.513980556084894,51.93596621523794
59.93522660973851,-2.8613367457446737,-0.027194408763600908,-0.802722381997306,-1.0776632552816512,-0.9692813113247021,-1.4816177863291413,-0.9926274510976079,-0.33947690666304053,0.34744806850515664,0.5370556953621715,-0.2589476194385556,-0.2532703236418836,-0.12573476237221515,-0.7653825685881652,-0.3719500559279951,-0.07691661390696303,-0.13314839294599934,-0.4261390891591934,23.910046269856405,25.435607356735943,1.0589352165174288,-5.118410654650921,-4.730219743394019,1.0103823075146674,1.7286135583785551,-1.828737989552379,0.02333815449776644,2.5137864740035765,0.5372964559384918,-0.226468291854371,-0.05033702226997416,-0.6808012799210457,-0.44880258942900264,-1.9603869167289585,-0.8946860632563138,-0.4906123444556356,-1.2454579081644632,0.01746272915377789,6.024143658299611,-35.50535993541041,-18.679229026730727,40.85821980248159,39.95067511275185,3.186735013868698,-11.501943179441113,12.96026263156497,4.29119654276511,-6.250522231180879,-13.422244381934082,-3.52732637894536,3.994583422888926,-1.2429609740770662,-1.0984588161768407,2.213219494623238,4.357453079521806,2.8691051841099426,-5.765510416278399,1.7255223553793584,7.101189845427271,60.56653550239556,1.2428995031410146,-0.40359192551126943,1.196667313324102,0.06796398820682903,0.5330901657014655,-0.36850359883012374,0.9816300540540519,-0.3979078422076152,0.449074148500491,-0.23769577078634052,0.43554059914531074,0.46193678754341017,-0.07967013547377078,0.233041229008349,-0.6115567462514131,-0.308633467756944,-0.05949206885612712,-0.17025195341013633,23.910046269856405,24.30486815724459,2.999164099254579,2.162287753439857,0.7693657981901239,-1.3345964363201905,-3.041484505410952,-3.5608162156673537,-1.4937595247759454,0.8462299722984914,0.10556878557890492,0.11445858823246735,-0.025060054087999717,0.5147904440446953,-0.13682393195076514,-2.470222623626648,0.09367331497178988,0.051833598124677804,0.1402220874054354,-0.7460873261534288,6.024143658299611,-18.510655139445646,-37.28480641446027,-13.806953616385664,-15.397651298886096,10.681451868388777,19.212591730944194,17.941710911528432,10.092274765582063,12.12824509545998,2.1825724022969233,-4.576576458408359,-1.1568285334664812,-0.9641544269885305,3.4159294376909126,-4.33700609888702,6.7871722535084515,6.871365545254568,3.7261193030982405,3.3667004561443012,7.101189845427271
59.695668234045385,-0.5177684479737765,-1.957442511556617,-1.255137496707397,-2.7665832061769793,0.09119699630545952,-2.6814794083934808,-0.39906658017539387,-0.781964690210291,0.8574109351505128,0.12704334143340867,-0.7213916553360153,-0.9635276607693615,-0.08323084110810819,-0.8245593778559777,-0.9432471280807728,-0.23185784611061888,-0.5080483397843651,-0.328791206774111,24.317330228018452,-3.9884465012132324,-7.074203519132127,8.096890971791625,4.87258303161911,1.5385209983654384,-0.41777679494361397,3.639584020815427,1.9004674295078128,1.8956059889787418,-0.531308619642842,-0.300625535131831,0.9991196100215265,-0.27540942672807134,0.12279646775549136,-0.5392916576502058,0.3707227933920756,1.1443063350679124,-0.8871280955166607,0.15488701684158523,2.3804977754870187,-73.87925264950003,-11.92811607002334,34.72123281502925,38.314006799408425,6.879453718075018,-19.308504369233194,9.380853616085009,-0.5860340470606276,-10.332944928802462,-12.125948808984422,-1.3575861539247622,4.577882926120239,2.9991832672887617,0.011830959280656694,5.562836149035466,3.036710327494628,3.3367194354958727,-0.07792264646238056,-0.4836927749851625,-10.84420735222534,58.18034785630175,5.3044737443934435,-1.7959599522093344,3.2545410548818956,0.006466850027433413,-0.40392168218704505,0.05704881326408362,-0.1261337005468368,0.12476648211671604,-0.0022229987339104085,-0.4030380687572479,0.3566713055165325,0.7526367041724031,0.21427161432852904,-0.40193231344211267,-0.24679302881755905,-0.6681378034971697,-0.20362860809465988,-0.6056692855616452,24.317330228018452,1.9365122861458772,-11.266227975747684,-2.080190455523572,-2.427361417035237,1.372474930898178,3.394387038552792,0.6887753327283535,1.0740990493667,1.7249797797424788,0.6904761376911646,-1.0287039528521658,-0.8636650420010366,0.4685089856399216,0.42416605818798714,-1.8331839890801467,0.3011932570072151,0.840974171445025,0.5010797110153757,0.7152734202085897,2.3804977754870187,-61.910686674700706,-28.50031791470511,-6.186912184870736,-19.013953699932102,5.854315948872612,19.195555293386818,20.95454134593942,13.401575381212414,6.597736903243157,5.228987025438839,-1.9362170757259751,-1.4228668528674735,-2.492391998111333,2.661857119897715,6.049590149338698,-0.3106420800679697,5.609253394716886,0.9091529670428011,5.375752621466173,-10.84420735222534
55.489337173970995,-4.7790246271261285,1.0707581481019788,-0.6241202133551202,-0.19027318963267614,-0.054709474220504095,-0.860676461590411,-0.37384260680490966,-0.3421037707693717,0.40448740285334006,0.1450204279786833,-0.2385090893565045,-0.22309019759228388,-0.04848678572842324,-0.7048442499194456,-0.28191271531851014,-0.18452662407255382,-0.5365211324032981,-0.09220526675710716,22.134193790312906,-12.91559793121192,-7.041262024094447,6.0094434552654175,3.3394792506957724,2.64996529076471,0.0485920262971935,2.0650430360445986,1.7491031227225435,-0.5526922613811758,0.12816677389147824,-1.259690753916225,2.672033136797381,0.47529303083978025,-0.20064086043139295,0.5154435884915722,1.516341897566397,0.7477449643614789,0.07030060599238297,0.11621564892143676,-5.3500712421561225,-28.418562814197735,39.43490198885603,-13.446913739101698,14.358510595274288,-12.14135006014631,-10.560725467163648,-9.473557939092768,-4.9765522257339185,-13.05551131226242,-8.239114144974842,0.21176436416858202,-0.38033280122136537,-4.12008159428175,-0.8799897863238719,4.184531023729481,-6.081209365341838,-0.0990765473562345,1.895303400514602,-5.348263205495948,1.651721304590108,57.711045086377524,-1.53943602730024,-0.6375753712096275,1.2097375023308232,-0.3736538020386786,0.3118739847289054,-0.24350900253112817,0.3604876310517833,-0.1026201788736456,0.11586989710236617,-0.11046471951684067,0.43704480432006676,0.5656134094267666,0.14331622064484595,-0.5993567578253194,0.11734957284818726,0.09181598970385907,-0.16913440539543245,-0.09174461001316403,22.134193790312906,-7.206707649292241,-10.038709428436967,-1.7312172206799876,-0.525925043057129,-2.163129200520984,2.730398470184419,1.5150351619086826,-0.7446338263048626,1.5484872579413618,-0.11205863205330946,1.2899479781037302,-1.277294328585766,-0.8401523568107692,0.4292297975460704,-0.698894723118606,1.3966715458667083,0.632547756119852,0.22321058871455213,1.436948216541964,-5.3500712421561225,-60.746241596898464,51.760382565319546,-4.694403793939265,0.8351361642321358,4.703738549212014,2.6580975902367476,11.637313544143487,4.560357923247425,2.590072131212436,4.036118238764514,-3.376074995561928,-4.235097389123348,-0.4254514844440678,2.238719786016211,13.871532836235325,-5.315368590760071,-4.085277021159626,0.04800400177461439,2.4640297770014827,1.651721304590108
45.59500313603678,-5.958924320917715,1.5283944881035931,-0.25604243697889606,-0.17207398644911898,0.7699090270194096,0.021836805152334993,-0.09912397032361486,0.1259193293502303,0.37708562434278425,0.31626245136093445,0.6251937388016686,-0.0977750450669288,0.12363501504707175,-0.23086936649013468,0.23174472727248863,0.48538673702755153,0.1147979539623667,-0.011367725853200783,19.189493111199518,-2.1896178412355383,2.2804607063442632,0.9971569788352248,5.602340424423339,1.6832881050284185,-3.7082407945797997,-1.1114824225408642,-0.7175919957431951,-0.5039096024339047,-1.6980194241684043,-0.3153554394472038,1.3619857100869814,0.744147207741646,-0.4137925148477799,-0.02515112951839127,-0.6074911598849593,0.32578191894525577,0.23021440068611132,-1.2441846881639504,1.0375652245203852,78.7237372561909,70.50013208440164,-53.79304856400862,-17.4321435339471,-22.60554537505213,1.9790137674067558,-15.27142612309298,-8.846920412451466,-10.591625755211862,-2.8736624354412608,-0.5728656578214371,-9.958362046570208,-9.838362619577694,-0.2675441880603291,1.235295728094477,-9.047291453761343,-5.651353373519482,-2.4638842429049097,-2.9351717570916924,25.439278563128394,48.56178683399425,-2.548375185060932,-1.4149424060413032,1.1073122150687853,-0.12996568472773085,0.6957547479317516,-0.8493779236483676,0.0973189542513393,-0.09706418596868271,0.22876340528303896,-0.21638309897289565,-0.07172897066784145,0.331470989140364,0.2340769263647422,-0.2107116676877947,0.18472369703830327,-0.03989549688243876,-0.014287390560630664,0.36055661793281857,19.189493111199518,-3.947769910736227,2.352175830616289,-0.1564443188758724,-3.16018414796609,-0.27173838156871977,1.786237554447108,2.05836402889921,2.326524268508567,1.4577418171658616,2.080484418372763,1.102613094312654,-1.355272551631391,-0.5036716070207858,0.43771920138070275,1.3951518267621217,-1.7478234303370015,0.18587495299789292,0.0756989816163105,1.4211386818107048,1.0375652245203852,19.712163316625926,101.06967614210836,5.608256707885643,12.001177283887467,2.8918453419821506,-12.965254994005114,-2.5733050211058712,-7.958888303000201,-3.786547208205079,-3.0708971539659284,-5.988922735126221,-0.09509950673795231,2.6683529438604756,2.1439146151388377,7.29913944628686,-5.182586338356526,-3.656526569162308,-1.6072811585716986,-5.000645380874003,25.439278563128394
60.52776019313685,-3.661389821319928,1.234608819039003,0.36746971348632984,-1.0499352197632263,-1.2843413135330803,-1.80075437507975,-0.2680471946622256,-1.069765047133889,0.65169411085476,-0.18739923655970392,0.40377625189129285,-0.44850011607320983,-0.3294881206655016,-0.8045057800253006,-0.2012750348214274,-0.0616664232953088,-0.4094212368231738,-0.5267430051589301,23.79892920718781,10.326911619648229,16.09905409820725,-8.29200052772357,2.0841568578410103,-5.1326762758899775,-1.9065171753851755,-4.189983737420617,-1.1559082457436887,-2.8142113864213103,-2.998905214286148,-0.1132211576123936,-0.4219364729133843,-3.2506203942967793,-0.620502991289303,-0.12519166893012512,-3.4461837692887154,-0.13088841007242458,-0.8564774560085482,-1.9571330210914282,7.521470586077982,61.7531566593478,41.63985275232165,-45.146606281450254,-29.4472705406331,-19.653196480847583,17.372975883539773,1.103736959906425,-1.0773994120176047,-0.2029492067480776,3.86047758000561,-2.031839800581887,-14.85097805378495,-7.729197160493749,5.051352284756421,0.29141572024781426,-1.5203541783220984,-4.225980863439243,-2.2020538952415456,3.366363631663438,17.766486324739944,61.77246218890319,0.14996925364971858,-1.4597093089352788,2.0073192117020926,-0.9453843446760808,1.3484511857342767,0.8422273505804432,0.49758681350253253,0.48725112080576505,0.2775516304653616,0.31395073337334845,0.01109357294461466,0.25244346665404516,0.12504210728115783,-0.21201645542811298,-0.12897933624599012,-0.30648074300438344,-0.04255738326586567,0.06510920311361379,23.79892920718781,-3.1261115427635886,22.070153478732365,-1.1467872118536255,1.5533452457716184,1.8393794945192652,-0.908360968239736,1.5730462083189616,0.16020682727683333,2.274885019193018,1.4286237646203626,-2.6392374331309068,-1.8968049938344964,0.7881549981530152,0.9757593894609826,2.8513758865698806,-1.5395026367361377,-1.6632553032315691,0.3769144529922752,0.13299493154625508,7.521470586077982,24.03386566615051,67.01504799938209,2.087777191213129,14.682480975873444,1.9145274479498642,-12.297951486934842,-14.978915709423447,-12.125867982448588,-10.3960921091275,-11.622022762943953,-7.581041302396899,3.556804538796258,5.646691151235207,-1.0087336501393236,-3.5665249345425343,-1.7533575849298022,0.2586275098819397,-1.4280957700621255,-7.9525677770778636,17.766486324739944
56.08164780384469,0.06364450229525476,-1.5407893576075167,1.0502377520835475,-1.495108138597495,-1.1481074813281522,-2.7671816629192434,-0.8107602841183335,-0.6700888532449847,-0.11520213093439935,0.1355754539790004,-0.3615414709164233,-0.4787490976580755,-0.14962643106345896,-0.7873041775622458,-1.2873115482717938,-0.1303969870266135,-0.45649108723137166,-0.7336146816551747,24.003745131841193,23.752167351452144,16.605704461917846,-11.648911318718193,-3.21582753892706,-5.872930905833282,1.5492846896009485,-0.8686156539984546,-1.0704870924848038,-2.2694473261071213,-0.40460384327465926,-1.1602931621944652,-2.4330766084081956,-3.331634023948639,0.19895543915428182,0.39867383510788135,-1.6716601000610392,-1.2420536644748772,-1.65568118596865,-0.2760245266978285,8.664366142934163,24.66610878174785,-22.168122780261346,-6.020389314154868,-32.67706265059206,-4.7891008016170025,19.559048448548715,10.822281401425965,8.710946525908671,5.8660018127951465,14.187299917500194,-6.573267700685083,-10.22424606995142,2.2822126951412876,5.162457392878672,-2.2758060488777847,12.390082199790777,-2.936057252614987,0.3112345016726312,8.119855281222062,-10.371435265288344,54.175754349670804,5.635859019226609,-1.4631151427844449,1.2756581262132158,0.15646293056177463,-0.02909150546617667,0.543362651157903,0.968578842482072,0.5587017408599415,0.9571783437709733,-0.06393924804601547,-0.107989354611437,0.657385872048371,0.44226827170072447,0.10197344874034497,-0.9975402894389711,-0.37605196064410196,-0.22906762835128802,0.026473148780318256,24.003745131841193,9.752295891194514,23.21417864172183,0.43172289400606845,2.5335920804941234,0.8171432543691288,-1.2688607392376867,-0.6268827010297215,-3.3577654289242482,-0.5314927049858889,-1.6153136376286357,-2.0585726147979577,-0.6014594627456475,0.9885317800882671,1.22285856979995,0.04125042921904032,-0.8220128208696247,0.16061241653958147,-0.3794128004093351,-1.1330726277305572,8.664366142934163,39.885164192668135,-20.34810700087145,-0.6616237816344634,17.772187260023937,-9.81794963364716,-4.098638364073304,-14.2064659730477,-11.978146117202392,-11.971649383635238,-18.443582545731726,3.8947794000113705,8.66560323131828,1.098039446763475,-7.821945762678628,-14.120673748269589,7.107542245493601,2.7045735746044213,-1.198690742259367,-5.697215493169902,-10.371435265288344
55.409470649891155,0.2592180103710122,-1.5406501929042506,-0.23518187896583687,-2.0950942515034767,-0.04895980773931097,-1.5611590962649302,-0.5959785727793947,-1.3512053726824194,-0.8488213266511422,0.17875334786345354,0.0438902790458493,-1.6579133684451002,-0.22210755831780937,-0.4892226788484526,-1.2454764621907266,0.057921032918316406,-0.679115339810703,-0.7096482994018343,23.48780307303106,4.99008780211814,6.616042474279588,-10.240825536683,-6.975072037945578,-3.39852344422823,6.106317225976707,2.4954781317266064,1.3868509650845455,0.22860199708139373,1.4116977734474108,-1.8531417928335379,-2.855924730847505,-1.3514149335619519,2.0186613049457867,0.44923896630234306,1.2882492784933877,-0.5813276756480761,-0.08777854830100917,1.315317384020095,-0.2802285389930397,-43.32633873479763,-83.89261484912831,51.561885024920926,-9.177059097168913,22.76554342284131,-1.641040293111741,7.787795973052759,7.200105473117045,12.827506281525721,14.665189727013228,-4.195520412533751,-0.8658764251197488,17.979853663618666,0.9040775582378091,-5.381988895840934,13.775012916206801,-0.7793008336312224,4.9944316036297955,6.5362638886030915,-29.822125921636772,53.34100555715745,5.403523609922172,-1.1868826087648694,1.9022371696444171,0.40282163757620126,0.22011662730800152,-0.15335618577478272,0.004961100574833566,0.7069393673085513,0.46597431016858026,-1.506305361545734,-0.4932275006253837,0.7967334670492707,0.5271002427073461,0.6699886272455511,-0.06126975228124443,-0.5717334300310939,0.12671293999603384,0.14179459033621367,23.48780307303106,-2.039807717182356,13.037813165701312,-0.9814122315143936,3.968427330649486,-1.750306294514976,-1.8910281264406046,-4.631799327838575,-3.965422968812749,-2.6549415355465125,-4.075170985524586,-0.9199798185394139,0.12420139636949123,1.237091525252308,-0.467706711733215,-1.8052064916183326,0.05708744866811877,0.7744927792899776,-0.2632814053036878,-1.262230017226337,-0.2802285389930397,28.250096412855328,-118.37454701603488,5.193133917455606,0.24320263103145523,-11.457601967267138,5.872686037086194,-1.0287954241821615,6.082351564422508,-6.979384514086343,-5.09696582226397,17.407558623239616,11.205528523470768,-4.855977259283564,-10.135428932300485,-14.00913237667211,4.614184225238387,3.914218431788723,-1.5151254364785502,-0.140088069773473,-29.822125921636772
60.0302315833857,0.3836239941957378,-2.908431665283877,-1.5626304102163426,-2.585959923495635,0.9268606189229991,-0.5322686612543022,-0.4704018275074322,-0.8680841709290652,0.9250414214584057,-0.4469604219478769,-0.4114015789797074,-1.1588854308553032,0.16942245345036655,-0.189173999524618,-0.08198460907338134,-0.19543382331669967,-0.5781955875281937,-0.05792734208066297,23.677239249744975,12.811848458403432,-4.062094871822579,-1.0386251737624943,-6.2065764529794,-1.5783387116109564,2.064866229013616,0.956927343598506,2.366501661797023,0.9076846122123166,3.190329040714913,-2.7320289721791733,-2.533143195921668,0.9356508249448761,0.847854033474011,-1.4502694715735176,3.220333416119378,-0.917027074574412,0.0014821976686574256,1.1795177498913192,-0.2473028455882762,-97.81749732104214,-118.37110834667371,75.65308935421253,15.071194931996134,26.617382194303875,-16.721108271384512,-2.1737831011016335,-1.4842095101328163,12.250021671510124,-1.1338718876035374,6.517156816690548,11.053480078000433,16.880312123935834,-4.693707978985063,-4.087164242846159,1.3315710944742112,4.59795478338143,6.790577829217857,-0.6576852322510656,-28.66085615065408,57.653663095464374,6.431936957663757,-1.3354943091234737,2.4266492763446847,-0.39549704866930746,0.6254916575260459,-0.6650275059856154,-1.3352509037469353,-0.4726546617130203,-0.6731047533828882,-0.3355413589123333,-0.12029816525566606,0.5535918789868848,0.644477143551623,-0.6310889944151066,-0.2601375053788819,0.1730370549007072,-0.288628952396248,-0.24432238954375995,23.677239249744975,15.451660272807224,-3.3057075133039096,-0.5699436998627201,4.518368439606945,-3.385870303875179,0.22825195151089028,-1.9424461895458718,-1.5997338920478383,-2.0631695972819926,-4.3894094794206255,2.1903739870225927,1.9670258689257547,-0.17912014718869473,-2.7515206293615124,-3.336893858278566,1.007652649707671,0.3192876990393301,-0.20354846036539143,-0.7298565903879504,-0.2473028455882762,2.6956565434096547,-159.61883099666198,-2.7439548261127094,-18.058233752517996,4.316518878364509,5.489110870733395,7.31480138258012,19.05575755183399,4.674252820909918,14.3425555398459,9.159965317919188,4.9032790850679255,-5.932918846369947,-5.552599132675254,0.1074791098913741,2.6678630421620735,-2.0959528258925584,1.7977655889257294,4.306167528740816,-28.66085615065408
61.048512204425414,-0.5133583301303752,-3.201982795464316,-1.8136322243365144,-2.2037710494282714,0.7313332493296976,-1.6704718100489173,0.25519905957459654,-0.856466389751152,0.8374212213820629,-0.8227021950130342,-0.9992560595008175,-0.7841394162555719,0.5203180895504789,-0.878951385892943,-0.1598138651739398,-0.31981184297430376,-0.39245826082526736,-0.20692798293613857,23.8220678787394,-5.866098301226231,-15.513353659486684,12.183798912259043,-1.0089982337172763,4.1027993384195165,-2.9848280916473797,-1.2088572496927172,0.7256501136739204,2.0109757851818317,2.5362232072256803,-1.4251134588869152,-0.8048413917165225,3.605664013065797,-0.492913509330263,-1.8917144635098924,0.9953259307244764,-0.6830521218382684,0.8121566539876959,0.5832277849155436,-2.9337578804791846,-71.97722107739739,-113.24931058339386,52.289561634967406,24.94443326428719,12.017912131432263,-13.182431953282384,2.88693760502104,-14.756025407808114,9.517084692979294,-7.267066909413137,13.16703592101992,18.20936280615006,6.2320147694097,-6.1064771296587965,4.681936912887499,-6.962792697381273,6.169265134588163,4.0127435775035245,-3.0464383557366084,-9.510876764500875,59.01360395741523,6.270836867281801,-2.0142258415229612,3.4160373019611012,-1.5445575023180278,0.07564554101786314,-0.8694772347670852,-0.33320979778933824,-0.3245414456810103,-0.9448923137200007,-0.010238120463199607,0.07934867645147481,0.9228862258109423,-0.20991568451089893,-0.7480884796595535,-0.46913700394197533,-0.1937788611317992,-0.1444174238952296,-0.43060803633751554,23.8220678787394,8.14925447285772,-23.8571769517722,1.950613043808572,0.6825583817309351,-1.7879147099921502,1.2794257049290727,1.716430240485956,2.3223668410498823,-0.44896879170210147,0.2671887743843726,3.940068577578627,2.4217166020651866,-1.0560076678502859,-2.1047654771085282,-2.4641181580173717,-0.14724325940559213,0.21451627141291807,-0.46858043526897175,-0.13865712201178482,-2.9337578804791846,19.614829843213933,-130.24774884789457,-15.67773778401929,-34.753560373131336,19.68808777040183,6.667779137911851,4.641985937815132,7.303942912238572,6.229468934942004,22.35817364030278,-1.811121334648151,-3.238039619405199,-4.566973524172366,6.492440039771989,8.371314665661272,1.3793351402423386,-2.387362924508065,1.8357100001160511,4.205214788569367,-9.510876764500875
59.668051255779275,-1.581114763365341,-1.2294356432087312,-1.2638253017208134,-2.229939095440576,-0.5058208953558485,-2.234061634227997,-0.05309826939681761,-0.4636160386044601,0.6368411154064546,-0.7297112606723424,-1.106539899603924,-0.4478106612804016,-0.09691223826059758,-1.3175745598267594,-0.21997613872049815,-0.40004408636750943,-0.5990785278897608,-0.395215964942363,23.712961306192884,-19.72848825739674,-31.515151644535877,14.965321133917048,1.3367330249568563,3.6850987999947815,-2.265696787279264,-0.1033395138396096,-1.4819914218458994,2.9643766155977214,-1.5338025039655627,1.8842710791774975,2.0681217610265294,2.6299825647054043,-0.8921111432002247,-0.4744315714090803,-0.8594128789394779,1.1077859503109335,1.2896401274959262,-0.23882234327108565,-4.339297261649804,-36.379761662528296,-50.67493534402175,-10.77163930542731,13.88468571109739,-2.533064369789927,12.419422892571891,16.574818756502378,-17.145332247109714,3.550964505641223,-6.492778242307654,10.221929880725526,15.735931290758232,-5.407665194856801,-1.3040961459006328,12.983202041974096,-7.690103902125252,5.381572506829299,2.7139651932536424,-1.2403031238925362,-4.660887090526231,59.06528528594553,3.5493486338948395,-1.334415376336759,2.777942279858346,-0.5627826514287002,0.15727001343433766,-0.06979991911888161,0.3377973456402388,0.04285734871372604,-0.5320930839950491,0.28321412492401365,0.5892354913130111,0.5047494190731878,-0.5649840793709091,-0.8574349269463857,-0.28978033875477016,-0.40538539557408426,-0.19527667658835202,-0.05225383307679232,23.712961306192884,6.005593067879303,-38.14774179787241,-2.406267156711769,-4.852590321305598,2.9942069012899704,-0.10953221955582793,-0.14359679390192692,3.026218442061433,0.7026473335468646,3.384784252339835,0.09138584610261535,0.7014224769404676,-0.8313780465454095,-0.7349116138500202,0.4244458173642469,0.6140840542482675,-0.6073757424681678,0.6221195090361715,0.45822468903257474,-4.339297261649804,-4.2459952794449904,-26.138378887015545,-22.6603929973772,-30.89149649680653,16.428956201410614,1.9053153755050785,-11.30238526056923,-14.42738982852827,-3.169483646227232,14.605237684923122,-10.712120784953214,-10.440449797979927,0.002728010224005706,13.057609882724087,12.676793106235106,0.8019986179064309,-0.5872891346085052,1.4340471816952738,1.58427727772672,-4.660887090526231
52.65751166308125,-6.51508944059179,3.7117512521876983,-0.8890835500722396,-0.22170499632124807,-0.825033096423577,-1.3146912346244415,-0.4418052949977418,-0.547951546253806,0.5633904299876735,-0.3924279622177713,-0.010961256500303662,-0.21061874669965253,-0.3353969671274588,-0.8708796304523281,-0.67881773200493,-0.1812998964754129,-0.26259554263607154,-0.24939009551321245,22.003063104567513,-14.728354378680464,-36.282084431060696,7.901982126960934,1.7254898552298892,-0.02128613431496751,1.6803827574819556,4.469080362956184,-4.06691519699805,3.9587983418783383,0.1402300910810803,2.4222261419980873,3.9481241937534266,0.9174265812626339,-0.16459467154649365,2.302288472663874,-0.1532739226678208,1.4908983792033328,1.2745142755371186,0.5012682527329932,-2.989669713212713,56.146353030789896,65.72893389397078,-65.9534410588476,-1.9258870969170832,-13.703430776098118,23.638493304781726,14.558239547136754,-12.052350879821791,-2.223655174126318,1.2557652356281235,-0.08254685645322901,2.3844241327511013,-13.707807821640213,3.0879151487665775,8.728009729476799,0.05676808793685195,1.667329378947056,-2.999017520888878,0.06582438565667603,6.6528555384383345,56.709821698345735,-5.083770704079469,-0.21211555325394071,2.067869858753054,-0.40749291604017746,1.093940301818392,0.40724514103482834,0.3296203964061877,0.22469896624412744,0.529062862666847,0.15435118532540582,0.362863972122871,0.29315086308097626,0.07944811561434806,-0.4488974854974952,-0.12006996529609637,-0.17526406908723913,-0.15425341554240002,-0.02356824890316256,22.003063104567513,12.490640806888571,-34.66504411596172,-7.902119395099514,-8.72287347545991,4.903698988103364,1.61175352804868,-3.2102310567529813,-2.6264276797480988,-0.923115533489939,3.2168189687465736,-0.7760464154035007,-0.8620167173404645,-0.7202662871555174,1.770208800397033,0.4997810033908967,0.9435393165189898,0.04414303778969386,0.24173961005355626,0.24633673734808403,-2.989669713212713,-5.711052020794824,109.74661998942892,-6.997986564367495,-8.133664651466802,2.9530663568317967,-0.7427511091025436,-18.473048710428415,-24.58250024621812,-6.720479955281702,-2.259827836828933,-8.34612600991251,-6.568610499663874,5.4899007679407665,7.787213762543659,8.043974107206186,-1.1797437530399812,0.5935935569805206,1.3694811302050005,-1.4790166970076968,6.6528555384383345
54.36148772535941,-12.373086272841494,1.1173618778486398,-1.3565382348700519,-1.7344435500517559,0.5721953981600043,-0.7618287058863449,-0.8628953611442127,0.4598467151211225,0.29515556517281905,0.2800380012432404,0.12851190003330037,-0.13065448328056073,0.15122441018922306,-0.4304256629494656,-0.2521891151276252,0.28920317858932165,0.001693117125171506,-0.15610745742766885,22.417093006006017,-0.946904334133599,-19.015197158046444,-4.283536433827095,-0.6314776419042873,-0.7828281601386782,5.941972250734893,6.405367915525244,-3.8098818064218483,1.7092555866846748,1.141936477633386,0.4552661677410885,2.958339656722474,-0.42406305658194254,0.03164654163180991,2.944330081326647,-0.05041860824709943,0.6867839283194368,1.1272859835207671,0.6003459540363263,-2.5497904744846274,85.09715741305166,179.6999506066555,-59.21658788582967,-8.00168942094519,-4.6773648760417785,8.874312380149933,-0.6989417867924907,3.7544561135061967,-15.03043212178359,6.543668256709525,-10.912194958269914,-8.981946949298024,-11.704459210626275,1.1039661554857747,0.06179290067314325,2.0604839478273114,-4.322111519221425,-7.8111358307690395,2.119624876657508,11.207545363333939,61.80835075893877,-6.964630155591815,-3.4396830316138685,0.6744378372959092,0.5330741088367525,0.061578167347867474,-1.3751870908375357,-0.15355677981398186,-0.39595120090215685,0.28230978459360534,-0.3721430887553283,0.08865542537886961,0.45277053707916304,0.1323394365639894,-0.5684615828140123,-0.12762899757768764,-0.13990821235565676,0.027348797945422998,-0.21872993874464908,22.417093006006017,11.157969466069304,-10.970963374716922,-6.9737739790972775,-6.224663880200897,1.4828009477823714,1.0147457277036258,-5.130308171211018,-6.339031545912983,-3.41083804950169,1.4383942658598352,-0.8076289089629505,-1.6113323703613838,-0.3456268324240761,1.8397971732477503,1.5195531141348533,0.8632606706985955,0.11082974854668959,0.15831510782098146,-0.13021488120452474,-2.5497904744846274,-53.68375753566642,187.1586669796749,34.384771284464236,25.58092878077835,-15.176471507179233,1.1557717464130337,3.150495918762089,-14.538653261793543,-1.3737883508204507,-10.324924319092109,-0.9897307903342847,1.7002625739535047,3.8948819944683204,0.3389282737518957,2.5158437332757773,-4.410359297118375,3.7766836054776682,0.007667211027946985,-2.6366426700960597,11.207545363333939
56.337616780295114,-13.258414790922648,-0.4243904925125346,-0.9045308301469506,-2.462161889280165,1.032516481312749,-0.172048092741651,-1.3733599930507308,0.6612014043252259,1.0783790420394208,-0.11646375497178196,0.3572801375572836,-0.4840042146241754,0.3139524295523217,-0.1713815979996527,-0.22034433830428668,0.08101371414894709,-0.055586945564174206,-0.07584811032698902,22.975167172226477,12.816286252537147,11.101136044253987,-11.168492833292689,-0.987836448745246,-0.514952569562813,4.730584041736405,2.815908809193233,-4.136580133949001,1.526708712575196,1.8262363342402677,-0.7518844313953252,-0.05773827318894398,-1.7212170871106358,0.5891652226370083,0.7629095748606431,0.6192128393467131,0.361113578631008,-0.6061750344691637,0.19655582909017566,-0.5020835048426058,32.36450155251551,199.8945119111214,-19.0555166657955,-4.4921137845298915,8.707465595432764,-12.574021362880284,-19.46325733352179,19.333977607159493,-21.562330673294156,-3.9598200735916618,-7.752691521298322,-12.649800394532216,-5.930931888819131,-1.8920870033256225,-6.342685536229184,-0.8100099989710787,-5.157549291264201,-7.664474501944932,1.8379628382160007,9.381255598468623,63.88739162436289,-5.804695795955735,-4.9126517114341635,0.10635278551236471,0.3593636116009278,0.9293682280854383,-1.8218991772842488,-1.4007465749362773,-0.5666949376180384,0.256315736358959,-0.07058272132527899,-0.10136964925168668,0.5887425232301959,0.3265269577201684,-0.6426846500302918,-0.07844301627102168,-0.30444593384616603,-0.13486035613533898,-0.22420161482954515,22.975167172226477,2.717540263365308,17.42774383136451,0.735373172817579,-2.698237164554817,0.4443214451775477,0.34591117674807403,-5.026738426073706,-5.28625828807197,-1.7524660778186751,0.1104698492099061,0.21651295015515482,0.2937887758841753,1.4460671090594306,0.501487010614416,1.0103152472004182,-0.8617034441507467,0.15221030439574967,0.44806233044112354,-0.5839456853970835,-0.5020835048426058,-110.342669086993,164.75068711822652,57.90426135261105,41.32721234331347,-18.239352428453458,-6.006922235386785,24.45308625574239,11.808757570625204,10.832314760430169,-9.090697409792284,-2.778076793374328,6.534978912476337,0.46094270443859653,-5.051280241748984,1.0410310066546438,-2.3311135723843486,4.262285730181835,0.23883830130303552,-1.7183474371113407,9.381255598468623
57.354546530105544,-7.717050667223134,-1.3031329877721625,-1.5718404826356016,-1.5011247290304564,1.536390441143435,0.39730075259322994,-1.4922618235812473,-0.21356472055163866,0.950315048197274,-0.6400602804247928,0.1885092317285193,-0.5231494556091114,-0.4057636657845829,-0.19515853538977357,-0.4744221396943695,-0.18780892751997103,-0.1389398346653259,-0.18181398051731157,21.95201403512109,9.047770133520288,34.643213421134526,-5.107735328870972,-1.3074485335281714,1.5932495795978152,0.6463587606684777,0.3737753696456205,0.43006910338267446,-3.3347946306425027,0.8950285028096063,-1.9847711132607535,-0.4199204801512968,-1.902925206421099,-0.7170080125490883,0.3261543278291068,-0.2154142860330892,-0.48837740901361637,-1.6755831328854522,0.9733463068790771,0.020682315832111442,-40.06847545619817,94.65809722545126,34.805096924719095,2.6987996270114234,12.78984689192595,-28.817177628536456,-21.858388838159247,25.207852201914655,-18.003643457378097,-10.43446710075345,1.5554082424140567,-7.464507589591427,2.3008271909398177,-0.5117505030647569,-6.375090879067159,-2.992070019811745,-4.345698652993761,-1.334639997958446,2.898276426629007,7.808848745628563,61.0554850559716,-1.5756705075254889,-2.4710342867952866,0.6463688763782423,-0.20481044135806714,0.7469289141526274,-1.5203818455648523,-1.96653494164502,-1.266864724106036,0.32347761208881254,-0.008133376232119183,0.015686116819598084,0.18414017278653994,0.23137508620005587,-0.0007647876125607134,0.12103652208199023,-0.285379588921276,-0.1258156523813918,-0.017044590715863395,21.95201403512109,-15.949735428192277,29.38519771830193,10.467372201561805,4.925555913631031,-2.364340080836738,1.101274829300992,2.33990485013948,-2.9131928846734034,0.4304284303010073,-0.22450334743788503,-0.8997592318438548,0.9736510173049,0.03289625258127682,0.06891341791723615,1.4271005620973747,-0.6884742139760516,1.2269324269676385,0.5227917543563614,-0.44495543464287124,0.020682315832111442,-98.06437884238042,40.391292170379515,42.82625852186246,32.66390282530335,-11.765678949440419,-2.6469582159629943,32.66566217132151,31.636856756408754,14.528474197657259,-4.02628911451254,-5.472376664148388,5.638055834481579,-2.874857229131072,-4.295729284246939,-2.20001238447844,2.5311146913523084,1.807157127898682,0.49647315450466967,-0.3765865289472736,7.808848745628563
57.56912538697676,-3.292539221273977,-0.662247731648244,-1.2753506505620877,-0.5958406916133043,1.0581614029529103,-0.4863015592676123,-2.195412130753725,0.5521085278701725,1.14892885559558,-0.30832103708141734,-0.06982905894238511,-0.8749798040906951,0.23767968217794833,-0.6070584068018525,-0.2580948000482013,0.23776294589473745,-0.4953665839754047,-0.13825891942330326,21.984560837588674,-3.5434408362496512,36.83596623490953,-1.213676758414878,-0.1825815912231148,3.144407793533168,-1.9588211789249792,-2.246752030864899,3.4800981516794356,-4.30034188610515,-1.7162259583028607,-0.23410097815015263,-0.6876459350757962,-1.3086082882273535,-0.7363108961188558,0.44003358129805226,-0.4757810832603653,-0.500295597762241,-1.1562884172322376,1.2337494954196182,0.4157216908632293,-100.91972317949137,-31.80110385622527,50.441835118437396,11.147628688437358,9.320132126274235,-25.979239432701952,-5.774642019989544,24.127958829549137,-13.078258190331256,-12.543485416301513,6.305310984610816,-1.224441929021011,9.230511448638458,-0.07735589389630593,-3.70436407942938,-4.478335777916097,-3.7653184875312853,7.598256979099707,2.898064889255832,-5.029517166526194,58.445024681511974,0.9356213875696233,-0.32875333925444217,0.7327857569344789,0.18361008164600623,0.924220516790049,-2.033526694638366,-1.407019666714278,-0.21607731106327055,0.5637138735241964,0.08060280414137866,0.5462430143445944,1.150499599757003,0.28067379610352283,-0.22758825949801187,-0.6752544472013087,-0.02642322860655466,0.14635997484156915,-0.41638376561609713,21.984560837588674,-29.126841289477134,27.532218896642114,12.329438190876472,6.365622799280862,-2.2924067118138107,-1.4349721404433953,5.281205560442967,1.5650317749447136,2.572408606823797,-0.4970809295007088,-2.1190196506502126,1.112981045064562,-0.6790564774388956,0.13001055718779808,1.0665227827369579,0.553849972664139,1.617234563670137,0.17892043743738406,-0.4554667044884131,0.4157216908632293,-69.04523837282747,-64.62937735637112,3.9410451400105613,7.989911466047005,-6.375923037094063,1.4658407081443938,27.52877942690004,32.8864988791256,5.579590674460457,-3.448299211643235,-5.203117845405713,-1.3769483088409924,-5.54677364985996,-2.8940411319659027,-1.8762262937264174,8.422998389708026,-2.993137624441558,0.4190252596652211,2.638848529406528,-5.029517166526194
58.26961848877873,-0.034417347098568474,-1.3175771670189915,-1.824852591426569,-1.8709793590862787,0.8825523176741625,-0.41781428780055396,-0.23683474060137844,-1.1530041619726021,0.7073949097995427,-0.6164189143323187,0.13210625820748634,-0.8866292917578504,-0.1691432223981344,-0.049510094633812285,-0.3410210272722125,-0.033360141790381714,-0.6162086301119394,0.3617711005600268,22.922737331240974,-12.801278517839286,15.446436359351415,8.141603991093545,0.31529474284035874,3.782415104276307,-5.121913953202643,-1.992496083525313,4.985705151721261,-4.379040842664201,-2.304065926471775,0.9740785623255306,-0.4589603071298134,0.5200461394463252,0.43850934947736353,-0.08177736142563674,-0.9989566568494328,-1.055360809980819,0.7350226759230811,1.5308873341861085,0.8957313004767364,-108.00954480977671,-120.48818310215417,26.269897186428985,15.663193139005333,0.6688483651494055,-14.852833906647254,6.943524137359834,6.604197158038399,9.600193432058758,-8.294865615428819,10.030372184617285,-0.32168239055856374,11.540138685856263,3.384895437157044,-3.704591283892621,-0.22949530740189084,0.38288564204344744,11.194449984456005,-1.109079493050201,-30.16337353270754,56.55466651626809,4.357810111796473,-0.4979461169228263,2.8239993084003676,-0.5612191666041557,0.6147894376460581,-0.09942090709073703,-1.6070166762616833,-0.3560457990290371,0.0163590422920441,-0.8976154674105845,0.25167460223317906,0.18834012510639786,0.18972272633093024,-0.06245949703146492,-0.17346038910056993,0.3345466485083568,0.14813450963514962,-0.3451165806728087,22.922737331240974,-21.952029178699682,4.1724451778340335,8.642322772804505,5.575357550532939,-3.031674448442159,0.5817082783178633,6.048550921191399,6.053751800783052,1.690961707005704,-0.2709749020411276,-2.376050940634461,0.7980994122892127,-0.7204936537404489,-0.12232924216241003,0.3914431541273635,1.4210413079673068,0.2818961828588369,0.541122631575186,-0.38274763613249674,0.8957313004767364,-18.501736647409714,-110.41300736059317,-29.970231344392175,-30.225961728554957,8.529240847019423,-0.8750129675622418,2.852048758706199,21.981358966526024,-0.7986394310652689,-4.328389278508726,3.678198308241879,-6.358441688506128,-1.3115646843702438,-3.936763391369382,-2.458720233752247,4.381820342297747,-8.756986191426597,1.1603104623453344,2.055059055120325,-30.16337353270754
54.108360382833695,1.3182516664698323,-1.024006782096559,-0.8693155713630243,-0.70503067748567,0.38002495358489563,-0.8878665879772085,-0.26102445870094737,-1.019249818016867,0.3417261320868561,-0.24533492709309535,0.04165865677990199,-0.9565684406634827,-0.17251324020033043,-0.024189027728607204,-0.5249354361455478,-0.24635847759696805,-0.3950967564569863,0.2692340968441509,22.69766636959815,-26.719051011528748,4.798972647032906,7.427755065943752,3.774606257289168,3.050530731235058,-5.374899317679012,1.1117235257839275,5.649581256656276,-4.490297276579582,-2.8459591592697984,0.9213462231169411,-0.6504393242101911,1.682552964274881,-0.027271405324370557,-0.8853066202266751,-1.2281838642031635,-1.2380539646510333,1.987650550676423,1.366817760064576,-3.4543665804280153,-21.08265110657274,-127.83443611892406,-11.854669439821267,-0.2628540332592397,-9.290784516544562,6.233603604923567,7.272160862212985,-11.17740892063835,19.553562212406426,4.275118825314126,8.177401908706369,-0.28084533729702077,9.831624088457927,4.167917594914355,-0.9507235507079641,3.821395567361802,2.939424129984147,6.285668624733015,-4.952544097472826,-34.78154658764849,51.57438024947608,4.994673342704341,0.26552329906784244,2.200348969141733,-0.6086353816829333,0.2779518961170253,0.10822313370017689,-0.7979898201555888,0.2640999032553606,0.1613345565069888,-0.6853515010611526,0.3371266305738039,0.24711430835081916,0.41235841624863023,-0.0785759039523608,0.3457304256523279,0.1942082292740861,-0.18237521842491766,-0.28789897209527904,22.69766636959815,-28.803932047794724,-2.280568576587104,3.6184204572015095,0.9718177500177316,-2.4099728895667734,1.3386148063118353,6.8833282518503545,6.6735188087626,0.40706262105920477,-1.59044397931009,-1.6469001181523986,-0.30690957602847724,-0.9506247627096864,-0.8499122253287124,0.5900308043222151,2.295037989731587,-0.8718403857706285,0.6484095216643218,0.7043746800509931,-3.4543665804280153,67.98083708196526,-86.85296907994461,-39.7522174909995,-34.901096202575246,13.03352581481721,-9.024174989053819,-17.81938822900692,-2.5830115029784935,-9.154380764993668,-4.506793550421573,12.203641979877148,-6.228317366278944,2.6824052877824993,-2.020186074846181,-0.9755575124747753,-4.124550648324335,-8.160807810977301,-0.009176234899190616,1.204903633421617,-34.78154658764849
52.68428977325743,-2.2992279314193316,2.948548532998767,-1.617210650814954,0.44467781604388,-0.6854983107738795,-0.3981647748146284,0.03339691625299457,-1.6174059689402194,0.20188344671574843,-0.1845140542561885,-0.09671477969753095,-0.22233206759955504,0.01858747014323825,-0.5274819056392146,-0.8404801500704127,-0.47342862076452774,0.17843658953700547,0.3798831784420156,22.04332691935472,-33.369197183728524,-9.582381336004248,3.7064973521642055,4.545554111718353,1.9746122933215728,-5.072019123278133,2.166299660001124,2.647426129913454,1.560279780624093,-2.687537704421334,2.452691378414342,-0.5993649808633812,2.371563510255915,0.6209199606321911,-0.8634712133548401,0.046039450737364485,0.07194459545250353,2.3496723753882205,0.3522724280314977,-13.125960314876036,44.04699902660375,-72.06137652000581,-55.27475628859771,-16.0112384854386,-15.07305862462668,26.716286840848518,-5.064806467122683,-18.159563830996262,24.709215680794202,13.241965470864645,2.610087222869173,0.03398816216094014,1.101439429901896,2.7080395645358344,2.1557433759007507,6.52032943784017,5.414307709554998,-3.0488931286595715,-6.75138634539681,-29.27659369104283,53.51479268263971,-1.5189738961758312,1.5529887804458236,2.7002660455410847,-1.324524933914677,1.360917363648071,0.433018700861576,0.7558260354671615,-0.6614724777624996,0.38917981957685255,-0.813181693948084,0.5192940148495997,0.27558599161940744,0.10436815504629715,0.12045061167829552,0.3210647396388253,-0.25474722643217795,0.3091132600394446,-0.2726608055425208,22.04332691935472,-25.36205837273834,-10.91491222538004,-0.1622346037968012,-7.4905224260148815,1.9590634315494548,-0.7230251278577442,2.9648678837888855,5.523243081680666,1.1137817076506689,-1.8420164617875574,0.7032801560281778,-1.4956245164016446,-0.48710194696844966,-1.4095068865091995,0.4359864344286226,0.6318419486390976,-1.907023194025277,0.8682024434155597,0.0026534006475881222,-13.125960314876036,85.87535112826387,-9.899182286832843,-36.95888349656429,-19.662413920535748,8.688862638741929,-22.556581441788794,-31.901319991522087,-25.415410740437054,-5.522238561733083,-2.099997045328273,12.632329568108329,-1.2116724478518606,3.6493869904558855,-0.8637092437745899,-1.069327436189751,-9.836699302276077,-2.550325815541906,-4.420264146654973,-1.0958928436962156,-29.27659369104283
47.002264238973034,0.23935239440285772,0.918566951314753,0.5081315077766888,-0.22840391356085465,-0.8452629416625748,0.059735447131388675,0.49426266914722694,-1.4608392069358098,-0.02129499249742217,-0.06360035556101185,-0.28063820209497203,-0.36585193403240224,0.13017863324507672,-0.8107258114124889,-0.622457170750683,-0.1612297969437062,0.10113608153833442,0.5360939216679903,20.697082753317794,-3.8008070565914025,-14.566842976874668,-4.923458158860842,-2.4291382922917317,-0.5970830592617458,1.133033208574549,-0.6900694715216247,-0.9394667977358355,2.506778908453917,0.613069343328982,3.1152935681586262,-0.7578662668575227,2.681445070596815,1.256442595760908,0.3555187319086719,0.9124186466271371,0.4057637645131711,1.1792210454017003,-0.6532151002394893,-9.96420579528463,66.17241689286357,-37.88720373777174,-36.431255770413216,-30.907226199023288,-3.5787213428352964,28.32570960564741,-12.396589108529383,-19.14117545715728,20.076513882215124,16.29771698470392,-2.7910814427772594,1.3822092766789251,-3.881418737149421,1.9748936192641355,4.823348002703862,3.9611352809700198,4.757221309618009,-6.260950001618065,-5.739601923351001,-10.23935002571643,45.562995574428804,2.7337291032622235,0.45498944066198765,1.2805612633729861,-0.6397234794821198,1.2204639569449602,1.1419176273106548,0.7483183818025991,0.1401673388330631,-0.41791850477325276,-0.7850641416660709,0.2589785200221455,0.6315642851456551,-0.1016050309185168,-0.02402791169178453,0.22500198329478738,-0.16769648402160153,0.39007536047158253,-0.10042431315574452,20.697082753317794,6.568591848524825,-8.35058694172316,-3.144391866322627,-4.551985313732853,1.7289872555989874,-5.294692931882501,-2.0866470353592366,0.5387803830066602,-1.7161917759955196,-1.9649569248382805,2.4431357909570424,-0.854315673729481,0.5454503130663544,-0.2364936580618977,0.5564723863489407,-1.1138256718339237,-1.3687096533764567,0.010792414067601896,-0.04571540616764702,-9.96420579528463,86.42936197910296,-3.6084189251337726,-13.81568805828931,5.436922290921924,-3.0464116727918293,-16.642994089603306,-34.99120341919745,-26.115846893857942,-7.196177417732327,10.611449152322871,5.106216986448944,5.683472978800008,3.347638824856232,2.4406608039938833,-2.9289081856546573,-9.15210249689151,2.1769416511692548,-6.537323424897987,-2.788882301232007,-10.23935002571643
45.1380679688448,-4.286158379067205,-0.4356153576425448,-0.24079907513724885,-1.1219865943879,-1.0408132963411685,0.19153452464570941,0.7092347604312614,-0.15206957720108427,-0.4548633801189852,0.5190594891088105,-0.006427802786767245,0.0037942100545667046,-0.010029178804742411,-0.0879773094692915,-0.2692404346009627,-0.03995218439076087,0.3105111385845105,0.40447740216385597,17.360048981943134,-2.236900982006084,-10.901344088697702,-13.320167540803011,-4.588452225088491,-1.9303073127886319,4.982263204094836,-3.624002818433878,-0.7995527365808139,4.47702890521615,2.587402557661158,1.1821485012392745,-0.38825275472567755,0.5713198012363061,1.1506721312026413,0.37568165045706525,1.1909068066555022,0.8298841802145778,-0.38520913576934324,-0.8347894083602638,-10.48764593761637,2.467700185738792,17.28374507384339,3.5676074938101547,-12.996096344262062,6.352138920547185,16.061419947887426,-2.482452570067962,-6.886370705197235,1.9872321527331103,9.635761164028027,-11.037526731178547,2.420589168957279,-7.8495945073106075,-2.202743502093667,2.9164386871771972,0.35328817264124357,1.531737632110183,-5.540842081642998,-1.9682618343428753,12.678748062625687,46.87932966742256,0.030826118827512516,-0.6737964896182995,-0.4613680517226997,0.43385659807016497,-0.21797915669678147,0.8661657879984668,0.38145076359955565,0.2628113370074461,-0.6150226579616138,-0.49611906909403647,-0.45706360069181406,-0.24743583677524494,-0.258048993340096,0.12825972405255825,0.20282480639774914,-0.4380125918564379,0.2960104418946794,-0.4375272098187819,17.360048981943134,3.2993844372724794,2.2578632169856396,-6.455712813715572,-1.4939478778596427,-0.7567232016540753,-7.379928573479366,-5.417121430964847,-3.5865843565575033,-0.00853037533347556,-1.1337169519411687,1.8950958888649831,0.4659662372137843,0.35616230359947343,-0.8608931476831123,-0.12644135498087472,-1.7928765123879757,-0.7448320911092019,-1.3502008879539404,-0.5556490148712845,-10.48764593761637,-12.071617755387152,9.73824978414845,5.192104351590582,21.673136105910636,-11.124522046784836,7.982493169806656,-14.817622994686555,-13.526928774280307,-5.387070140639405,14.578840243498204,-4.318784707532594,7.045017944714189,0.702930267120458,3.705356145144375,-3.684601849788498,-1.3466616798889095,5.886031812872768,-4.142016249114627,0.23197792288761776,12.678748062625687
55.98106775674431,-4.971704598143565,-1.793653916206324,-2.7720905053477427,-0.22024000190065296,1.1241990506558146,-1.5277509734681898,-1.0686767796579986,-0.49852855965947596,0.9766342171687139,0.9605250853037182,-0.3824179651042412,0.271090955807864,0.4700163821541139,-0.06618195985923281,-0.35434597056670425,-0.26021481352726594,0.12847649172011133,-0.06967056513651393,20.057202440661626,-9.198990665958185,-13.485147845506239,-2.274540372779249,-7.1120036738190535,3.213629862872512,3.760814321458209,-2.1914197892632634,-2.197517038675231,4.0895851022319505,2.665429202040916,0.16107694031584496,-0.06489079893958039,0.641965450209975,0.6952993190224721,0.9067909492193034,0.17995009832277753,0.7615868977769338,0.2246163054461725,-0.909452283415044,-9.893198781916063,-111.51279342612295,41.87544680051939,41.497659596499226,22.970251864103012,7.404120773043437,-9.992871133296765,17.912927060569476,7.877725539177862,-4.448236832018203,-6.852977765002157,-12.391410796641036,4.374472062101814,-8.060023253083113,-6.623712826595568,1.2879605527889493,0.269678697978468,0.42443170937922425,-1.104608116010915,1.6392901947909853,5.379544204761606,58.176407681347065,0.04447986434108886,-0.19327999906140958,1.5051733609071989,-0.6233325198758606,-1.579946309651799,-1.1516739275478867,-0.3414119927184558,-1.056137892127372,-0.3190426671429183,0.3776850819903448,0.39814760147977024,0.7813503790813225,0.47532016141087796,0.19575573303497817,-0.15206244364409582,-0.39851391470201225,-0.1704276023187341,-0.228323473040972,20.057202440661626,0.0800275367513521,-10.67116576033683,-0.1426844669837597,0.691991621401074,-2.575285409360923,-3.6544305156790062,-6.421278800371504,-1.8294909190472857,-2.6298700463148865,3.3611308419281505,0.31030050865367076,1.5540315365638122,0.30156252443446796,0.0961113072551858,-0.5932093938003649,-1.0686540282006312,-0.3644651116440387,-1.5110505250999215,-0.4109152628055741,-9.893198781916063,-137.50825014277024,2.323826805677278,13.161972663220922,4.1126532980172446,0.7078304239558371,30.64539033511624,12.303862988252353,5.088203112669243,4.746141503895643,10.078128153278687,-8.837120747348703,-1.3707544523885373,-5.933069940985539,1.2727332853361322,-2.942756024215705,5.950398819961221,5.350854813243899,2.2027713619378786,1.2724137178978436,5.379544204761606
47.07643752336875,-5.144371479494971,-2.3554248036422,-2.271325756796984,-0.5245577961805368,0.8209022951143439,-1.4164229737317782,0.41509027236520035,0.13995316002968883,0.9966201207132594,-0.10550252406891625,-0.23995127555573514,-0.2551436119015351,0.42400466129004033,-0.71191300618731,-0.3790823468346509,-0.008994022365458987,-0.027838183438554598,0.2653707176641358,17.119444106874617,-29.436255286175737,-1.481356364766766,4.165842206028486,0.38893863035098253,3.2453252925280367,1.6448002942237507,1.6757485338379623,-0.1667341022154658,1.7624927601016314,1.1041629482367123,-1.5889636732535413,0.26444186965628713,-0.5334939332059685,-0.19988015204542453,0.31911202157844265,0.5889178112101661,0.6599018448757137,0.05655370454448527,-0.5037398975521625,-6.822089790247476,-77.29555949995799,42.82065022984875,46.21580671891353,33.510288228925084,0.2072301837246897,-17.66293467334573,23.474814024226394,7.655542024800444,-11.273761727484866,-13.313692609708344,-4.215274024559689,3.493338085453204,-2.7476324759201445,-6.626623148547753,2.6750203679192843,1.7788969107307206,-1.7434832488318088,1.5682532110221477,1.4704808850964457,17.795205306493212,48.85777884781682,0.9545823317775559,-1.350732906550264,1.840986057844157,-1.7110820145448442,-0.9288417897932324,-1.1287462371915766,-0.49260095555106265,-0.06758504994901982,-0.22711657520889905,-0.4470083613438003,0.6826925927276795,0.37877409645131044,-0.6145410149599564,-0.0526618881755232,-0.38684130308572096,-0.5117545566465735,-0.08573570254236729,-0.4865357330355493,17.119444106874617,-28.15358509454518,-4.885497923998979,0.9329638723290561,0.7240571593734728,-1.4510612593630081,2.4480902489438363,-2.2766277310482588,-0.05608565443251479,-1.1229142275093502,2.7843597765783294,-0.38969455658643337,0.8227108508088032,-0.013692919092277434,0.27686870340444614,-0.8314736003909737,-0.06407471312200341,0.533870441544898,-0.44188421155799196,0.30124229041036055,-6.822089790247476,-100.29343825761077,-0.29932101823941437,12.764993446794172,-7.130118126343862,14.01757400725959,29.796804445701696,24.53396277347889,12.033913773518426,4.218901016183402,-0.7078158432046777,-2.8858848332807536,-8.345186793880046,-6.292986107951588,3.999620573823618,0.5076139080473387,7.8397423522403304,3.9117983239999745,6.024426227053011,2.630883632777006,17.795205306493212
41.433584128731965,-6.074114978136378,0.7412014879249562,-2.0326069883029705,1.0796966187717199,0.10428642333877347,-0.23199569831149924,-0.457423606157358,0.4379419755647791,0.5856778581069135,0.329219121185774,-0.19632186518027828,0.08459970205063616,0.2608113727089214,-0.04536248844382795,-0.4775611654724501,0.20408457093210974,0.38261889527295323,0.15092112221032838,15.870785799894021,-45.95752661756805,1.6608865614195576,7.082366765973022,6.567292212040038,0.5171610246016387,-2.1946709031382907,5.616518382627193,2.6829866546704215,1.6399285650020747,-2.0717997344598738,-1.6948557429154842,1.1030224520024021,-0.7961596887236038,-1.3801376759128434,1.0277838227424578,1.3482524933390392,0.7029707868722153,0.40603556723932854,0.0009052417519527234,-9.107211766588275,-19.682001650448342,37.25954352407058,15.711085287362863,29.816200556620643,-11.107958423645613,-11.780813497979505,15.335396367890837,6.325667467005674,-9.746734034299568,-11.537509189146402,1.2742432843471343,2.188718715812673,-1.0007385689849118,-4.5654813228102515,2.8253922729483416,3.539794185682474,-2.2207238066764834,0.41883720109862743,0.6584612791956328,20.659376977978624,44.61378475260735,-3.063731883381213,0.72211541563609,0.47538001929009477,-0.8548968778550767,-0.2513199843463174,-1.0712657602800757,0.27059878185426545,-1.0095694908461472,1.068693874814465,-0.6544692412143536,0.46611619159430484,0.4692405807496114,0.12469663351900628,-0.23017180247792624,-0.014491976063793155,-0.3130580574485531,-0.1745768298598549,-0.28137768295014787,15.870785799894021,-46.459048456951464,-3.6169929683922115,-0.2577438777344807,-3.6046611833407884,2.4300714964313723,5.1139928244640185,2.4950376088086457,1.3176325882787872,1.2140709020402396,1.1150687875413134,-0.8330293599916012,-1.7180652067212592,-2.23615704608054,-0.16900794093761085,-0.5623895030538624,0.9969728385137009,0.6673664869184426,0.658019756838567,0.16204580014045222,-9.107211766588275,-42.73986006300201,21.971178380353507,-0.6946540931909144,-10.840082018157549,17.84978812532357,14.263556720314085,22.29429058534484,6.285499822143104,6.9195032958811105,-10.600402999484897,2.8405487589208183,-10.142510288187538,-5.1538450251331085,3.3453389720604676,2.3537593490003337,5.483926460648336,2.2805135965718133,5.1964165155677975,1.9405250453334038,20.659376977978624
37.693682139763105,-4.475631371454181,0.379878043306058,-0.4160715184841437,-0.149292258460068,0.29154316442922745,0.3815311539863453,0.32024112257320825,0.2609415352376039,0.29269627353027117,0.040230634541011945,0.03274508207939486,-0.1697071296698036,-0.005366750104858431,0.0611689656122274,0.08682606845699326,0.05784904581740813,0.2117167890803322,0.04231160971435355,16.0422124072032,-22.50541275618015,2.935963822763777,5.1092822492776175,5.3270439464445065,-0.4784578017908503,-0.8714615202797789,4.209435107734091,0.587966429146582,0.0649763100886549,-1.700829278942619,0.0024778305750943197,0.7744596625299331,-0.08343386725697677,-1.1249209456035774,1.6526953976551302,1.4962040645127317,-0.012549388748967383,0.30820783884515257,-0.5547277283955393,-1.9830367920336585,37.313798921379075,10.109717636405305,-0.0862044301971423,8.635962366591516,-8.443185015030263,-3.7093142461485473,3.6602898728991553,-0.5856191627997438,-4.969985154939373,-5.239013998841408,4.88021658114785,0.6914727962748228,1.6128459533646105,-1.5948648568070398,3.292078327066048,1.9625240777788235,-2.0604226428705448,0.4054805402071586,-0.6576086318342456,16.802280970982252,39.58384858451983,-0.857816969310826,-0.6650122608025213,0.4155571987725888,-0.17589185262173102,0.3417528051223959,-0.3123521611595681,0.04740254909693764,-0.32192997738784146,0.08328895934885927,-0.17488918578490398,-0.07969247034467974,-0.09822739715552808,0.055697122308062896,-0.0745133083864764,0.1020022160465961,-0.2138052997107185,0.07714294988624382,-0.2603789596590137,16.0422124072032,-23.577796694681496,-1.4188836881063769,-0.01568638494312591,-2.9106805386606425,3.749385349079572,3.13426197929997,2.3917017511845247,0.8568107765386728,0.17894965858066247,-0.36459384635008907,1.0238184065472422,-2.070578788083703,-1.5214709651188165,1.2714767633250952,0.11195565366954341,1.0941812303750234,0.6951512716095447,0.5774770846033209,0.4733122700442054,-1.9830367920336585,32.032828561997334,9.131337752071037,-1.6552430217530092,-6.575494751388085,11.720207069533359,-0.6073873844517808,9.233323106841446,1.3649710502022607,1.5686065287204483,-7.777569879748239,4.683873692806195,-6.139092859147457,-2.3008700110913547,3.429700824104004,2.56120366484444,2.4137202788553758,0.35034644482039545,1.95817992008738,0.6554064291714428,16.802280970982252
