34.499598291057154,-3.723387753499084,1.1989492060857643,0.7935603455936393,0.028600678304606664,0.017645375386761142,-0.22503887414845503,-0.19927255169668756,-0.18972574654338104,-0.10216973421838249,-0.0314222959105841,-0.371193831295332,0.12687693411469114,0.23669928202621238,0.17570831876057968,0.5596271785178253,0.2077551256484318,0.3729328170656898,-0.055895408089409626,14.205683643955807,67.66022341611617,-6.407890041079112,-11.236488060300744,-1.16475726163657,-5.146740240766184,-4.969975558119717,-4.475133988960719,-2.445676617586208,1.0982924763497475,-0.7757419781141501,0.4165340825544237,1.2868956969445522,-2.2503088349312375,1.2443135576792668,-5.097339185800665,-0.9073361315006598,-0.7049362405982904,-2.0089172499515464,-1.1721296412684583,24.334975114324692,-5.057816258463916,12.31686228692086,2.1909228483904535,0.478054716314102,-2.804720596367476,4.219830309754703,-1.5418580659039236,-8.222821392370362,9.680384610037269,-0.9842241054012657,-0.8377876315009627,-5.056411514534567,-0.668870540851441,1.406805358208087,-0.19465349809598287,-0.8892454239408756,-4.842626467493443,4.257054828429508,-0.13617124444876794,1.0842287937267514,35.85961421485921,-0.4539575468399115,-0.9725161819760109,0.43703450930545484,0.19338333956445086,0.5118755204193035,-0.009561746303581753,0.9218525583631636,-0.23426835253223688,0.13865637471943137,0.30441863690653337,0.4392467963847695,0.10795768587335641,0.12117320670490628,0.04664293649373996,0.20764059791539125,-0.141442487196069,0.003046932576268091,0.0065719745280048425,14.205683643955807,68.87733976753724,7.544757263779381,-5.19162006143366,-3.069482092144065,-2.578488531178583,2.5951520300622843,-5.077231514568611,1.0204842405222658,4.301750892940066,-1.9784429347971442,-1.3134618682798331,0.3310030943278055,1.1935820053113304,-1.5266284347339405,-0.8487040876224992,-2.6459301805994913,-0.3397356533910444,-0.06325021934453234,0.6347319259885513,24.334975114324692,-12.557541028028723,8.58951936363727,4.618758865514275,-1.9583562741953973,14.343071844781818,0.4982532301525291,-10.117371246322715,2.322947141578903,1.0863182616086258,-0.6661866075091276,7.285402405223593,3.5720232331491166,-4.434020280364792,0.1414364446318297,2.8856936298303024,-1.7458375795161025,-4.267498994715073,-2.747530883355068,-2.8717362002272147,1.0842287937267514
50.134569981829905,-5.927381685767218,-0.863067571903152,0.20293142402397457,-0.7823326019675565,-0.42876527938164166,-1.2939388879468705,-0.477365987508386,-1.6042786703012228,0.04930879432531121,-0.02514537173480713,-0.19842005868952395,0.16159720709183079,-0.047570974328883686,-0.38343230340705947,0.207447962705553,0.17140089490099375,-0.19102370593317497,-0.315140123001439,20.101017994904524,82.50351878417749,-4.881475382456964,-16.32089884037327,-3.210023508561934,-6.409541452069101,-6.222211609422047,-4.932860890753533,-2.6586193321012925,3.78471637533911,-0.8961295356135026,0.653039343485954,-0.0950726309338612,-3.8362921041803117,1.2523334571516154,-6.692744015292135,-1.292806797770381,-0.9929266731024766,-0.7377569791098126,-1.2011988922934438,29.418460782319748,-98.63027858601025,30.23057923590776,15.360376927842506,-2.8693599656499873,2.914507604353603,13.244588712742221,9.198581560487035,-4.968852449189098,6.622474050833967,1.7275201921853043,-3.4864775286309793,-7.231003860396248,1.9053246612555625,1.8897699168390063,11.344965538337608,-0.5783438854299865,-5.436852669009717,5.994250650717707,1.1037992008318964,-34.215360547020275,52.51277259674954,0.029033952234406968,-2.547608327016018,0.8287833301482932,-1.1167063733890128,0.16868387272274799,0.37136797876368366,0.5584879192536953,-0.5421804615614074,-0.033477511406002414,0.014401633379936829,0.3133622207300655,0.6307130282378033,0.006566444334392241,0.06237103944934641,-0.0865498391179671,0.05270405156603597,0.16267164440295145,0.3865783516104244,20.101017994904524,81.90029443534164,12.722553071916115,-3.9050856022101565,-4.938778611338353,-1.8460746811749773,2.489869252488704,-8.252255717670975,2.438008163905233,5.107492665399509,-3.280867865505239,-0.7333032260050589,0.28713685737481454,0.04850520872545139,-1.4978398579915555,-1.0376839727053422,-3.9122969900341484,-1.7527831824396074,-0.856141287043807,0.01872761892943009,29.418460782319748,-112.84674654125882,3.093096030539172,17.212466524857685,3.3083928802550258,17.9528320271967,-2.684078802205889,-1.1988356292924216,-6.178660685391051,-6.535866630621246,1.0120441883552678,7.32602218205772,2.627493045216535,-6.5289040268883864,3.4329901561196645,4.38073376437589,4.608388425293917,-4.574539776815469,-3.881622515540432,-3.9776782816064715,-34.215360547020275
60.512224153728866,-5.8253358079045725,-3.388286435070149,0.5064961755601867,-2.139302801942404,-2.2441370762888964,-1.9281558617296066,-1.2830641425839424,1.0666969535104136,-0.5657799875473044,0.17370628327873927,0.18586713087404005,-1.0156376198394974,1.0009911890433938,-2.0933909630559335,0.2820487206736315,-0.1265358792769944,-0.349547546410651,-0.5123378712676241,23.425504025643793,57.70966760285355,-1.0126662269297544,-7.598821246069253,0.09690321998316298,-5.917699933298463,-2.2339423775912013,-5.017199571016274,-6.450615956513847,4.5952728318737,-1.2076602520651067,-0.12061236366182282,-0.5503258963835247,-1.7917524707324208,1.943706287047136,-4.396963520102922,-1.159223510336237,-2.9822542580929188,-0.5159699711576591,-1.2256806379803495,22.33534667719054,-184.2928259307134,31.984331930287645,28.049337678271346,-11.207206451002252,17.516814740812805,27.165430408668094,26.921475982036675,10.209987658981621,-13.162763466753539,8.801910003559797,-5.901545445013251,-5.542506148052843,8.981756780082744,-1.3107037611973147,28.362103531785866,-1.0259991985433332,-0.3290142044607256,4.203598688539083,3.4601326368134733,-67.3246619845394,61.97170490768266,3.0769253355126196,-2.7807801401728374,-1.2935809471879969,-0.4408160695481089,1.9810473592987234,-2.7386423661215202,1.6137769981790306,2.0705631484523814,-0.7644981496164238,-0.20730379547008493,0.6676906313760242,0.4433710173467982,-0.584837629476807,-0.38557315879531284,-0.9682292738676752,-0.4083835832726437,-0.10839053300933976,0.13393474898107072,23.425504025643793,56.08709191962067,9.25061904152965,-3.5255078582882744,-3.1140119696446193,4.226840466210524,2.896920033925339,-8.548405036178787,1.4731958496202338,4.442039137514657,-1.6603237731976608,2.0391600131945764,2.1389478293788593,-0.45088973657812614,-1.4703045007892184,0.6886326698340735,-2.885665565640214,-1.766961386224299,-1.040570127172429,-0.4931340205954955,22.33534667719054,-193.64402425111965,-18.45876622143716,26.035175472113607,16.223575510182712,2.3659982114698064,-12.836919665617154,23.715216488777884,-21.623369656566474,-26.43993028504917,4.862089484224565,0.4256861827516756,-4.771858659858493,-4.454192808249076,9.881242618698293,3.1997041342115717,12.970749718855487,0.9895058798155965,-2.5118083770777115,-2.4615630558151125,-67.3246619845394
62.74504475181004,-5.113151417524821,-4.667882393522914,-0.6679193236706014,-2.0922183076064385,-1.9625692034864337,-1.8399108257346457,-0.9866864223037064,1.0744210910992766,-0.31842937536067284,0.19253308623773124,-0.6972606278469486,-1.2200118409983705,0.48072005709342935,-2.036114047977231,0.05201300855473168,-0.12156270844009343,0.3652945092489539,-0.4282736226470243,24.30500384427169,23.32036202974235,6.00978766980009,-5.375133003495236,-3.23026748527143,-3.3040065923232436,0.28430220798713535,0.39518958231057555,-2.9276331727169382,2.6610393240047547,0.3039772549539803,-1.0581314586529427,-1.4099954365895333,-1.5269246864028645,1.8395021514148353,0.22495575051926675,-1.0705643847978645,-2.2847035663558346,0.24173443601036348,-0.5934545424965645,8.227109059381629,-263.1509343303583,23.78615483362078,37.31818555750651,-14.34185627927944,27.891190658414533,25.895058074926666,40.436620458427235,24.80063752771579,-28.980925903465074,12.082570266655866,-6.2675062437478415,0.8611221078236371,9.748938826294518,-7.938995377018836,34.49196117796771,1.4712007586529592,8.265347251826666,0.6803408369195725,4.696259996597103,-96.12022782650146,63.753716086118295,4.14187754794188,-2.020927003982676,-1.1670470681169958,-0.4125542964667579,1.0222242272239455,-2.7711492952301,1.7948944204078465,1.1670622296752087,-1.0502002958652603,0.19362824009231305,0.4685933075765494,-0.03549637550063878,-0.27474130420001486,-0.25609100221440473,-1.1605729612101496,-0.8843635303775854,-0.3693049781528315,-0.04774560323381305,24.30500384427169,18.849090420866105,8.238374390173833,2.58155709942249,-1.3930207132662753,2.9952629837252145,1.1022286270278125,-3.941062568409734,-2.295201906722244,0.9636734553421482,-1.6314804214192518,0.6732382820118226,0.740777249410546,-1.2486341371881347,0.16170467635353059,0.5729944158371596,-0.22186827543217102,-1.913392675382152,-1.5154015232008,-0.7901742415226609,8.227109059381629,-265.8360914684906,-37.546036746024726,29.610337702719285,22.445489693966486,-18.901087945754597,-10.654171946507661,41.70290207182513,-26.50421031442032,-38.018271651660925,8.93914254012033,-10.029823106712065,-12.17965921418914,-1.4255887387948936,12.10942230358398,-0.3175953096754365,18.377162208700963,9.059786190845555,-0.9989826275082494,0.6256929460877623,-96.12022782650146
57.04919470749386,-4.636836001085159,-0.6980540061389813,1.2774373294325088,-2.275306435525184,-0.3324238513564435,-2.4606526907627044,-3.1699203125559507,0.7685607886932191,-0.5221307754079438,-0.2005677067277647,-0.396936494908382,-0.07819477720641865,0.9444069098386239,-1.1964325690057955,0.05773290042511747,-1.136890201727484,-0.16321127610420416,-0.6121689772567918,23.271364057867494,5.105388827977038,4.138644397936185,-2.684702139604087,-6.758238498782948,2.0588996997672893,5.3594827375097385,6.321578765525564,2.793824132212425,-4.921250731359844,3.0251596283820072,-1.6786532388827533,-0.8268959742540334,1.0858858462214114,0.29537732994899946,5.6248626971865665,-1.5314569372585847,-0.22355489620197422,-0.39686361324209307,0.2540645022398387,1.268319983524048,-211.90074736318883,12.199676286080749,20.655714016182593,-9.08350574088911,30.011424419339356,6.767616750144524,32.705438433032484,27.0316744261507,-31.299891408920743,3.198281606084714,2.340147132082421,5.930560830643109,1.1217432510088678,-15.482330896021804,19.223429165705134,0.4809794275880126,15.495000765375815,2.913244262229382,4.558854633299405,-77.96973573891955,58.282688429985164,2.1149301760711765,-2.998610772636819,-0.12205627638421035,1.9547275342085855,1.5335653601313743,-2.7125056273960837,1.0402472325962049,1.1321298706067837,-0.18314411964977007,1.2343853401476335,1.4311051676509572,0.21561751945351437,-0.47332516942249936,0.5501902922426523,-0.6981806238586246,-0.5563893893364078,-0.25124981973205496,-0.02283305834762417,23.271364057867494,3.5809296492151717,0.5574634939319418,4.58264632380682,3.269426713911251,-3.816158257893776,-3.1294874900158476,4.624780155189711,-7.424595552447233,-6.846304644555836,-0.37209191472785474,-1.803889530912436,-2.2817464316193066,-0.3849447258564145,2.5842206074426635,-0.05419121478796418,1.994230321527264,0.23532203298802612,-0.9895242898048915,-0.1915986716929594,1.268319983524048,-212.15646241649992,-27.848600421059878,27.028640294180413,9.48729243780548,-28.51806455770784,-8.659179999973983,38.22641925978372,-10.004865720875102,-27.749322884309294,8.060699276548931,-17.70092825168812,-15.061934189085672,-0.9230411990613789,12.17896648700497,1.676616902682099,13.171876124771732,10.460052642836525,3.07020820430684,1.1898346350633595,-77.96973573891955
63.52626571981858,-3.516737754276879,-4.8957502881163535,-1.7976728955479016,-2.366334081337788,-1.2424707878543004,-0.8300956822750338,-0.9977544888808509,-0.12469092589024822,0.17947281573262108,-0.3670741060580265,-0.6120159640930796,-1.0705865574261408,0.9004722409809189,-0.7194336251724951,-0.21567631956912225,-0.46577372705167885,-0.16332462308121665,-0.5619518412551374,24.291642508483488,-22.769808993563437,4.435946721920456,-0.11886561485259728,-6.953380788818599,3.5477540606052886,2.9286048704908154,9.616060170189165,5.119479387393466,-5.947484794776655,3.0287456574908735,-1.7016933407775015,0.4737734619132117,-0.40064184950996884,-1.8929997528087341,5.542323465046977,-0.37108970498272753,1.7603972718653842,-0.4571397396078094,0.4070585358950136,-8.108139784097737,-141.176945732448,1.316816143771259,36.47510154642232,23.989771062020132,22.33148062366895,-6.513726415329855,-2.4125180870255454,-4.352424408331563,-16.65185743025693,-13.096106785164556,10.141825907691686,6.354059640614023,1.0801010565668325,-15.954144881641431,-3.2684922194801604,1.225653718592934,8.031113802575229,1.8931413233351628,-0.01621862517966055,-38.779285709701156,63.78182604603134,4.629218727042045,-1.1479144610727823,-0.4534893618867377,-0.8168466834047527,0.9435391858203288,-1.6122316748039016,-0.3023481513160138,0.40887290503246554,-1.1398947370989552,-0.3698237934230111,0.302043577297872,0.12027270859037786,0.031662552484003736,-0.11901347815105634,-0.33250830183857794,-0.829989383093158,-0.523599473836091,0.0698751345134414,24.291642508483488,-24.76467016370092,-1.7038875272973928,6.846006158101938,3.092246893866955,-7.275119292000127,0.17598704120546627,6.01260272255734,-6.365201292271195,-8.257471269395708,0.5445874753200224,-3.826690007307585,-3.592345619220673,-0.6972616660328512,2.529608739684493,-0.8250696852320416,2.836336170732594,1.7759682033770077,-1.3811555194817005,0.18080641752204318,-8.108139784097737,-136.95909348059902,-25.687769018117095,7.812286256594516,-3.6924495271284266,3.2321670341369955,-1.9041676575652522,16.530792359967194,18.185089551079916,-1.919620289064468,13.714519406226907,-4.425335222690536,1.2754779947299362,2.965164437154379,2.8051471358194306,10.961017148441725,3.945854176824728,8.024397654215338,9.925489300204081,-0.6836042844649266,-38.779285709701156
62.674308083713115,-4.554220440560451,-4.616703557575473,-2.307746287892637,-0.9727950651930843,0.07555508464990623,0.7277259493033696,0.1193819568108423,-0.7943724036747462,0.6978487310970523,-0.3858167400147585,-0.2702031881299112,-0.5474073385149065,0.9388037620741487,0.060700174134981744,-0.34983508389373386,-0.06620781807218878,-0.28366978686661226,-0.3184665108436482,24.066344685299917,-25.195620567087964,5.874092390050437,0.10090206770072285,-2.583292998687808,5.662131949906948,-0.17228533377077948,6.725084351560674,3.041664976506301,-6.750410813195966,-0.9709036502911963,1.371242143441667,1.4730700696866574,-1.7940222636744347,-3.931208208851981,2.556067205485791,-1.2684711364497991,2.7426957054843797,1.2900892477661183,0.5534901394735641,-8.481896770529552,-43.2729155053565,-0.6425564731220188,37.045328006491246,47.71423477868794,4.584563007086533,-20.274375983479867,-35.74839675313211,-26.502814460667928,10.78621047270937,-23.903980175414972,6.845493505823364,0.6185553184245975,-0.04041069601088143,-5.913074024541389,-21.18680559766733,3.3910662919688424,-2.261819307197211,-0.17092024145149654,-3.757268012889732,-2.523814890019324,63.74811475233372,3.111986492928508,-0.9259632497243739,-0.015646443347500316,-2.1467490050259994,0.455646134992608,-1.0057110987397637,-1.0498994921826554,-0.9734945115041653,-0.9056968863635038,-0.8275225441686409,-0.38990771929429036,0.17301411237308262,0.5540707459025156,-0.4812075282209691,-0.385146442789829,-0.31790964042084435,-0.5260054300701558,-0.020674955739036216,24.066344685299917,-28.184258996345775,0.297449789735325,7.856587759462209,-0.6129995543084941,-4.897000674780727,-0.9695491731504786,5.587971948229535,-1.4942373180428425,-4.822049942271061,1.2819919167071678,-4.561339967989779,-3.2254578308483683,-1.1880965716864573,3.435226711047786,2.2259731717097235,2.171170273663269,1.6183844958143836,0.42741097312144105,-0.3837070325861678,-8.481896770529552,-40.92393064939719,-10.275361252063558,-11.72967899900603,-16.141126841168152,32.44448484755893,5.476219201126605,-8.164186863146794,36.43626406405415,31.244258892109308,12.873732164424915,11.60863154819778,17.314064891998008,4.653628650923229,-7.948308633796257,9.577979033520103,-3.6793789077785597,-0.3279651982902252,12.540308275687218,-0.5233486229847695,-2.523814890019324
48.547583566918696,-2.936485836826947,-2.767990425230967,-2.3520179094173277,-0.969596962469844,-0.7022562362442009,1.3739299393268996,-0.07159786329036999,-1.1178547101050684,0.5859537001322659,-0.5656890675075226,-0.5237405502795782,-1.185726485099111,-0.46297824542870014,0.10648131297586838,0.07025214822279358,0.22329473566495106,0.19695389482625325,-0.37159558790608926,19.853443638506608,-32.11760613894914,5.8004717456285935,11.469615666063522,6.677145295691066,6.060117594441402,-0.20667696403753322,-1.0128222542197518,-5.227765799029658,-4.750309350205649,-4.246044498291696,2.4878338040306907,0.6170513617471327,0.4530798968284748,-4.0242775200053895,0.1251073866295742,-0.5892304259057903,0.247728034088603,0.3448286671738392,-0.7512766737032575,-6.287425418442147,99.09035797316672,-24.064378204774513,19.948766711382042,46.91791590329352,-10.165197227210715,-18.10752669357776,-48.76214219788011,-22.612404360601445,19.062022119198737,-17.175852892812898,-2.2760927000027027,-2.6975000141934955,6.3810740792869005,9.261022894786315,-21.00314351003362,2.0091317739324586,-11.107167387292822,-6.751098358506125,-3.337325772637617,36.06478786720713,48.63866784309356,2.791405625864518,0.3657523136120706,0.3258714622981267,-1.999375672849529,1.6491773603960618,-0.6182451982795896,-0.3426328633383211,-1.9088612139671703,-0.4166301748483823,-0.6887628214033423,-0.4170730585611633,-0.3628255049768485,0.4763651079797242,-0.15292693459861484,0.10107803362174961,-0.1156193031468633,-0.9225049327246313,0.041578554222914565,19.853443638506608,-33.74786199665294,-4.475503266786406,4.850729509892053,-1.298032342720616,5.151767709237188,-0.929824360187498,3.842737715053952,3.8321637516155187,-1.0082640403324734,4.398737365976691,-0.16070411079477376,1.850371946390045,0.6355240043040764,1.1387751924606846,4.913420796809178,1.6625888369121904,1.4072749203123385,2.7388754954380747,-1.03592220330852,-6.287425418442147,114.83949316478665,-8.579477571072303,-36.8265497392335,-10.895875960071486,29.21840765606815,2.2247743068252928,-11.867750028035157,29.60048855048231,40.66728681090518,5.672082900788072,20.604897185634023,17.144607052124286,8.414841806400705,-11.596241777037257,-3.5611442945803002,-8.019360028788867,-3.8737618896123336,11.53105023911714,0.4284012949709872,36.06478786720713
51.94072550039982,-1.9899157647849068,-1.711482903731313,0.26296333702331776,-0.14260902000568176,-0.688673794046883,-0.20012332578333414,-2.1121661370980407,-2.110062725797354,-1.2108230427533644,0.5843608457178169,0.29546083302819603,-0.917635945207151,-0.33947195138255704,-0.3313564353370817,-0.71946690169574,-0.11007658034360923,0.30169408882512005,-0.4306020341945338,21.249515107591158,-11.85717035200836,3.1351036495211067,10.043721223183475,10.283615848306187,3.094999436392499,-3.210064336966021,-6.23817839883603,-5.283960504909977,-0.12673321729066256,-5.2894353814341954,-0.3506700583751674,-0.5892572649586951,0.6388196250467488,-1.5955207987233677,-2.2599320624383963,0.273146569187368,-0.598129930912189,-0.8833079373586656,-1.0454018994058918,-0.9039446443134089,102.83473967091402,-40.52830470143409,-0.7126713481893079,25.98972243832965,-24.329900871528963,-14.846999729460837,-26.875303853430953,5.779204325498062,22.592203628095824,4.305746790247712,-11.687628615349308,-3.826327149360149,4.078799776475253,18.312703059683045,-11.61557900060933,3.4941678730547467,-10.51257438646533,-9.429522317447006,0.11581518545142444,27.904562990480528,51.76213803328117,3.1825616215276025,0.1728497197518588,-0.8182364656308896,0.09749169154061033,0.6959716862682686,-0.41551289154347204,0.3132709295859373,-0.12002804102892917,0.0962195575785274,-0.8868151298570903,0.17793457015629066,-0.1368816596061011,1.0219369083535335,1.6801336063212933,0.17061134524284616,-0.10438218140236333,0.16190839627293574,-0.20053828449544464,21.249515107591158,-12.389439759007416,-3.1944092623553306,-0.28455485159125216,-2.6059970883790404,6.192640665267033,0.1615278112439369,1.6276192273680081,5.694853957636487,5.1512211869672,4.137699222156268,2.167433294930048,3.6539272315743383,1.2754767644367366,-0.694516935843561,1.8655530609514777,0.741414534548186,0.2556860753752481,3.2206143405788303,0.15509132722993746,-0.9039446443134089,124.01697138115513,-7.678627537945893,-49.22100845239326,0.7495217198085999,0.8139512055276938,12.930817969388908,-7.8552661041016565,12.543171592923205,27.93209873791533,-7.5583729806531155,16.848423975889713,2.692358156575932,7.587144316646321,-12.167865989316834,-22.02960334594407,-9.176866036500666,-2.336694189397555,-2.0141878949733902,2.8258255666291507,27.904562990480528
52.83425394200066,-1.8986542193503544,-0.6135527820066722,0.25554493983965365,0.24863169328921142,-0.9636948305246724,-0.8725821718415578,-2.495863341441239,-1.8420004399317689,-0.9892135464880187,0.39175400309103114,-0.5863222937985668,-0.6589323056657812,-0.47252866229342305,-0.46085162712167627,-0.32547562362101434,-0.31997532887166713,-0.2835922273401632,-0.8815224164313233,22.556344588116794,20.10614488548012,-6.226748010202135,4.884108163097048,10.072122739331165,-0.25127829624284415,-4.606268974700445,-8.283379553552535,-2.0239100521991182,0.2716874668700613,-3.399914923344076,-1.9787835898704356,0.1561871221391402,1.5734742457728896,1.5696679895201175,-2.551248656007739,-0.13733267083508172,-2.122773603582743,-2.74599032629848,-0.4621583309840669,6.135278086397754,61.64944946549951,-45.40711772872937,-27.924221755794363,-5.113658150763024,-26.166033788178346,-2.852685407781084,3.506282582922472,28.602492232589032,17.184819218048485,21.00316914452624,-5.942865377219517,3.1921349148563687,0.3225580353532065,15.66064307026705,0.4965645454903971,0.04566339885516735,-0.5832855865630511,-0.33108946191615773,5.814926212655541,1.3470242815400262,52.90088340723115,2.3561795293492946,0.7280438091351282,-0.7012105221053511,0.6369168229305364,0.3584642300887495,0.014038079124928604,0.9321485136074492,-0.5219923503713892,0.5585157239183749,-0.42052955597617325,0.943308405767604,0.5929825967320079,0.3671170674888371,1.2570263529824015,0.22090722260117968,-0.23311565244622923,0.5018813607114008,-0.3581543027626144,22.556344588116794,24.757666800023223,-4.247696786788216,-7.496697405988082,-1.359192319133515,1.7892638660100664,0.7228357024209049,2.058904068970525,4.840497345130297,7.089536571437751,1.9527752729895083,3.1113719540495124,1.540265375630118,2.2783725691059047,-1.2036403253884624,-2.4254317771430687,-0.45846597410429846,0.5204364687904086,2.987767916348175,0.12560788509948417,6.135278086397754,82.5861688737036,-3.1673105370424426,-41.46672028942134,6.403828976539989,-23.026349952152103,9.651073694530275,-4.289341390035076,-8.98335937143373,5.732351097632331,-15.557048655054606,2.811533915501413,-14.65127376207107,-0.3998744865781074,-3.196535599017853,-22.577722625269413,-8.198903902340305,-0.8257553330947558,-13.14230341112744,1.2374236591454413,1.3470242815400262
54.602387720167954,-3.505584424538194,-0.6720617675958831,1.530280211631966,-0.034409674876362484,-1.3987577866928684,-1.2681071945304168,-1.3104655565687122,-0.4956661474067272,-1.1592853363099032,-1.039873304501619,-0.5335409488497644,-0.491394615708197,0.14581857114482633,-0.7855993870354441,-0.015397913378145889,-0.0936377512599742,-0.48505069446273685,-0.586204046283977,22.26292188833812,0.10987375615441408,-8.376450082751242,3.0373201450893057,8.714079498656968,-3.3471205405154105,-5.395989193169742,-3.077288925488411,4.329339265840062,2.0346925923140904,0.7589049573588493,-2.2392634672824236,-0.2096613851894209,-0.3148195499090156,2.428170566226788,-1.9135442735002175,0.25266392254222003,-1.328340668912612,-1.8792624142212246,0.466838560839681,-0.7409670277092388,15.860873367583793,-23.13354757694652,-37.20382925695257,-38.590702691533586,-20.76127681283257,16.43873341647229,21.849340548345523,19.534988162354402,9.659329719417068,27.049838206207173,13.874429409050162,2.8512771291141887,-2.379092832701027,5.79856983909796,6.215387303266047,0.48511785895677906,4.353884684433637,9.385893114083228,4.141689209453112,-7.96002800221844,55.422287090761216,1.7323949100084546,-1.2493864232815288,-0.8051039953352817,-0.3685749202825157,1.1817666057682326,-0.5080431237580187,1.1601367981627027,0.9086816501815442,0.6755797753312516,0.1220774705827985,0.7568651643284952,0.3328484437370227,0.26143629822617864,-0.25340764153573847,-0.07435377000545107,-0.13131842808353733,0.37210859350124337,0.256737136368697,22.26292188833812,4.57146229589371,-3.6557672192367163,-10.580203008794353,-0.20765870619774462,-2.808773150403319,4.669529780239774,2.5522557192204207,4.27318168166137,5.095099120801491,-1.2742135271257982,2.2268339875329337,-1.724225467180439,1.7840513042357893,-1.4774985246860575,-5.119402214286189,-1.3567353390788197,0.8934566268765711,-0.7041291848203042,0.4484407065244054,-0.7409670277092388,23.892852535311143,7.01959195159167,-8.980013330810499,10.151286246362675,-13.092017359302382,-3.347950799959294,-12.442238851865113,-17.974531007561126,-20.62391964542512,-20.084844372751647,-5.727053505477951,-13.732775515812715,-3.8752785641427465,1.3419034065787063,-1.875248106421295,-6.622255923392042,-3.458608466937201,-14.550955436812044,-3.382496836004454,-7.96002800221844
57.26982489977469,-5.292025512051371,-0.8456469117501579,2.0503850229439307,-1.1493357831559257,-2.6503487272714303,-2.233767903075827,-1.4844031796545933,-1.7892092658653511,-1.1397726147615028,-0.7429637873330224,-0.031146098271027878,-0.6121100269621431,0.07921048806766695,-0.9420215391788198,-0.35044868135354434,-0.8463114806682379,-0.7826688766790584,-0.5248737473534011,22.414379291332004,-7.2764034602807754,-11.147310252599917,1.0107053272134245,4.905084395134163,-3.8018393111938154,-0.5400572398262149,-0.8401256994323254,4.266830431889838,2.7613873540162173,3.2313699045749025,0.4606978198745604,2.02332087929068,1.0911785019829603,1.794198332653058,0.20019576490568336,-0.5561574031556327,0.321190609807289,0.6772611746470398,1.4000662025017268,-5.695402085974219,13.316157690092709,18.372741484870243,-43.19726399300997,-63.483693510144164,-14.170181257962925,29.898190371282453,29.439241608443737,1.5966987388262863,7.004447925462015,15.624854399170875,18.47474596937257,-3.455313573458397,-8.058338252890223,-4.903150815772606,4.166718686124289,3.686201638953579,7.934042890127428,14.799442327124313,-0.3254567087175504,1.3923517952262294,59.187426714365145,1.392640588229984,-2.671478317865277,-0.36029093241643473,-0.8717104339329329,1.7676977518565322,0.45747195231294624,1.6541828749384444,1.121552226146469,0.27007735277000977,0.36247685540146946,0.06359433216779342,0.5414957279045418,0.2547952503491704,-0.3988721992416333,-0.005672395806251007,0.158067054588928,0.4662789268353025,-0.12425521365941417,22.414379291332004,-0.9352285872517001,-5.8284795568669345,-10.734806556217066,0.7047129544587305,-1.8607003590036881,1.6417115025797218,1.235748774110208,0.051320203886211946,1.885972541566547,-0.6738305869095784,1.21536250065449,-2.7861885852681008,0.18129949111549637,-0.06800181262699367,-2.882962878206695,-1.387788177444459,0.6755119780142991,-1.8699044474260789,-0.5638850633830333,-5.695402085974219,-3.6473090915522235,29.29133138807483,28.128653512747423,7.976342760751252,5.558518124897499,-13.811349634934215,-28.628675465571686,-21.280328803703924,-31.893540943798968,-19.46862198769691,-10.290198589871242,-5.255810024673998,-8.365136813327698,3.901677875726228,13.891747967928898,-0.8405332265957437,-7.859818772684463,-10.057201095793218,-2.661531834938245,1.3923517952262294
49.77787689959001,-4.48145515981002,-0.07677576631491734,3.7225830447996633,-1.1171855520408185,-2.543341442258375,-1.0581749229104052,-0.4532265850713322,-1.1191120166735176,-0.7560910299371977,0.032088007288631815,-0.08695795733028389,-1.0984568595134778,0.5987437565502918,-1.0475436160586187,-0.580648411558365,-0.5110788389016299,-0.3883987936160447,-0.3755070883136544,20.950014242128933,9.764540504663984,-5.971389017753261,-6.621491987350997,-6.428216325362106,-5.5103584625483,2.9761965038330076,0.9648649482766274,1.3381633342227461,3.4580816988447936,4.919841307709901,5.366803941277416,-0.09718557897737057,-0.3095789194087999,1.1914989492591417,-0.5279606212620842,0.725117864826033,0.3568303046096133,2.0980128692101876,0.09433043857776768,1.031381440763358,66.7487545168631,17.111595179856867,-28.733713181696423,-56.95985208272809,5.154300327250796,31.48200210802875,18.398321756850404,-13.88260139898685,-1.6336239294598096,-2.0701311835839697,5.585196590601706,-6.225196177512358,-4.206653925560193,-10.297154609290386,2.7065845685170626,2.9567054053826345,3.3074848785798467,8.252318722125217,-2.509370744430628,15.095629197145538,50.904597527661025,1.8364474824688997,-3.4174907211451155,-1.09252561357422,-0.5525812552293146,2.3261198155042644,0.6388980314727295,2.0888445897511247,1.605749231112887,-0.3966680204101891,-0.16490134177944493,-0.2443211266340235,0.7808874269255266,0.3393485545803381,-0.05161822470978383,-0.39446651509284836,0.14675477851834362,-0.1723549791991672,-0.09326747578484207,20.950014242128933,12.403434202285617,1.1057780984798637,-3.1555069418820096,1.4376933980061746,1.471614098122719,-1.9718854888151185,-4.18192255113439,-0.8978229755220339,-2.5589566208097554,-4.591420034270012,0.2519112688885836,-1.04923354588291,0.38637402136056753,-0.5913844889349422,1.1566945582726433,-2.1050523254777547,-1.5511559127052974,-1.626027195940065,-1.1914106165310308,1.031381440763358,57.42325918878007,11.76695892475544,39.76584090451138,4.003177783860013,9.9735272933954,-21.420464292508562,-27.050614167835462,-20.08565534170578,-26.450205379961325,-6.2311572526141195,-6.222575866269162,5.117622483699243,-8.883655346596601,4.3495840076317585,16.121996881684915,5.430896138461405,-6.459039539828895,1.9726541248154454,0.7099518858365508,15.095629197145538
51.60830762214924,-6.9843739780144,-0.4058431190404428,1.6119357208228866,-1.1109000237254683,-0.6614316226550265,-1.3976111573677263,-0.7910676112450097,-0.14958382829026506,0.42487425261307976,0.08612225713318589,0.20204665008703282,0.19018806722833936,0.1981079113303732,-0.22978163015724729,-0.3209290761087211,0.04934051985280519,0.006712409560010624,-0.2868377941656213,20.365097368234277,21.93689035627169,1.7570921997339957,-11.885117767187783,-14.098576103731379,-6.2547499642078614,6.156733362439407,4.415164313786814,0.27002728302268286,3.062216876335717,2.3320441010658355,3.4555556905359284,-1.6277075676960835,-2.45831519592233,-0.2635716098823624,-1.1606811390646612,1.4695411774998013,1.0016623547198584,2.6650931955479695,-0.4386326242118854,5.945279749774571,25.421561781513986,12.425131406945127,10.819965124620438,-15.953090660415956,21.380625446218954,6.0164790857503725,4.546337675947463,-11.017942309991785,-13.122023787508802,-16.10091147794896,-12.711177023654965,-6.106912320784286,-1.1562704924979132,-8.104293760042053,1.548223706325785,2.083321908036322,1.4498670741832087,-0.7102614032207999,0.47031035654936426,8.448493942278699,54.692113895155394,-0.6100865353143949,-3.555307320041612,-0.2051432357565166,-0.20143018909790822,0.6071433765105945,0.058441888564658484,0.49345471975634414,0.07246012994621287,0.757724328334306,0.3306411005321934,0.050807258614812945,0.45961285069550417,0.29416003299826055,-0.2853497945339234,-0.31293049357735114,-0.034396266740020165,-0.16083907665143338,-0.46509452837736154,20.365097368234277,19.018026301051158,8.01719624839091,2.855281316929457,1.8063030091401515,2.4283293041957967,-2.8621314805187565,-8.888344528637912,-3.214164728129964,-5.03020602965611,-6.12293246728684,-1.046265981563933,-1.4251355973556454,-1.2053571961203338,0.30414159459909373,1.3823938205419648,-0.5045740942027028,-2.1871666477608884,-1.5798836259885536,-0.3852323708419202,5.945279749774571,24.57343592642944,-14.347467364109258,31.785251074883753,0.7208979530789295,-1.185357087504939,-6.094462296252132,-1.841871529318234,-3.5244942871476774,-7.387456322424859,7.926371465102003,-2.619232948758877,7.158467089887812,-3.056165418355659,1.9818518673212617,5.052829408543193,7.82879711697214,0.7731356637442619,7.760414249367804,6.345205232347125,8.448493942278699
62.31541661131267,-5.64510470043331,-4.202709657626239,-1.464603299988565,-2.808806785865741,-0.9051180870845665,-1.2037530932461533,-0.988051673662131,0.41356198322812654,0.5183118838577561,1.228985643903985,-0.6987301125174801,-1.0473331225078382,0.682119334143044,-1.4056996521772724,0.332401216412459,-0.3630485992156891,0.16926509702282244,-0.6580568035889831,23.803253570268662,18.877604106309732,-6.272853718989765,-4.881624898558302,-10.264016293274304,0.4564849496170109,6.996616559711823,3.494226946327221,-0.6135598592197855,1.0674658664244356,0.17350226732139795,-0.9440941073122544,-1.4967452504522183,-0.6433996637364667,-1.6915217671506952,0.1201864627434861,0.7181673349058202,-0.01483410207897351,1.252980936390919,0.13150260198117314,0.9865066529891351,-63.36607378463439,-6.539194647322894,45.79749408015727,36.51845202842391,30.140627019223416,-19.72347904890953,-12.028684626733117,-6.797932336366215,-17.40880948095774,-17.059443952147774,-25.145316495990173,5.675918755272949,6.926691369127086,-4.823354422098498,4.002831005316412,-3.070158700819639,4.078828543125921,-6.062990374449998,7.707644475336919,-19.5440431277587,63.8716606015089,3.286647521020576,-2.385225393134366,-0.16383114466215343,0.03209200636133147,0.7761010490336422,-2.39948936745107,1.2915893879927358,0.1537493878767946,-1.8639537295859023,0.2639509824617283,0.23864192816353036,0.5669768930218253,-0.053938337565837546,0.26817843524672824,-0.9732508838587783,-0.810664723771712,-0.12734600272542118,-0.1685485145378447,23.803253570268662,23.306464446132317,-4.695125659487919,2.5076735068880738,1.2431351583915515,0.033475664694638585,-3.7887808744652687,-5.91100471332325,-4.136903523183433,-4.671914283567842,-1.6652412132442271,0.2463602955075641,0.15405928071295505,-1.9644480254445962,0.511221775516778,0.8089178771819376,0.9171056885310045,-0.9047238301502829,0.1371874668686559,0.7140903031721242,0.9865066529891351,-49.75381151718031,-40.69092645892758,4.292813804550044,-5.174958955755222,-13.731256815807024,11.393725227725174,27.890140395567023,2.9114433630250263,14.693177081395293,28.393519415853,0.9188560210164061,5.6166969787340575,2.6703195508761413,-0.2592915514273664,-6.619071987598268,6.928689768096439,9.33253643489746,7.375391084037782,6.711902888317014,-19.5440431277587
61.969500222049206,-3.8316546418727278,-4.725238849688389,-2.4053098565276443,-3.430900148347395,-0.39109372363863093,0.046603338985454545,-1.0819769938478525,-1.0244378276483146,-0.610952021126062,0.3863652396272652,-0.5391138045254715,-1.866829493426128,-0.09426310566989038,-1.3432840906518235,-0.0722029065890557,-0.4194954231512791,0.2710457757754927,-0.6029152018216795,23.960399502149425,0.8778456296533435,-4.784012198509102,5.550754345127295,-1.1535609511177154,3.9050517058330065,0.4579722751095634,0.168362139516109,-0.26627912638478834,-2.604316623528004,-2.445916314205326,-2.739441667658087,-0.33035544536403894,0.6799536278978371,-0.8164381891630503,0.6502340760657908,0.4889788158226347,1.2319563502431867,0.7446464394462742,1.6166352990747062,-1.4487177209477586,-99.55185050425285,2.7201439717418463,37.90260524219899,42.48185929913417,24.341357376887785,-37.222913186364636,-21.185105235434072,-9.636078150374148,-13.435607654104189,-8.854192006418657,-10.793038446906705,10.995722154940283,9.087028881792452,-1.8417687783225318,3.8757286596269775,-5.120871736265881,3.387080653469117,-1.4432035951750177,9.284531851558388,-22.672822768168633,62.21290832796679,4.676138693149601,-1.759970323405923,0.07851333769760771,0.05011758736964245,1.111641394832465,-2.46750661254411,0.4457281117526568,-0.6675508670635399,-2.0577460262855536,-0.3750822975010837,-0.8904549939088062,0.04577239679622558,0.6035094937218051,0.13242638105109306,0.03143274147536257,-0.4568065181464884,-0.3461673743958473,-0.27923087970387295,23.960399502149425,5.89997425403967,-10.101761359937672,2.3262287568397677,1.1624410508055067,-1.7343096860421174,-0.49707195272126947,1.1793540905455213,-0.09138666585692734,-0.7512767882668392,1.8262657351285307,-0.09147848703443895,0.19139854637787268,-0.1713721946597513,0.37162098880777705,-0.182659833389746,1.0155313740372314,0.7388637686089228,1.1286953458534628,1.6559670929389512,-1.4487177209477586,-94.65305280343921,-20.866706002293377,5.687532649252324,-10.419679297247528,-12.123840495302522,14.538990859963375,33.69621568797847,11.629418283483483,17.965303168741343,30.263312451156754,-1.0129201393098002,6.392089321224047,6.9172949638618775,-5.675253881311946,-0.13681349716926539,1.7808022257421496,7.319938896141485,4.919177361772829,1.2023443229511366,-22.672822768168633
54.036082652794896,-9.194241687375738,-0.3578903502700954,0.5991976868377766,0.2710569850786504,0.8197978880893388,-0.03316869792338517,-0.6145518233798035,-0.14795208378227498,-0.15142675940692785,-0.590080537614535,-0.46475035525014086,-0.3916479110544775,-0.10083161852492406,-0.4306991544395875,-0.3459278288652876,-0.2840779184390745,0.10592499147167378,-0.15171708349503876,19.645616501665927,-11.388974024344037,-5.9704341422931595,7.5593189965700995,5.358502112543016,4.480054212042974,-4.036162476956836,-2.926076277954579,-1.7926496292566259,-2.413056291702215,-1.220900460728406,-4.108355627620662,2.092097737493082,1.5846323532446598,-0.943744972149763,0.5679972738308958,-0.31968030474520326,2.2810975784109093,0.026741060036036046,2.9205187146029314,-5.043641387754828,-34.50919548986167,44.745148565617185,-23.169762327686833,2.338274420676084,-7.9813937936115344,-27.97849711242962,-8.840532619153162,-3.8518651802774553,-6.526886942701575,1.3209995056999437,6.50086138650193,5.264794585275691,-3.5766020177501594,2.8648161484865966,1.1911606386437534,-0.9418674375461502,-0.5367075886645423,2.9847774168203642,0.10442586398588793,10.202964165302852,58.79743253432149,-3.1542279615070585,-3.061322466018923,-0.6127863211055065,-0.6616173111157706,0.17948036911069476,-1.0536300746345115,0.044256132161252015,-0.3602024121661578,0.17844655027762713,0.3111405049909757,0.3033396399842636,0.005583641152867802,0.44028471197695485,0.14395262608867676,-0.10809528835370297,-0.0944020108535637,-0.011097096892632274,0.17084585146447573,19.645616501665927,-5.914445532798794,-10.180206326819633,-0.7445737595621429,-0.8278551007041139,-3.3126948146618354,2.5424473611487244,4.729298337057404,-1.0034903251460392,2.6481672991932554,5.630740572448802,0.2339455321320396,0.9508478716173594,1.204541296068347,-0.7547699617529671,-1.3703146085606348,0.5992398244504982,1.6520970965585264,0.7073788601578175,1.1439410957370408,-5.043641387754828,-70.47022242418183,58.60114390775205,13.97504416368485,-5.438269364254788,-6.882262859669733,10.5054054013471,8.771066984874302,7.896054252835725,5.181358724241272,0.7360261346296557,-4.690799070025605,-3.8546210065410866,2.3395073336525782,-2.132017557391369,4.6948774919305745,-3.2177298853777003,-0.3241718549344672,-2.217639192289598,-6.545557745248994,10.202964165302852
56.1868974162348,-7.601811583797737,0.4471243998451331,0.0032547518508581064,-0.6983060562811607,-1.2949034726871975,-1.898722285271056,-1.1109570995785676,-1.1709851065490664,-0.4632145828572414,-0.3740654859365975,-0.08012095122865626,0.20232227545057757,0.18136429308283208,-0.3921648409931944,0.26272485444146954,0.6258333545860912,0.41070568205872204,0.26830999532475963,21.719557042061766,-12.705745830527853,2.965954397256616,0.8457129063475115,-0.6689056570729504,3.90414409302305,-6.93833371240858,-2.9672366917893225,-3.958466907145971,-1.9153258716530526,-1.3978505381185906,-0.3588327727632201,2.075732015801408,0.9711832364833328,-1.5583443965440944,0.5532777852051227,-0.5719708708076281,1.5472368412094757,2.556611336137902,2.8091252452564293,-2.376057613937764,40.181999182156815,34.86473422923176,-66.30754437810995,-28.011227202950458,-19.65648946681064,10.197803913534312,11.21257251279702,8.468277088281885,6.17675319190384,9.580629910432911,11.673539577841407,-6.463056527465509,-8.392620945902543,6.0817552721675,5.401763179743954,-0.09151752608063135,-6.027974127354936,2.714059325851504,-8.212815597328746,24.204648981109628,60.179215055768935,-2.4405294740194146,-2.0541444051794495,0.6005548778679133,-0.7217303733804159,0.6569177401114334,-0.024810712570860094,1.0714280147436224,-0.046202364165730536,0.6496570559668067,0.26130709575035027,0.11415767589338266,0.6546233793001073,0.23285900263075288,-0.31456680664977066,-0.23774260431127314,-0.0230957388946329,0.34538414335890355,0.19319183509095383,21.719557042061766,-13.698045111202887,0.32638358091007813,7.325171274780728,-2.3680415099357797,-1.9605057037772275,1.2417498316559339,2.639611790160996,1.0338378145930802,0.29240476333401233,5.360732865445022,-1.5465186695310709,1.372514767804176,0.6687956250541336,-1.9004894774220067,2.403603314828618,0.5447599507086252,0.19439233695544944,0.5946093582532801,0.0010143943511897735,-2.376057613937764,4.08588177352744,78.35752340260483,4.502444767762276,-3.264042966054352,-1.9412097071535066,-12.36099934358887,-14.091058171932794,-9.181090243273479,-10.773047678101896,-21.022645404966887,-4.154795338760343,-7.831676415920924,-7.778446712025015,6.359086738020316,3.4632515420524137,-4.932553633613493,-6.306444399079919,-5.265203502903349,-10.072813178773597,24.204648981109628
59.512231002047855,-6.7452433006173855,-3.0092317841079503,0.010365452093691996,-1.9350767258773711,-2.471294451038701,-1.6941284200951876,-1.8698864354250864,-0.719692523172605,-0.1660070656408572,-0.44497680712441445,0.1178223295806533,-1.289592830323861,0.07243314869180129,-1.597260640091139,0.005097183524594762,0.2548358011210805,0.1128056738992258,0.36658995513926307,22.401854106435078,8.414802091469497,12.224737265935968,-14.113985343011827,-9.337206729958645,-3.533758140783778,-3.2944790027439153,0.6417600524033551,-0.6933985589779219,-2.5404729808638273,0.30996913212800203,1.1160321384912768,-0.06739168839709642,-2.5773154769042943,0.11183941078312509,0.7642449274956968,0.7777084594478765,-0.4408281418943891,1.839387196455287,-0.41252943911674445,6.551658682135564,74.0236509053185,12.650555733878527,-51.85998730269871,-29.25445388086774,-16.689786618249578,29.963944128807114,13.345703970809518,24.08187346918087,14.391980702444961,7.270248930840076,9.884690317283606,-12.801863848383098,-0.5989340224295181,10.607559713462258,9.331989933819557,1.775844619910894,-7.725028335323966,-2.3067415152710753,-13.133847504426353,27.412419653744106,61.93128447120843,1.7548784411952676,-2.6104252320286743,-0.8387794650993632,-1.238331420594557,2.27468655696852,-1.2561881489089926,0.47699427392423344,1.1671587860245176,-0.40228498448768146,0.06272905190203115,0.21175952907111562,0.864822049804058,-0.24599807289679498,-0.1934822751831573,-0.5390432987402114,-0.2014715651183765,-0.11943233152388788,0.16721067593326233,22.401854106435078,-2.1296370833373217,19.39137382396423,6.995724329760018,0.2892417566348007,-3.2945577562726727,0.5945109340196795,-2.255600070693837,-0.7514886369905742,-2.603075697247632,-3.064461711087645,-1.3715191482569224,-2.3638093332707397,-1.2147782684752495,0.5812682299359855,1.8632250490380426,-0.45637354249354267,-0.7945740417907798,-0.7045891354760518,-1.731212220158492,6.551658682135564,57.49731507012086,45.232670332142575,-7.274929616973196,6.442882451389163,2.9393747699424404,-28.598562445492632,-16.44557531993655,-5.931160603044836,-13.994281079164287,-24.02794368962411,-0.5278160311874978,-9.03909927258598,-11.220039449025148,9.088576684309766,-5.320388160447165,-3.869273488359666,-5.95555253184094,-3.819159193046945,-7.059272791847214,27.412419653744106
52.8785531321588,-3.573176636623596,-2.976711679595706,-2.445346567692077,-0.37576124635785924,-2.2147144102789014,-0.6065351458233055,-2.4335431413981965,-1.6962305437796759,-1.3025871370683926,0.13439698800059485,0.20746586095983544,-0.9322654155497698,-0.9600676875503003,-0.48336445522348637,-0.5337008481878109,0.08466613767338127,1.5459111026306678,0.5424939014893841,21.394251892795968,11.066957162824984,3.550769211992213,-16.766365674136722,-7.8113201313421134,-1.916286851158938,5.1860324947702585,3.990730230735652,3.4182338826168026,0.5477683170047221,1.5789638445829257,0.4851342382066468,-2.4821389961517046,-1.4353829299789576,1.6966472554542555,3.252991839105367,-0.10547432931422085,-0.42106785328163165,1.1953530341624006,-0.8232484227298291,4.855956734661859,54.44336045317258,-27.15640703659145,-5.184960908157169,2.5207206090789365,-11.518487603909179,18.937403905180346,-1.4792067068260546,25.03235250677872,21.262621954700073,12.14761998189521,4.219121405311975,-3.4077572375834144,12.941424694398101,12.231152276447741,-0.4654022761080898,-0.9886892607327102,-7.26280151901378,-13.822213416430873,-8.908577770803092,10.79468430871329,53.79695980392187,2.3847772822534767,1.6771666969893166,-0.9925108452733538,-0.6417782097795781,0.6849132167315193,-1.0464216803263713,0.7462779481677062,-1.2850290844918715,0.9129861738196117,-1.0241359057221469,-0.15840755455014421,-0.04944899500230271,-0.003593852552323362,1.5029454891013192,0.5192867220229294,-0.3060755725363573,0.005304922046420524,-0.27690609476267136,21.394251892795968,6.050510916072653,14.291210265972808,0.7073020960598253,-1.0281288608911265,-2.713983068813452,-5.703603410951182,-2.373725791545255,-4.807932631571399,-3.512179129097344,-4.337455825586689,-1.3661438162201296,-2.06711105913854,-2.8509357684004604,2.8831452619734588,-0.06780389116287777,-0.9229387592974945,-1.1910228617563836,-0.797922407781277,-1.9428628385000808,4.855956734661859,72.62190620209647,-12.743901914770277,-29.69822509693601,10.72561589717007,3.3450353500854093,-14.562519107064531,-3.3429334842390115,1.8791599079836048,3.6572895236335174,-10.914768173837507,7.854292288768635,0.35190348637764934,-2.149038667339777,2.4349913264467196,-19.547724695403453,-3.831927766019586,-0.8050968091315487,-1.8498117937153928,2.894122042454431,10.79468430871329
59.897655840567644,-5.096190527994825,-5.7029649820555885,-2.8451050183700786,-1.6570944902748894,-0.36753614448676686,-0.35838224144558284,-0.29995808195895,-1.155565855598884,0.42324408376264877,-0.2862957053374928,-0.6422396055429349,-1.113011804006451,0.5258040771832047,-0.0029768835765930923,0.44113925217329086,-0.23390838092991406,0.45801587941334443,-0.49507375613572324,23.084098417366608,13.736499931638797,0.06243631727830534,-9.56463536453714,-5.697517590756273,-0.9546236249908198,4.883626483857303,0.26779224618769293,6.559936710452421,3.551386965191379,0.925816813340874,0.412006025536209,-2.02989868072191,2.488448425261046,2.7325390585821916,3.8841352137905525,0.3349937344635401,-0.5972642420055201,-0.4460005466117509,-1.8302182036171164,5.046561264817413,-43.83303605850152,-46.07036909999279,71.04645475248367,26.52361710391444,8.761559373487641,-8.084386613134406,-17.77724196308945,0.75204680629981,14.323981471146006,4.562466507975323,4.545642946808973,13.511913147313471,23.936933508694985,3.2168430444121707,-7.25123867072766,-5.3916358137188665,-5.6107698913432715,-15.805075539303427,-0.6795912082439637,-20.986428306444022,60.92374161857636,4.12880557233861,-1.4291158522232972,0.3283674187825274,-2.348872271052526,0.4627380978104916,-1.6706246261036743,-0.168913153046077,-1.0423269006269034,-1.4854488641925978,0.268102431598763,-0.7422824114293427,-0.24976930593355195,0.8491452545364857,0.16680900273215316,-0.7147967227675756,-0.3501991149280914,-0.19335205397441668,-0.4597112936879577,23.084098417366608,12.959933988623867,5.4537154967202905,-1.0731039786882897,1.7236298004681414,-1.4662687471725029,-8.284157240294034,-0.9868205320577457,-1.0481854035862175,-2.4466812941732097,-1.534136926847398,-0.1201499101171799,-1.8488888512042725,-2.64561273171693,1.3977010107041834,-2.7948050857884694,-0.6015475647262749,-0.6329715700060274,-0.5059348533483765,-1.4137566837609308,5.046561264817413,3.7758298611783303,-87.30792028733603,-11.27290492143387,10.968895277395132,14.58190758388093,6.16127186399386,13.299036657124763,16.011049461594045,14.267219728644221,19.693806893473916,6.2100184768849065,14.113234137500516,8.978452357056565,-11.161984317111362,-10.199837012905117,4.0606270787365855,4.235170936978827,2.5200573438812968,9.62461653963339,-20.986428306444022
61.5276635783874,-6.650953364112911,-6.589191838249409,-2.4746700785883133,-1.7954405996618705,0.2462336214219647,-0.5712302592280323,-0.18680433500323446,-0.6791642818335659,0.03164176473246849,-0.2108389177267349,-0.9411594817427145,-0.6036597026976063,0.8030024565642582,0.4371892003022162,-0.00803334453998894,0.6596715189707727,0.835777096382863,0.2875176395973382,23.80641325392693,11.855085475973787,-4.531098646710277,-4.021442536968417,-1.2283899221346681,-3.1446669668280185,-1.5586845031190166,-3.5198561420945187,4.931041711528219,5.670055132669381,4.368035612222578,2.1027409863703013,1.3531068931721077,4.909013632599713,3.246881917780243,-1.23936849599635,-0.844958138681815,-2.0059458682418487,-3.2118015005440155,-0.9363192578949306,3.7738332490779563,-95.50857233801902,-46.836258629858136,94.34112336964371,27.303546836594357,10.648911706391528,-17.945255677064875,-14.045252465926895,-16.220900477948426,-2.1763504683183634,-0.21372574144406187,2.574210410791072,17.660166106996034,13.163524199307416,-5.7060436459471315,-13.49936810295371,-2.6232140859487143,-3.234809523100436,-11.116476567288275,0.0315529450138603,-33.015053253658806,63.7082419401213,3.5181120933953176,-2.2911480470522254,-0.4970829945185953,-1.5234514825581575,-1.2889097357851433,-1.0044553697461467,-1.009584587556922,-0.6975490853886921,-0.9774889169740795,-0.5244515022080805,-0.44237688342565806,-0.21354882703131794,1.126859969900842,-0.5286143911888648,-0.6113352719463383,-0.5442433948679672,-0.016617199306470543,-0.46477859934847654,23.80641325392693,15.068122453864753,0.92326178714691,-3.489527119463123,2.2775724167325846,-1.2021325332846078,-1.6001756347194753,0.3337552787234448,2.1217661518827042,2.04285232361356,-0.8618136135938546,1.7549428557833753,1.291006269959767,0.30969352300508524,-1.0912102045827459,-5.041243965459852,-1.2986169211848018,-0.2889573035027011,-0.429623679668254,1.2893476473796246,3.7738332490779563,-45.92835060437758,-105.56531252323731,-2.0880178706504857,10.888574249477497,14.197900504347047,26.403463362497384,11.901739668780305,17.057288230408403,11.435787958339997,20.766356500625804,4.904850231213577,11.840714421328933,14.170977522868487,-14.831803830087102,3.0667977022786106,6.049422578027713,5.321271331047296,4.116892698750711,9.550491407259509,-33.015053253658806
62.055925744752955,-5.1751367782335755,-5.985309387049668,-2.8237315878363263,-1.7025488617207754,-1.2599552249604824,-1.5778847402989777,0.28671251660364305,0.5474678284500296,-0.37021310987085077,-0.06635584149264506,-0.3228143394290268,-0.2096714741194199,0.5571676059256179,-0.11546986095871414,-0.0902397010675462,-0.33129901053037525,0.24487240371725272,-0.4210310157232722,23.719054058278303,-13.895780094355665,-6.76951335470918,15.036780464645858,0.6331367173948506,1.4612116037945828,-3.9643138103664803,-4.491567742726284,-1.073779070283725,2.0603743468768463,1.1966665022958374,2.580050237813936,4.770941940597734,6.218952996153863,0.9451436018262167,-0.6151942403172748,-1.5483675427277594,-2.4537740800859167,-3.8595733058432184,-0.6957896256561755,-3.400493728294496,-101.36934453035713,-60.920570481100775,64.18280899838243,26.381760844625042,10.109598929461356,5.727502182461388,8.181989985332928,-22.860618952811468,-14.127713048895806,-3.9510230898727228,-2.4850347781698088,6.625626916521506,-7.261396224262558,-11.276383058742027,-5.933109580401932,0.4884601885203894,5.591380376282047,0.4614163082666445,4.013070266990876,-35.11507618015045,63.45561039742065,3.9150687839844927,-1.162819849352048,-0.22467849024267172,-1.5306291577915188,-0.8804805869201657,-1.7705815702279777,0.8308328399934388,-0.3499218606136769,-0.22411590251453495,-0.247188104913592,-0.5707002320932637,-0.3759344000398994,-0.11237447877128592,-0.5751048779323,-0.274506084118715,-0.39887343895558525,-0.3614386975216306,-0.44573141365430047,23.719054058278303,-4.750527921644206,-17.578612080290842,3.4576864768045565,4.120838756520511,3.2404707679033704,1.6234329779007561,3.040177722734195,3.789186702079396,1.753018440719027,5.044620629652896,0.17294675418377858,3.0137490709303645,1.6941332643502598,-3.012546195341593,-0.7499734202660289,1.7617790778184037,0.8719786475717923,0.37129017240808504,1.4649908067183497,-3.400493728294496,-52.20072649686,-92.717779390651,-18.13830318788977,-6.297043495136599,12.103625736517316,19.041102983208603,4.269946619968104,-7.318686032309206,1.7531274463298434,8.364583856618795,-0.8909091855931723,4.3439260001711375,9.597288051962149,-2.4735729761821377,13.327482009662852,4.505721464557473,2.5524353713564727,5.200343977115412,3.887466456171583,-35.11507618015045
57.72696091805304,-5.7992528348593595,-4.846260745582875,-3.0702282440262874,-1.9253675440489255,-2.547847121601552,-1.7567119674438674,-0.2613575849153835,0.2872801805305576,1.2781592658596463,1.0757975492633216,0.7243066744889353,1.0705712358065709,0.6476915069686147,-1.0468022145306008,-0.6904904409082999,-0.8696114816473126,0.046582090206706006,0.03731290233569329,22.963690696879098,-22.871188993187296,-16.451385266943113,18.103488096093635,2.6751261328795044,2.2002513876441245,0.6373748033497124,-0.6522160077708072,-0.8753584659893381,0.2050993920028068,1.336676129383413,0.6882173374633194,2.94752374668649,3.281126884228341,-0.26267683914132256,-1.2470274853175742,-0.47540073369292823,-1.1102176957916514,-2.6560988698660033,-1.3746862392033694,-7.428042395611591,-41.95356777498886,-25.57243537789372,12.240407129858067,21.517728455514295,10.50692363528144,34.55987662973312,25.834299637493615,-13.826635522905779,-12.490248834455148,-12.247905042655912,-12.126959342264637,-11.97871887865809,-22.823207365795252,-12.516675790800281,5.644523031187027,4.770463618629938,11.578037047253979,11.364339424867378,3.7773266216042107,-22.39961765126203,60.0650866414321,2.9532765700039905,-0.20074486417786952,0.4227983176055381,-1.6519660330523855,0.5564347417371103,-0.8295655689024972,1.3072880275893004,-0.6098054426917048,-0.14858711381634704,0.11098079042571829,0.40130449076169983,0.16848031355341364,-0.06843908818981048,-0.6467195532963801,-0.3501670578939018,-0.42621706227396094,-0.1254635960140995,0.3607777889103123,22.963690696879098,-8.058433430982099,-26.975282207140282,-2.602102067011841,3.2175537858214374,2.031597425822135,2.544333161200114,1.5636449154489274,1.302025430799997,0.1058649826265361,2.7563436464760653,0.9397329672361794,1.4219271904586082,2.064679995000188,-2.327633050047204,0.44317912721520725,0.9201092084440226,0.7171376949783541,0.8219114287158475,1.3930091198900334,-7.428042395611591,-30.147798645926564,-29.584571828540124,-25.911472191370795,-18.883889020281075,9.521739203825634,-3.470073565326988,-8.526856100566885,-24.083342826082486,-8.18140841386089,-3.1898759113400468,-4.05177373591478,-5.799990902293661,-0.9929405292458329,6.978454600481866,15.056841217378928,2.4206422295864893,-0.9043172369693666,3.575042713749723,-4.1377950969298976,-22.39961765126203
54.85011712355699,-8.90679746997619,0.9439597039340737,-2.2307575769536663,-0.8615252161840705,-0.9526526781582487,-2.0114252587008075,-0.799570992144738,-0.6086009133425225,0.39831858434697853,0.36041118007444695,0.9104982866401072,1.159349224818392,1.0760313528941348,0.43142170368117805,0.008184028993566628,-0.6961539206638299,-1.0771732704201864,-0.7178662003329885,21.805212831743276,-19.585035098959224,-24.437705613155664,11.464303818123053,5.541604804049161,1.4277166625037871,6.649347921853632,2.924967171692301,-1.9671726771945348,-0.7799916889232366,0.4659850098240952,-0.12324953909520442,0.48570635078165214,-0.32830631268454713,-1.1508730923280388,0.9214099182501987,0.3944451262292914,1.750561859910405,-0.4931437078174348,0.39550042053254164,-6.910039002913038,55.843036989342174,51.06141343780156,-56.72353610282387,12.293925707146668,-5.55688016563326,22.927949255670985,22.286012462762702,-2.7134570240169436,-3.2080786135087394,-2.915721884950868,-11.593123375618138,-21.57047341839293,-26.233765217519952,-6.489377178712052,1.3456614008214594,2.337394791420495,8.977252791309242,14.316764622420136,6.951943170336896,6.737592462701958,60.37005530709885,-4.378082706111147,-0.7454742052581969,1.928846140980716,-0.6643796118537266,0.35178234799974284,-0.23798066515840155,0.5672438904205097,-0.2096895016158835,0.622410549054984,0.03685966237375293,0.3427514369421605,0.40628275594921215,-0.05947831408898452,-0.14912512634710362,0.035508709115408044,0.0267770425608016,0.04671623058344032,-0.1399940844581773,21.805212831743276,-1.5771513173827074,-26.955902201461612,-10.585968098858814,-1.8948826316445841,2.968679141532783,-0.8358601466495283,0.533207959563565,-4.297658059199467,-0.6016239005147761,0.8390763714270397,-0.15799955864016813,0.2576136886318756,1.2755380582665934,0.7791259453453436,1.1267243727054261,0.5419501027380493,0.1401986164316813,1.4684695810172785,0.47814580806965634,-6.910039002913038,2.017908567111853,88.09617133149473,-16.549360776317574,-21.96442520529598,-1.7782330579367813,-4.341712029833765,-12.638651395825335,-20.645977497392124,-6.728426427212732,-15.214821579102988,-1.3827379012738552,-6.491448183065103,-3.79678448448172,11.401227537807635,2.8517572285373305,-5.028291147140372,-3.4989196890379324,-2.0768715701525915,-4.602331720682024,6.737592462701958
53.69497339239173,-13.01081565171316,-1.0020823356944613,-1.4335940175898911,-1.1158267286081607,0.41126974969570407,-0.680568003912521,-0.08134181362371296,0.0014197850641135545,0.3157139823152604,-0.08011375977862123,-0.08405392143403656,0.35239338994765834,0.41223216350933845,-0.459770324676517,-0.29494557641700947,0.2869901261416743,0.16875049851858082,-0.2514078876994883,21.049312669388648,-6.277070909218864,-8.483220206433895,3.8849993512220187,7.076240262295324,2.1255423214581,10.414422945637487,5.689026219442996,-1.5355792464692652,0.8451137333418481,-1.390576162869507,-2.6090887963074474,-2.4936347512488957,-3.2289603958787083,-1.9634476305427708,0.8145909403134266,0.5688673361546286,1.68090468538698,0.7871534128767812,0.40669902981281614,-5.671202939243788,112.50483346386935,123.26667893114201,-66.17171925335482,-10.613020976360378,-14.399788544722512,-12.577092683144707,4.390447562772796,-3.5422783239599434,-5.420142804173114,0.5389860040295162,-5.877395127427138,-13.219019864181114,-19.05478985464088,-0.3409181989632124,0.366008492032877,-1.6922217964131765,0.32184732549016526,4.544919610070272,3.516774595696477,32.31564848452575,61.22180276979115,-5.822953265127004,-3.8008719026050715,0.034931582780429515,-0.9407775426159861,-0.6328746226450406,-0.9889333645564711,-0.226777397370459,-0.7147327735743207,-0.022580319520806302,-0.19660890223366323,-0.18813912271406608,0.42768259247422025,-0.06340463746391078,-0.5200147033738594,-0.30628806434138856,-0.3984997881369836,0.19026105099891777,0.07885729599847857,21.049312669388648,-1.5924651712292786,-9.180379066537768,-9.423435927316834,-4.156511399325405,3.6946328818135026,-2.105565855107827,-2.6761878899746825,-5.876482880519108,-0.8705307126999831,-0.35397944015094973,-0.10547085576204118,-0.23092149003781914,0.022520861424002003,0.5021810253147185,1.5488277467438842,0.5216186811486201,-0.3752259064173289,0.809307972902011,-0.2861274017609774,-5.671202939243788,13.926951350148812,148.722284492182,28.896742686037744,-2.7015258699485964,-7.847089992309771,10.652416501566556,-4.535334653634243,-3.8617232638848153,-2.023719320745116,-8.592281072844148,-5.481523599925012,-1.80988205522993,-2.867920692622017,8.637543251514808,-2.5122807225283554,-3.853066655401058,-0.7431502772429988,-7.953909583388848,-4.47003125174772,32.31564848452575
54.279401958103996,-13.788208176384508,-2.1752466829323485,-0.8712462990299437,-1.3934609381892642,0.5851603003177055,-0.6534731362185004,-0.7868817076394596,0.30040218172163335,0.3440020368133898,0.44997504348072415,0.32421913392328516,-0.014735707532237186,0.09946073149123658,0.051719153239343285,-0.09078957019854572,-0.034318884469666244,-0.06278365434740207,-0.07892041043941056,21.22122357056701,5.728679358331206,14.777110833936991,-6.21574321433027,4.579542506260275,-1.2798739459290345,2.6111367463251245,3.480817375048166,-2.1003971920522333,0.13632786945295594,1.1024317059468633,-1.5678583831097495,-3.2937155196310384,-3.6428859725525866,-1.4491595918290856,-0.9731727527220455,-0.9018041819412903,0.6392911249793889,1.5771828639954573,1.8894893250041795,-0.9101172251274185,114.46742172594487,125.62418022243946,-47.725518821319,-30.501630583205678,-15.493104044904161,-35.405167061150486,-6.592067216925468,2.2128861599137175,-8.227175483842547,1.4367421315863544,-2.3026773077981577,-3.5568692398593944,-9.603706697477767,5.044079658265026,-3.289672276652779,-2.894662368718568,-5.096377858506061,-5.050913825942691,-3.637175724652971,41.936891615399325,62.088676674549774,-5.174767399180816,-4.655740379567854,-0.9781864386524095,-0.4018838322433269,-0.7037559780538545,-1.4242936926192082,-0.5509634771264151,-0.598270145429757,0.13241888605121455,-0.1723930379039853,-0.14717158103944294,0.13223348963299397,0.27467126853843604,-0.07509511654084733,-0.025470529525946972,-0.34263276780823326,0.21493376948050003,-0.06569826316355543,21.22122357056701,-6.97455776796469,17.572022015155262,-1.4063269812017336,-3.1743412535540587,1.519836510939296,1.7775264711378442,-1.1592315724666666,-2.944547890957114,-1.1229969252240792,-1.007628616585091,0.004179715045961263,0.5944493196460265,0.8168205888974929,1.2731605358812628,0.12308088423829777,-0.5531212321040808,-0.33129939624933225,-0.6608438847612925,0.003393207202843307,-0.9101172251274185,22.370931752721987,131.37176971834674,54.232594874041574,14.525538201372928,-15.839995285720143,20.427281668146744,1.4525801430378138,10.187130750079106,1.9097099668749808,-5.727469205119055,-8.64914035704889,-0.4236493814822442,-1.6031632533750186,2.8332465286439468,-7.71321854270979,-2.0825421260576222,1.2858967261630088,-10.507359385505037,-1.7909704003640343,41.936891615399325
54.873783046170104,-7.600157584872148,-1.3441578765386542,-0.21186375184048645,-0.5966285223172787,1.8904578619792143,0.4088250810364773,-1.0354918504026553,0.2553354996694037,0.6100294581916872,-0.2735287805935407,-0.22937112477710153,0.043133504042531357,0.15425300239867834,-0.44965546915297017,-0.35656997323492945,-0.3600766570509044,-0.06703601139129556,-0.07881047770468763,20.420083857845338,20.724370510102162,25.574545975081563,-6.142348014357115,-2.150353206406242,-3.64584758050072,-3.632065950458387,1.2650826719376584,-2.5798853705404605,-2.9631317892718467,1.287945783336787,-1.5281758042429772,-1.772275250197722,-4.5889782131580805,-0.28399268887240536,-0.11673190381501364,-0.6733869778142256,-0.3936586655810608,-1.418802350737313,-0.3632933935909499,5.7298209577584736,54.04091002568692,46.190537956269196,-20.72616311339916,-29.65682138790514,-9.437607839250266,-34.802442795456074,-11.878892898428212,5.360852528841871,-5.664721040474726,-4.024562080791818,7.34339201025454,5.440460717340917,-1.2069289894487119,7.053532688270002,0.19872998220822558,1.13705680396758,-2.224760959270855,-6.3233677680754425,-5.341350006131329,31.41562017359604,58.409543372092,-1.2385706167300592,-2.9573297406814585,-0.20194109224060153,0.06410251804916589,0.03142097720999537,-1.5745030001594351,-1.0718497288967912,-0.8507804771347596,-0.08058100238993715,0.16287171268356682,0.530805254733592,0.31676537742352373,0.015576633153838504,0.09067931517243388,-0.05886809799891424,-0.42912511029810796,0.19508162098837611,0.18056617738251268,20.420083857845338,1.6037454693832984,25.121897930642294,7.25644871717849,2.5065201618018764,-1.1675262550360066,6.563848103089706,0.14219735464692151,-1.3053912852635872,-0.6453081653913704,-0.6164443959399435,-1.8821184695693916,0.3485683473365677,0.8600783833737298,1.7441212804422404,-0.3111394898154063,-0.45888845183544125,0.5813115626973615,-2.0903866300892906,-0.6046302055504202,5.7298209577584736,24.16926377468114,46.46519990691664,39.90207647635703,9.816376132079558,-11.232992594169264,8.953107285810695,3.567635840021711,16.68563203682495,6.143715293666343,-2.9899386924468407,-9.346607182329258,-3.909686795333428,-0.6116012816472587,1.2658153230176568,-6.0369061481048725,0.23387262618346605,1.3628154151877794,-5.122547834739114,-0.775069554219838,31.41562017359604
57.12505197583341,-4.223571086428201,-1.9928741328089647,-0.5518514566982313,-1.7610612922940287,-0.3866783611374416,-0.8157131136512237,-1.3726945697813835,-0.6673948359186896,0.8023766993821968,-0.32681050107296805,-0.6637008715038795,-0.5074638185053377,0.480441137534922,-0.06022210044161813,-0.41190586356811854,-0.05297496657784606,-0.17068858346751958,0.1405797571717009,21.664768624951222,24.1479550543527,21.345501407306333,-7.384781909746879,-5.095913753202895,-3.4331404089688835,-4.029991160673674,1.8409053369822361,-0.3385765352020784,-2.9894566695376623,-0.15490489748587466,-1.8150446890265184,-1.6534080196736318,-4.4501507527837445,0.5314392659692913,-0.2577647980119706,-0.4317589011455656,0.23965460614139444,-1.915622738981733,-1.0380912300920608,8.357894856285494,-52.42122194494431,-22.3063637447147,18.139738326372743,0.2591754935995536,9.395368241061446,-1.2561128769163155,-7.091123901428354,12.750008581070942,2.0005155619185926,-15.456417587809057,13.51497886990941,5.5170685253904,12.459850371579671,2.6750530840979794,3.070468069974503,6.558380014388184,-0.008340294205702481,-0.1411675768786258,-5.456615791077523,-4.234078769342663,58.28890612196608,2.1157369772680115,-1.8704087768208701,0.4601118517142022,-0.40690138671665466,0.908397783641147,-0.5248116335902528,-0.48249388929488113,-0.7031641124477037,0.147596582197004,-0.14079078756188146,0.28050390804134473,0.8701516579233068,0.5376113185427722,-0.39293169350110135,-0.3647618901078695,-0.12355999448330235,-0.2861159967919351,-0.1891519215487727,21.664768624951222,8.010209238671997,21.578844159121722,8.190387015914313,2.0363706884782387,-2.520238932902533,5.043073708325077,-0.14969459122833007,-1.489638481787674,0.24061980926840798,-1.8934257532379908,-3.594245930260938,-0.2439559207964399,0.055177670604220186,1.574779082103556,-1.7999012803698238,-0.009067393798731116,0.3048782449558405,-2.3353628102395896,-0.2580879902176394,8.357894856285494,-31.52500804690348,-36.032371196726274,5.203269298330934,-1.1286813157506481,8.677989071805063,-19.83478520785131,4.148320570979626,20.869983884208285,5.508894299242764,-2.943643382373987,-0.6290704605812243,-2.883740859073156,-4.976777495895231,-4.447621040340852,5.09874453594267,2.423553285579241,-0.33412046745773694,6.363865130852869,0.33764121421335114,-4.234078769342663
62.634333638578106,-5.005861209150533,-4.164442617934711,-2.668468041958868,-2.7549503418061385,-0.9188438948059159,0.0330933207726698,-1.0783780678229813,-0.9962476007516483,0.7304995426992504,-0.4558088896232637,-0.4762315438193152,-1.6957316611448316,0.07974561605129304,-0.4621656497435431,-0.4710809186393359,0.09948883440523382,-0.486698212290017,-0.542804668300519,23.69245062107578,11.533746255613849,11.32785348501603,-5.893562857769256,-2.9144423019256616,-1.516628366647108,-3.6662344985911512,0.5695357892618551,0.2639366895265929,-0.42435451740020547,-2.774188901549047,1.1862003617782069,-0.5935581425571403,-3.4287925004874853,0.5730192846930415,0.5562519540625019,0.9023730977405562,0.7683424651705497,-0.6281276696723448,-0.8001856957047278,5.402601106847776,-160.4519610083283,-33.07003146059723,44.64987162359526,35.708582819513865,22.80576367189898,16.567159126091212,-9.074605765167593,16.270601883778692,7.058384433107535,-18.703212336871662,20.490266605716258,0.8640928595497928,26.150769192614455,-1.4656500787992668,1.827392331877229,5.908467977635214,-1.1337228575532754,11.801957658060843,1.0315970836124624,-41.44279021669695,63.92356078077464,3.092743511969731,-1.5653133453893187,0.5690425184980619,-1.5220318928973255,1.8429725480523116,-1.367575716747488,-0.9137078339180196,-0.9849398727610326,-0.3383913655636728,-1.153469262189411,-0.22769269358617605,0.4887627000159287,0.6771859777550413,-0.5166661598014355,-0.3660866099681479,-0.21738039345076832,-0.6044073809095101,-0.16173097758412291,23.69245062107578,2.9997832127929485,12.048809814937323,5.729245312303659,-1.853679304301774,0.09817430664978488,0.7382141692039035,-1.3971384605829953,1.7388784333086478,1.5195185668869446,-1.4060502180479202,-2.97956162427322,-1.7665622674833,0.097541679747009,0.9842794137124002,-0.5081342450044908,0.36652807508767826,-0.011907019426025567,-0.9147064817283976,-0.5429215801606551,5.402601106847776,-131.32166398485407,-59.69964798883532,-15.83533108769191,-9.139885470277658,26.07671833109518,-38.41793200454492,11.778224434756474,32.438338549196175,3.060204976860759,-2.181981183493608,13.903195116517576,0.37192651221833395,-5.170430750808159,-6.54675044354476,14.093895953580152,1.179046030202909,-1.0422396124321585,14.011729067870377,1.635392036049426,-41.44279021669695
62.473104189076345,-4.412605660592149,-4.45749526710776,-2.1909010305722,-2.030870232929276,-0.025184401626566544,0.45484541240452137,-0.9347268665303359,-0.5685346028366718,0.20631454581667086,-0.36640724651767353,-0.3790546663924239,-1.370378501330428,0.40243405764957485,-0.07090815547135554,-0.2494135480691253,-0.14427432712703814,-0.8107639233889079,-0.3659689301875253,23.763987617094536,-15.886619486896791,10.747275206612406,2.7297333705621716,5.091174800819761,2.3532005676748824,2.000164581933349,0.28302886567189045,2.8526960684497116,-0.1328029855235684,-4.5947097455147485,3.8324429688343633,-1.1245398107561295,2.0069463569019512,-0.5401390365628194,0.22556935332644823,1.5895057874754104,0.05412041250073241,1.1112617350236602,-0.620372419477693,-2.863546684343401,-197.89647942980875,-20.773844297076344,58.676582397168815,40.90949477293209,24.948925603305565,14.882662240524176,-12.810051260540638,7.109190412703404,4.3120635648430765,-8.842990274604054,16.813751755283242,1.5031934825604947,24.693592782575134,-2.9522050632894086,1.1666217574983748,-0.1885341983698654,-3.115913792489133,12.610851730781231,3.9204345449214655,-54.378661350643185,63.33677258954445,3.4489976160301503,-1.2565550692567675,-0.3454928997826219,-0.8689360932213477,0.9120050906875261,-1.6026046299393468,-1.374853665509638,-0.4108805429824165,-0.685388808980913,-1.3113455155979654,0.11009943272222111,0.07382366363890158,0.7312561372896127,-0.6713730192388245,0.1236050295593043,-0.29606600375398284,-0.5530031346903517,-0.023593680789057325,23.763987617094536,-23.435080663121255,6.092380474644609,1.9589093704011487,-1.5585821783775575,5.225980765998932,-5.22704916584491,1.684596620638105,5.968309191860911,0.5490368582581451,-2.084647396718096,0.2383660621072634,0.2101441975193823,-1.290299807236762,-0.5707290509242435,2.7709505298041748,0.24594714722398003,-0.20175033891650718,1.933248606484695,0.14135950161463628,-2.863546684343401,-175.22916919116537,-57.47930009941938,-14.215982172568195,1.5728053951299117,22.976977653290927,-25.949382217982134,15.38712245841356,29.094454355320178,0.358798256871411,7.129799308952035,17.6551756585277,4.556421490522629,-0.5061509846345376,-3.523843936279929,13.926565063619087,0.49757443652040356,1.9983692006654294,9.400987094392484,0.4094092880220581,-54.378661350643185
57.96663006735556,-1.8417135552821593,-3.0586287382738844,-0.8495601158663328,-1.220038235323209,-0.12340636707179886,0.058313712639532334,-1.1225073572648827,-0.006271875571707941,-0.4790339158000734,0.3393697730179155,-0.6684732986113995,-1.2398054047886662,0.4797661846878727,-0.1661864646068505,0.013370417885852026,0.06974425580896648,-0.06106217626677379,-0.2256289818774384,22.07177491519757,-39.484322723437245,14.338643345129913,11.125330157285989,10.610393926339363,4.863863767126886,1.6364357412837083,-2.493281974990965,3.959779269522991,-0.8622664147251262,-5.843757961084607,5.893213669684711,-1.6046629248815767,5.2578578283062996,-0.48102857700598345,0.5552971864543914,1.2702146666928935,-0.8677529975373675,2.968734241290412,-0.05635425709190267,-9.380853380275553,-127.91563628772224,-34.121286151582936,26.36981381026642,11.258672521662241,12.175819203126714,13.567864510927937,-8.999078734143866,-5.41478600633457,5.451462308041278,10.97894571883423,-0.8208298785791461,4.801737817440638,10.780497830126649,0.3036132004103733,-1.8545441596899332,-5.315631833164477,-3.0522584763952163,2.712689809605287,5.154796512143376,-47.18688481296705,57.38550174469929,4.119203971357533,-0.39963393831168004,-0.7259783686430765,0.34420702462640484,0.39872440828875755,-1.7341757322763858,0.2437693758649111,-0.23716297842393086,-0.3671134158249387,-0.7416317354350013,-0.2672736413484962,0.7637002144392309,0.4108939306366184,-0.02416714446094992,-0.11978752028866202,-0.3488256153757805,-0.12882805092661442,-0.17367373307767253,22.07177491519757,-48.33444157214711,3.015305778463191,2.4545219960891163,-0.265946139909055,7.99772306106085,-7.5100564620977615,5.11416396609194,11.184804152510209,0.7305857985441406,-1.6118241659466948,3.1531730925052956,0.3074815442878236,-1.0523982531098588,-0.4564998748162399,4.45038258188767,0.003127292754657729,0.3135060484174561,2.781172195483755,0.013342066558154952,-9.380853380275553,-100.5031291296034,-42.80150619076622,-15.433059768262247,10.081219459610985,-0.7863422889491702,-3.266444091676195,0.16639052613368888,-4.372283381523431,-0.4203060884517593,10.081973844854133,10.251094193772783,8.426636231865944,2.9449749368978155,-0.7403330527649303,-0.9932288028904828,0.6071397165443626,3.4294700242766254,-2.7937780562387826,0.8843767373399108,-47.18688481296705
51.515594017996285,-0.4320073100561852,-1.1809143873582921,1.0842819806653816,-1.3519170616980523,0.21568516596217435,-0.6868088767487097,0.07571810916442301,-1.228784191270444,-0.8902114441255158,1.191821652023624,-1.129849899485902,0.26804623176755515,0.01036133493522251,-0.09542701634674033,0.1406213619069927,-0.01104247102934619,0.17212426603268893,-0.32819429577868586,21.043333135718626,-49.29125017102613,9.45318432871122,13.444062781309906,8.59641551913064,5.851076325796901,0.7600048396509838,-3.0327114111616726,1.3680973811514243,-0.6144689384536637,-3.0416155050201215,4.23832453466185,-0.3962588872311663,3.553320474106931,-0.41763933482590043,0.32602346454127207,-0.709946784806667,-0.5002545587492135,2.5913721709275044,0.5502103230622593,-11.439708575474434,-7.352909772959549,-70.3371733461658,-29.90766247534905,-26.043816396299263,-0.024016610844744157,3.156576469246128,-5.593609748210554,-19.004390634939078,14.290842590529694,28.079734489106084,-15.635447967005394,9.72186956662075,-10.533172419525748,5.871677759218053,-2.530395795830541,-6.835319464140174,-0.26600915928949465,-6.646930873785712,5.666405368512055,-29.517379088167182,49.84039530844313,4.648696984896415,-1.4737937951591151,0.32833120609599264,1.272969537520946,-0.9830027293995309,0.5007866844932485,1.922922101744109,-0.802534130487182,-0.8803660910314111,-0.22752651988545458,0.40536648068219594,0.08753299709327478,0.3853928166398619,0.7462940637307434,-0.36493786133562245,-0.15871255297904985,0.44271864145896456,-0.11250079299467974,21.043333135718626,-53.93726296444066,-2.644053872350903,2.7197575877374867,2.028906803846835,5.018475516537398,-3.8074820850151574,4.288215424640982,8.334625836271634,0.8144853218755155,1.7743608751874138,2.166974540613655,0.9972329185793127,0.3770721447153853,0.5332467582279117,2.6841228379936393,0.42142021562798093,1.1413563113668144,0.5171913983505767,-0.33151516956601534,-11.439708575474434,39.40166977452581,-32.07321393497248,-16.849091838724643,0.8309689438657126,-30.165762691486606,15.388891424258269,-24.82259638346303,-37.37339567799586,2.3237947836147317,13.75944112303769,-0.6442277462051236,4.137907667603181,9.457805513944171,0.8135998471688588,-16.26106290137803,1.2640915675587259,-0.24679364667642,-12.558049765611997,-1.4212863729864442,-29.517379088167182
48.37092736239951,0.17316128814644172,-0.24006797916644995,0.9991374155920227,-0.6624950438583075,-0.2210608079584322,-0.6427205221461971,0.39628907909113487,-1.0972560138973253,-1.6431164428719596,1.7116834959484424,-0.9031653897133645,0.1139848864593267,0.03526768890547749,-0.17225762607865502,-0.030991040280948123,-0.4010035924122959,0.5062248136443905,-0.58986911405089,20.362351171625956,-35.721756546182604,-5.085744151824848,1.9341793419900881,0.9622735997500196,2.8223433558552395,3.7377776280139994,-2.2721334393932966,-1.7011569699915485,2.542209613085481,1.9387368376207552,0.5728446395748903,1.4431703044006972,1.1882693559733493,0.6635760340297687,-0.4212471813898766,-0.6057165327006435,-0.48059928740208546,-0.011837982821623294,1.1919211890969843,-13.902760354070232,61.18063261978217,-80.35383769470161,-63.401249027342125,-42.30216303582372,-7.82776698361055,3.433428274740049,1.7241726882298054,-17.790419784225413,14.92431368316377,32.67824691814204,-23.173190721952558,8.053692548989547,-16.490646467822078,6.33291799131613,-1.2991561134960417,-4.018507102102118,2.6759577277107613,-11.148401128340058,3.4980641328087785,-16.511713957935157,46.50452863525175,4.000546716768194,-0.22943298439358673,0.0991573956042271,1.4058768222619529,-0.9645517729530408,0.13781060908218468,3.0298063587102115,-0.4238201797365795,-1.0468148075117711,-0.11879221379301863,-0.22158544542225167,-0.0442910932661873,0.6218677006717968,0.9996915896576155,-0.12025151814335566,-0.12930409462950676,0.2883178287577095,-0.11060638820223423,20.362351171625956,-32.000690201349045,-4.983726106948031,-2.3677086804956327,1.3931859343915223,-0.1912442130940335,-1.6047914170490702,-2.6157525995175894,-1.6304215796584292,1.1766412908523798,1.7054325684263918,1.1816812333599753,2.0532114879197065,0.7363431722198432,0.06212498275385747,-0.9613348005444644,0.5823613991578591,1.0312746675706264,-1.6035669057807298,0.13570412409962618,-13.902760354070232,110.207442276568,-16.96765519455582,-19.792916037829325,-6.096783937929156,-41.11145990884472,15.521115645139634,-30.551434453004745,-52.8323755480651,-0.9758116258278207,8.919770913395853,-5.502975009970465,3.0784123154881335,6.7192185424042785,-1.1484236205150349,-17.192072175400575,-1.6073628010592849,-5.40709373321811,-9.957155968261265,-0.7044438714331522,-16.511713957935157
42.625330456041304,-0.6934509179508392,0.8552557439934767,1.182957963263942,0.6158963342367239,0.403645238642242,-0.7109931757834502,-1.0100763941326325,-0.33027700290069495,-0.7324519431574468,1.066598159347988,-0.4598380644570246,-0.27061340990095895,0.41586363812782223,0.09513915753518276,-0.5822062113890587,-0.15902768239101372,0.20127866711926212,0.09125629743033015,18.898845201143125,-21.444357462003886,-14.709117717993115,-7.628522459464403,-3.1066732340351986,3.3619524678883335,2.5277818731912673,-2.6243502762322204,-3.819031129262557,5.310380295835975,5.553910099685614,-1.3250964996134236,2.212478357913109,-1.2248456166944477,1.823397537528331,-0.5513563606666882,-0.8901883448979087,-0.2724610222116559,-0.721917589813178,1.5886925416838906,-15.361282741529653,52.88996946776193,-45.929870505674145,-43.92508780121197,-28.76924377243069,-12.285647001824067,-5.359841886974337,9.276151156710885,1.6821655637167465,2.0430368047304235,15.798611045489281,-15.46484745051377,2.0517129630188746,-7.655741244905765,0.45575754990899586,2.1019467922813577,2.431894406616025,2.003860868458103,-6.942376378332885,-2.910213168025155,-8.548615077005644,41.80862766204789,2.186299307149368,0.018223247652929153,0.2563926200171438,1.1094667662295774,-0.3100978611991534,-0.39449008829814103,1.3994407612035282,0.08969071861166555,0.5416423244562101,-0.5392780061121294,0.5858717940487552,0.6663553898493033,0.8923926313859794,0.15875903269871228,0.3345471363006416,0.16485139155628747,-0.5029803753572253,-0.22088493800978415,18.898845201143125,-11.901121461257382,-5.944710550136021,-4.054521210668799,-1.9726637435949899,-5.76241694266693,-0.48523597624012105,-6.861743288288643,-6.3107757810527,1.4879065039113912,3.136444797614205,0.9019981185773618,1.4062330595050312,2.5442322370704726,-0.4232415561248628,-2.653722229668773,0.5883758778017423,-0.6840314718313023,-2.1534067256890617,-0.6304647136493214,-15.361282741529653,79.91524434516826,-6.580555933708663,-9.411547425698043,-8.51616499386148,-26.15495819390269,7.947103547508869,-7.0009276523638295,-28.766633853344658,-5.7614509167153845,-3.8117163066275617,-2.364874131550347,-5.144821575523739,-3.4463221357499982,-2.623120546970701,-4.890097108522845,-4.395566199774377,-6.588292366006547,2.0187698837998216,0.04382786730729682,-8.548615077005644
44.55088357524175,-4.253863827247256,-3.1096241329547247,-0.41776130729060323,-0.7927732553629774,1.651502410595167,-1.0656608575397457,-1.4301885906121292,0.8155793367861581,0.41145475252626973,0.6884038391431786,-0.28189406392548966,-0.3763409059677345,0.6088030501064572,-0.47209314224275034,0.07192593818355597,-0.09656278221124248,-0.08155836822087204,0.16060631606654574,16.192638705450204,-22.81745276805728,-13.757124478868725,-10.039001735997918,-4.689143214989576,2.1945422042758946,2.469261361883591,-1.8353761983407884,-2.3418663673827247,3.63746580971194,6.197602695633544,-2.9116711741539323,1.1178147270410592,-0.5983823602040508,1.5649119824749658,0.34440904231035074,-0.6489181043125449,0.3563290980492344,-0.9488214425092765,1.1734367000016708,-15.675923276215523,-7.349652338262892,6.824458765870066,19.3730631251584,-1.6599189208475909,-7.80422328765025,-14.69901483013358,15.9320025050648,16.20010105141957,-14.066453230505198,-8.371174265693917,-4.668635969330757,-1.5839456671251797,-0.8250004620105056,-8.133966310804006,5.087626736402652,3.857512950188558,3.044483575171186,-0.25492845553355936,-7.41488056693124,9.615184421726529,45.40104046722239,2.858539756757041,-2.3294967999655185,0.006583891592109037,0.3303363037250724,-0.7401237343359663,-2.5944136456394857,-0.3097007436940131,-0.09495475754716476,-0.2254013393555534,0.005084624358323797,0.6690794459280773,0.8424606041711382,0.1884565146404884,-0.21106702921716658,-0.17834931952786448,0.005029746141864022,-0.4577619954088844,-0.05162959852030724,16.192638705450204,-14.248791185454749,-3.818193479922161,-4.054796623622403,-1.3135528351527208,-7.16756066375935,-1.4106216939154625,-4.586573903945621,-7.908682812860177,-0.09403060538770758,2.167019329537836,1.0341737985382098,1.6421876315690311,1.2236309719147371,-0.5524675278973701,-1.476730971981412,-0.8840319388618654,-1.4773469265925403,-0.8621067266270589,-0.18940509711676812,-15.675923276215523,-7.700209197959076,-14.62692087207234,11.15791852804821,0.7456833615856375,0.8670669477723667,9.204108213129498,22.953224535802974,6.3859001602115,-6.602877755075171,-5.174580069152759,-3.3054572557690216,-11.718915058721993,-9.829208473398493,0.20245133389544323,6.2648398784014265,-2.5291768025629473,-0.9137805238326535,9.726929470957037,0.4601354011451436,9.615184421726529
42.703437180573225,-5.573053611355894,-3.560397540196356,0.23939472508909532,0.3941982779984494,0.5432944932810084,-1.7875138471680456,-0.9205586206152234,0.4699882813058016,0.8594580080181764,1.040913230619544,-0.33424638342328516,-0.09921368036613809,0.6352924230988981,-0.2211874385980368,-0.35593129977421367,-0.29949338723570085,0.10505706205873122,0.09091426000454161,15.447547998041676,-29.298417326207826,-9.176060760603914,-2.531890580302075,-2.9624979597149093,0.022153400674539858,-1.2856579707709805,1.3869855466675163,2.5295348617053857,-0.14057863440168128,2.728257088718124,-1.7518412837306232,0.79227538295809,0.6187757097427484,-0.640428534094001,0.9941687488318374,0.5276012043072964,0.083211682754178,-0.4113242883951118,-0.8956540164026614,-14.82743465290461,-20.78644371963327,29.823097010311617,53.91065519778724,10.35577442001569,-12.673331731557735,-7.210719596757792,19.392491695962583,17.008709215224826,-17.07923097946823,-21.874324443907913,0.7199866677121081,-0.6372244615574372,0.8887167883960814,-12.434314854466916,2.3985608133525624,6.754984088701263,3.937347022985991,0.7153794416681053,-7.7411888773943955,24.789043494074193,44.44157866182912,2.247345189833981,-2.4510224927075486,-0.6117139136954433,-1.0704686745440788,-1.3378347368281287,-1.563972832290238,0.4372877624198712,-0.22301358962619378,0.2771495736975824,0.1615341203275551,0.663150564759547,0.9162732669098483,0.3904776315930847,0.024812258333748005,-0.0417010217424969,-0.5678952092803864,-0.2609448093022694,-0.45722154466030396,15.447547998041676,-22.85559029980368,-6.5170981527181695,-1.1424721535481495,-0.875806308311784,-4.570845355081289,0.06898482717247312,1.773162250673083,-2.909560473799821,-1.430904188362133,-0.3622906586820889,1.0582911922493643,-1.3696659410072187,-1.5897328230070609,-0.47101725993182497,0.4967723694506907,-1.0431662152493453,-0.8984790745548759,1.155846250673652,-0.1470466253041698,-14.82743465290461,-33.754430283335644,-19.533986881108856,13.32317285807102,11.376931818347751,23.907226086946082,12.673794163836405,25.681893877379686,18.534724354459343,-3.713108393100941,-7.427285079234909,-5.167146153015959,-11.763683936541824,-11.718159794075728,0.3365336082864694,6.807327500197161,0.22876506298165733,7.266338331155437,9.698069782886048,3.0982690664361074,24.789043494074193
36.92314761610491,-4.265599604585393,-3.0517422050704925,-0.8736525728153419,0.545625086398777,0.9437452456639801,-1.0221482856242936,-0.819402991358932,0.32134424885539636,0.6597299293570011,0.2686903732356982,-0.40705386670970456,-0.2709061584101091,0.7080092876574224,0.15811019314313013,-0.4685875482446431,-0.15260619096533512,0.07992489492001775,-0.002979745337160389,14.25003813506892,-35.46955278321208,-4.440043247584415,9.072394964988124,0.0602265021660795,0.5901312456370116,-1.7050098650716659,3.6881999016892353,3.2246105602342645,-1.7655375370482902,-0.834023789742458,-1.548100953031888,1.3612989583156168,-0.1460415382505016,-2.1714940855610676,1.3498036320621865,0.614145167791033,0.8638061477005905,-0.29459886129743607,-1.27334581532536,-9.362092187519488,31.786208864664488,20.112191815817646,44.66436968866141,14.27594655552787,-10.358766353129592,-0.5678938777748179,10.186843974607479,5.918427942754192,-7.173391366791553,-19.622484970940032,5.45972247821726,1.7678303403491389,-2.269140436781731,-9.033007385447192,-3.0025204492462434,5.947298823955649,2.817591120775961,0.6655783703508948,-3.7075794108192746,36.18551099107988,38.06365754263376,2.060927035464807,-1.0222084260245494,-0.12356575511583978,-1.087935789230894,-1.1559941820962845,-1.5707349708945773,-0.4434585483280482,-0.3144833283115036,0.16894123263646055,0.04788862225624402,0.560868985006868,0.44256545416090876,0.596591436619559,0.3282994908493917,-0.3741434085527191,-0.50160425750744,-0.2637533175832979,-0.08714063343535838,14.25003813506892,-30.373560381055434,-12.010992741693126,1.7552260549681478,1.217598897542738,-0.35349653300067074,2.720152287809382,4.543406898903035,-0.13807915317911856,-0.6653922405484434,0.8675102619981592,-0.5491939313605367,-2.418296541185165,-2.1112785344406366,0.18723850160506017,0.5958378390965173,0.13354404440192924,0.6816082070160864,1.6052713415164321,0.12406278049962216,-9.362092187519488,22.74526826850682,-14.478014461318892,3.011867951409426,8.886738153330148,26.08609539883194,11.207070769451,8.567700517445084,18.553769091623813,2.1389712524541085,-3.3100132138147256,-5.1828840135989696,-7.630233608284241,-3.1626187885757266,-0.835436412199807,0.7653870560393132,4.152901929713755,8.255923274252595,4.482035173451019,1.710365016457505,36.18551099107988
31.78998977250581,-5.275613409583728,-0.4396305100996769,-0.07034538383114342,-0.04222613630688343,0.11469483572234518,-0.03925668840741814,-0.05070176290653827,-0.1534487761361547,0.5075390127862496,0.40053425043641666,-0.0011204715858721404,-0.013942928808397426,0.0460462523053391,0.2771218642581612,-0.048148866021310965,-0.0894001366368784,-0.08512510864873868,-0.2747776800691475,12.456428159881462,-25.51152931424312,-4.456109828479461,9.771106788936198,-0.30347088260518107,-2.1725079185710916,1.0095576882900001,4.310107521734059,1.9020850145413606,-0.527733520518026,-1.8674388795803416,-1.6468882763183916,1.7721240114971115,-1.0066576334731816,-2.52555685568711,0.1452267511336751,1.8557720634009338,1.4424739644556615,-0.6913391595850455,-1.058510639349792,-6.123676538840574,67.61301041050557,4.609152657725854,14.416439466756987,9.222718989922225,-6.29696898498435,7.389445587010702,-1.072716590735228,-5.490462700915884,2.7797375139746596,-8.569865804755509,4.348924204238879,1.589567024606557,-3.852217602195849,-2.574731494607157,-5.535281680116931,3.312590057949756,2.2262510395504735,-0.31082702712892685,1.26787976632748,33.2118209802059,34.04952397444036,-0.6734434085635994,-1.2066570160916301,-0.11643571078477377,-0.46681986483308413,-0.06767022373275777,-0.019748300334053726,0.01153942662063523,-0.5159970901872315,0.16332570911915867,-0.031534408936407354,-0.04485594599424947,0.07143655335088761,0.45281654043053154,0.1374619573907785,-0.08913892681160374,-0.031071143896498454,-0.022061588933192544,-0.27665273320434347,12.456428159881462,-20.715952005124862,-11.615304359804966,-0.29794612092856454,2.450226299231156,2.7841640354267705,3.786274114815659,1.4142132489768717,-0.9287154336635575,-0.08296687505871159,0.0725567917665888,-0.8898910929812442,-2.445366822388783,-1.6473929067897046,-0.6248277667328432,-0.2863428851091572,0.19397041766067358,1.8696601269421025,1.4619391316822166,0.7619358807605371,-6.123676538840574,64.24681238504056,-0.47910377398516246,-8.383658740554296,4.93441353230348,16.089134264371022,4.144685198811004,-8.45947883337412,7.090537739429554,4.431659709835618,0.7408380475844218,-3.316919650076104,0.2523922275526802,4.304199039009346,-1.9250454235317034,-3.696822028043393,3.674340514716769,4.914985271449471,-0.23937058408123102,0.8038889443476105,33.2118209802059
32.272830887669414,-6.622605551925547,-0.1338101655090025,-0.23277800174744412,-0.27949542539180516,1.0132973068386657,-0.09568948607544181,-0.2528117393493394,0.2445290969829912,0.1704023552710041,0.23454285271879827,0.2321924593136122,-0.49199705087185563,-0.1823209072772971,-0.04634597763975612,0.22510730520262112,0.23029366633964155,-0.13376671351585512,-0.29322062155928974,13.007152530770567,-8.817792341707388,-6.06100403702213,6.141684423713654,1.119316524219495,-1.8875103126660862,1.0377065934656917,1.79648480142968,0.931072527576384,0.24434756937433555,-1.3157918056872395,-0.2342864387514183,1.5118055829461179,-0.9202359069869512,-2.0090275494520755,-0.7323801834636898,1.6606458781184605,1.0854935175864733,-0.4760248217388622,-0.598924693934401,-1.9350468377076027,69.99725785554512,-4.846815787418098,-9.490843447771486,3.5409674509315066,-4.6702855107011905,5.513581822250407,-6.297052920823489,-5.558088552280737,4.791851302737613,-0.41188895799646064,4.040230866127913,0.04069482071000863,-1.461967010986669,0.8414623784530186,-5.041974565649118,1.897875235372382,0.08639429290257739,-0.14753758303666897,1.8084281881973092,19.042720400756743,35.41028762038905,-1.6865623148907318,-2.074066510789404,0.36774423890814334,-0.1482363676307603,-0.015129846978960915,-1.0948224621660605,-0.1658661523839544,-0.2811591275408676,0.26526572393273806,-0.17297807668996334,-0.18606556928760698,0.20923969373030027,0.25090631102429506,0.030527040802576844,-0.08785834479234644,0.07742181695796324,0.2254320651647933,-0.0798826139984764,13.007152530770567,-3.945976198540748,-8.50809760703821,-2.9711256642274826,1.4667999377408834,2.197982340402591,2.334269046988444,-0.12324914437497325,0.37777921288359795,0.30148636418763597,0.2945889974061344,-0.5831770656459707,-1.6350787318823075,-0.3288483804818043,-0.8932804805967645,-0.7024798166818313,0.5738507095400026,1.2665451097852682,1.2258644195941684,0.21128615807963103,-1.9350468377076027,69.62514417161348,10.112997022076591,-12.125882981690179,-0.485024281093982,4.516776051782344,-2.22377154946909,-10.870774479907862,2.3382113786725887,2.3182104487185065,-0.9238103235445039,0.23874775876440557,2.3767237091121904,4.883404834225565,-2.4294906782675705,-3.0127722431293718,1.260493622155476,0.5667587883815295,-0.994888555932576,-0.37620296752088833,19.042720400756743
