39.97189646079927,-5.453589900125838,-0.45453945676606766,-1.6551136314811652,-0.8630548736651162,1.1156916115758304,0.3569568229471658,0.8307347597681516,-1.2135269010624956,-0.2532037071783604,0.17081411888445963,0.2104824873337845,0.299429552897464,0.15577124144871757,-0.4257252078523399,-0.13584374686546297,0.19352820255014258,0.3305841067286952,0.09462901524725464,15.431101400482955,22.56074816328598,11.390258388808661,-3.26833636157648,1.54835836438731,0.9210071326317735,-0.9262701553874075,0.8766745849599298,-1.4841226053946661,1.374791623638087,0.7010540740481677,0.31209961400797726,-1.1848224585956462,-0.5796441234965473,-1.2768653406568422,0.6005067741710568,1.330737958879303,-2.31302024886146,-0.6405198250424942,-0.45821126269743573,12.725463311679984,87.21298609603568,2.8721947067518165,0.47388239881985506,13.887619772115773,-7.376236819047474,-3.956559084980175,-9.061760432305286,-7.259143579316979,2.0665774992770682,1.219781848601301,3.122617280230476,0.6767119623385991,-3.9330455040940744,1.4745424700436196,-1.6287739657673275,-0.9628954650110306,1.2490961270567205,-0.021527033527439787,2.0874821920544453,27.450300417637855,42.42138757954305,-0.8561924661684208,-1.323129041081347,1.6755100435749548,-0.7391654647644228,-0.4653332134818837,-0.14307838346694846,-0.3029482221975308,-0.844985070187513,-0.939486706505259,-0.7753104863845406,-0.1347783779324172,-0.07578201993586231,-0.06502009401374598,0.14767181371436533,0.3564534000748045,0.010389863356400575,0.08436002755425676,0.044507370014291614,15.431101400482955,13.621227423293874,11.284549620890477,3.4017937163033394,-2.44938444644425,0.9430007808084655,1.2891533600629914,-1.356362438472909,1.8537225251829417,-1.0296982280062748,-0.2464711879803465,2.419751614384346,1.1041925402536121,-1.5329921079252706,0.5334532280354518,-0.20104051461246453,-0.21986166610674185,1.1924105531928098,-0.2839413236204513,-1.2043671746753775,12.725463311679984,82.05927907528776,11.560429424845978,-12.96542880618494,-1.2601266271723448,5.204698698546551,5.093564516755074,-0.21728551754181558,1.325708366369152,6.729913409448944,5.097557457052376,-2.967508279961992,2.4657117276637037,7.938883542269488,-4.13374842942692,0.9037517375755464,3.595555587226173,-3.2861799281328326,-4.536912454217823,1.3072666316352364,27.450300417637855
44.22419921753806,-3.085418644713079,-2.1849332350835713,-1.744668213403954,-0.7900030145782155,0.8768632833278205,1.180741690563039,0.1422190897615203,-0.6837818338460693,0.22819549655649318,0.20915076341555894,0.16933293319043718,0.20786452204716377,-0.16354099586659832,-0.3364617718397611,0.3840700391291696,-0.4179129320587158,0.14133513598225367,-0.05482429846794168,16.628376645997893,45.6573430586199,15.063110507212748,-3.7149664921245176,3.8949499695608205,-1.2110652706904803,-1.5916394862243366,0.023049375772149716,-2.841206481553616,2.016314084027792,0.4302010851279108,1.3877884994392216,-1.207256952453038,-1.188312994753471,-2.134543642276213,0.23997317969164222,1.568398485185197,-1.9570211785359901,-0.7867286540291207,0.06009286599251151,21.235954764548786,39.497307784417096,-30.46377682423075,12.6768942142301,21.133354784177506,-7.682933889151232,-1.6524940116943339,-11.105107346458354,-8.159149906551072,0.8550997237522004,1.912457511077652,-0.5714101503670426,2.2746322733690665,-2.6725286941225934,6.7848378655908315,-2.7621243792632195,-4.518747639025095,7.0774174823846225,1.5137084850729405,2.0310750078438096,6.969783856139227,44.670629424429,2.1990641949113265,-0.4469130029278925,0.5904597162081631,-0.7468580080127629,0.30534124749421254,-0.9987841438685336,-0.24056002978937285,-1.5628707271115114,-1.0199485749578399,-0.2640608269708933,0.12925993389349677,-0.35981357588799034,-0.30392052672981507,0.10493147046443929,0.37537784285017817,0.2640197647124427,0.046766734304169444,-0.2372910436765704,16.628376645997893,33.36342862876185,16.27360331690838,1.8275533899133585,-2.884761719931321,3.194157307357994,2.0509735384135146,-1.4423221386514569,2.651794145020308,-0.9578007006935865,1.0798483861809867,1.2065249676056338,1.857700379179711,-0.6481383919075074,-0.587327074729592,-0.09721144901222378,0.7584015390035395,1.2539548401395162,-1.2394169785816649,-0.9102150398641546,21.235954764548786,59.53439592684729,-20.25047807910115,-28.199836558673773,-0.7221897109966706,4.851071302202488,7.108057668526408,2.7123291878251385,-3.617198813054241,11.901214503816728,7.290813658064211,-3.526685705417111,0.831742336834997,13.077214665535813,-1.9621662333763825,0.35656629133377016,1.1109279328460295,-6.784281984363909,-2.651567809611351,4.667685842853326,6.969783856139227
49.12611916407287,-0.9425463334278867,-1.2235107483955558,-0.8361571583261158,-0.43907723689267986,0.7719706980061316,0.3834016816191941,0.43293129207413417,-0.7910036228516653,-0.14337627202170333,0.3076956036228986,-0.36135396489236493,0.055390006574340456,-0.3230053102220456,-0.17010353877310092,0.2695683395768722,-0.6572613545761583,0.10494867958066889,-0.05974995924386506,21.195195433565477,54.61894376363686,10.989929682982526,-2.8080800968925335,7.318872447858441,-1.7010750752308366,-2.5718650324590304,-3.2273930265988233,-4.435152456973681,2.0873191430817686,1.4463714928089466,1.3355638114075932,-0.8352492304976504,-2.2418324399151226,-0.11075495482534703,-0.033613411472899646,0.7304599632208404,-1.8664717204958352,-0.5781789273129008,0.3263777689848133,22.19536779406451,-28.872765999522976,-57.2229617987047,14.222929091558058,12.033286633711313,-6.511380449665024,-0.06878925630725963,-8.328227741497406,-4.804468055806829,1.4534962324702705,4.105379845293625,-3.9266439675206914,2.837475495724708,-1.2764047841287722,10.437960433664106,-2.0525064226602487,-8.367016270613723,10.59749112065628,2.7823518524025372,0.5342700453794829,-32.42526816420194,48.107380368747016,3.2584540137369435,-0.06034020200640455,0.993342984036226,-0.26381880273602,-0.20609376393843615,-0.39340672250261033,0.592718944189861,-1.0008913557286512,-1.0224913662691417,0.17894049110080879,0.2852987362814319,-0.7002622959224336,0.32115673636201447,0.06852172803309609,0.23706034563374678,0.4797801892747844,-0.03881398763092525,-0.4167770104779661,21.195195433565477,44.779766358203766,14.570237485304517,-2.2938005235941406,-2.8617591232868866,2.4197718668069768,3.4550255292652667,-1.422025347154543,2.1175408984488344,2.299309713061853,1.6391477534651748,1.542610797792706,1.9602944846224146,1.9940228052005917,-0.9730308352954864,0.1989208213751883,1.088784524951204,-0.48145155434695974,-2.074659723248756,-0.6978099262633706,22.19536779406451,12.99348390482789,-46.64931755691562,-29.918645772308494,0.14889439185698583,0.29733293546595263,4.728858815634423,2.986365152560411,-9.812152057761313,10.992664768867314,7.001733081809969,-5.202852086155062,-2.3488555212348867,12.18025324376108,1.0953110601864715,-0.30419276912036763,-3.406625030264488,-10.340979152545131,-0.08012726827297345,5.385128122263856,-32.42526816420194
58.22345663847242,-0.17755642986843956,-1.9275370570135824,-0.11711688327827963,-1.6805763273965746,0.4917323252485115,0.3552590814972265,-0.3909667471616478,-0.4166314981540147,-0.09301688219273352,0.7962676262348509,-0.10722776277965984,-0.17270717131770974,-0.6721123038540073,-0.4335494525461383,0.445649452505968,-0.35958760815470203,0.050037493288147994,0.20186493548907025,23.167031766216088,26.280304255319088,-3.641465670393646,2.8399826131965966,9.229778714740497,-1.6094187080125377,-0.929719722698763,-2.6238452824898713,-4.088182632880695,1.4460777257923465,1.2846241202066042,-0.485337559875352,-0.22229293596011068,-1.0848143123485563,1.5324983992228258,-0.46349532263857474,-0.6284968628040137,1.0024142281480386,0.08516396862917941,0.16503172538334465,11.475402998557335,-116.32992427660199,-60.4707613285251,3.1571616189913367,-13.277216333019275,0.7274029303644496,2.121691179631324,2.5215238633008146,8.373167421361115,-2.3935839349781505,6.2805256702267656,-8.19589704621585,-0.15570604838624336,1.9362355366752686,6.377697435811329,2.73726899643093,-7.781964920915228,9.332283639407803,2.661349572685253,-3.835120061154427,-66.11646452517472,56.260105499321995,5.223285952333086,-1.040746765662139,0.5742127133786585,0.6202398579003727,0.4305338309531499,-0.739075283274846,0.5751152671189272,-1.2459322777637372,-0.3580601835328243,-0.6491734913243983,0.5840332545505138,-0.08761107789633038,-0.5517720465664222,0.13864113204888806,0.7953506967971031,0.40267212046696677,-0.47376145414398474,-0.17995795967165684,23.167031766216088,27.809155919262572,-0.48353335086711713,-7.850327443084807,-2.6042919635212667,2.630150888910454,3.7602461097250575,0.03263360978047736,-0.08678606797712529,3.256405053368025,2.4561261703289983,1.09497916997161,1.0920127364867094,3.2421077682797046,0.30561214301272965,-0.22273803693940586,-0.3187207952127,-1.36279938521926,-0.7143660286119744,0.8761971225452821,11.475402998557335,-69.85950333651701,-53.4701051096652,-12.072190491912865,4.111292571750991,-13.118635397641835,-4.251315664432946,5.8144660319468,-12.643618528607394,-3.1780848925034513,1.7836621761822673,-3.2786433156220056,-8.280394930760426,1.2250329344582886,6.23678449656196,-1.7655593210395304,-8.219626977420313,-8.980020885796424,4.309543294381552,2.504368612570544,-66.11646452517472
60.28173963215052,-1.4125561660568948,-1.9872775942473289,1.1905469273852183,-1.268305754871355,0.022324574385969687,-0.8439983858193396,-1.120248550257105,-0.3034424973676386,0.6305882286007263,0.5450375931786102,-0.0688617799299922,-0.6312008203776607,0.35467941802974856,-0.39398807323560114,0.19859652805655803,-0.7688703196497819,0.08714346441929766,0.12947328276115533,23.259457737406112,17.812884565174897,-7.868934421740495,0.5656536315419922,4.8975873086531285,-2.1355063735397097,-1.2916246653038241,-1.9639919566577628,-3.2628685576345413,2.386657918990945,2.3265324791556337,-0.7146593400950816,-0.2585667189797558,-1.2695958567633907,2.108593855425691,-0.07401218599395909,-1.7543225024329532,1.5060076081246647,0.3147097898296243,-0.24354566970311087,1.393105112574741,-109.9676092325818,-21.52200947786238,-18.493034246697903,-40.904997179875906,2.008282146065166,1.5465233568256669,16.33104298291495,23.748401382007085,-10.791774474195398,1.958374567740178,-4.961586670366419,-5.742051583954051,5.349213333464369,-7.453989924000523,6.8979488660775115,-0.9147578515322503,4.415601967473818,0.8524656551402159,-6.147633197177131,-54.73588881026993,59.01653272119844,4.916815397772957,-2.173112421511294,0.25275398334626376,-0.21282846431750224,1.199583259421281,-0.9839454873410638,0.34798457857273624,0.14620056166952633,-0.45085702548517936,0.18855124468856488,0.6179822040502816,0.7851281336686036,-0.4276097517431856,0.2302773936097351,0.6908592355769441,-0.2996620916943413,-0.6927057398460441,-0.33306413511985045,23.259457737406112,22.89510573045746,-3.661540823679588,-6.718588753351825,-2.515172128720784,1.3736704577652117,2.7989464822244314,-0.6006577364086705,-1.6830633971989983,2.359531279396577,2.5662564608506324,-0.1259015298761732,0.3126086009826696,2.612011433861663,0.6346391492575267,-0.2903736052090573,-1.384613014130866,-2.669701910400368,-0.5865304327417833,0.5949908052518321,1.393105112574741,-92.11190053581112,-18.30590996934133,17.07531773721997,9.490052804711341,-20.891814402381335,-16.29029288339952,10.91895515819327,-5.409954775035173,-26.48772701693646,-5.55371839619769,-7.004858925016244,-11.087365876004153,-13.532233520749621,5.751004855384721,-3.0766992450806514,-5.006068928061986,-0.906045531077277,5.866138790860558,-1.555078264481747,-54.73588881026993
51.786541111158776,-4.671146563595398,-0.3830585055593865,1.8568691011106275,-1.1800981095951468,0.7868264837885199,0.48251908303737023,-1.125282305513208,-0.20452353369190934,0.4835253063485805,-0.15218901129997287,-0.08805962727080452,0.008752779348886186,0.2638658396189175,-0.45626716592779837,0.10530751348731981,0.13909866455211528,0.192819727877529,-0.06692005677877955,21.333946993356243,5.895410519549884,-5.742838104688289,-3.823252546846112,-1.5330156273461606,-0.6301481563538189,-1.1709140799862778,0.6521107724520268,0.7592352794573718,0.6698527285841287,3.13038342706795,-1.6850484479173657,-1.573451232405107,-0.7063135179917026,-0.05536932949606754,1.628807065167637,-1.08019274244552,1.0228809768576617,0.09750177374224323,-1.5725054452407399,-1.4211461572936877,-14.191366236153115,27.596314420166458,-34.83604130554754,-48.89978278572243,2.6164140585770106,-1.7799034028629745,13.703723379428911,29.607968327495417,-18.81685582745107,-1.3034322379162853,2.40260837910779,-7.50824061001814,3.758147891274509,-12.940505162195587,6.758634912421023,5.964796923638417,-5.527882756819762,-1.061179521507093,-5.13919043651201,-10.438303733459325,53.12063120783458,1.128116827459761,-3.3156906147178513,-0.34139176520748915,0.5427222672332053,1.4826257906768827,-0.6871979565590682,-0.1615858809693731,-0.5082141591265876,-0.0777026601853219,0.2786233812210337,0.5089245682524266,0.5185450934563434,0.2232687888291498,-0.08731538079358314,-0.010881999727770486,-0.027658787412624397,0.016529596105741673,0.15895107991701285,21.333946993356243,9.376007274376505,-1.345560083432169,-1.9961477411642319,-1.0024089313388767,-2.842109686942042,0.2533552297174593,1.0542270719490068,-1.7697129714594722,-2.576953930112674,1.5081251205793915,0.40145947362907064,-1.4586541443806293,-0.3446162390088987,1.7272301812748816,-0.7353438962398662,-2.114713180165582,-2.1419304247319926,0.1712900233556245,-0.30443109933648405,-1.4211461572936877,-35.74868799734304,32.082878352360446,33.54005085597324,17.653523436736137,-28.590582062486064,-19.536806999475452,10.54363324212126,6.162648035180764,-31.772951862197342,-13.333701863789667,-7.250899639958909,-10.295101783745245,-15.752635675494526,0.5062134187882503,-1.9988899169217782,2.9351321733832787,4.299198279923016,3.14490872657219,-5.632081044203133,-10.438303733459325
61.25101921031714,-2.630218477434655,-1.7129232083516577,0.6256435038059949,-1.7570695325632486,-0.021388713915784674,-0.6622242974797592,-0.8313452075673564,0.29627135441275465,0.7316188732854565,0.4245942523427697,-0.5002213921366705,-0.6701378971406529,0.26330254575433765,-0.19575077507925043,-0.4374219421302803,-0.1536006868672346,0.19091245720079053,-0.04713029796149559,22.80829037628277,9.827586015230565,1.2796111611986567,-8.722979640220132,-7.752228971036182,-1.186569278027613,-1.6780061754024396,3.300150437387704,5.015339277860829,-2.9204555954118216,1.5026791232483627,-0.5453740797546094,-3.030695874252178,0.24352382963863484,-3.043816052466162,2.3692098276627505,0.49892897727546837,0.3310958888862623,-0.15811500229932474,-1.8786702442917103,1.2756979668550557,0.007461742188667131,28.148400281323354,-15.951687915486195,-28.010618841390837,5.95160937124855,3.009388889579874,9.911420130026249,23.59172830866582,-21.83732966465991,-7.121566653855526,3.165407831945447,-1.3092484264572062,5.5154592444486426,-8.437135820795199,0.9239990315459083,8.587679601800252,-5.673252136565377,-0.944918871563942,-1.895984036334697,16.11883370542682,61.124670379719454,3.4752681643338117,-2.282162654154461,0.19355915896890785,0.4617752214801696,0.6673334973119132,-0.7196742540648344,0.11953781963451204,-0.18998477534893743,0.12045810248242317,-0.3479087101099938,0.4791573799218103,0.30266533533206097,0.25095589329299184,0.03631318184980303,-0.05212981316924936,-0.639905311985604,-0.5772247291266801,-0.2887361276463849,22.80829037628277,7.9403904127412375,5.848295866916379,3.3167684940555557,1.082325762977589,-5.290005046457443,-2.936675472430693,3.5266555008578284,0.2540269626724214,-8.027874303666028,-0.6637109197588664,-1.6130588165441464,-2.308055012945992,-2.978731951529917,1.1916625732657982,-1.0831258715149072,-0.5162537466033481,-0.5449088001292319,0.4155816461977233,-0.8850349475633609,1.2756979668550557,-22.871939728218273,25.930534416450932,22.037294276381267,18.808347374245784,-23.24018617882102,-11.19673778065712,8.054563937121408,9.623436124126714,-19.714203025808068,-14.394334295363564,-3.911471132947993,-7.880637335433615,-7.574885761971937,-1.1840890428470432,-2.016278992324629,6.61382036439058,9.61030142003381,4.611902001545969,-2.3843329746843303,16.11883370542682
60.68652210916405,-2.4401443265237037,-3.976340523384474,-0.6011729851617482,-1.7512685167275372,-0.07186807059375022,0.5904274235534497,-0.15580077877783616,-0.38156205975214696,1.4216595089988764,0.01396507269408831,-0.6782735728788742,-0.506395391932065,-0.6541085324643356,0.2817354309595048,0.22356231637662716,-0.15578193611714486,0.04690388376852317,-0.4960859967699742,22.682042368130915,23.177270412214696,5.582418748220008,-9.93372140369611,-8.895204538276062,-0.7756802264800808,-1.6264806690809426,1.59594521020185,6.576697613119329,-5.308793430731807,1.044834679202097,0.6313239995083069,-2.5903486633329695,0.037699790087685425,-2.361549227929041,1.6942111267435818,1.227275859160984,-1.1740712906426418,-0.20901339605989255,-1.5870012055783604,6.314954704687516,6.206045594117683,11.42163762198411,15.557296205130223,3.167443038609365,3.7524280908069305,5.59705886067863,-5.0715029693687175,4.7750034882567345,-8.950396195408743,-9.191053633328313,3.8434737107311996,8.749598175938992,2.7229200546653214,3.061332687645059,-6.520722113187309,2.43840058318285,-2.9333643621792485,1.5224347216048553,4.340921377574084,16.810030722742255,59.89404030724974,5.271279527336574,-1.9842955199226715,0.10260565989789816,-1.1381168284694843,0.8233363268665634,-0.34409736393845725,-0.19551783914169674,-2.3663165743108423,0.11034481277307018,-0.18021377711058362,-0.07588140557556522,-0.018687798232508435,-0.02743977844707013,-0.132048710191079,0.1094886310874088,-0.4981714817533982,-0.4458569478258545,-0.35433751307663164,22.682042368130915,17.412169579449163,10.80298748001512,3.9020193611981235,4.423720808997614,-8.333302390221252,-3.1403464126851066,3.2407936122078578,2.0259927696775466,-7.436368086199343,-2.595741071261086,-1.7868920066738585,-2.7452063484215827,-1.8388383767717686,0.2802071404027191,-0.82580686224737,0.7146656577151804,-0.2755968003933198,0.3570322952043674,-1.1998305231486879,6.314954704687516,-2.083581105946365,-0.5400776772519134,-0.18215220641498497,14.972061424480474,-3.3377309990417805,1.715280705735505,-1.68525639197397,6.2117333944312865,9.771856182563756,-6.1750430603090045,-0.8431557935931713,-1.2542345276974682,3.4992138040535457,-1.7677959840402293,0.5828520150856946,5.283491769565451,8.530029652221916,2.1103340635584775,1.2122293697260418,16.810030722742255
60.74554214076316,-1.8882517039934137,-4.5521264054448505,-1.4565465149966847,-1.5760051903189662,-0.387331236124115,0.7521226626164728,0.9026803253056235,-1.6751510320434306,0.9128606888997597,0.18927351130427494,-1.2891027442520462,-0.2518648199178677,-0.7082414221617059,0.4216155421521226,0.38893361524963854,-0.4558820748720207,0.0810438853241382,-0.5952788693891025,23.223259033446304,9.175685489936825,0.5426372924670337,-4.354955897776106,-5.42662765657734,0.9130643471476962,0.4408530740334453,2.5198008894804507,5.62426442986739,-5.542683833681043,-0.19147647383920274,-0.2901416478351946,-0.4047422167444277,1.1161271114212363,-0.9568841057554214,0.3552852989910227,1.3857829976639207,-0.23214232640787236,-0.004492061051278862,-1.184289807701649,5.584471534297549,-39.89665478180795,-7.868510859642385,41.82259554871875,36.075892947048125,7.819741228241992,7.136680596470611,-12.852209451644113,-22.16339020152051,10.254081527264793,-11.901364217996685,0.8270091549029766,18.80017710371959,-0.4575625211457961,12.696723602123985,-11.279492774453376,-4.568798045557535,0.9086163423047882,2.112162055746454,8.915338479818779,-3.2367391785143056,59.600023377861476,5.7693819812927405,-1.180425721881106,0.5719181522823646,-2.0174114396948792,0.06089025511109414,0.6078319667775449,0.49196403899510877,-2.9386853825713604,-0.8767362218438086,-0.38855958441769967,-0.2436423155087184,-0.4356213962519291,0.29357581852782344,-0.2889188774489706,0.37254704686768036,-0.3368601445885704,-0.25372164478138437,-0.5189373124047086,23.223259033446304,7.441054713811994,3.2294526028222323,1.3509748336576322,4.175936688233862,-7.500826280005693,-1.102571586902846,2.3333409620226084,1.2308017942958496,-5.067863155464123,-2.578977590910911,-0.9874613561987053,-2.984433964713661,-0.4283203782428706,0.7661061482700864,-1.2532816183676199,0.5076077491240432,1.2022819874472006,1.62654943210683,-0.1494759701842311,5.584471534297549,-29.898574007032522,-29.591713690227863,-15.034467331023638,-4.9501545471769335,22.142373249912225,15.475606240952697,-15.877979737024315,-0.7836598907486891,36.782661494895656,6.326409546449119,4.349065069700878,8.380465044320163,9.49550271506208,-0.9413529311445703,6.441098995820327,-0.16408624000953953,5.674694781280951,3.201226498005351,3.593758798994542,-3.2367391785143056
63.62791485204311,-2.2509205762060147,-3.930317608860845,-1.5496381586260632,-1.6584703939573284,0.15655741035221382,0.5733182080901793,1.2960537346099668,-1.87320905582972,0.9153217381424774,0.28113335897342795,-0.9887932828796013,-0.1815338642186637,-0.4311367903875811,0.082155238828306,0.3057676643778524,-0.2967962867668126,0.14324731578590888,-0.5863463738541563,24.283940017118233,9.324383579255596,0.33646764066957724,1.7713836844969864,-1.112094765270899,0.19624907646199174,0.5681857256350948,-1.4934659382787054,2.8422744475824584,-2.494231249985632,-0.6180655910524231,0.10907219148852665,1.4883710268105135,0.21884486844965734,0.4318310409710915,-0.6245917270901538,-0.30441946104832107,-0.16218209658489524,0.7819076639206479,0.2507650252512712,4.829482420356193,-90.54733300137626,-10.315762058374006,48.18055409158467,47.305903143178405,10.10312961212664,1.7096032857283467,-9.263312884475633,-36.447312422004686,20.797066032392657,-18.028771188747033,2.3982682961889648,15.76856848438305,-1.6302286372489574,12.764949991941174,-10.300633399513965,-6.304575089620194,4.197492044952373,1.0229519660634305,9.416859015366526,-24.275170935277902,62.58903949848815,5.382553658987858,-1.915549400255467,1.6812891426345895,-2.3843355972898963,0.21567420543473892,0.26944573912367087,0.6651973941891018,-2.8520478986150475,-0.876976033652749,-0.5944971849620426,-0.5022787582431003,-0.03173072913754593,0.34206239641309355,-0.3376027822678813,0.13411239911135486,-0.3169797713078011,0.03329420153527751,-0.32586358927816916,24.283940017118233,8.583884570867944,-0.3061772900110524,-1.1043270141727626,4.936816318273223,-3.4055645696888073,0.19394363982128837,0.8082561453796318,0.8477663099444572,0.8289685870682515,-0.621763073999088,-0.3329171533402355,-1.7475819323455288,0.129784876374351,1.0561104017526228,-0.35884001527066256,0.015101956753447832,1.2494890075907492,0.6209731621803098,-0.06609590316302805,4.829482420356193,-73.75232530248019,-40.43184711611982,-8.005472767656354,-27.94986662683844,43.37033315595349,15.477738385124766,-19.436913147467973,1.5748462268883006,41.237436072556875,11.152856655972538,3.9300676519206963,15.000455091741198,7.442104344764847,0.7078708952698458,8.849199409075883,-2.3885224572186705,3.7941770814685336,2.855607380442571,4.849345781880169,-24.275170935277902
64.36816558384602,-2.4535117063599827,-3.9134126145015253,-1.6134377377505178,-1.346936420374505,0.08482508262795596,0.6062307549921013,1.2548597506724373,-1.72924706438898,0.8890495217940546,0.1459392852855026,-0.5473326455085208,-0.27450510528673533,-0.3266253781617503,0.08168197048186032,0.2143668827010674,-0.19916467474633692,0.14049471066645824,-0.5941450132702291,24.799577318937885,-3.194297959193861,-0.0316687148473207,6.335765590042697,6.394162615985298,2.237336684622347,0.7930009254748471,-1.5812487141940736,-4.19914424013099,0.7993040778474869,-3.6165528506227202,0.129256401706769,4.330032832535875,-0.07582997011524917,1.9078556141457643,-2.1111351326470693,-1.0196223853986464,0.2794594630097831,0.40250549558363224,1.660115880202863,0.40006451976356416,-97.35790685620131,0.5493242281779054,20.877737551163424,38.20451260519485,7.699201185673497,-2.567868722239806,0.9471187800687151,-30.54820956076935,16.79408243576113,-15.133088600227586,2.9510651551178433,3.2863328819569864,-0.15161126635270872,8.113859748274777,-5.285799633178766,-3.7772537011565834,3.0533781484010802,-1.6152577941547968,6.679161706171031,-34.1591639538652,63.497698141006246,5.034357399919286,-1.641048297159247,1.4921857617174932,-2.6655285341124713,0.4198787645764024,0.14022467541540573,0.30458110011703754,-2.4810506909288965,-0.6753702697601227,-0.634497684283617,-0.7998609261012528,0.09502661166314441,0.4492578799979532,-0.48755059129560574,0.1893621773807992,-0.12936017348480222,-0.003525587753831161,-0.3777110746377317,24.799577318937885,-2.5947540864844143,-3.3929785931844663,-1.6972919837708198,-1.6492992652486822,3.317312668232446,3.133982621792458,-3.196065634240216,0.45131024716462154,6.230788107148003,1.512504854834694,-0.1655137083605187,1.3833653011760623,0.7847077794280639,0.33303447701856115,1.9039402029069024,-0.24851501612725158,1.529895686519209,1.8842244617124275,0.3449771419410802,0.40006451976356416,-90.17891820421724,-15.400073521320918,0.5136417785269352,-38.745637109238494,39.83544844079648,6.099660313376237,-11.187813262536977,2.6933230624512774,24.362181371673344,5.693919456125239,1.6505183722567678,14.775203121849332,5.3560217467004225,-2.2929704933234474,7.665157535330362,-1.2400929141144508,-0.5695256336831427,1.410928974901282,4.845805854788985,-34.1591639538652
63.53740217725042,-1.9892805050056306,-3.4100055766076434,-1.0787747564202812,-1.767678363468772,-0.023853367152238292,-0.08335959177371732,1.0892467323299861,-1.6016296685721882,1.1245322970255174,0.09016828144773781,-0.3049731088453802,-0.38565281502280246,-0.6290010339787677,0.13940635324955908,0.1586359521267522,-0.36523168447243437,0.4081323030576871,-0.3712704122037753,24.30862443556322,-15.91140436390809,0.7116907226901836,8.811194898186821,8.84735189703182,3.6137484108459144,-0.9477529519374701,-0.9851864301987043,-6.735254262883823,1.9187456297002567,-6.25701272677966,1.6207591228318075,2.9265480542184044,-0.18143598776855052,2.5885559080909526,-2.222895357194355,-0.7223089941178291,0.6688738371247172,0.09896380865436716,1.6992254581526465,-3.230427255684443,-95.6554463116434,-16.563533699327365,-9.538489472208399,5.8160675904665355,4.40871492226675,-2.703712383044335,11.972046256252721,-13.2340403421757,12.890930108216299,-3.2724893813539655,1.593307452875999,-5.152972008065847,2.0944237452844185,1.7299832258836207,3.7462400251860863,2.5309835383979156,3.88532330132567,-5.9128896166808715,-0.5417003364914375,-42.17899600437866,62.237145211111326,5.485703173017775,-2.3061477393699823,2.1108800143169457,-2.516840566105092,0.7408138920445535,0.2938343544324282,0.3220567852695675,-2.1806496265979485,-0.3012197002683168,-0.22370330384774273,-0.6715630664520624,-0.2191193640028697,0.4227743916941764,-0.2121528609030927,0.2086320442075733,0.02282303649009232,-0.2604683952494762,-0.45799858354163414,24.30862443556322,-14.446088671642727,-6.101720480041437,1.4234163860841726,-6.638594527680334,7.942794713636424,2.4802456755296243,-3.712959663394717,3.203161656687311,7.533024318773034,0.934946033852381,-0.23283200463260378,2.571121564504155,1.2756997167751878,0.8506784236634046,2.020181931653311,-0.10153418826850746,1.4576848908049427,1.6559984706228539,0.977615811728741,-3.230427255684443,-79.65799374265359,-13.708993569695606,7.708533443313772,-35.07541650690217,18.857477615998963,-5.768303807090666,-4.346775650803934,-4.169087249083229,-0.6400614149383146,2.108221020312313,-1.5903818721369785,5.595275628102403,2.64647953873203,-3.7149008024104204,-0.4442662045825121,-0.7231859068132152,-3.3596209812552127,-0.4652963202437055,4.550013379626952,-42.17899600437866
59.19364949856258,-2.034906097017266,-1.6443996265501029,1.5051030918930732,-0.402732863252071,0.0993746153655346,0.28983720545138425,-1.0934882936198813,-1.411288686748453,-1.0000210158531204,0.3493842509205045,0.5340035849987808,-0.18772032957342288,0.3446185067067695,-0.6625775813820387,-0.047311721324134526,-0.28193464451431827,0.1498541394800652,0.12724108988713856,23.410949084105592,-26.885373966581987,0.6296878655456832,2.5640072709606887,8.695905314868726,3.0539152727924836,-0.08511194830017521,2.7392205254748077,-4.861075995284146,0.6478689443565777,-4.938547206089377,0.42954746405208666,0.51933571053012,1.240461906353986,2.021683334822037,-1.48846270254626,-0.29389908637961715,0.8790187809378616,-0.47064903049553686,1.4310608289331788,-7.465155604614733,-36.245862094078845,-24.166193919705947,-26.5949650445703,-26.99905464633423,-6.199759735468199,-1.4239643787224576,3.2698045017048285,11.07262711694419,11.321600179292265,19.06558864742291,-0.5596276944937064,-11.717981433072548,-0.9801883494996737,-5.418202043573589,11.843517343082627,3.2654496547900065,-1.0211992217120536,-5.32530478743526,-6.670382311742923,-24.566200297958982,58.47859347830768,4.021317927685549,-1.8337725442092583,-0.46752691618315456,-0.2925026211710584,1.3653117227024159,-1.0023951579969417,0.8891894670371867,-0.15899046500590863,-0.40836196111867773,-0.656713379155109,0.5326824891837938,0.05042681089476475,0.4197370593965626,0.6003262633220863,0.21102971625594535,0.25818629477208743,0.8352718844672062,-0.28038124430243605,23.410949084105592,-26.133417767041287,-1.5728125628230347,0.3439240227926321,-9.409176443408606,6.742718298729933,0.8041075519311045,-0.9999577648587059,1.3997656521500614,3.761199664520156,-0.5103724167740258,-0.21224474442413732,2.2438158477861623,1.6767330749069225,-0.2776631093470283,1.389786175835574,-0.05412063542220458,0.8134212289985325,1.814501265336199,1.751571099764377,-7.465155604614733,-20.905342795762607,-6.31551029164505,2.617642541147143,-1.6822968710003954,-10.704016436190356,-14.236581504693437,3.9680896284558735,-10.38563405524896,-18.803837429392395,4.065668710032032,0.62380583002335,-6.623889035340973,0.6976940397272258,-4.257515633762552,-8.552998544088418,0.07771967259969559,-6.319171379325117,-10.77486501644031,-1.3218332613641302,-24.566200297958982
58.25947071273079,-2.104378019532281,-0.6592266537431453,1.3147673750680506,-0.3236979670955882,-0.32459383198531055,0.23892176776118568,-0.8973993746857851,-1.0728154297998551,-1.268649356423765,0.9897904375718307,-0.06618737102404992,-0.31564424595959517,0.5275192212236353,-0.6571626638369219,0.07545246933153882,0.07902561667953667,0.18804950570628898,-0.0974266963565169,23.36304050669216,-26.657801572872046,-8.275977499190608,-1.111981892066209,0.6450676805206546,1.992317243510298,-0.3446140289995614,2.3323225700132144,-3.4437798459288143,4.026951370867973,-1.5933131039960773,0.7555803867538673,0.8172335837804678,0.6079108028572491,1.2399087935747655,0.9371920704524848,0.598210658641122,1.4806998951139005,-1.7379598813802033,0.09444238264039462,-12.327405519643989,54.30044569438541,-9.08878223473243,-27.165153131178265,-27.461066296114133,-13.360342618277409,-1.7229200795343433,-9.36356723415727,13.717492036554464,11.53334700569034,26.794902295745274,-4.9974965722314675,-6.445214868582787,-5.165174452039384,-7.0009386004489995,9.847558045809242,1.6118404539882167,-6.546862347100536,-2.2428092222336553,-5.373776212265074,8.374864164685182,57.87554749401607,2.838213155084008,-1.107479083688375,-0.6581517822552536,0.4005488030576094,0.9830805641365443,-1.015724175867514,1.9744740390726827,-0.24656585219002425,-0.543007171047281,-0.6998053398425985,0.11701031636645398,0.6284190296342378,0.7821620185454912,0.12854975624992826,0.07251153553952805,0.21808943996622543,0.44189470073618575,0.11427940141855353,23.36304050669216,-19.475780460180417,-8.07075709003957,1.7293317042023975,-8.7209533460979,4.310471423061931,-1.5252707287933678,-2.4631856147130904,-1.7110050170898772,1.7437321009130176,1.4437860719614282,-1.1047425713769154,0.6198306084006231,1.0070119980009367,-0.49599120626979265,-0.32389610402625446,-0.44368818700568324,-0.07208425427651877,0.4231866002465714,1.5056138077387993,-12.327405519643989,53.82149358066798,14.584369938566338,-6.26700194522792,17.253088839412527,-20.667606323859744,-5.67044342795031,1.1294942317435885,-13.320549111117334,-12.996909663432088,5.348917444611521,5.866563267733305,-6.044790264027062,-5.894025785523598,-3.3796710537730617,-8.211457505275444,0.04621118569937899,-5.06787164957654,-13.994377482077358,-8.102208275353616,8.374864164685182
53.564444332814844,-2.081119016323816,-4.00679844045343,1.5377438539396797,-0.541968982164855,0.1926393408944045,1.8147003379620537,-0.18235519346175,-1.6697197115968576,-0.38363325452599284,-0.08909806075050053,-0.40705765915412595,0.310721563358654,0.10595616164806665,-0.2642648722480292,0.10900908090886552,0.01821606514660834,0.01521159409438888,-0.015536456727268888,21.53979148106605,-15.944030401751306,-7.620931563759899,-2.0001285371159385,-3.0042225989262348,-0.05182759944394455,-0.22055072535533604,-1.6051009634476188,-0.30856789013639974,5.406001296909761,3.5843916616969436,0.28203192249888587,-0.47430064878143074,-0.9605975401779858,-0.1269218503829368,2.2305798250708246,-0.04715738438311878,-0.6370531768408354,-1.3416850531167126,-0.8726837379124728,-7.334546497236154,112.86729760570176,27.169385125131473,0.976179771288304,-7.386981531543769,-10.658943102227376,-9.802826372684944,-20.354375865238772,4.8454314389700475,4.875342649437078,12.62218919009115,-2.1877843481810952,-1.0285437507764423,-9.521012884113352,-3.2070909290193406,2.1707210189405375,-2.456996160753655,-7.562831969626814,5.33336022076892,-1.4259341864957709,44.96430032685723,52.61178811603323,5.571696127474652,-2.0684206136037346,-1.8278865617007103,-0.7528640693288553,0.7007992044959592,0.29502505813602387,0.17825529929051065,-1.5674927458727805,-0.8096627427576535,-0.5025690384982577,-0.07223969361742988,0.5096239522980519,0.13073251189878166,0.03699118804567081,0.23036211400371953,0.1797172392763975,0.5525434969214373,0.21193548276436303,21.53979148106605,-10.532579590096873,-5.566215434007924,-0.5414283722563606,-1.449268291540097,-0.2185339045754855,-1.9815499283927642,-1.8369078443530924,-2.2844234435712645,-0.27648449861818714,3.2909191907961866,0.5823444900233121,-0.9529337384426584,1.2678986586788024,-1.1223885248961163,-1.2005200512975231,-0.03857818045881589,-0.8648054306026187,-2.8868021113195867,-0.579938486746014,-7.334546497236154,89.33817764207822,27.07058795177333,0.7044934254339523,23.235684042064904,-9.966198200774242,7.66276726862945,-0.9489516566587031,3.35949243586274,4.613381889204225,2.8314746502216117,8.811952934429478,-2.865102620066211,-9.217842127245717,5.073543085889714,-3.3959330547325135,0.17329928707205777,-1.6813604109857962,-12.213302314078996,-9.888366814575825,44.96430032685723
53.023103973688265,-6.104162794947659,-2.7847971156890843,-0.7725612971832572,-0.701901682257231,-0.24279274441645393,0.3203701269775552,-1.0882097407134865,0.5410615292860004,0.019681864363914947,0.687199630660174,0.5741743051213071,-0.33091836006021635,0.11028453533796645,0.4088460339087967,0.37958088033081316,0.2250429082540526,-0.3935263649395764,-0.2526604475763743,19.080500477260998,5.7681467008692735,0.2926093199767599,-2.489313763363997,0.9668827058722331,-1.5135514621745765,-1.7414936031770614,-3.494809302816126,-2.1527622971804634,5.306352956268835,2.878968987199818,-0.8042313925073261,0.2007587995827862,-1.6634934905222565,0.16238920046894,0.8413624019017243,-0.03975961812196993,-1.8465213575362023,-0.5869227911518726,0.16420963544293476,0.8917002729688583,104.41559203915159,37.02735974714619,12.917790806957685,19.91998170050791,-6.7231396195787045,-5.638311023938018,-7.465764997990725,4.9618369767529105,-14.756288562092823,-5.275007071953744,-7.074181008470163,-2.535446086923382,-2.033580813740426,-1.893742595274361,-6.93051936287833,-3.597050105086831,-2.8152093940374994,9.505484892149589,2.868058340312695,54.554773795785614,55.43265766215834,0.6751355281034384,-1.3241578525715454,-1.5694168359732261,-0.13142413049522794,0.3104347867510979,-1.5864685609905997,-0.17797863940203307,-0.6045324357080037,0.6213237265318852,-0.8531467598646261,-0.059186670851139045,0.05478806429595506,0.31928106230817055,-0.09243337527801221,-0.022878248169155402,0.026015437099677907,0.09248909864669397,0.0486499567943659,19.080500477260998,4.664239030219058,3.1871659248341766,-1.2674083890052912,-1.9920041839083265,1.089617653359261,1.0378527017164036,-2.7297375077757295,-1.6150183510106935,3.053411568626162,1.7087589523730355,2.303155012010324,1.1471012256050341,-1.466895967872551,-0.4167943954485822,-0.7903937074178617,-0.08619982290051231,-0.23713760418275198,-2.9905385820879324,-1.907733532692872,0.8917002729688583,74.62221647953756,31.999192668995008,-9.011509734061447,15.767602773831738,-2.963981625186516,13.481954183842092,10.607243335136191,11.590549054707791,5.259379064210471,-7.273321616824697,7.900973571722368,-0.12839582160066287,-7.511992224476649,6.62622050579461,-0.19309289641635607,1.216291892780954,1.515927147530652,-0.009569402619345801,-2.582773747547601,54.554773795785614
53.83981766720819,-3.8454794911895265,-1.5816786641351026,1.0466561285556097,-0.23954480539322187,-0.05180129109656173,-0.5534374558806099,-1.1523670556742305,0.48477348216349947,0.14800920460151135,0.6416956156257758,-0.023327577464613114,-0.6603820426121052,0.48977492445813553,-0.08029201771948569,-0.2229546190153311,-0.6734698787219939,-0.23020045175535842,-0.23148390345916914,21.884945850203096,13.335300699398239,9.930087018527736,3.7407630922537347,4.841507036421053,-0.5226219254787674,-4.288085347553897,-4.524401470729908,-3.083869050173298,2.445839476374686,-0.8635936566417497,0.11556117959213585,0.3133012272407396,-2.3843423890129376,0.9568976668652796,-0.3551873588006109,-1.2034120283748986,-1.2387865775504936,1.6205125347747578,0.6832101092840233,8.407441662507459,44.48056933365036,1.095713042167111,20.13833937296841,23.58125475503521,-1.1930843558628772,-0.2646484448990003,5.760064535618657,5.522127108102218,-23.3019533464179,-15.92894754694945,-6.513274217885688,1.660428591536549,8.354432011778428,-1.7257469893665605,-8.657640401890973,0.40321358049406575,7.6179851096078055,5.673544098042475,2.7526013233166444,19.541518059546533,54.43374859918811,2.3197490241718715,-1.9961473458958534,-0.7365285350942168,-0.13578310668238247,0.7108596471987569,-1.635476887611945,0.8232040844889124,-0.11824942255601245,0.6549321854898325,-0.28887042413243913,0.14431411357126112,0.9711916229033073,0.08998327506716475,0.11055780343729493,0.23943551788087913,-0.07817941909594817,-0.43342637014784136,-0.5375357653633492,21.884945850203096,6.46566130879809,6.3335199056267575,2.1945407821134526,-1.15580900347094,3.3700460831941474,3.353929470990944,-1.3411576466567379,3.0315185370418396,5.4130508752656965,0.7728784681309764,2.4897829310969817,0.5476292291508513,-1.6952340057791928,2.2195100281872233,-0.07493154983487904,-0.14621517393876116,0.05526769845875101,-2.5852873005360473,-1.4859386373076997,8.407441662507459,44.948748196372996,-5.3047473065231525,-14.038918095419769,5.166592630099774,1.2123580043158262,8.154529543070971,18.021674652388896,9.003119123929277,1.3507787922217405,-7.956241006102799,-0.31723373961112245,1.0344148804654538,-4.075530254402815,3.3273795320225923,-0.07880457339855096,1.4318380454967887,0.9339640257631361,12.221539906550072,8.270454991776326,19.541518059546533
61.005857395968754,-1.075893122111046,-3.1164434235843075,2.043752590696202,-1.231685786568693,-1.0731203175783581,-0.32441398672554556,-1.4887745921697766,0.5031144514543837,-0.09498609238760825,0.22227790313002949,-0.15767301207741324,-0.6618391882353438,0.4168044400530708,-0.3284678901503315,0.22155451023265216,-0.49839209015426333,0.017294133055226313,0.0926518447309006,23.636313458608065,10.910328896128973,1.4621930832386685,2.4764676967277968,6.682193713100966,-1.1338554032616428,-1.1300022298692898,0.05909032465899644,0.4247892224660901,-1.871111999910902,-2.0068239808036026,-2.698274746027839,-0.8442903976923084,0.30299282040451203,-0.24887226268652318,-1.2351840190509624,-0.6221870719064035,0.37396189844997996,1.5336837707488562,0.7505246291984942,7.078987298377012,-41.17306555890712,-51.924155046420495,31.849874276986817,10.841412711994456,5.023807240951806,11.351104206958617,8.302653454915635,13.338554026669964,-22.238109320514063,-6.672910485477322,-1.104953782992994,1.0961210974255766,13.783255571581211,-3.352444737953003,-4.042626972977273,3.0518827758070968,9.523867461994524,-2.7086153048440593,-1.8881228674716048,-18.915246254078696,59.29668676754816,6.057769669152487,-1.7773199120449612,-2.1998328875126636,0.6368171484140035,1.4969766936433473,-1.4153419568813943,0.8444904709681351,0.5555182704646726,-0.4209251589845062,0.34492285897965425,0.5822840255746256,-0.33581278960466543,0.5941394392370085,-0.3034304051548147,0.02487492215069209,0.22846896706102227,-0.560389656773141,-0.46485174086402625,23.636313458608065,9.33620733014088,1.9789715746405934,-4.144407740013232,-0.9838816032166093,1.0341906165838564,2.5479666634358247,2.592560954006828,1.4262985199574665,1.5286539460763116,-0.9338543751183153,1.8920249939474338,-0.1946487861964632,-1.2674177820083903,1.1461697700858422,-0.9832368029657546,0.21827625612476642,0.22584275495812234,0.26764449354512876,0.6672270092458414,7.078987298377012,0.9151479493415664,-60.62512651621389,-23.248180760793666,15.138115242873031,-6.182050813897428,-5.091344910618936,23.08297851557799,3.1538923309975524,-10.62668987324638,-0.5232180154378465,-5.918359106051581,-0.48869132766373236,8.55163312759187,-6.067999958156139,1.0949975521899589,2.1060960328653193,-1.6591356587061574,13.991602798085644,11.08380939346577,-18.915246254078696
56.24071797137372,0.36978965652174534,-1.970593740378951,2.5503404282104767,-0.5383878927485077,-1.5362395463015919,-0.12510834055134978,-1.524007292820254,-0.4278264344937064,-0.7580961044711061,0.20114339281063964,0.11551661306560401,-0.7159892170602511,0.43114504272315424,-0.07320158961877055,-0.41368374822950327,-0.2394597244244805,0.6200576124843664,0.1534124517611053,23.465605821646246,3.7251631674440233,-7.657866924307298,5.586150419322369,5.928749274977003,-0.83821780683185,-0.658620634458722,-0.5020185093758518,1.1637199040914328,-2.656242898209322,-1.937185627776072,-2.0275835096837014,0.8784382456243911,2.2333753102478444,-0.7841646134884854,-1.059967165398318,0.4456631327561309,2.0616977499699765,0.43478371495416024,0.21045942686806973,-0.6574309801669642,-54.48604817077983,-80.70000319533608,15.684262551304528,-7.21805817520035,3.912312036066219,17.039358300441194,5.693625219376019,14.939050047748633,-8.805575634168544,7.855069019590498,6.349469414165727,-0.06761856616062367,12.03879944098636,-3.823937282952958,-1.4501047505975302,6.061370413409204,4.654289707962524,-10.491457987414826,-4.912718269244322,-35.94895192680495,53.91260421773737,6.047139009763507,-0.7445691928103004,-2.0905830376664616,0.5480383328136027,1.7844929865453065,-0.4611170672469478,1.1827800126263464,0.5590073386737295,0.0979009340660304,0.14328761762809306,-0.11916042725488651,-0.14269262364123425,1.1030583375279743,0.10502392806663252,0.1333779418744152,0.10612432352510082,-0.4136607756366688,-0.27428298706029075,23.465605821646246,9.605810358128714,-7.614491912172709,-6.122387744462275,0.6299667331639314,0.4153586159701299,1.340657862283011,4.512780250950076,0.6964776829092938,1.1612837087676082,0.6341053514904627,0.629292629249196,0.2351487076908172,-0.8696055614546854,-0.24018084165203235,-1.1435007902228522,0.5251028027769391,-0.6293135972914878,1.5948763041389185,2.267808738172792,-0.6574309801669642,5.771470503791491,-75.16318069556152,-26.581081632300563,13.334509140766501,-11.139916746355789,-16.492838167048582,12.969201055660818,-5.144672174050315,-14.67724846126471,-1.3494000097499579,-7.018780968310432,3.715355302384136,9.805381869479366,-12.30499833557814,2.194608707904792,1.0437212696218028,-2.648301438288044,9.111420203453045,6.097713032628743,-35.94895192680495
57.277818269669986,-7.480700827183961,-1.3521057292032617,1.8166934095397922,-1.1194078402104095,-0.06557473174858375,0.13575073164242335,-0.6899950109074298,0.06180548765915228,-0.5306774715015776,-0.4416616309461774,0.0826070110100443,-0.1516183626338874,0.015163344862195505,-0.21229118966704208,0.16385190898469748,0.19501878033028586,-0.051813511685010694,-0.06984631058726443,21.829664140727928,-10.013317312607178,-16.87549123181597,12.512929711595094,5.843967942591487,1.156150098977868,2.119326143754659,-1.3546740560353365,2.392720239022153,-3.2616605166961934,0.07930973002831765,-0.28513593936590453,0.46625083910374876,2.9192754456379584,-0.643302028330679,-0.8275611812880588,0.6616441892160638,1.2651702097008246,-1.3483660336636034,-0.5434764570848909,-4.033486532733278,-26.135843790711185,-8.938692769352466,-4.159260095264763,-17.62442273996549,5.457189032531902,4.4891846242544595,-6.74441967667543,1.562238875362124,5.025324907705025,10.979964931047618,12.901007872304222,-0.5779609202146543,-0.05530643937066548,2.685323908862392,0.9642762076420923,0.6344119122815628,-4.05305618272168,-3.9251491542566113,-6.245307924648261,-16.07738476683455,60.36133351795415,-0.1990736773720827,-4.022150799120938,-1.3843303862954084,0.04376045804870765,1.0476014487957355,-0.8773679941696844,0.3553826565079832,-0.17883384328471896,0.43291216468462856,-0.12321328377117524,-0.02477379353629683,-0.021978703435969305,0.38582841612068686,-0.5812848390755583,0.13928866789645977,0.046784943268214585,0.21642854816367207,0.2506370722657574,21.829664140727928,3.551738480224529,-20.151391424373035,-8.733034506114262,4.684165569210753,-0.5240640199774445,-0.5011839492390981,5.884782801209858,1.1294482415543556,-0.13404978474798424,1.5165365029743691,0.2742206099084261,1.058995822503185,2.39610637376113,-2.2209489396070237,0.2913896888711043,0.6311892051742973,-0.7244147856607113,1.9151810146174069,1.757297476299768,-4.033486532733278,-18.349276053708692,-10.48482525991862,8.227983069068463,7.555893230801935,-5.602920907865048,-13.159421863416055,-5.67014390877789,0.6436555123854641,-3.6571777295601877,-2.282561110694962,-0.5863183264861702,2.0730030364419636,6.099617703468994,-4.381809125119701,6.3593888244599075,-1.1306733336584924,-4.858182941331722,-2.9673973484330904,-2.877663072312985,-16.07738476683455
57.56641881407958,-4.4720091008067175,0.32922769833555865,4.124560356622316,-0.7147926819882886,-0.8848844012408099,-1.0345290697525202,-0.9698968942596875,-0.6226934850435457,-0.6027379197295399,-0.04012637217797144,0.29575153380385366,0.2011951997110888,0.2985131653093305,-0.6683639506602894,0.028728247986711697,0.010673561020719813,0.021745228091840207,-0.04500511236605176,22.45955501905968,-3.445900281623601,-21.251072421612985,6.56466336047235,1.6515908340756171,0.2885313414345867,2.606929615854725,-0.970706670694732,3.401690465422987,-1.261674082316941,2.020873997737539,2.083726483344032,-0.3757786742376008,2.3269160188635185,-0.7578560917891215,-1.2840511529808278,1.1853575477684701,0.642754120805346,-2.1841915567264256,-1.1261484821964451,-4.010797385339874,8.357141612600444,39.009941634336485,-19.834324968218084,-36.24368622221023,6.056916764314465,2.4943405887900387,-5.819943021520549,-4.524359534648542,9.789858930238042,9.811649426692268,6.426416890255435,-5.052747411565202,-9.163619803635424,5.725449582557481,5.8158223061573855,-6.138150187361246,-8.227196095770145,3.9014528935516153,-3.629123529271941,6.531626640377674,58.70433040304947,1.6409247413478014,-3.9349257745890025,-0.8292964191208787,0.3684245464853304,1.6058762007640683,0.35192625650723786,1.4159968331736352,0.8295684887024874,0.5450661994004964,0.25984396186757364,0.5654173769721309,0.37947179909161655,0.0740483657993094,-0.3222653747137594,0.44478004639646485,-0.30199420584528824,-0.02439732054678867,0.23862419715815486,22.45955501905968,12.243630985652011,-20.182888942647185,-8.801686650986314,2.6774219806986292,-1.4207849717030965,-3.367914306195886,3.497331957572156,0.6076075892182375,-1.0942214899545109,-1.1270169757903448,-0.21070536103873083,1.7784845759930952,1.37569485107573,-2.249429784755414,0.38505955819908744,0.16918898634737478,-0.7937542503758541,1.1466545406543363,1.0178826454797083,-4.010797385339874,-18.239040810528927,29.085149970526864,36.61620813040807,7.457408581084777,-5.439156924891898,-10.530359275964647,-18.845680956977233,-3.8515939833312283,-3.6020958377080037,-3.415844899891703,2.2232749382643875,-3.443514635636237,0.473701009514385,5.837690657245123,6.486552991890097,-3.9989051044309933,-2.822641217105579,-9.342498839807643,-7.713672003851446,6.531626640377674
55.33634831831223,-7.0927393593548,1.9901107128559845,4.1786265977860255,-0.5654083424598686,-0.33913481823141955,-0.5470406501426286,-0.5694696719389833,-1.0302822816187933,-0.1330103197442325,0.20034481594138276,-0.014665052894663688,0.3392063261979654,0.16146936459464323,-0.44466730027360146,0.3311706067325766,0.009126371973548819,-0.3577326915803123,-0.07987760174796632,22.122595593534708,1.4279387253071931,3.7894494472152793,-0.09241882147957536,0.008561563568914465,1.03136453887109,-0.5181850428987835,-3.0787754330192785,0.08692337948137485,-0.05573395400457981,1.5041286719634006,1.696574193610405,-0.5061623978686396,0.22856924641134224,1.0806354308949908,-0.6410039214386614,-0.6748283232717918,-0.9430943783285448,0.8805968294608435,-1.7038253785933788,0.7169781175461907,16.13898335825894,41.33185256997987,-24.460707713713624,-52.10700089809244,4.860853935164612,-2.02634712794185,-2.990995708583128,-8.03861330824677,12.078838926899683,4.583459229872813,-2.8985104858701223,-1.9040370001654638,-9.755426875586696,4.957505621322511,8.161385662448502,-7.763892304385412,-4.63072007444204,9.12060958714261,1.8406205279871943,11.830764272773983,58.676692915004374,-1.8148189088261781,-4.548658874212741,-0.48839341218007837,0.4645920315894174,1.3356931119144173,1.1205277818464419,1.2926061814716685,0.35321280307630154,0.11376045983544536,0.423754991814127,0.7694930347127094,0.6011581859094743,-0.0018300447021708521,0.055909090670933415,0.18476847247681594,0.07032083891586116,0.20256912299062235,0.15734340517663492,22.122595593534708,-1.1573410104751147,3.0207574599185207,1.3092332477830189,1.7703373884170093,-0.8491980435120543,-1.6774581840327545,0.26521314630684323,1.7925613229957267,0.8278176806572772,-1.1945737668253926,2.018864825848312,0.07018479787337961,0.659740863460899,-0.04011032092231748,1.4321774350532293,-0.16910350248969763,-2.1210283891655557,-0.9919432989291255,-0.1466414805641092,0.7169781175461907,-10.308177022271366,26.92907483866449,51.4959652870384,5.351091593889153,-6.596541437398517,-5.812305103527235,-24.943526416795432,-10.843689544825033,-3.401453528673323,1.1796241032509944,0.019786919381586054,-6.8966301097437,-7.234841835388358,10.163661754871544,0.2966696354085028,-4.674595728142058,-0.1280130734796745,-9.793230446351089,-6.437863157379871,11.830764272773983
55.488502806240795,-10.449727288199327,-0.35937028117239933,2.1951692511251686,-0.6711219709064848,-0.09599469513281145,-0.26906598500618983,0.11657527040701643,-0.5126195910132041,0.05350731851899093,0.9220034110388755,-0.023736692100842394,0.20205644795558175,-0.020936013037630374,-0.5990391108059048,0.09533567678079224,0.17486354015656103,-0.3190785759311956,-0.40464614375676633,21.31374140257292,2.1831059547870595,1.514633553345317,1.9716622017506613,-9.275390646616824,2.2526333553787716,1.9073052532630186,-2.5499393316441554,0.05443856653755086,0.6357232855638921,2.2562296146025207,0.19476986895586146,-1.1617288416720153,-1.0030814919565598,1.2165914481774203,1.754665357755676,-1.9551757046805647,-0.9477680039004117,1.2710287301677445,-1.0239278770136568,0.23315001488213838,-21.29857888345368,7.868395813315663,2.8660436039691146,-36.65087123061251,6.382027992879063,0.2820068001760756,-0.1393200600695308,-4.730267685891486,7.304361684738258,-0.2395065397733802,-10.047622775180209,1.6546955691800713,-3.01650029652105,1.2356808270865525,5.967937795710217,-5.6275317417972115,-0.47244661031518875,5.404253977808798,5.360378817118869,3.0546593146726586,60.87674001203826,-3.2364328458330376,-4.882158480757556,-1.199840534374812,-0.3727699398083004,-0.04350999811197731,0.2886010235310672,1.0179720447536225,-0.25412672948403614,-0.3060317014045504,-0.2355492006839235,0.372948446617158,0.23358635722390897,0.17217267556169613,-0.021043257707069607,0.19523253275792452,-0.30252074948664953,0.16659620727702418,0.28130516922412463,21.31374140257292,2.8408296982140726,-4.657991369055056,7.164582443793118,5.815585114103192,-2.141652834708514,-3.3363846583024848,-2.100275400087033,-1.5608758494770059,-1.1206979427890242,0.28173803644449213,0.8686079904114468,-0.9922030978123986,0.23542769845262268,1.5882451776281759,1.5293818326311333,-1.07420339560656,-1.3423274040918551,-1.6228109589916364,-0.6370577853209929,0.23315001488213838,-20.97371471970589,-14.045790331859255,34.13776793730982,9.51636314387709,-4.998895606725573,0.3408266325882927,-14.059421531818403,-10.836979452101993,-2.9351018169066583,9.004489723786145,-1.8537064655669284,-3.974273298628185,-5.178584536471702,4.947866827809128,-3.1504554847736674,-4.884130516176157,4.377754607111915,-3.522195127513225,-2.1659020187201508,3.0546593146726586
59.030745636242976,-2.5971170098800167,-1.0540161501890704,2.7856697440728233,-0.6255609263157664,-0.7191121062519747,-1.786368527240381,-1.1897694035000943,-0.021098436358308437,-0.10673575464414276,-0.07443942574939832,-0.010730074971927461,-0.037764363550462754,0.7152056494831713,-0.5674555703135651,-0.20686596704823867,-0.35862339840190716,0.558896805056929,-0.7419384841885965,22.761060007744405,-4.758328751683038,-7.592417934305187,2.5790764340991266,-14.746041766108512,2.6045260595880815,1.4559647610795872,-2.060555579852189,0.047039534341485556,1.8290602628132322,2.2533615365322333,-0.7899128751068805,-0.09279257726177592,-0.29343923674535066,0.8482270123473059,1.7337733945679412,-1.6500353367521248,-0.25492876516731666,1.4843286164606158,0.3257235043173121,-0.2400780964572924,-38.17359741673789,-27.742108323353655,8.158617148313304,-2.622750408484814,0.5214685383158,1.8243050212983696,11.301616518922124,3.9454436307287084,1.8159585373532927,-5.705818599375078,-5.316434860315644,2.0589546035277713,3.685261395399965,-6.474474161766109,-1.2785518926073394,1.8336148958706404,4.202661016416785,-3.6438548166089064,7.660065969621113,-5.986063305326308,58.6964582082222,3.749983846177597,-2.893917822145152,-0.3138896344599371,-0.010241320560504086,1.033565456217381,-0.7130988045281774,1.450675712215853,0.7769226061371814,0.26117423167445564,1.1339157104287294,0.10655307057787944,0.380834449228334,0.31671110077833475,-0.01580718005228854,0.17951067347088112,-1.0134659794938827,-0.3750398652127971,0.1559758459507179,22.761060007744405,3.0990506128078152,-14.449302791836853,9.031813590015226,5.790629799453049,-3.461900807173994,-3.423101324949416,-3.788176728358264,-3.2081548115105383,-1.8215383226673891,1.401971048482448,-0.25554260612586965,-1.0039753954659183,-0.651180967621495,0.9420444566369532,-0.13243663064066724,-1.0844124679197642,-0.514134745542548,-1.596701458735151,-0.6341638869898165,-0.2400780964572924,-16.775582033089677,-30.62953154814599,-3.5158497141438225,-5.410973223849763,1.7325546425866913,2.218799883284975,1.2562289250017384,-4.0157470617978595,-4.878917218375065,5.83347561285732,-8.222056308744776,2.3346568782559864,-3.637911904645987,-2.758540121586321,-6.328087961333843,-1.519375758677299,9.532960263831361,5.212809404658606,2.0553942094023023,-5.986063305326308
56.81077313250774,-5.962503498871451,2.8371222307334167,0.18334346017050596,0.44160028762904613,0.258756869400977,-1.6898347970257217,-0.6325277452103566,-0.8094237648918421,0.5122396050216755,0.19465068314534983,-0.2870803759935221,-0.11186020139297703,0.6299407469537766,0.27036286323753034,-0.679841317463163,-0.27933555574175806,0.19894484485709185,-0.22593860965256507,22.256897819395903,-11.002055984855325,-11.62594082419492,6.6619375346675564,-9.296543116391923,2.692964577515623,1.7608581139535775,-1.5494766273130423,1.0564985450471887,1.448109651643282,1.5265042955664327,-1.6968413698874292,0.24488420004900302,1.07967011218134,-0.023811468972002814,0.5125290868709795,-1.140804816389969,0.062448009067137544,0.21606953867808731,0.5392664849076441,-2.004939621001803,-20.529671861665605,46.88636808885414,-17.82420985438748,47.18263184976327,-3.934586319885197,-13.248353567378192,16.801452685583676,-0.7858914976232798,-2.1261846167523246,-16.450570001408,1.8118971191414373,-0.06276740174523665,2.1196852343123602,-3.647028314439607,-10.719869359154309,6.789961010374958,2.9567128623039096,-2.645911909247653,5.535773408886692,4.66401360113295,60.11486260554759,-3.470472320681614,-1.180005078726238,1.9912442490706468,-0.46498519479396583,0.08874769946134409,0.2186018496510309,0.5565241430630401,0.05736461577753538,0.6122283317032373,0.3390675977659958,0.4007858101333466,0.6073475166584981,0.7089003818731445,0.4782836769634182,-0.08969275190384773,-0.43126449868634387,-0.5469983059408972,-0.07922091588938307,22.256897819395903,-0.3714221858423983,-18.470753982699126,4.40590714655249,5.4254573471191545,-2.613881393234913,-2.3246794194434086,-1.5056838710044915,-2.310524069579626,-1.2370943967455068,2.0769554784488076,-0.0003548778351041282,0.3284280233486516,-0.5581365016189237,-0.26657375963048535,-0.4078611513407979,-1.8152217890256706,0.5916762313685995,-0.31206394319926356,0.17869283933248648,-2.004939621001803,-62.03874985794839,66.54386726071195,-12.480781361771884,-34.463117226958126,14.370631201102713,15.915471839795307,7.342510650567775,16.772098243845342,5.648564535020167,-4.6701231329949024,-4.843387314481436,4.737116143776193,-0.6047131771645375,-3.8209396414800176,-4.768853621275936,2.6591084697443046,5.8374820491380355,9.780770362077334,2.1871148286976236,4.66401360113295
52.29604877933724,-13.132560221171332,1.6814026739526398,-2.1884813897908986,0.18049355806640666,0.21147178004147982,-0.8669340340589571,-0.17139839695955406,0.03264993672714178,0.7643043052705418,0.16906474233470536,0.0706105004207882,0.3494450324995695,0.2601444907725927,-0.012481590011348409,-0.10625856452150817,0.10876153733905003,0.12541990625585187,-0.006369616641410891,21.53097833689457,-11.06627901324056,-3.511317525691431,1.641752086218629,-1.2922374057859427,1.0719331969605643,0.4671910374051218,2.0718014742762274,1.5586152055909102,0.44605213163237156,-0.9839179682060948,-0.015837617125771253,-0.1799916169652631,1.0298241420423748,-1.5364001914133518,-0.6592117322999829,-0.16520631948176945,0.6531281233960731,-0.4138509830987811,1.344610425256527,-1.1570087171749925,29.079745547018604,90.8948453560848,-16.706088164983157,69.7410477742244,-8.609731881463855,-15.240817968452063,16.530088012180684,-4.6860844248195175,-11.787785130661142,-13.487227639478942,3.7631205653057536,-5.08392667382627,-4.889123876661284,0.12321562979572187,-6.109430058599067,6.930975242251954,-2.2532221048363428,-1.8652964401670313,2.474108105152288,11.775890706105535,60.607156924653616,-8.922450567320316,-1.8838287802207874,0.8113790958237166,-1.2202507445047468,-0.4419863993469515,-0.738560995392672,-0.08074727343830945,-0.7133020308881788,0.35561596752277547,0.008675289526232532,0.2535866552216559,0.08868712238143228,0.20082833046058157,-0.2599726919846441,-0.21497511915218004,-0.12237465925556568,-0.23898434976799243,0.020524504238480512,21.53097833689457,-7.939006084991718,-5.387627007332441,0.9306460393314215,-0.7400853400158534,0.253193557044491,-1.073910861819805,0.5960318442664416,0.15951190214810707,-1.5534427015520138,0.8245553186011096,-1.6576818944008007,0.5771976764208477,-0.7624329888263213,-0.4919709130861474,-0.7632450536277264,-0.5582821851187918,1.6784499250198976,0.9590878955039912,0.4731803118103024,-1.1570087171749925,-46.053281217476204,110.02415859545965,-17.346235480757244,-32.40441949588996,18.65927282192257,25.481950701387746,16.431571649257165,20.94297629687052,8.662858335338576,-10.652657437528003,0.7628346998969926,3.2680908808008224,5.014805257037747,0.027395365702492125,2.358506072773067,6.595511708112443,2.770865963680328,7.105210361451798,-1.5211032817633916,11.775890706105535
53.354823242266,-10.994976094651129,1.603889074090524,0.03397325986106825,0.27233307566024,0.31914241869725,-1.503521545253423,0.13563903966034063,0.18456104826571185,0.381239436344865,-0.04816935794689092,0.058035120227301285,0.5482868060212356,0.19468883183165753,-0.6202615575215233,-0.5253704326775575,-0.027604923180348795,0.005694642808386607,-0.5027973350765371,20.926312427496935,-4.927754845266982,22.917267393465508,-6.47178055150283,7.5890230981035245,1.0516366267499317,-4.222484668588844,3.7846084840834755,-1.0942950178988013,0.26413504277816013,-4.3504156337323145,0.7136807995360255,-1.14951302269289,-0.6048705641942425,0.5853908928379457,-2.4087767583875164,0.6973902918717367,0.07655998296984823,0.8971625753236165,1.234515366960082,3.0236221258074636,57.87385156293495,53.63958456482425,-5.043533593367643,31.076030599804387,-9.489979694531797,-7.168069946529419,5.72981977500104,-7.509904974367832,-13.683913038575128,-0.47316393354843855,3.8532070371918024,-3.45798165015353,-8.731121251821255,3.324307068506563,4.4084195561746355,5.331254660039484,-4.470695398693934,-0.2700179710043431,-0.358449871785276,12.231964127072622,59.73567956090135,-6.135592630433643,-3.1842494284434935,0.9502537740429382,-1.0747059244536357,-0.46807378005151534,-0.4515098165389313,0.6284215027908906,-0.12756160934410943,0.6852251698956935,0.3268935708497729,0.46364566596959556,0.10059176983789797,0.09682718090533005,-0.10289107741129078,-0.5151354654433802,-0.4522282939215083,-0.05746352204500993,0.43837725974648656,20.926312427496935,-22.659516881860355,24.083104369048712,4.974775538249078,-8.150615929641418,3.1861155837335993,3.446756030030363,-0.6211243611154988,5.141339915616342,1.5695365141633717,-1.7646156651122902,-0.8520160226918059,0.5857684381323152,-0.011302879527232967,0.39478304174971734,-0.539640766513305,-0.007714302134893991,0.48012128519594,1.9896795449274598,-0.09717247037224053,3.0236221258074636,15.365964214539872,59.663912450780295,-7.133003444905432,-7.155097013880928,8.102977033563079,17.877271968043132,10.5410263317924,6.3384849194289705,3.7089107942216963,-9.458571914876785,3.165557990237061,-0.9093489805162176,5.329965150432949,3.6498744617941012,5.589935743978036,8.292587623697525,-1.551988370385371,0.005902643037678956,-5.682142598954456,12.231964127072622
55.225581074743566,-1.836539474835893,0.3834764712416905,2.214236141334571,-0.004960721851081207,-0.5157093621975504,-0.8436244159884168,-0.7945451931399878,-0.2950647771208996,-0.5331946544087849,0.03905178623383643,-0.2732836315649707,0.14707420376361835,0.16463151133755494,-0.4517492260840297,-0.3667045691819262,-0.15792465298457525,0.44859641453189103,0.06879609115165297,22.847848345106392,6.744393452032092,20.583400634906994,0.7928913946927412,11.68169901375596,-0.8796759057610002,-3.1727728318752337,3.5374458705398935,-1.220605896595278,-3.4728449980847778,-1.551792318557864,-0.11361367716573101,-1.9375573028039645,-1.8957308368882013,0.6052336463401926,0.13971128789765608,0.8963547302429995,-1.3885958045368434,0.21113387805433548,1.215153115867237,3.133586383190842,72.87534645192083,-25.585492691087147,0.6325277772812719,-16.39790238313337,-13.415625519219947,6.2610734972043165,-8.446526361039501,-5.2230616283034585,-3.868483213803235,16.149897020917226,1.1533436738835423,2.631556850542494,-7.174597507397355,1.8407332402457062,9.709935472511408,0.09991176433806181,-3.189331715313979,-2.1812839223301705,-5.503262526033559,2.633556257149632,54.91654668804946,2.388730497387391,-1.4264726276208135,-0.1634370669540095,0.4212158227915763,0.7750207650639083,-0.0800270492999755,1.4944829834259812,0.09266436792199695,0.6369534718787824,0.3111617766864405,0.3637219808701788,0.2529958282254734,0.3767622447191683,-0.10684232967879725,0.11309093768125145,-0.16375911936635168,-0.1402633094087451,0.13376691403793428,22.847848345106392,-8.783542647921308,19.285847330019052,0.07426165378830962,-3.623543310111645,2.967737115303035,6.432156301007572,3.985329341325822,3.5374013443267365,1.10657538954746,-2.003572098501005,0.5517053162509775,0.5013998375426612,1.582804849851533,0.625063738798098,1.1127062133321197,1.3095896426910687,0.9270757093839457,0.8050319779273862,-1.2567828730191488,3.133586383190842,91.25112248559623,-19.055188110295845,-10.59132693544963,18.172849303719268,-5.233987526460207,1.1038050935587758,0.05192649130361948,-16.55169565697096,-1.9233174237087463,-0.9635949192611957,2.621180443991372,-2.7825728438901782,2.646190784895225,0.5190501668587717,6.6138332744217525,3.0570856812656113,-7.46718557809475,-6.253756951624894,-4.701306141030728,2.633556257149632
52.88212956217109,-0.1518801753064163,0.25019505633747663,1.7764962436595333,1.060145740962756,-1.4888948937739301,0.19081463598074588,-0.8681018560695404,-0.5134988865787413,-1.0142187320048186,0.616497560963797,-0.6898898213470877,-0.3131100691221227,0.9703926830902683,-0.7143916979198872,-0.20092316919708564,-0.1077124690950213,0.48593787838088054,0.35373621993094395,23.110273878193723,9.029533563975825,3.1464923779179887,4.564601083746679,-0.24549602626068134,-1.0762207183894938,-0.003194924670954613,0.5826110620556451,-1.3088433910436335,-3.4343983027857066,1.573859503968098,0.2786501787284519,-0.6053237821084112,-1.8231130242639995,0.5675251464045066,2.3172773548594776,0.9940419887673888,-1.152037726313371,-0.23143187740064253,0.424770203709651,1.9657448923515908,69.64903034578707,-66.53018065247176,-14.911301352563568,-47.57507105518981,-18.361561018686583,18.069204059079773,-11.88453283088404,3.50394503038205,6.35530388831414,22.352311114747415,-0.6171057320552973,7.020634857573036,-2.2301584721573264,-7.337333327846373,10.223723601982195,-3.2171027058854493,1.4810751631054924,-3.7753751835309766,-8.18886213824144,-3.358964851289592,51.630409282919494,2.9154893314888883,1.0787046140983145,-1.5966556343611988,0.30733931342467224,1.2036221322710956,-0.42122730395306673,2.3395789724390657,0.43914967345413336,-0.4107482530309112,-0.2381836571600111,0.6386023663752427,0.519541723972861,0.8183249456187098,0.13189811255384232,-0.25758293138801047,-0.17051162603298087,0.3984809463432091,-0.18442835597523022,23.110273878193723,7.733828202892333,-0.975534925984725,1.2675976168713299,3.2896378252265865,0.08033534441735402,2.860922983164468,2.0701805463620184,-0.8302263309544555,-0.7126480451843955,-1.238266770438528,0.47773051195753724,-0.08834754747036389,0.9342271542586236,0.9998461453244425,1.4491310871682972,1.3971361089181613,0.19136915399388998,-0.2320846628921216,-1.7973968677300156,1.9657448923515908,114.81062555413845,-44.76588825282356,-18.404045917141566,30.714312021172823,-14.911477030248113,-15.494622985070203,-8.720380514384711,-29.006875668490892,-14.651096843243565,9.484136710718563,-3.7861837106899645,-5.913572933485233,-3.6226099502047115,-4.78050493011494,2.4227983687174905,0.11080559830069836,-7.74811311243494,-9.746482359367533,-0.2791341888715113,-3.358964851289592
55.904592345400744,-8.262407863390191,2.754695380175534,2.7811066251878485,-0.6532507274653514,-0.47089597966054697,0.05462081059390522,-0.27983089739225253,-1.3547425948930205,0.6861372301664517,-0.22007555570350412,-0.5242056801939996,-0.16772194837285204,0.17490938831338365,0.10443912413666157,0.17969516885975567,-0.5454825919720354,-0.009134772503227362,0.1729401637884671,22.005790803141597,18.392750008098453,-6.418676363461243,-3.5601748427654893,-5.573929035170526,-4.571950890079697,1.4880829140483351,-0.5504629952296081,-0.9456414219884031,0.3610771975126874,4.128892973402312,0.7783495302197867,0.8636921880137445,-1.9483533816214242,-0.6071006980737792,1.8327289473322241,-0.2635762857605646,-0.32723887961930664,-0.9401957179017368,-1.0021482561350372,0.6887080281277598,27.9098512620791,-4.773407752940001,-51.73859005327336,-47.602126819044386,-10.990676123044729,12.522940177453812,-3.2056941947146163,9.403418586335459,13.978706449004388,7.480530641454919,1.1687177493594594,6.143307786093267,0.5147939356060052,-7.557909609624229,-0.047124147043670295,-3.211411021535249,6.646875293860521,0.2207245846180348,-7.1595109523482074,1.9130766828535783,60.26802073968389,-3.805067883272055,-3.9781749745975366,0.2730621449699626,-0.42740480579238316,1.938243794995529,1.2389624189773067,0.8323746639009713,-0.4433699775135702,-0.09818337026442459,0.5670665616566133,0.4168082237901629,0.6706145702397173,0.15261131750294066,0.1789858196988492,0.31104343516566946,0.20030486149214344,-0.06444059499840882,-0.2964641244102355,22.005790803141597,22.489882615430055,-2.3859014149636453,-2.511428467704519,2.6262124344097773,-0.8109100865274899,-0.22909179160746973,-0.7236573638205073,-5.130552803051973,-1.3740091337325033,0.0795834116336307,-1.0119649397297863,-0.47703075272290185,0.087897386728363,-0.5349773814441241,1.549285656742349,0.2678354499874862,-1.9107667984264523,-1.056908476398665,-1.0273605600261742,0.6887080281277598,22.672656451321785,28.543792525105268,2.975804969467003,12.633451347956308,-14.599614298518034,-20.080959783852265,-20.49782802136825,-15.611631004379642,-15.196910800202716,7.260090095387555,-10.889531755616133,-7.936698874007812,-7.959622281875696,-3.931336109925707,-5.369777606413783,-2.7821857283402074,-6.058225266977365,-4.984586342912639,3.133513151547584,1.9130766828535783
57.530084388925324,-6.208795711414986,2.7005801614969416,-0.37220999519591125,0.05836771927262818,0.295138265093271,-1.6613386275167614,-0.7761398037353437,-1.002799194241081,0.5585032460412958,0.2207194023860053,-0.11916574651238987,-0.20587163004252895,0.47331246654599646,0.26028294479786984,-0.301549307314704,-0.4098448168433042,0.11884429762562454,-0.3424842695401187,22.330213644655128,24.072582049593372,3.1532155664137527,-11.750898109055498,-7.570698405028136,-6.283006390434011,2.481689487989257,-0.11370349847379391,0.5201952599887862,1.5248258891364976,3.985397277661305,-0.04085367018438202,0.9601796606847737,-1.6936385279062942,-2.477108598878255,1.8565762128862966,-0.3311955530692059,0.28641910206382604,-0.4148602184638357,-1.751265016159501,2.5665788776942087,-19.7105815617641,37.68770678301753,-42.68732301029747,-9.281475030342637,-2.5047212477499605,3.67749180585283,10.973804252134526,13.84728340141519,6.895813300447033,-6.3536576913255605,-1.284538444397246,1.7524306774386846,2.641385684536923,-6.390364560106515,-6.197914380394543,0.7730172266673385,4.3109833866266225,2.521730798436447,-2.0088215028239773,0.6135956032580445,60.9268566365303,-3.5264609030962824,-1.274599446519467,2.3768230806942454,-0.6102279379529789,0.38077619656490835,-0.0759142774965631,0.5443624970761678,-0.2158684592185236,0.433660205748033,0.4378064343434551,0.39292877077442157,0.3588959759600878,0.7088257171756651,0.4787603914840346,0.08445634027349147,-0.5385757073538109,-0.21141721069623887,-0.24520565489443635,22.330213644655128,19.109083263533186,12.53603461512828,-2.934402359575291,4.081662208684282,-2.380299330475195,-0.9699314161972183,-2.62682126573469,-5.02812084493975,-4.515719645818429,1.9358749351796738,-1.9632727500464062,-1.88180273347752,-1.0751541230680037,-1.4154488631866418,0.4534686961403258,0.5685655933672464,-1.9750140171163304,-1.9525914075932809,-0.3514507213044835,2.5665788776942087,-56.02587003793236,62.38744753449202,4.3047932204032096,-6.135845163220178,-6.8758239981369655,-7.27472562039989,-9.433738759349872,2.269593271063631,-9.323113094406693,-1.4246286705829614,-6.271524508816244,-8.527202701307328,-4.50799368459217,-4.899265759635529,-7.006203914202767,-0.8144305845630895,3.8575927140696984,-0.1547277015738746,3.7600378440132274,0.6135956032580445
62.097978665415674,-2.01741988851223,-2.6218035027207867,0.5016247431770302,-1.790047156045866,-0.6636844846069834,-0.19277928185446713,-1.3133469303012877,0.13012397546661392,0.7448908432693142,0.6261156306326257,-0.12679957497544736,-0.8807217065868906,0.10962127057280124,-0.022722073776796137,-0.4481796430033993,-0.17047791892008712,0.1620453459586506,-0.08416779218033432,23.58223247593957,13.17779484026287,18.19333516418911,-16.91865403554285,-8.456763206382503,-3.771621131261106,1.8462550505215671,2.282756053447305,2.566584071056241,1.0368961304563147,0.9827041153229925,0.6304971219704156,0.3513448688460765,-1.7030711172640514,-1.6514042858305409,0.34649978536241144,-0.04673200960632773,1.2156134282048188,0.41321034089494946,-1.276584750372291,3.789707731946322,-97.50061333046179,25.571969185228248,16.707704185253704,13.221943111347056,18.96112823426709,1.4011334388596595,7.132330564150071,11.231376029892285,-5.391291406106037,-18.777840257137587,-0.8860166401365386,0.4724591194331702,5.0246499325887735,1.0652368746195275,-5.398296962676849,4.130775618555516,1.3358361929927902,2.4839122984970103,1.8393548851534247,-10.51124163165115,61.51326431895908,4.416754907198154,-1.5055348311641823,-0.837070207276843,0.474544405216657,1.071897837113267,-0.614512244438481,-0.17318518041855668,-0.26683113260792624,0.2545409483061256,-0.5328157389301857,0.24804340230913846,0.3772673955960415,0.1640231682186286,0.4943693592272811,0.07598902684424358,-0.9351104779191628,-0.3637684690883536,-0.3495247165155497,23.58223247593957,-3.1348419525808424,26.801958822015184,3.663164126745121,2.297170172137662,-3.1017526965097075,-1.692896391237717,-3.9150837633099482,-2.1694669008704373,-4.590344210236881,0.03940209638367165,-3.672558930555118,-2.5702220064576666,-1.392315652423001,-0.1329568119092135,-1.0743513943607863,0.33278203629642245,-1.0188453385496263,-0.8270078211783536,-0.41299937045812285,3.789707731946322,-112.5444290698716,3.407117782586637,13.682627535893777,-2.453451062069565,0.414889992597983,-2.5564102866660683,2.147104607385981,17.537677605272535,5.456611075572251,-6.37854210353869,2.055993855330071,-3.6657374834745196,-1.7266446593579399,3.2574597393885716,-3.34843945853942,0.5116931043267927,12.190491464695903,5.791830246479859,1.7647134409338512,-10.51124163165115
61.82172742696031,-1.6977663795385207,-2.937004556742112,-0.8691120178491252,-1.5129592399639922,-0.15165589730608353,0.2576629329680351,-0.09124620962062968,-0.4935192271903097,0.9491031002744026,0.17297513270354115,-0.40850304361397693,-0.8034294539682505,-0.23551755747856795,0.27747700747998993,-0.0525835398001111,-0.15200525458908243,0.1929177099180237,-0.3933423101644058,23.60534248064184,1.781720367011566,9.684340005601578,-10.099820825013376,-3.444816455826012,-2.7287462216737697,1.6564649100188444,4.652903663784452,3.8586855631416395,-0.3244011190340039,-0.02987491265502218,-0.2896928393454856,0.5270652161947651,-0.6250613141742245,-2.10550533977037,-0.03856525435288782,1.2721284640239396,0.23202781308787768,0.3527304924192378,-0.4424223005837107,0.7220428420713318,-122.0290840302579,-17.14728530769164,52.91205057823194,31.288959127509855,28.113775615365373,-3.4612378221664866,-2.8601848979297166,2.0213117545330395,-4.827945864821739,-22.545461786316835,3.5466928603704675,0.7134096890698394,4.357050085254377,10.453784750357677,-6.999854914909936,2.261456667064204,-0.4569967262313912,-0.40144282943088516,4.642715879106975,-21.02607049971771,60.56232912504849,5.072595243817923,-1.624816637406008,0.9992416461043452,-1.3337849573174454,1.1518294031136174,-0.8079006051125179,0.3282984721289548,-1.906979571907903,0.38082705527365057,-0.6698788818898147,-0.21791658962300509,0.12863824976069704,0.10489458866754497,0.20094069085978927,0.14422706945632568,-0.590310964885493,-0.428150820408459,-0.33362342057481487,23.60534248064184,-7.466744532068397,15.624258722771868,0.3326979298481145,0.38623637475255546,-2.2121553496600197,-0.0445375272203532,-1.0509756335681972,-1.175972646513408,-3.766037054135553,-1.9304904481050291,-1.3277347470379186,-3.3053532712566454,-0.5796631684617795,-1.650797019260777,-0.7421523443815183,0.9574475234821485,1.6742047810903262,-0.42439884128921457,-0.2245585405074274,0.7220428420713318,-97.43106453336864,-60.04206627099455,9.567931540375024,-12.15039088764505,11.90658675340261,-3.0041524825685313,7.555245325950416,20.70047549366339,27.671301408983403,-9.728358424161527,4.687081984902651,7.845919690967102,0.358883093941204,6.542363128003234,4.453984496282918,-2.7859236160202396,8.565458974906822,9.970075673659116,1.1230703164147682,-21.02607049971771
60.34766824651469,-1.421254947233868,-2.885839278476365,-1.198823966676796,-1.7533978134775943,0.6756286267999139,0.23649805707515936,0.661014341078511,-1.0909345131902488,0.9821893607113945,0.11904514012293577,-0.2038645972201678,-0.720478595042017,-0.2963777425896046,0.26909198547680724,0.03184628029929537,-0.06659565899673692,0.16043369179804778,-0.4399231910855348,23.2630802511214,-19.21212581584154,3.1017460095589686,3.968138607840302,-1.0258984540980594,3.1314831426737277,2.601261922463371,0.6323987057163047,3.0008014413813124,-1.4099550014550801,-3.252391060008318,0.4597607947320692,1.3164789699753339,0.029682977806927635,-0.26028389031795784,0.08115119961339179,1.0001495149706205,0.36787486136506264,-0.08203492409476842,-0.73689217134622,-3.6446447698863764,-94.73682018239101,-44.037497368087465,58.11145944453243,37.73467140185059,24.607973692552097,-8.364481073627196,-11.70646094580137,-5.031318784355497,1.1874294519770792,-15.296271703541759,4.080607855202826,-2.574967020140937,3.9910389752159765,12.817108646982907,-4.541288157123099,0.2494278273610382,-2.192612370648834,-1.2993610889532539,3.5557061115672948,-21.418712080457542,58.882863519134375,5.296383454278436,-1.9714843157817055,2.1104379483337437,-1.6165026443650037,0.7062689961023159,-0.35258629886968995,-0.14432677406064087,-1.8929865262873211,-0.05206574683539755,-0.7153702455043107,-0.562880099239957,0.08958560712791219,0.388098475802394,-0.2192800271694213,0.4475490887224636,-0.2832501790168287,-0.36957770073147556,-0.4587549267991077,23.2630802511214,-20.494418021704952,-2.226454577492121,2.696335155530667,3.247199820340858,-0.6875370806360861,-1.9699938794289364,-0.438027876210763,1.7122119003711238,0.9794551082121843,-1.176504948493363,-0.3017370135689945,-1.598124225570599,-1.023170420253719,1.2114265662872292,0.47287644773356097,0.32924103709343155,2.3598695348181713,1.0749103636892314,-0.20844992995777656,-3.6446447698863764,-51.39630741659121,-80.38320159008383,-3.046377287115086,-15.779976295483085,14.018203327378938,-0.9361453056968259,7.597328671196792,20.792003826255062,30.70215905961045,-4.5127726700331445,7.085560178286068,15.753645489813648,-1.3544254789969667,5.91790808212845,8.542619923154716,-6.300797385314619,-0.18483060921024208,8.11704021629022,2.322935602671427,-21.418712080457542
59.2960997818816,-1.6647081792533776,-2.2173123631319576,-1.2443938681820041,-1.3243300628483925,0.4537141643992446,0.45047453491065115,0.16602234214557665,-0.5544705094296516,0.4249165309927445,0.3294082279681074,0.1828993727073529,-0.598523842902078,-0.37644069675798564,0.09509328799462424,0.09450196304591851,-0.34577204026104047,0.29601537091554486,-0.3858177203793738,22.850811178099878,-20.746999637483377,2.125367489883005,4.261730858368895,4.358348782584571,4.32232928028126,0.37356714093511156,-0.7186172735731522,1.3137424520927703,0.33427852268132563,-5.169786027831458,1.817860923620025,0.8343174546550647,-0.38149053281459544,2.0542235785442915,-1.510676951694162,0.27609201817442175,0.4817900223680085,-0.36795900068441934,0.30024663388095085,-4.229280121248298,-64.77213489718991,-25.986237401199727,30.28552940993098,25.512059619472403,15.072583470784997,-7.861956089299058,-12.412449273619831,-4.187281964229587,5.312898850864851,-4.735929051005586,2.50600455161619,-7.697151774204062,2.312981570707119,12.96650962508806,-2.1266578760248973,-1.2924043432399812,-0.2197669356343135,-0.5179759450821486,1.3170873005322694,-13.308998386710336,58.50868477040846,3.845854184749511,-0.8752757392866481,1.0961871902652298,-0.6707820879921584,0.5413218534602073,-0.7323650670650572,-0.05805302935949408,-1.2858092894466027,-0.37828167073372,-0.1347836858884417,-0.8542861140793534,0.21290528596326275,-0.2286104462466061,0.4645089124916266,0.3774000710754557,-0.027403466259814824,-0.42071201551928517,-0.3028698200063711,22.850811178099878,-20.926660968589083,-2.970791820615344,2.3329778962194485,-2.4685480592398417,2.3658862382892996,-2.3334589133858743,-0.5877265463090744,3.381277501271166,6.535031399448742,-2.3203507544625728,-1.3051427160881426,1.5551082215624972,-1.0802851921820427,1.183541011716754,1.9068470232346113,-0.822625715041378,0.6183580336531813,2.081487336802484,0.10780971665272743,-4.229280121248298,-40.921458422236825,-41.277300936566874,-4.5754094888780426,-10.87119526918158,7.009313419452953,-0.8138475508942618,3.5758809959682956,15.763033631943426,19.458697874706473,-0.1145553629685625,3.4265232944350483,15.536012305780769,-1.1302652900991592,6.036213874677053,2.8652459894588342,-6.709367897326541,-8.452888643559895,4.426985904444474,2.6985698676418033,-13.308998386710336
53.75472958003426,-0.48307598387531714,-0.9975802956057129,0.17631644129444002,-0.3186201732668019,0.3342614457720381,0.02701427003237722,0.05841951450626537,-0.5443778841412552,-0.6192114020940158,0.7777794803663771,0.23573870185155466,-0.968333023216513,0.049940895053531165,0.1090453857725826,-0.02164763694110383,0.11034290459842322,0.06947905341250582,-0.4563761727459603,22.137175742267363,-22.926255248685166,-0.04592726199533459,4.95629984503223,6.508989875337499,5.006827964037427,-1.694536601750165,-0.8847139507745783,1.323396234402927,1.3012710355871895,-4.09547617885967,1.6170241680890738,-1.0897647604545417,0.17066297966412236,2.6772855785035823,-1.1880884445285012,0.5760001269989503,-0.0055738617596634565,0.1238745429701511,0.12993383817902582,-4.443986826622634,-40.4512551031323,-26.027190685380923,0.5021757307476182,4.701361230463902,-4.590544919682131,-7.778793262553961,-1.104328384910072,-3.377532215503891,3.6518323303260485,10.545091495007306,-4.597838292982168,-6.79596970687769,4.904921327904321,3.7622759137105364,2.0775379171833537,-0.6992871398677538,-0.8429172800294285,0.5723751129700643,1.781845002291186,-16.18429884134719,52.29287748542662,3.9168981479862994,-0.5321377024585288,0.7380569308131437,-0.20072556976402955,0.3921546722255038,-0.8712939515675928,0.8760965205112297,-0.08768871973248427,0.045842837063129416,-0.9512318437153695,-0.23283394824798687,-0.1764513326321009,0.9364889688193188,0.5990234722781429,0.12402304458139435,-0.03662945982291621,0.16996731031167522,-0.4691264817786599,22.137175742267363,-22.103037442616106,-4.092116701333123,1.1398355000019111,-4.1654257586076815,1.6183281732051022,-1.0165083510033694,-0.34804397134111387,5.947909938364807,5.610201092776197,-2.022054085454129,-0.14107485688697152,2.876369992039586,-1.8192173800613527,1.408828213666246,1.872458883408507,-1.927580037099124,-0.5833372694361749,1.978569197920908,0.5822843022975134,-4.443986826622634,-22.307917494167953,-16.77070258378781,-10.230676207118163,-7.176137509517099,-1.1489387372923683,5.269026896244059,6.601147032516837,-1.7483722320470956,-4.606091290263647,2.9648125253950814,5.35635719225313,3.5547649428790127,4.0864295666079915,-3.8602403408707007,-5.527960516514932,-1.5996731165524403,-6.440415262848584,-2.8631884561677223,3.5395935518246207,-16.18429884134719
54.744696941458834,-1.1041721162762936,-1.7502686189929904,0.6224921694575425,-0.0691834199287582,0.20581126367541014,0.003096189702850083,0.8669224297118783,-0.5996582803741437,-0.8350895322386214,0.7525384243918329,-0.21114596582230583,-0.8702475062883002,0.6184349129720099,-0.3978381685149788,0.11220942790729937,0.0004204747973417522,0.05441552876858502,-0.2349925023937176,22.05365467444471,-28.747282365161574,-1.734942059221133,4.54886326135615,5.54376918919241,3.869873103036879,-0.12661387252391654,-0.7947646447800221,2.6037471845160383,0.9764352878772868,-1.976296878732139,0.3846777497841072,-2.118388805692328,0.46093947025073767,2.90896473836289,-0.46727437029439,0.8380009863897842,0.308868706833084,-0.009212213654296253,-0.21729165508019888,-5.532785322915707,-58.244377835928404,-31.407093175381362,1.4324239018698233,-19.61978399908331,-12.83541296460285,-2.193629742447286,2.3629192882263146,-6.565263013857557,-0.7543478694207031,19.136687225633427,-9.531791497969376,1.4782339901475217,7.043935115696639,-8.769087621935457,6.482981844853264,-1.7361791456486289,-0.08094987424805877,1.394815630968023,1.8287758179470164,-30.354201963531473,53.39399165760783,4.276941986656319,-1.178000995957872,0.4511581252447243,-0.8587303754732827,0.14215710835908624,-0.8424100519181037,1.5087255754786026,0.4578872245390495,-0.8283026139068992,-1.2045194408283566,0.39461444566225845,-0.27848587645031775,0.42246984801745957,0.7452124527533128,-0.10532276599382873,-0.40444230765585854,0.34282034247120774,-0.27453278475867504,22.05365467444471,-27.123164032731232,-4.081560683591069,-1.176756986826529,-1.3430484703639647,0.13956873314586282,-0.9282040668802676,0.691972911981126,4.587695150461463,3.6479388909356785,-1.5649935611089274,0.3051958218385942,2.225405772828646,-0.7467723336075422,1.268609094388241,-0.009320567489574216,-1.2688258880848444,-1.0806361385624481,1.3372646938171842,0.7293592771858293,-5.532785322915707,-33.74483638058055,-27.682934704138525,-4.215768506341432,8.32995156101114,-5.121449963331672,6.438712296508552,8.366351036120422,-18.87022144810258,-22.266733317232177,12.031746219051872,8.40408812829081,-9.023932007947383,6.954163236435221,-6.604042499855779,-11.096368860498902,4.742405355677015,0.9883028627079102,-7.536176994814004,2.0798828459715657,-30.354201963531473
51.16024204238349,-1.7244866097200773,-0.6412112280297331,1.1222279521721803,0.12244284708130193,-0.04768822371325143,0.017830254291770764,0.9722624144968237,-0.417705109924408,-0.4355456971027576,0.7159921259556099,-0.5517243081826093,-0.4992852735168447,0.5448272417971889,-0.07848650853264183,0.3109926113680801,-0.24247884740575976,0.34317088435660326,-0.45036888098885,21.439665089637668,-35.43761200356859,-7.981694558579424,4.0756602717204835,0.7320719578299717,1.0624387714548527,-1.0380442020840954,0.11830819886470367,0.6670329674177329,0.09488278110996351,0.42341011294567465,-1.1225667648410558,-0.6051527532898149,2.0609286402264217,1.193483486628011,0.5982188675051827,0.36955146092906244,0.032876879117810676,0.02477923887520217,0.4127994742799479,-11.085041589726266,-35.880975574123276,-25.481166390908108,-3.0836270126632623,-29.289423908409866,-15.64286281741783,0.5471412001606422,2.118273109992031,-10.56577605633846,-2.06293554291402,16.951401212108784,-8.187061421623328,9.665794360110416,4.6771779452739874,-14.73442993936423,3.2802317848535996,-4.414119759246104,1.2621282328502266,0.8562602973457953,4.6417964018722335,-32.12142672801549,50.38869135422664,3.03478120265847,-1.250203937445138,0.35023960154015565,-0.7133644140218904,0.3975971931511917,-0.47158579211372365,2.0462388927027146,0.04026576310795127,-0.8380823179758725,-0.25103979647783903,0.25085461690903,-0.5743275016959739,0.7669724355034842,0.5765976444039891,-0.27487951129245625,-0.3863993930368943,0.23794071923373195,-0.181781293274199,21.439665089637668,-28.550125236717854,-10.056421437898164,-0.664135506505426,-0.9036187288556308,-0.14884769671055187,-0.03810785455971066,2.2226959109025555,0.23481695975242767,0.11995571733689259,-0.07177728247264481,1.5712723135942022,-0.15589052976416706,0.8532879337630264,-0.7612276454838647,-1.3330200151618126,-0.2474954346610554,-0.010841010498305659,0.01542745709802018,1.250572065687983,-11.085041589726266,-14.09167353536641,-24.632303838976654,2.4995289524040536,10.447940266183387,-2.7743631848357224,3.633566995322432,5.498126045450228,-28.33551244518589,-20.414923489069473,13.930903451106413,3.6334952160010454,-11.292094059861977,7.178716723299354,-8.998784497724845,-9.14620180269391,7.787006488678122,4.441333207856368,-7.449783358590788,-0.1206623535107445,-32.12142672801549
46.2197023681262,-1.911473895941564,-0.12106526624187275,1.054534970975331,0.39007497849599515,0.5813820628799311,0.05768422039094334,1.0109744844083166,-0.12958925259943177,-0.6550647608689542,0.5526407800655446,-0.48256352512172906,-0.6025779826265434,0.8305984990516304,-0.044777949999958544,0.3471823320862186,-0.01492681084240699,0.15456334861634802,-0.4974671937980284,20.433173842956872,-43.61351017800587,-9.610295449515633,5.41826259595968,-2.5630842582033195,-0.12318260572887807,-1.0514939301215662,-0.03866870427963587,-1.6407074213434107,0.5602987152095871,2.1391144390825834,-1.5782393588995982,1.331128446146462,2.1953441947525745,-1.5884191864856512,0.8376603147156281,-0.48877322161494874,0.42208971480524204,0.37899646684706667,1.073201724803998,-16.085853721462218,24.236011049366738,-10.029376510217118,-7.008037487629408,-22.339316573886506,-11.512730343557717,-2.1927308823494567,0.6985488607529042,-10.15904006152271,-0.5618386250239586,11.059724145319592,-3.0061355963960095,9.517539353518586,1.2947629904767644,-14.898214971186535,-0.9526293654025122,-4.4902488811418895,-0.15294678263849715,2.0673135569517584,4.8694769268479,-13.451363792173055,45.899195819642834,2.246132315617891,-1.104621115206608,0.6185716197197415,-0.3446782992902966,0.07449855955722962,-0.5862326908014288,1.650723359775495,0.4741829146010188,-0.7188158737686827,-0.33228179858790985,0.016572489756461195,0.03845720369142813,0.49045236760543176,0.4710615426839164,-0.05756159503004121,-0.39283656893404983,0.21393362692827855,-0.0818627756656869,20.433173842956872,-34.575535261828485,-13.830106804402085,1.127079146302401,0.06552420638970258,0.6887491915812904,0.3966969866465724,2.310079030629302,-3.197286733473933,-1.8532125714476946,2.720383953572621,2.0407277628166756,-1.4407275215093183,1.0605437691233783,-1.03345230863608,-2.03859795772968,0.7085346615780952,0.8262613355382018,-0.705030290193074,0.8136072579432754,-16.085853721462218,32.75433572044876,-8.543768225882289,5.740912481883315,4.411223306330594,-1.3603708599579636,2.9355214628006796,0.23144780781219554,-19.353776652674796,-13.671473625488998,9.77877187708389,1.1058898119435885,-5.890962229582845,0.6820389215968197,-6.551373310108392,-2.4812591655299703,4.7796916694084555,3.5595363145347236,-4.82583498302639,-1.9528519293724846,-13.451363792173055
40.29842086491628,-4.070272373332394,0.22564816387897002,0.32633101945053156,-0.01702998675175227,-0.3725460548722701,0.058874354120682426,0.31990997086691264,-0.7319710074736294,-0.4975187313060121,0.3164449201089934,0.06887110485635883,-0.07170346493418056,0.5406008453277265,0.23162471026766385,0.04564164143396776,0.13445498697720293,0.031794762926225406,-0.11873908990383097,17.40489536314815,-33.43362912932466,-8.848833762302139,2.979786671398834,-4.08229535516957,-0.8180755902886094,-0.9585259728710191,-0.20362536602875592,-1.8372644908365787,0.4778715504640294,2.3225187682873623,-1.4950479883807382,2.0183737936812713,1.6420495900501975,-2.4412374287542615,-0.20043989460671052,-0.9676726486217353,0.5688797506793708,0.3579003513923673,1.805585349173044,-15.228165991357123,61.59492935234253,6.625502429269478,-8.791239186293835,-8.557175981209841,-4.840399600791573,-0.660632950625792,-1.051517989320292,-3.3642308648465367,0.7620004946353096,4.826097933796507,1.0269245786495407,3.865029853177436,-2.363920003473722,-8.966894655388092,-3.666877065545092,-2.4658638984604604,-0.5946618338416974,2.14509708109153,2.6643609393277163,7.6952218463543325,41.76521278605019,-0.09590773544356912,-0.9008953960868737,0.20254081914781974,-0.5321754562107985,0.4069300193465768,0.11196532332534748,0.9225061082389974,-0.03585870609502262,-0.04478917424230122,-0.6017145080384918,-0.12175823517717177,0.09172109417853935,0.5218838862834003,0.06958891973193482,-0.023605258231027104,-0.04785283443297339,0.2421243966321499,0.05982454651883751,17.40489536314815,-25.422688595750685,-11.533995560415942,1.2376819096394729,0.3542580361071779,-0.04344364843047277,0.13782461989442663,1.5919659920599116,-4.327355342260439,-1.8466849205668538,2.800708882758304,0.8079067806245106,-0.9366103907224206,0.866482930222864,-1.9395333336840157,-1.686003322818395,0.9772429324084666,0.6838805974416842,-0.7251749893693571,0.4798291351634181,-15.228165991357123,54.74664225629288,11.098976474378441,2.4295635048364876,2.442587652281343,-2.1710099610796623,1.0342900043518597,-3.386285526508776,-5.69666826063943,-5.000131671796932,3.087618495825298,-1.4638019071193773,0.7633623465867023,-4.004170749766585,-1.697866550093829,1.484262498774501,1.3124084969978829,0.2507343296631659,-1.4418793473899314,-2.899837056033633,7.6952218463543325
38.3688524411895,-4.736426959227952,0.5254329830324984,-0.2611014932832929,-0.06103830587667014,-0.15750678580586364,-0.03676021235142368,0.37274494085512844,-0.16237597399473946,0.26545420440429757,0.1631923478653421,0.14412055073144114,0.013633686796654887,-0.17366148203608445,-0.13406362055731758,0.0004983020668811733,0.022998415008481432,0.3996018229073073,0.1357934644657719,16.02811267695836,-17.63126827760017,-6.316060712468334,1.5927813177022707,-3.2187054412510725,-0.9462348878702485,-1.262738428305183,-0.28452343195684016,-1.2236241171181605,0.5040215906882746,2.604010866256813,-0.9321494366440564,1.3286175975814227,1.317760490577232,-2.7227822895392406,-0.5442596719396995,-0.7385113994057615,-0.03560612026694465,0.8578840085630004,1.5210538708972035,-10.186905018186806,67.76684465253588,9.121242523928402,-9.037967910211382,-0.44765245217700755,-1.7742638618643798,-0.7267014518013974,-0.5726075212824928,1.4478069821689186,-0.08640420881837985,1.2112849523179108,1.8550783962477655,-0.6947778932299276,-2.07945650782365,-2.5502710668921575,-3.107659750643644,-0.2703151063656515,-1.5198775410906888,1.4577587406025003,0.6111728139105703,16.83915837972114,40.41796331078181,-1.0727669464937035,-0.7891156934858037,0.5577696196357436,-0.6049502585881834,0.33583918858467987,0.02085390567701184,0.4719486009734948,-0.43065682658331084,0.13524279101262549,-0.008818203639692435,-0.1394428890492998,-0.08123828982588521,0.028287968309461453,-0.02058216377550015,0.1233074382645043,-0.1605849191887181,-0.011786641324538216,0.011467924316444389,16.02811267695836,-12.309714492990437,-7.614657735273324,0.7427905460426789,0.23362480031992794,-0.5933187209731585,0.4515904272930036,1.1230617753085457,-2.8081070248695026,-2.2044776028569473,1.8881492948175431,1.2398234942952342,-0.32971541148365,-0.41235037103905126,-1.4179247165658795,-1.0734584964262681,0.5086507630846224,0.3517712147349188,-0.7053515744623217,0.13830477776186945,-10.186905018186806,57.64461564043634,16.35023596340014,-1.2634685641162382,0.21556795207320079,-3.1140108976515837,0.42355268869143936,-2.842938727392879,2.297607734599799,-1.060322745108599,-2.5770289054509163,-1.1698918233721596,2.828919199290107,-4.224621581586774,-0.24733619874146262,2.542823748998951,-0.8683599663107897,-1.2810896243133314,0.019180846368539894,-1.6921293177643606,16.83915837972114
