33.97353587481413,-6.27642141360025,0.20239317979729288,-0.11073767056457706,-0.30209801299141503,0.11575363760011115,0.14640673837555518,0.004022692297758201,0.028992474170602467,0.20429097195568469,0.21168697840550776,-0.010266069930939814,0.006972113081776143,0.03632812021799081,-0.02248673172269977,-0.025474463509603806,-0.11662983908132452,0.005448202708660199,0.07391792502553518,13.87852833503866,59.67602548593536,4.450243481424459,-9.71013623425576,-4.287792883126116,-5.748338005091263,0.46895659306427717,-3.5796077163749196,-3.29624305528044,-1.888936712928658,-0.12480577460905318,-2.703621598092253,-2.2330871930659804,-1.5782821587109952,0.8775289868737621,-0.5527329982641502,-2.207810488683913,3.7377057695329423,0.33354124613818503,2.0640090910730398,21.490038323811632,23.224432654751567,-4.428024058600003,20.68912723067995,8.146288067195304,4.347980083394267,-14.68701570583661,-10.24474798375304,1.7537062815620663,-1.324448009214195,-7.442557514796759,1.4711454555147387,-1.3355015812771516,0.12732388377461046,-6.384067399639736,-3.7096593521400894,5.405620986689067,-9.500202839449768,2.7000294742594857,-1.6999274792940415,10.740838099022284,37.03213219923313,-1.9040024031781986,-1.4900580989094876,-0.08206387583151242,-0.15197712342685366,0.16463379039345138,-0.23873949268210737,0.1389859854093618,-0.31667052341137336,-0.04447019178809164,-0.12588428305174104,0.19218847792256555,-0.2023677580556953,0.16369206083152177,0.0503347065061599,-0.13334981101435162,0.08202408480660717,-0.10932299271834178,0.06214341191436579,13.87852833503866,54.91577009599022,12.580218707391472,-1.0141282301678007,1.6723951136693431,1.2581785279849753,-2.8146182506233917,1.0552363181971685,-6.134688229803921,1.8561941334153926,0.12412451672878122,-2.670116029532836,0.7767597480868473,2.677426923574309,0.45128366260273833,-2.4135122872625736,-1.0390898537769186,-0.1643297105293655,-0.7899018254473634,-0.0010631625096995112,21.490038323811632,31.08734965795024,-19.475373165158516,2.7796393027341715,2.955661741529942,-1.001972097886426,6.530424569243026,0.31650259421157134,24.11839232605244,0.48828087139157494,1.1554673115390068,10.986786082802922,-0.9468847837938135,-6.333767029922962,-1.752791675451937,3.74041761478702,2.713947305995269,-1.332542574659641,2.3659098131689706,-0.6160418048327809,10.740838099022284
45.31790840797711,-7.822454216883751,-3.818619309047627,-0.952456209755081,-1.3279788351949922,1.3463363493655836,0.16537093297180938,-0.5751249040119899,-0.30218002830282664,0.615999767289666,-0.40593371375640164,-0.4796688987819835,-0.2789075322408836,0.10099655173847522,-0.06504780729445714,-0.3934065252803993,1.177628040958607,-0.19716366696877952,0.3325730311974484,16.9609973792326,77.85179881638618,7.959684535940453,-8.996371413247278,-2.8195665832187116,-5.89157242277756,-3.05386340021515,-7.543253754487001,-3.409450442022907,-1.7018057737083128,-1.5936776159629829,-2.2949771711393767,-2.451401919015911,-1.6343706478802087,0.18556061239669885,-2.0142846696127794,-1.7324569822035492,2.3764812804198447,0.7768631130506767,2.6840680526819023,28.60892562775559,-49.44468407816379,-14.051487293075951,27.150033346952654,15.761503680709517,10.861466886267912,-14.593805877448233,-5.224981124787707,12.887092623018916,0.7501431207955283,-7.678868633851419,2.05247849544729,-0.32063037892830426,0.21946128296064948,-6.693882247465192,-1.2575689910520247,15.906242039143937,-12.760967439894907,5.995152359095808,-3.6948879708552904,-12.460110522140972,48.61270218777448,0.5653317864236125,-3.165548378936024,-0.6270921925570829,-0.5092540535766181,-0.9672576036359628,-0.45396428049214377,-2.073581519191044,-0.69771782337516,0.03707221577709019,-1.1966198053072752,0.28441767892141834,0.7371656233320973,0.09033847630399605,-0.7914246593995768,-0.35769256894334056,0.23930942193824745,-0.25778390847369326,-0.24180078311600317,16.9609973792326,71.05280337621201,15.301421273197795,-0.20419073580732938,2.5644348461079223,1.2065397033925613,-2.3619193890043237,0.9347148074415776,-1.7344898606353425,3.423112961954428,0.4080026042470464,-1.214057102762969,1.2017117000479776,1.8741928099538652,-0.07511943915694053,-2.447495218129382,-0.8477302870499572,-0.5864678604509053,-0.6009862772584896,-0.21294171141988438,28.60892562775559,-35.17423426287398,-29.263815910814714,-3.0748387042378513,3.8732097149538225,-8.124988088994996,11.725653568252323,-1.3583096255365716,35.915253782254425,-1.6973668073755377,-2.4663959063215497,16.972633889086026,-2.915499262265052,-12.163592266817915,-4.778413440550153,7.175777383054019,5.197332070586697,-3.2537190588095393,3.9819195017632683,-0.31397589318203,-12.460110522140972
58.139362351200326,-3.2782832712462695,-2.6421686929081276,-1.833774842532383,-2.663326604435258,-0.26505942175048647,-1.6528792171100317,-1.3545250371875877,-0.749889631057012,-0.06396631301583255,-0.8313134745596642,-0.8921082520384083,-0.6392291436123916,0.4427583978946297,-0.2775726930688962,-0.9454136769661627,1.1050941056651808,0.2735247606164726,0.9765949174760984,23.082312974847504,62.20035514808574,0.48151092486646085,0.2775449705799735,-0.9487619994821657,-3.5027307545509805,-5.113141263214314,-6.720158689195399,-2.362786221128173,-2.6447261871459284,-3.1116486113304678,-2.172371083811322,-2.791680620729591,-1.4865759722390832,-1.9685205257075746,-1.6767868386598803,0.2573232514204389,-0.3317834056353923,1.461895049811682,0.904015870621588,23.301013721350795,-137.16052166517227,-29.155719427985662,5.874065428652314,12.793367286347415,17.23207714354999,3.129419921167601,14.629977493933357,24.684509968464738,5.757686838871678,-0.7333250015191961,4.906033743602331,3.593202736207621,6.988159132524551,-3.242487005312811,1.8262354379194474,15.627202288826453,-11.429797073144805,1.5017435864151543,-7.000306049645797,-48.14916710954587,58.69973225295757,3.1514398557166317,-1.1593770739801195,1.0266478393659444,0.6557506056405162,-0.6767296379035375,0.39649106032149506,-1.8220743771923962,0.8019501932782163,-0.023179137206291944,-0.9255745366903918,0.5344537514665628,0.6665790130375631,0.4260106843966538,-0.7355417541722584,-0.5407233589383165,-0.07878343902389573,-0.43004344756434776,0.2135839281747005,23.082312974847504,62.390928284854446,1.4819308419090507,-0.029277325980950675,2.7042061182150245,0.7830118913379693,0.2242446031885874,1.2737483706807495,3.724408748638009,1.3168751548416624,0.5599191287391521,2.095247548483692,0.09084138020937549,-0.08783953457694982,-0.16191062424339075,-0.5263120144356594,0.22220401585723493,-0.6195319228984162,0.298595307042685,-0.20314479047099754,23.301013721350795,-117.98849115233529,-25.92566722413072,-11.817048209031245,-5.948559218256024,-15.985375481659815,3.938602678421616,-6.188752790912613,25.424699087849596,-13.323153951778894,-5.32688166811781,9.224684007989687,-4.2480246810539946,-11.750467034095129,-9.398742647575457,7.5304717248413215,5.0497065982602205,-3.0087499936674664,4.201879314107821,0.4211856867138022,-48.14916710954587
60.81652204481412,-3.7956482168070136,-2.8735115904736364,-0.6590023761900299,-2.0672699286582734,-1.220771532832165,-2.725577161125152,-1.0214286639710224,-0.4324693600697467,-0.4584191935400481,-0.4143013806815947,-0.7950459383851611,-0.48711258251124434,-0.07410671242197919,-0.9020860858559914,-0.4317333478830989,0.4607488287553452,0.25984148028009235,0.9646134551412047,23.58109882901203,33.69151861577828,-0.591133886834518,-1.1289601631972994,1.9234435154066674,-1.440408187227447,-4.036897417520544,-4.621822792358533,2.680574839152885,-1.1359704154222587,-2.470818673174055,-1.9430076075090734,-2.1141056686983273,-1.5144046104666264,-1.0463873805681654,-0.6194905735922975,4.51274366083588,-0.6080333628303431,2.7669405238493407,0.7965617158711205,14.354495363971562,-182.13961890974124,-21.721914335716612,-21.72085862293421,-3.721663643255856,18.425323729489737,25.80106619688245,33.48432654353117,24.977525846948115,6.661736746618553,8.931283969795366,9.424133443992181,6.393956821711823,12.665766416400656,4.522667776568008,7.071947781915734,1.664031497138474,-4.159144351653966,-3.939139674790468,-7.649620775514856,-64.55441014126473,61.72473386047692,3.2189871039732836,-1.7574939792778363,0.6457976896237203,0.047428863735742066,-0.5956441899602161,-0.08899736546311976,0.25227123639256943,0.8355755992210459,0.1488855830445317,-0.33306770761390014,0.6219116911745557,0.3002552613746081,-0.005026970529514507,-0.7804746722193221,-0.3535281805773478,-0.13080608350359402,-0.2494559039245836,-0.12004770192574377,23.58109882901203,33.591073870121114,3.4974546847253265,-3.0439730343801514,3.0930944688734137,-2.56673219818902,1.5287771065967797,0.2668254791870921,6.893390172102327,1.2771702190144891,-1.326970742437179,3.4335191260019142,-0.33803069910694283,-2.021735980759018,-1.6313259142492735,0.23077626785097882,0.9289292466993528,-1.5635881337496098,0.6568093591892465,-0.0570102951200655,14.354495363971562,-172.8621152521201,-5.9429706046948585,-6.518136611593783,-13.846334557156023,-14.461753585158105,-13.014266878973238,-6.129273678747415,-4.849333796559909,-21.847783535434495,-6.816799722862552,-6.4797907829024215,-4.922004420279803,-3.9394408201103692,-5.656956610118733,6.692325738245005,1.447237767915046,-0.9340832478276115,0.9330548307564026,2.218498447171955,-64.55441014126473
57.324406630438496,-8.049068951205388,-0.1313881941997157,-0.7318455870881855,-1.6838178435352646,-1.1572630529081716,-1.7681985591736638,-0.954218538286812,-1.2282259535189017,-0.8143238532946921,-0.8703147300375567,-1.2484178604941465,-0.6322133479025851,-0.8603805105555693,-0.4423610117718728,0.12235057350196543,0.07591806420261027,0.5078931539900653,0.20990564836445103,22.218984470824342,13.175904753653171,-5.852207021180888,-10.706809144954592,-0.26261428926509733,0.6421184489086755,2.5251835623007746,2.274665549527525,6.000999288364034,0.7069890273641541,-0.052897746763115094,-0.4265895081062392,-0.6051339501209618,1.8558143888444891,-0.12774051930021146,-0.33701232731466746,2.4831903342095996,-0.4849354454143662,0.08937433394643013,-0.4923907653444677,4.542669900930708,-113.97546870192927,10.967111613053998,-41.20033644740059,-13.09636315077115,14.302955848482066,30.643535641812974,27.17650866023024,12.262692937189922,6.473612765399914,14.395974968192471,12.238658859763824,8.367140390436985,11.757499263694644,11.3322847980537,8.159725659474862,-12.978499584062924,4.533176200698788,-8.094475473588657,-0.4733726412445094,-42.35442763726081,61.67158050530914,-2.489864640998509,-2.208723961729057,0.6335942421855982,-0.038812636414049084,0.09094938514987172,0.2156512351437554,0.8382639819365596,-0.4248796572886451,0.17958268894776364,0.4899634423434174,0.06886216190068462,-0.027832344365425588,0.13041947212658167,-0.2182962943017972,-0.02432999726873053,-0.042684123921680195,0.03581065852844589,-0.10030552391626268,22.218984470824342,14.652389272868021,5.519368389562347,-5.502761185397013,-1.566214306841415,-4.847873262054142,-2.7906651592131353,-1.7051954131318952,2.263721297752042,-3.7324114710040845,-1.6718296439880111,-0.3815621399204341,-0.5773813928626899,-1.2498421981168137,-3.4699844236388238,0.01258783216790671,0.5974336784785368,-1.1801445707137463,0.6821400133826789,0.13156397269729214,4.542669900930708,-129.34521118290638,30.772962585067283,5.116447310896062,-14.789311581573028,-7.612648589338883,-24.857752580537316,-2.7852762812312646,-28.810186374621363,-12.561257223663098,-3.0091478660063786,-19.825510116531184,0.1330836718257813,5.238811960642531,0.8524796495029021,2.2274163244775753,-3.5801711450198654,2.4380833128094364,-4.653141848097764,0.9173763759649189,-42.35442763726081
62.57114557624716,-5.732628320321451,-5.638489640000483,-0.5416990797738461,-2.5379373092587123,-0.22601054381584573,-2.0878807921756413,0.5650092661140649,-0.6309970747830111,-0.24423079915793178,-1.3579368897719921,-1.358566928903278,-1.0396177353291,0.229372315679492,-0.2923989347391176,1.3290831799034766,1.3881993802747208,1.0691223982690945,1.1141985236888323,24.569909313229964,11.294214558731838,0.2655863411058217,-14.3646236669471,-5.023472259955174,1.2486648402374798,6.02750728546853,4.7014973979171195,4.897419726705047,-0.046795007654077736,1.342588936651024,1.5441987630041725,-0.34769684346431395,3.027317379778333,1.5265044974770217,0.8518019656724811,-2.0133747750288924,0.3734851244823485,-0.5064463664119312,-0.4425390170924983,5.710892467333274,-80.4678052263117,21.100317118868972,9.979332297128533,-9.125507718423695,11.224026787023162,12.872323434490934,8.64644030773863,-14.897347128813637,-3.0830577529066714,10.059891199835414,10.281938967438402,7.662993441970107,3.2310567055047614,7.250805334530973,6.850837031196077,-17.521096890474762,4.2363114651916565,-7.894836852441671,-0.16246463340312567,-30.055317175764376,63.92231499665925,5.134711377143846,-4.162861452251631,1.115981840469797,-1.4453385316438454,-0.5867085618642776,-0.2301316283097279,0.04294438729564165,0.5542822114155153,-0.7277940685185271,-0.18762923182322266,0.348198124150886,0.07350331165408264,-0.5775288746856047,-0.934659255409318,-0.1514246264284571,-0.5605343024876652,-0.1623062819254668,-0.11336120463055432,24.569909313229964,8.491015256145175,10.311217197023717,-0.72651711189619,-2.22352221994187,-3.208894512490436,-7.3615979472900825,-0.6404501400258078,-3.4288130334723137,-4.976135492839946,-1.884522870820648,-3.215547650012117,-0.9251791235558917,0.48547373166861263,-1.249560844518591,0.6292177276913371,-0.3117262344030851,-0.773203160457046,-0.3262312150502853,0.7289531305819481,5.710892467333274,-91.2796333352686,-5.667331042218219,21.92933576732738,-3.8985357177455993,7.0345789143737445,-7.588467020830913,2.775284215253839,-25.512554385420565,-0.7651505199756914,6.588949439766093,-13.621558857090402,4.007643577418895,10.73120743609751,11.714702088908307,3.322998469233367,-3.2987322559204486,6.393948125439879,-4.93075712051413,-0.8750319727835669,-30.055317175764376
63.85000296231039,-5.235896730079495,-6.613084240622,-2.0237336353730235,-2.1069336896807007,0.5001518648917411,-0.8343946268210245,0.852755641951886,-0.2971312600183027,-0.19750938358844827,-0.5727904740675851,-0.9129147318398307,0.5649306272187808,0.22714862419378834,-0.7509224322846668,-0.5842267737546507,0.39890110719830996,-0.08642853140481344,0.6556070005300507,24.85924268320389,16.411272825644325,5.53670661742329,-13.704791501245419,-4.02348568718682,2.3042106559575886,5.1764242061976375,2.2064355457818947,2.660137803690706,0.047492491669938186,2.1796350678532286,2.2033551608139677,0.5086851618718955,2.1213126644857594,2.411175934296682,1.6674297214451612,-2.968867322678637,1.4440454510576561,-0.9486492418520105,1.2868799164811426,6.445601351039535,-99.51402781703081,22.87111971276114,73.73860191764791,13.805528718830768,-1.2011277115270338,-14.780971555629097,-15.17636109903506,-26.418402887311814,-14.513716341050342,-2.5270084841396625,-2.5846666437486947,3.5802036909890376,-12.385062130040993,3.550954119183465,5.378433162209456,4.607354624086584,6.659477023256109,5.049668997865609,1.4666993510137951,-28.11041426586805,64.92713632130041,4.953261913912524,-2.7080739301917287,0.008448610522198585,-1.021802327696761,-2.0765300315580744,-0.38553951482114845,-0.5855503037679113,-0.9236088483210607,-0.4207541334187681,-1.1890748445459476,0.3826198385470527,0.15503388883941893,-1.0227305753447131,-0.6521555464933071,-0.3430582967734934,-0.4539916148887333,-0.1325482518725667,0.27602266587575186,24.85924268320389,10.268352000389228,13.461530878293498,1.3702183682250997,-2.032141328163847,-2.702231246180764,-7.759444160136638,0.3347480396715672,-5.519582835885353,-1.8371006010626696,-0.6658787400723027,-4.4929741217748855,0.4509574283467406,1.2779615895305003,0.07344666564271907,0.38817541788294907,-0.9475538161014787,0.20431724686002006,-1.536455329886431,-0.13743831533954487,6.445601351039535,-101.98588964171209,-39.48181827837149,16.338458124628374,23.21735758011032,14.829718313130723,30.823952509289363,9.430991051963812,3.0115604526106434,19.980859429075377,6.7941637366328935,6.284434762374495,6.306163544765022,5.93467064563503,16.595116969626606,5.1059238295076455,0.028621099001466366,4.152577880793599,2.207374580407566,-1.1503138971446758,-28.11041426586805
63.20083115824409,-5.069441156817049,-6.814975400736044,-2.5247944820251975,-1.2313795854668155,0.9642746510021434,-0.8417304283429115,0.5237941092621523,-0.9214142106470851,-0.09553196006765807,0.20903587283550573,-1.136645924444476,0.4279741198172391,0.14538096894185282,-0.3219043927633538,-1.085132061769237,0.4859998694986696,0.3037791397715661,0.5204932705121557,25.116415956488893,-8.160068033373143,4.264567853297878,5.35969716351238,-0.758874644844318,3.340559102759678,1.073643977776491,-0.26448763661640307,-3.0976679829172693,-2.3477510240284865,1.44286051943548,1.8829895417500238,1.1604814962902974,-0.03162539553488086,1.3095570598988746,1.8037069176258265,-1.5217759559573838,0.5456319215294738,-0.6614661144722744,-0.17430594174324754,-1.6246289489650394,-131.93366179454108,-3.4555355344503007,106.0826528671144,31.1064199396741,-12.945926812641758,-27.547606767791578,-19.056497128795357,-20.61622537400065,-12.156451951740877,-11.23132085722983,-14.595779294485844,4.253262461591936,-15.677655968906226,-3.4681562516674402,-2.3540817014444113,19.885178900970534,-0.6021388600208897,7.54963450312796,-2.5661123733871696,-43.22533368531887,64.34246358055387,4.653032425029626,-1.8710775509945954,-0.1533906045155149,-1.06552354686812,-3.1927034552512845,-0.10862706049357174,-0.750228137491352,-1.4031275516827195,-0.49320744118252646,-1.1013223891752761,0.0024432910734257796,0.4515590106064922,-0.05323236905316264,-0.2489361822778986,-0.3500271480265089,-0.31175391824859044,-0.32839205624921997,0.056264768469223014,25.116415956488893,-9.856724161273789,-3.3072920807493587,4.4842050724724825,1.37679012066183,-0.12226374893883651,0.2189330966430747,0.6344958604122803,-1.971234953789259,-0.053060475944064045,1.4645285254880136,-1.3215543116160617,1.1516216789977891,2.07996584346608,2.4543095855641086,1.7044817096101412,0.052056866029136284,0.941155020183446,-0.6992715294332636,-0.36002513749343046,-1.6246289489650394,-113.92214763276124,-72.36291086891286,-4.173402432860183,32.84380368374073,16.62226922549033,56.5280331651833,6.785439998906105,24.805828920286835,24.874407459209056,4.267803564056306,21.574155854270078,3.2760984527306207,-4.693625672214332,9.251865805614152,2.827071726376322,3.7739965774793554,1.2975222156971185,10.777707534606861,-0.32259509827972055,-43.22533368531887
65.21520025226219,-5.612309224245944,-6.395541064454644,-1.7520407295559197,-1.1849913774524188,0.8358064527816524,-1.2880559681990813,0.39645794198449735,-1.0592711397518957,0.2011442610867853,-0.5521235309343218,-1.1050357817875998,-0.305352943232875,0.38720312996159123,0.4061065779628259,-0.1549754670009964,1.249040545119464,0.41624016231282424,1.1501982331933607,25.168531824714645,-26.85396785880974,3.583862079103653,16.300331398639624,4.507851262594858,-1.0043925381159404,-2.388370561667754,-2.8305224827232434,-3.210658300480716,-5.399391134973813,-1.3665377802251744,-1.8883182193535122,0.43087872549625117,-2.8072452885194012,1.7562102590805946,1.8762517778133878,4.5410682367171376,2.758729667690126,2.6917187069094064,0.10684237248780448,-5.844776523854161,-93.484000468234,-32.04478007947487,65.7777515421528,18.604471540628076,-11.655965345149205,-19.41814567507188,-5.667225253360173,-6.940107912777002,4.843888028783251,-10.094424679889562,-7.790867141362069,5.241496237632692,-2.9787554787184365,-9.057903434937524,-8.456885204558628,13.707017370710707,-12.981107334992517,3.3740864346441573,-9.728674222161635,-42.15996568680171,66.59568221355644,4.48174027420535,-2.669506728245025,0.2522098005963307,-1.5798357518922939,-2.485775248224944,0.3222729710714609,-1.52494117361262,-0.3647250762708625,-0.27064999475638807,-1.2996770398679987,0.467218292612785,0.4221206009236198,-0.0950054478682798,-0.3670701219260324,-0.398805644520444,-0.06491569261120755,-0.649374119252893,-0.2538376681359238,25.168531824714645,-27.166685839278543,-7.412286110736861,0.061106784732838815,8.242308312911895,1.02367051273542,8.831045573464968,2.3728271126309664,3.0407124842158364,3.796480735085662,0.05072652617410478,1.813658572068786,1.5372999782429808,0.9202470688019675,2.97563884613313,2.0279177559623274,0.4298526777631593,0.038965279362807026,1.9723474607779512,0.10089615816264352,-5.844776523854161,-61.181155947913545,-68.44006633305527,-10.24930400877918,9.55206550894523,14.436107426015464,35.64786410210758,-5.281778873565274,26.599169162687453,8.248118653964372,-1.0319908753554063,26.077804660904082,-5.968334632056633,-11.997220896152461,0.45867461395727505,-0.06450690493838729,3.7495620014095294,-1.546515946290651,11.83470019350147,2.1864030482766856,-42.15996568680171
57.80851291458469,-3.4121381465892875,-3.0674126463279707,-1.056982855104557,-1.3286289139930143,0.14298415112744411,-1.9932939397948144,-0.7556758753608754,-1.4238026469304579,0.27787263822219144,-0.4267755904636119,-0.6822656557842448,-0.6202886478707126,0.8041235927450279,0.030940018950049275,0.3535695485479575,1.2359456220788807,0.48705499417413844,0.7797499364855536,23.602950267992068,-33.039995996311674,-0.4857591569595101,23.674141316667583,6.264069234991038,-3.569996969046635,-3.9638987144945648,-2.30827215222799,-2.475294908209567,-3.40157917020264,-2.49998506792469,-3.7078541941550096,1.8178376055194756,-2.3472316281721994,0.11990920925134518,-0.42964991323383783,4.174246895758487,-0.5849264138443313,1.4481869107713403,-1.1355764317894141,-9.756585437879313,44.94406999370988,-39.85082207566445,-21.388752349218308,-5.0159220199519945,-2.1067507375764833,-5.4859776523805115,4.634336087351168,7.0610733295997195,21.933910480369413,-2.8504390972207885,-0.26614627025155135,1.7016119337416344,7.261851071806417,-9.275408854525725,-7.312131025626844,1.055263495805982,-12.317487215239552,-1.6364115433335717,-4.475446865512469,-7.6643540494610995,58.15967996989434,3.7168261566227536,-1.940042516988742,1.682496305763646,-1.2274536940154972,-0.2726194052093054,-0.2667899410498924,-0.47297765467663355,0.24831008741838412,-0.07058187510571035,-0.793105289970228,0.8817097366169144,0.9799428773450223,0.18576335435823288,-0.22496111288788478,-0.09752251954041369,-0.2844947535347051,-0.2535291129519355,-0.02844360637143173,23.602950267992068,-29.752539640401558,-15.433329742917536,-2.158662536580151,9.061154801390625,3.2392892207966386,12.607173768500765,1.733230322947545,4.693953766620509,4.644277568690416,-0.10892372191569866,4.4182139302010865,0.16969882786129853,-1.6824818440742872,1.925275968043279,1.2228824218398089,0.8865688074042735,-0.04176606885988021,3.308221156920955,0.44848834469099363,-9.756585437879313,70.91345186556563,-16.737608047754527,-7.234663442994357,-23.692730753335223,2.253574429998586,-8.108694944210056,-12.68702980139561,7.646736893596563,-5.783384457539888,-2.235510274917656,13.896623570617507,-10.431885664151975,-12.284502272322822,-7.4092163673094875,-8.846210700546859,0.26668504396663595,-0.4389754713217575,0.9809826496117473,0.3158243844376072,-7.6643540494610995
53.11917815473522,-4.2726171956415495,-0.33669991850622427,-0.5037138175359148,-2.5605052944755715,-0.28338816600478633,-1.6738741124566947,-0.11283851597695804,-2.745632609363523,-1.0674805728459602,-1.1990438520947824,-0.9246655034218207,-0.31456063319694394,0.7758824418324981,0.010781250765325545,0.9669565394453208,1.4032930647532673,1.1677928948486036,0.579399853787254,22.693587265525224,-17.890763427003414,-8.11051991718545,10.026862193253375,1.7672781432095386,-0.06849398071385782,-2.013877285202774,0.3947151769076016,-1.121102690051646,2.9963505791486402,-0.896154478411467,1.1033434580854498,2.8007552260736523,1.7897380414452004,-1.522951857848315,-1.4443344654043209,1.036629936818781,-4.4812290487516995,-0.31643253715173936,-3.096821949576592,-10.568403247904186,143.79382874602513,-22.468381087172382,-81.680789731061,-20.847371775313604,12.287359102254658,4.555943302420808,9.255305006011625,7.579668060812357,30.013156239081844,7.370260427203274,6.548012740498452,-2.240095913153045,6.916879747334843,-6.025873355356488,-2.8643008325302186,-11.15892571674258,-1.9327840216767496,-6.987562365909223,1.5952732236557885,25.444419113020654,54.4351852069909,1.7152219927475296,-2.643038054828236,3.2116593118385652,-0.4290019977553623,0.8789507301534196,0.879955481772495,0.7961806969326477,0.14891269967121845,-0.6067036533701238,-0.4363541081140787,0.7116366048967988,0.3509654898711376,0.3455909860161541,0.3498157967928497,-0.2543842721349614,-0.44813855756427246,0.8161940068677667,0.368824932377401,22.693587265525224,-10.37431823400366,-14.69548345715005,-0.432999831638174,-1.098290914055629,2.8350459819592304,3.870367554988307,-2.8555086283787023,4.447407385253491,-0.06171029639772341,-0.3951480540481498,5.676044087768581,-2.0422484621133306,-2.839425014775546,0.5673007813817714,0.5967216092989216,0.5099712139157173,-0.07748018176364235,2.3771484236871947,0.551506467706586,-10.568403247904186,150.02217473379264,32.470689406309816,5.9871752909742035,-46.41988077121977,-9.813667429227776,-36.69746204723867,-16.951256886846128,-14.260018156051329,-11.431996742000875,4.419291036619903,-5.8018860929942715,-7.423346842987864,-1.9160698708111503,-8.898814358561829,-15.710129255347752,-3.7717840676139556,3.0493607797045894,-13.241969978700668,-2.655317795593728,25.444419113020654
52.72884420885174,-5.982166749599002,1.992674684623538,-0.01692332053968082,-2.3286211114785567,-0.4580773968519196,-1.8029574323280997,-0.4592051158619035,-1.7790230609425914,-0.7112120770636303,-1.3214310636617688,-0.3179122608676277,-0.7410378492868261,0.010995917632071972,-0.33906668578152255,0.441025382886848,0.11641040275960224,0.6520962288893466,0.23810424432050192,21.475595517143947,9.830364747578635,-9.813652186389799,-2.1979444084036492,-1.8965490951276553,1.819234455270395,-1.8565914866462547,0.4400615772437586,-0.6119091233319445,4.421333359094994,-0.21755068008176792,0.2540855679047671,0.8263492128724139,1.300808475386027,-1.688566308899534,-0.19206547357874104,0.7580749418947852,-1.9931323278693898,0.024403735891512568,-0.8101972134672839,-3.094992611670577,130.57201546570516,15.69216481996163,-90.44758187012796,-10.723756697083576,5.455332975990593,2.6542058836081748,-0.05058785809753541,5.687373006796611,10.534623990484585,4.959888345552109,1.4835195365590748,-7.820671974096949,0.5059382373500481,3.5885335381092185,4.442458877444179,-5.18258537107282,19.27097999566054,-0.7054481902909049,9.857231956221362,45.820437703707285,55.54644226363586,-1.6803733057002312,-2.9636431559930654,2.89746204055868,-0.021295813538266373,1.4285204398099167,0.4791468456296837,0.43618781054626865,0.6621923446914479,-0.37964247283350794,0.6761231100483072,-0.03491645113793185,-0.35410435590441036,0.6891073980262599,0.004062069282564806,0.021046569482886524,-0.1410255202019981,0.5929344591509276,-0.03082235944194256,21.475595517143947,17.203817968871583,-8.034497431420029,1.1139266591608101,-5.799275642522019,0.09883573144855129,-1.3550753662236232,-3.0948511697806897,1.1487860424901948,-1.0156571889723152,0.569710678140313,3.6955647158427936,-2.274546932900043,-2.182449250906574,-0.046129565714955856,-2.0030255673315853,0.14534011993617524,0.7798900150857919,-0.41118068608201175,-0.4274181000465981,-3.094992611670577,106.13551981455561,80.11122089382235,1.245575295238742,-31.131382211652834,-14.321516033721998,-32.398580627429375,-2.0436584659643513,-18.12824539921901,-2.7095061806643908,7.190894785287481,-21.81448909600683,3.6517872468260784,10.02913084515345,-9.273929687025452,-10.459867504127715,-5.221888998249596,0.5499237331037004,-13.310416151973826,-1.4906239511940604,45.820437703707285
58.80965289162696,-8.382554881333812,-3.912153633303711,-1.3884314252335885,-0.7192422690665765,0.1293985841699472,-1.1858666334786379,-0.31232878279081167,0.6165143568284912,0.24760937952396267,0.44687593470748155,0.11316513379091786,0.649890678197782,0.022291038593911683,-0.13105730237354862,0.31961158423894886,-0.4318063695967467,0.17550327637935048,-0.1273898955124093,20.948007576186612,23.607766142257674,-2.9863819497673942,-11.604020604355256,-1.8355254600025956,2.4446713008528738,-1.1640525243815056,0.4229631555466953,-0.35251716251334875,5.695730719918293,1.1773752394550017,-0.5952817301341748,-0.19342503475674055,-1.1728254666310933,-0.35248865952220987,0.3253091417207301,0.6696913552776993,2.4964406138642805,-0.09017088860529165,0.7417893751546336,3.5466366195517978,34.711428444084106,39.81541751222507,-21.78552910746133,14.471342881977575,-10.240060393533318,-6.921217548626577,-10.05359990698695,-0.9479922040786648,-18.120813496816304,-6.715066421509628,-8.470211054379227,-8.803195229561648,-8.315498382250421,5.343755052431176,5.280365147579648,0.15175869837795486,21.326207366088475,3.093145977503416,10.3816207859494,39.67047726942687,62.715141949683854,-0.16740172320818214,-2.3742063245619502,-0.9044185238290008,-0.7653917011512941,-1.4011613932404015,-1.4784497364576783,0.2441797864026749,-0.6025213531062561,-0.31369372291656417,0.8037308040070243,-0.09559284456645711,-0.33056828983943687,-0.06302707901140758,-0.1832209083617964,-0.20310458207423543,-0.17539040015938223,0.11596830653927293,0.023104942252624605,20.948007576186612,24.366222722981206,5.123642436669295,1.41839983234946,-7.5374168507416694,-2.312936457204424,-2.5365608827921746,-3.688760584427981,-2.316712731744671,0.9104497429165903,1.9210548444560507,-0.7259598672492029,-0.9522505628702804,0.21219583681253562,-0.4880655662686668,-4.214192877125852,-1.0854250123097693,1.1528176272422657,-2.7889366070709,-0.7888095172654246,3.5466366195517978,0.39038128008542117,60.834171981594544,-8.577968544573968,5.0225387949053,-2.418089977534914,-0.737875554636352,19.575179026744586,-6.335659330604801,10.35290344386772,6.295629069257863,-20.973729949175812,9.89822068793097,10.91692101366497,-3.342362169415951,1.3156961725466094,-0.9406563839220368,-0.7384429492008615,-3.7664533007703436,-0.009113219808355333,39.67047726942687
59.87845791992814,-6.263995396938055,-2.378657993131052,-1.5628985988195478,-1.3396431990623143,-0.99170496728305,-2.0172668906619635,-0.9618853036199209,-0.8942094504789679,-0.48844767800365396,-1.1226926999123603,-0.7880063679544071,-0.4521100658750621,0.3366361399145541,0.005826558730115838,1.056279497098536,1.1569291753191928,0.9954016713545213,0.7280462044017433,22.928243806826085,11.49674695191036,4.798254269312277,-10.73420821959208,2.7035926880553176,-2.0989131218347046,-3.0617081531011117,-2.3476900705963044,-0.01590116858041002,0.5160427546548259,-1.0568057540818696,-2.11678183176566,-0.5954082511138021,-0.6129807554590285,1.3289443791429019,0.9067577219257261,1.7664235009926181,5.561728752677949,0.982331991352664,1.8737338839556545,6.096113480246338,-50.600215770699435,20.11409077960098,23.45421740262698,26.693791775272214,-13.859547856389126,-7.618450379660159,-6.853560888121178,-2.747042182265771,-24.138694773360697,-10.607674481927939,2.970715964481421,-3.4874618854707484,-1.1267552746761225,1.202971149410915,3.2239580718628096,-2.1596146405288663,2.9979072546029646,0.5104048680918161,1.9411597079860163,8.369660725267227,62.62161058298366,0.6408892988905954,-1.5174950525414799,0.8408974023364193,-1.0098409765932557,0.18989897337579364,-0.6350129168251506,0.37741582183345024,0.11619851932096381,0.06776849873766633,0.43463461189061725,0.14805099489852092,0.2294851417470225,0.3670076040145358,-0.9599555439763545,-0.05049230460268905,-0.030923824694254254,-0.10900660582869448,-0.06929266133234258,22.928243806826085,5.944949788383816,14.712717757083965,-2.461574720954597,-3.2849733360927713,-1.3474775764825333,-0.38865232632368163,1.1280270679900086,-0.9881088744899156,2.803444458701064,2.328422221475942,-3.288028640293437,1.4505935016528126,1.8062731527083966,-2.1840057016442285,-1.6015940870116618,-0.9266775786077812,-0.38195310681098404,-0.7639444036869112,0.3733343615799687,6.096113480246338,-63.9076318428848,11.645775867810576,-15.130358893913183,10.19851419884662,13.244958247102259,6.654014836722437,25.58153249812854,8.53467939480145,6.9739166673477895,-1.2142680431779995,-8.670885115716,7.534314901593399,5.559230956663878,0.08415980606748641,14.246810159828312,4.439521805148763,-1.5737131771199018,4.703349023201668,2.000633805784388,8.369660725267227
61.34825437032586,-5.62489384685572,-3.9530438818065576,-0.6484889083972791,-1.8326586002572558,-0.598600642979974,-1.3552378055164152,-0.03775700335462373,-0.3401740546361882,-0.5901751526484476,-1.596053899036574,-0.7863309672568013,-1.0454372582183726,0.4368180009301521,0.0009891993698714074,0.9941751599783264,2.1312539854056123,0.9510547293133704,0.7053235613239501,23.740581430460054,-1.3682403071272233,4.491235611076048,3.4022295451169255,6.7028786926068396,-3.2294503889279667,-4.871927726288634,-3.2382089526658415,-1.8931027694667457,-4.111410867039428,-3.8340601521662303,-1.9463283692689504,-0.8899636567140634,-1.411116534257482,-0.3598296756539452,0.6464365106332695,0.608335006458842,2.4044440940188694,0.7511763238693927,0.752022894686639,4.671282340850791,-80.58223972537702,-26.08064313234397,61.21877990529538,17.504342421346863,-5.60087707341625,0.662569053014058,3.3699561714165025,-5.452877067266271,-18.71585114761502,-6.571230915910097,12.69559059042392,0.20109099636993832,6.064058574593323,-6.191333649570755,1.1258356147901125,-7.7149783789826145,-18.29423737005888,-2.0342582358593866,-2.9400442518156806,-19.691014617305107,63.08071240880761,3.1164119087867634,-2.6569121903792987,0.47123320557886084,-1.0911976448300797,0.22998102197439385,-0.4073449292140783,-0.33278967458327857,0.8771344838147557,0.13011828307231443,-0.6785897926598352,0.1440276004434322,0.165268659451689,0.26260809988768274,-1.2752718351406163,-0.7613273412470583,0.07321940830298845,-0.22730376417787213,-0.006344675310111292,23.740581430460054,-4.549693503717066,4.347994939395226,-2.934233413867455,0.15582733018239692,2.3491576471573157,3.0182182577201604,4.820641766108242,2.348025178441146,3.2051906016994476,1.8733107089129675,-1.3190242087512107,1.0442916645757268,0.624674290249454,-0.03494223536156782,1.0538539554122646,0.5756518712266772,0.13421990458431488,0.6703036321044726,0.1465736269891249,4.671282340850791,-52.4232161095962,-64.8628799261,-10.386621938057516,8.868554929130502,22.313199802751782,5.31307523570962,18.650933611757765,13.660781161989396,-7.650520367200106,-5.194932394894916,6.980808299238792,-0.14250316211430958,-0.9913533833715271,3.912682342954908,17.9590896176143,10.878536535722827,-0.5314789108040141,5.516191196739243,1.423984861086197,-19.691014617305107
57.20791694545747,-4.961870132181909,-3.353984300921079,0.9649017650698233,-2.8213695068005693,-1.6249318598275149,-2.8921168816073632,-0.6044415898702025,-1.0426574778828388,-0.82072268801836,-1.358357062672571,-0.16586833590066918,-0.19986425880826308,0.4682046260354027,0.0482889243096305,0.9869553455134683,1.615744601597397,0.7554864980986686,0.7586144578801495,23.127365330130395,-2.981739913078634,-3.4954155770110313,2.0260392181737488,7.181144716203734,-2.273478628033748,-3.8118790755227696,-1.156132812710562,-1.2151374109881314,-2.7444432341064924,-3.0156702252351213,2.4149668697128654,-0.5691124188842989,0.8565763718611601,-1.0834102261282088,1.259349877896394,-0.2910542039602193,-0.4481804406452019,-0.14106743629992158,0.1552658807597216,0.5275148903135403,-34.49790276526588,-48.76356301413702,51.82199650818986,-7.402439243736523,8.938691044251383,11.203636930519744,15.765677988462704,-3.66107877033448,0.8704860605898173,6.942864838613961,12.801282236042907,0.3683860439019986,3.464015779958452,-6.899153238089301,0.4814412123453713,-7.473228048330524,-20.218588168822166,-4.051280827388664,-5.125667444101784,-24.874967468159543,58.33613192826589,4.034078756844279,-4.05307758356169,0.5671495078083635,-0.5321316299401402,0.41862306904067825,0.507607976002888,0.2306181037942876,1.324086655581474,0.5626626349100237,-0.2267309117649816,0.5705700771835298,0.301113745804225,-0.5657130422453995,-0.2507095108338562,-0.16318084023459267,-0.45630697783867546,0.3825982926660445,0.17056963012940973,23.127365330130395,-0.29203983922167964,-1.8237857488777065,-4.274936164687324,-4.5466406335607426,4.390267802818811,-0.8054575181185721,5.441213904015468,3.083756784798012,1.323930715310151,-0.013551275677145203,-0.3433456712642027,0.49433940417365285,0.3909270007069061,-0.23061132813476215,2.486356096313512,1.5345625807423333,0.5023322878548164,0.2108737059311363,0.10520723071832117,0.5275148903135403,11.273736318612436,-89.76110617069125,5.96980553886916,2.1199464136879183,12.30705293207425,1.5276594491927171,-1.3298663577068393,2.9626942613317317,-16.66037209389617,-4.459669964090031,9.669217733951346,-4.454563906925274,-2.640855274003836,6.187450522825039,5.029640000393048,8.386843376354378,1.6466613337027747,-2.805951399876107,-1.7660054390988513,-24.874967468159543
59.46080322529868,-6.787999708173861,-1.7233757068502347,0.6991077391251457,-1.5931043096614323,-1.9899518327021375,-2.3675461143388588,-1.4376020243990437,-1.3649670629892872,-1.5032831915517995,-0.4084560685468883,-0.6428857105929828,-0.18179049246435852,-0.2234080422934852,0.17092977015332877,0.6584411632609037,0.5410079642735859,0.6710490249419732,0.23333742509170707,23.184087984959852,-9.44411028793634,-11.879868592777724,12.62524562940952,4.677869736596627,-0.2684844827557291,-0.45768253666364767,1.5121626123120753,-2.4793375749426234,-2.031951859508557,-1.128807982923421,3.486639214338523,-0.10602745268652303,1.1244252570054742,-2.2419781816720317,0.7119308711304524,-2.1590589817371892,-3.6457234745035847,-0.5456002927086923,0.13100125084475978,-3.5145713941343573,2.1939625253067234,-21.280990917432305,8.092592262643162,-24.561381612861254,13.066069324928272,15.535592900668128,12.683934424041587,4.7498317048947545,13.097039001347746,17.988597640688223,2.1713090525850003,-0.9279474924528972,-0.5426518891912724,1.1962774204108242,-0.9254672600407678,1.862826017501995,-1.6732163342597168,-2.7718127157371866,-1.0853395929733414,-14.549707574015535,62.5830345251842,0.31000101751258935,-2.5735317659855728,-0.6896309114737744,0.17033244910080603,-0.006414312212763562,0.36056070018242314,1.4915912346428293,0.39612987961321267,0.3755145634537409,0.4749014614592184,0.21529344657890181,-0.05404544674331113,0.3858621264377762,-0.010916947226913276,0.14106562135505496,0.10441112870498581,0.20531767334413975,-0.023539389983689096,23.184087984959852,1.2731094819858555,-19.03954577339987,-2.8682304148129347,-2.4723057374424333,5.974790754520795,0.32837933096008065,3.480112803438171,2.4777450196060635,-2.175053568988006,0.49457539558513597,1.2921027978555761,-0.5453750951878553,0.4241922211275173,0.4915784184540539,2.721376840018711,3.123223175876586,0.4449354745073584,-0.5182500635103018,0.05724647870849764,-3.5145713941343573,20.98261817349455,-35.761122749233294,14.916400377490369,6.869563975948202,-9.050321890130054,-1.4946436248498132,-14.028005428325276,-9.871634847407638,-12.278146837400408,-0.9395392173309434,0.7660664132451118,0.23771495020028555,3.8267626159746633,-2.452815453590987,-6.631238446618225,-0.9402884263859068,-2.3205314364459384,-4.226584147094266,-2.512010637288002,-14.549707574015535
59.33131353590241,-7.4301502547845,-2.480472471522339,1.3538754355211067,-2.5961596583771,-2.201968910183353,-2.0891791426060227,-0.8695314985917766,-1.7540345633556647,-1.5397287711695387,-0.5090081803007704,-1.1442852057284658,-0.4556452628214891,0.12504404846226835,0.5505312122865842,1.0786193934771378,1.727961965562605,1.0648708053902591,1.0416722128977256,23.470247974732956,-1.71426944031802,-11.397975135829348,10.565281992356553,0.014877544192162695,0.8899494472048683,0.3329877173462674,3.1599631411460893,-1.5533231510097112,-0.08844371881570101,1.0620005806037058,1.5673754944520568,-0.803183331176573,-0.14874376111128074,-1.1795579868927053,1.1147311478498203,-0.5864935290746285,-1.5224815474719078,-0.3949201140526253,-0.37858901617429774,-2.2484433863408597,5.202505901036318,12.848060102379213,-5.265581300186107,-30.51716662411915,18.4051597532615,11.952689354224797,6.731310737225094,7.229568234276311,14.404760713884766,14.93060657204575,-9.266437319183108,-0.14974223589986124,-4.341372974081622,3.907306741184568,-5.151286769708518,2.807946174607193,2.7090211561354254,-3.1973472558683937,-2.9253938531965495,-6.419351554580839,62.72442960518452,1.1322018700888292,-3.6966533470820044,-0.8519908559176343,0.554527877850707,-0.09463211858991372,1.701641220484333,1.0071037596194024,1.0186661790768108,-0.06170527929161951,-0.3137838508010109,0.35958777391761254,0.5346056951979756,0.190074926672108,-0.34895493977645,0.265592504467421,0.20464645903215528,-0.21988047162413227,-0.00809168863639309,23.470247974732956,8.670416454838573,-18.474064971864106,0.4903265489527229,-0.9109335954363971,2.993232335872852,1.720096861652717,1.1333583704716244,0.4283783355934916,-2.8366195029032952,0.7879548960948424,0.24101672337884272,0.01814492807196677,0.586086550267447,0.6464592328604803,0.07946447088163922,1.9929584572444534,0.28601977507888154,-1.5726432558175776,-0.46500478382914334,-2.2484433863408597,-2.7564434638560513,-1.2207463479469158,27.080277249661684,13.242782327759002,-22.19033712614764,2.0324298503738363,-21.0682145816794,-11.204568459891782,-5.519517457702419,1.9952436308351502,-0.8126126337154829,1.0582639629384363,0.8852257937444552,-2.625323826750509,-9.54175245278174,-8.234673584993281,-3.3156197961646994,0.5295518787488904,-1.7768014348020806,-6.419351554580839
55.56450093113522,-10.330688081943286,1.9228230181988324,1.4959591246753927,-2.079505765846855,-0.5389233861338787,-1.0006253688610478,-1.1448808364651484,-1.0004614416540538,-0.7950761025345687,-0.2774087330532127,-0.3501362586861645,-0.3553341277090225,-0.5125908011192966,0.10583349094662076,-0.13118635487210284,0.25228356617121594,0.523562429313229,0.629295309237542,21.811854411091595,-0.9049942808541687,-2.1979800682309456,3.178904289347104,-1.9946785278180017,1.7218702359168607,0.8234353276109116,0.9457102824266266,0.6509059529914216,1.1091088759890497,3.121403265258467,-0.4368781553460459,-1.236901946794375,-1.1797824123668978,0.28638291493371515,0.2560122456361724,1.687467677767044,2.104986480302364,-0.5078036951228488,0.47628054666697794,-1.2155923078297768,18.694060609705858,36.80625815146343,-32.2960938424552,-24.426698865588364,16.087400569387757,-0.6102892762259868,-1.2735929143484048,9.765364130198028,10.363621601486843,3.3307576553395184,-9.793064250481544,1.2756799857113088,-0.4884362769699231,7.928689804978681,-3.3306808481932175,5.0304150731997055,6.2881787502334845,-2.841095056273425,-3.8544954194135723,3.460932474240696,61.52311831134122,-4.952422534535447,-4.269239516025609,-0.055349481279356905,1.3528679785348943,0.6507982812697302,0.7356948502642848,0.5178400073071958,-0.05768206242691587,0.689589937965704,0.0109880757859675,-0.02316879551753681,0.26061879531857235,0.13050332465595593,0.13453929934003606,0.5858975743402279,-0.03478957287874773,-0.18518941378793463,0.11160922342703894,21.811854411091595,1.460387436000083,-5.207426823728223,2.1413354180577064,1.772755799094325,-1.4774855644347316,1.0081192554096092,-0.03943318128247375,-1.260103020660413,-0.853607707894033,1.002788014361502,-1.2281721994501775,1.4012463777267126,2.440475823456515,-1.6998852426546827,-1.0583194551809116,-0.1236902802173363,-0.9178895572506869,-0.5512299605683038,-0.8243256843811437,-1.2155923078297768,-10.145816361907272,41.16058583125816,28.780408947533225,3.180657833239941,-24.627966123564125,-4.480567821247854,-15.01014067306928,-5.610302250210381,5.504562113967504,-1.4074810568255103,-2.858801974277098,1.3907254143087147,-2.8953453112820533,-1.8025974640452467,-7.434489994156265,-11.310746220871568,-0.7250823272498652,3.6784773220490554,0.8585363520957099,3.460932474240696
58.29893337238019,-8.88951351321187,0.10555733273266465,0.5739148443907811,-2.133194055105424,-2.1839522244385106,-1.995595683773224,-1.5274637593420057,-1.269132147958306,-0.6438259422251225,-0.6401929831933804,-0.7138347274423649,-0.18746432174157146,0.023017012001955717,0.6382026378378947,1.0885223400426574,0.9988660269126282,0.631769738886728,0.37134100772008316,22.689260423894094,-4.650044966101561,-1.912329788094814,4.116419238111903,-4.741164463648525,5.933923889260706,1.5239066694523489,2.4927487208447094,0.8345249421830014,2.887406755087087,2.3245274366968096,-0.2564931050364043,-0.07854628978030354,-0.16200628049346477,-0.39393740383879816,-1.088334194210725,-0.8103444464087395,-1.9690248399804635,-1.7586393630270403,-1.4800706937496622,-3.8316504301291694,-1.4427605484822124,31.605006831765557,-30.144401453250083,-3.2122063097257088,3.6857867879579636,-4.031009909215877,-5.748013239556435,5.918969517990275,4.187243419887747,-9.725114347090992,-4.245484866331635,4.513041670734558,4.065057161955675,5.189311126403222,-1.7036975429123569,-0.4588320653050131,1.6288425825515485,-0.22952573923931374,-1.2469838782579858,4.223782178995599,63.20129826260667,-2.5717419530637557,-2.9600604340653103,-0.2054580050070438,0.37321677327924174,0.9500652031257899,0.8867200861977693,0.9316828852588501,0.13268287514989074,0.7996023957014633,0.1257341427610652,0.6988736622677325,0.4368248999070068,-0.11480402492424924,-0.28370539867651123,0.6108824118950476,-0.24369673950736792,-0.2084697916767071,-0.12950706849052596,22.689260423894094,-1.763900548156819,-9.350218397686987,6.760419543708197,-0.047780237949620386,-2.9787626007772454,-0.12911255515641828,-3.3331203944639096,-0.6496034250146403,-2.0965509440880448,0.7299642303522469,0.5104855105309327,0.05016064918558705,-0.1746019035853652,-0.44754141095564837,-0.3946719824775462,-0.9593174837073464,-0.4740650943485105,0.4921395938345825,-0.34240740513789847,-3.8316504301291694,-27.836032494547517,45.33505781994227,9.047786320012687,-6.01036375311735,-6.469006819676496,-9.358036527675992,-4.1746079850465,-0.04382361637522747,11.951731592425133,-3.5914416805223133,0.6636573698081225,-4.374761143275798,-4.88476743943092,-0.4244945466228285,0.26429166456734254,-6.466771141073528,1.7884363993471846,5.054083478663282,3.880671302004527,4.223782178995599
59.52449616663271,-7.157308113075649,-1.4269384643041847,0.09174877078130761,-0.9636519933388401,-1.587242511769103,-1.9414827025419448,-0.7831829175282183,-1.0528638326934416,-0.390532973394774,-0.5613027447736063,-1.4765619231332208,-0.9057721691877663,-0.029203066596471317,0.25510018019575975,1.497223528861666,1.9580491737497563,0.6336977106323143,0.8066433010140173,22.966785606464395,1.3708077798083593,1.7804378090867239,-0.2983699146957566,-5.157458692277212,5.25322858091023,-1.3582866508296818,1.2089733652885628,1.2094204435600342,1.6619337042834705,-0.09469258330021368,-0.4979586111580181,0.16949401947099663,0.8868383782116047,1.3295564292903554,0.14812311806411627,0.4680740135297192,-0.2783624531325648,-1.2842881963581974,-1.2455056200743442,-0.9925016351198543,-15.173306925259176,24.33482139987595,-18.924927497415503,10.176488806655046,-16.40123190709972,-2.185469214678613,-10.384285348346921,-3.3776236710191663,-7.830195275745946,-14.238607533292953,-3.23632406463462,4.425434755422122,4.926168234529117,5.352315640560712,2.3265719534394154,-3.794668490683402,-2.6561736682763035,5.681880877267195,1.636239161403385,8.45727217933376,63.07479391447317,-0.4417404827752298,-1.8711605134650666,-0.12651943738190718,-0.4777547808308271,-0.024703345365810758,0.7483046766844681,0.8992501614928989,0.4123176776296562,0.4462547331379505,-0.3589436350469084,0.7462736912671981,1.2150828626304309,-0.31164101909138653,-0.5727014453673385,-0.09342447246742647,-0.13036205065059603,-0.07600264691372471,-0.37499454224719453,22.966785606464395,1.4173598025299157,-3.0211761448593513,8.386927561575941,-1.313553499565851,-3.3531948389362185,-0.9872998712592786,-1.7917181506287023,0.2115847748049391,0.2071932085881203,-0.18016979995632143,-0.27203258285901777,0.13397975140969187,-0.6431362075871032,0.13728000833949494,-0.758799930379829,-1.056011964083298,0.4624367455961218,0.2885971726881458,0.42521596541073015,-0.9925016351198543,-37.475014743443516,45.50000435727711,-14.907523684239493,3.069543865152985,8.300273162935577,-2.169798583667301,2.968555202206727,1.9931960412459504,9.741075514672733,-4.597108788651697,4.531110051691824,-5.058201558905363,-6.60528619290166,6.0920949705754985,4.2958164222285244,0.854394979489582,1.9559364430250303,2.3167625569090458,5.2153630380750915,8.45727217933376
55.026293435102886,-9.973005133265726,1.252617888785121,-0.31460161935611364,-0.1871246000007547,-0.9158560126395665,-0.37237611534321946,-0.6331179869687409,-0.28412999029242725,-0.5797366173910312,-0.4953077269587758,-0.6203455183950894,-0.2614293823288496,-0.31361852071854335,-0.06826922944334779,-0.1407577715941164,-0.10943325821689687,0.13048348321719638,0.21296287013465687,20.97695716198197,-3.5735507448903903,2.4153193413945964,-2.768281632247058,-0.009835528441086705,0.9671636686871654,-0.5916562480413745,0.15432497993690353,1.12690436270112,1.7287655769809622,-2.1925086686624495,-0.5248267108077744,0.7501395210580202,0.8504744245773055,0.8935108191305856,0.31682694017966995,-0.2062127296084726,0.4836142105213308,-0.1214407330546079,-0.1411878719326296,-0.24809763319802158,-11.01442137110326,22.09337064608185,-13.259359859341856,17.73744822680264,-26.811395986792647,2.289504553702336,-14.151789178776305,-8.576401165334538,-14.93522255468714,-7.795154770009374,-5.57060485177338,-1.9717074683516846,-2.4523747724960985,4.706697244889831,2.7589976106352454,1.550693621980804,4.327773843210713,8.914047478939633,6.258978935649994,12.477876058510716,61.066641529540135,-5.798248354634772,-1.5154830765081768,-0.8402959968411694,-0.01954204285505501,0.1785624171496476,0.02877611004228653,0.49159697001923064,-0.26460916299549764,0.4249444382983807,0.1264247598808934,-5.314488196139777e-05,-0.02992729025063623,0.18737639306795506,-0.19267055866153582,0.125594786017575,0.01540015074382417,-0.028404058143945976,0.06400649163177441,20.97695716198197,-5.2260859757001015,3.100338598672592,1.8914236371999484,-2.372960822664984,0.6965835632853477,-1.9612118388508355,-0.07780313737851152,-0.32937737032679815,2.608845835068195,-0.41628703700740255,0.0947755999873241,-1.5356023304074218,-0.31449115392620364,-0.4843706659480227,0.061850540764769146,-0.7742662713593298,0.4900748233290695,0.5344849168858388,0.8505600422771833,-0.24809763319802158,-33.6077882854591,50.5798250876831,-30.22694620814774,14.97978674200388,11.221851954136113,6.406959697147107,6.524547228438525,0.28013103059271094,7.390888754532639,-3.061997455426959,2.814667023192911,1.4750999137655034,1.8006600347455999,4.299075502606352,4.441113794597873,2.2411747803448714,-0.6410220001446196,0.5763021956854155,1.3225049374356117,12.477876058510716
57.88622478967805,-8.898723367372996,1.200107782824726,-0.638511989589766,-0.42592620294407446,-1.8521148174481916,-1.2077484704317687,-0.9873435008717637,-0.6619956683452579,-0.8744670566017212,-0.598830666749524,-0.3121338534743039,0.12506759169041892,0.3205051798861307,0.5331309836193001,0.7174907077111436,0.6672519821696961,0.1320614589688962,0.08573156799308301,22.17175522448773,-9.029894854089342,7.805606066962323,-2.841209024181167,0.7279014079058022,-3.9953656073462294,0.7884821790184668,-3.0772205212929316,-1.1840955927772208,-2.226668172830861,-1.7393824487083798,-1.920873384777671,0.5614725254975241,0.7770613523622751,2.3188166237293792,0.7167176551606826,-0.5119324259747904,-0.449419879086685,1.5145374285245328,0.6249587164601542,1.2212673833715293,-16.21813110106028,-1.1694726538109474,6.201185102256408,4.235541723303889,-14.072903928219198,8.587610934628508,-3.3862676776931697,-9.961695554207926,-8.558795476521356,2.1086773868979787,-4.07310388767856,-5.391995740610998,-6.968011414101378,-3.4217890003411298,-3.0692270912582553,-1.8839499491553078,-3.2118085576609205,6.2392610517871265,3.6680975785544065,-0.17569984917629,63.29912657913945,-4.849757406179615,-0.7980644140162045,-0.39470723514521966,-0.1273500328660666,0.542899738628162,0.26880776302767506,0.8436753523294751,0.24456056093983847,0.7868340166890846,-0.1253735242034555,0.3932844837621561,0.17242678660384225,0.048053119829601254,-0.29037808585736613,0.30053540523731526,0.06688035479371712,-0.1309236942102423,0.22746042607125383,22.17175522448773,-15.546027221950034,11.317296856730543,-2.8779284708079156,4.4701180240284994,0.8349779350017603,0.8392696054231674,-0.1828142087218092,-0.4236180273813588,1.6642316598642133,-0.7226407462845219,1.2452377816675386,-0.3349729119294649,-0.7922226478238956,1.3645768701292538,0.8613274943121931,0.2109816033534464,-0.4219912945769617,0.5859786563605911,1.1868721109488607,1.2212673833715293,-17.585532382531547,4.810771938576474,-17.38878900468824,14.083557421630305,6.601798532158563,9.240852541859077,-3.4812311983341657,-1.0587656408079442,-6.809865314932012,-0.7563751604379618,5.005501065951282,2.3619015548968485,1.2939024854413597,2.895642685432219,3.7710868706819456,1.5660334606204365,-3.103073134691903,0.4963831519780819,-2.7875968270624654,-0.17569984917629
57.33129368841232,-6.811146215365898,-2.5921066069553196,0.9341274603557745,-1.918475115959224,-2.3473441956196535,-2.2853003098598603,-0.8619312863196731,-0.6001834416419167,-1.4981132349528736,-0.8838423776093087,-0.9209790017428132,-0.2776469898920113,0.2949182983259475,0.6576007062159595,1.3752823858136822,1.8860717279633237,0.8218674981911331,0.6612029382642355,22.962726798283416,-4.95690433470434,6.121771406008312,-1.2418411368163205,1.1848795996612882,-2.8474770100073856,1.5952745313794425,-2.440048925252696,-2.2569176223156395,-2.6359035836993177,-0.750705015603794,-2.330338144113268,-1.2603892769694096,-1.3333051538168492,1.4647811213866055,0.006867342558614542,0.45500558433391736,0.28039079460195326,1.2989715640014117,0.7141866058080855,1.300403089880497,27.03350202770843,-9.966028006560087,6.299900304775896,-16.026605795882027,1.2791682422893942,10.478171710261648,7.276124746866179,-0.4026407455466292,1.868541418538304,10.028601942924306,0.39220494873781764,-6.043513864810412,-2.2291618836065825,-7.736132008912987,-4.780729479788902,-1.279866940359776,-2.441222655090776,-1.9595804610614678,0.9420987232617959,-0.4276833614499971,60.47608894242348,1.1824358079747328,-2.550896665189767,-1.2578445174578796,0.5463061809395353,-0.3143422582966142,1.08756697433691,0.794781604677163,1.5209843510288972,0.421169235422195,0.056336887333000796,0.10756710081654264,0.8009073609571993,-0.5368364273587545,-0.39394180804911283,0.02676933736301179,-0.09728053056498975,0.08623319041447108,-0.005454531511158489,22.962726798283416,-10.086101178646395,8.770457645359613,-2.7206255441737452,4.550277371255144,0.5380769893218216,2.161082555075912,-0.8752987511980934,-0.1919365086251359,0.8703742075402283,-0.5297990241971324,1.15918383986411,1.0221869377379171,0.8002713339058309,1.0883479094526483,1.0158212024753792,-0.4722268772532827,-0.3523620743342786,0.6315999498410676,-0.06198300918915789,1.300403089880497,35.46883198649459,-19.907985128990674,5.464069342913211,6.7203990381328005,-0.9720686378039085,-1.6469019656369088,-6.156336085115243,-4.917995986791113,-16.271433767513734,0.2789134843479939,-1.175600310659065,4.405271954425904,-1.0354891023713173,-2.9698723263027755,-2.6184183759040014,-0.9773399054695675,-2.11306501935755,-1.6564493944567893,-3.979855551943061,-0.4276833614499971
53.85704861293332,-4.835434538544401,-0.9251807285245479,-0.1686650651217354,-2.09565953903272,-0.477257330769826,-2.52363086593009,-1.2608240642413626,-2.0081711934341273,-0.8010358889680427,-1.3274721118371753,-1.0455089187105968,-0.5091326892250478,0.8259368357459729,0.25052403994644745,0.4832372371703715,0.7355867411163035,1.0452744174076123,0.8950026251793051,22.584534479999437,-6.0465809758148055,-0.6575245501256077,2.039002388717079,-3.6370453946764547,0.12409695614790728,1.842053426774164,0.8130264790367776,-2.0795163410355495,-0.43512945363706734,0.238744283619448,-1.6317548383445515,-1.5212394518207872,-1.5052775396420066,-0.6669732220082194,-1.2315106287544837,-0.8045101180191296,-1.7826550240033363,1.1251361810073561,0.16085593033250145,-1.8546019212472586,65.37093683603652,-7.522333113408628,-22.887700656120746,-15.482581707197266,7.506074009405717,8.295279850292141,15.361756952780585,12.94284649768151,14.275180155585826,7.9988393084825145,6.5261415094098325,-3.665757503782292,2.518096935432596,-9.441217855025496,-4.260118280038714,2.5385845323145784,7.840685168666335,-6.030135527101777,1.4330635827966476,7.310544835105173,55.59705659705648,1.7265658642852895,-2.7924179545282293,2.317313834940698,-0.3431899252272421,0.6413837950689039,0.12750214017625172,0.5358488304732534,0.35163675054956545,0.0868219614337824,0.2987191920608072,0.5249771124532137,0.4035542131145653,0.7327538261865951,-0.0414020735174534,0.06147905353657834,-0.2850173572846699,0.1596680569873623,0.25317202479870227,22.584534479999437,-4.945398787262711,-3.4508496989146247,1.998557649918669,2.266606114289237,0.026957714124825838,1.5719792027068866,-3.1335859428859942,-0.38651847644986415,-2.3285036351139023,-0.5016013865804374,1.6985138301782303,0.036035894785446665,-0.5535662087824407,0.7987420633552691,0.6497581741058389,-0.4240149308261032,-0.6678813729181556,0.4882312321995723,-0.5123109223873319,-1.8546019212472586,69.58648099514622,-1.3044145960559348,11.537517172514313,-16.933727557469442,-0.4399649265259993,-20.030072543536765,0.2935598213247754,-11.476440244931393,-7.7875914487435285,-4.425919713859359,-7.848180169995183,-1.1303422700874544,1.555405729058971,-13.350872782305004,-7.687727326289295,-3.421879050889889,0.503624987251521,-3.002133854913967,-3.5246382488180172,7.310544835105173
54.56242935612308,-8.943763844675868,1.6943415760515976,0.04291471824051518,-0.7759964369601247,-0.805647490289028,-0.9344593802204066,-1.624836516441761,-0.9289940195976514,-0.9918047090097675,-1.296156076471584,-0.8838526242616478,-0.6109818187795408,0.16605621204483834,0.07646791367238581,0.20387175584322836,-0.0034052403892239624,0.3233627859985442,0.16542064444558857,21.420769079166366,8.451543329826556,1.663870646658518,-2.058437186308233,-5.840665025090972,-0.45298349191520604,4.120643983211601,1.8472638532051384,1.3732943640569697,1.7672669266532175,1.832728936635789,-0.4732835096554253,-1.23026142268803,0.8770629287761551,-1.4816602624571087,-1.0994236577571979,-0.699857353766191,-0.07037954456573159,-0.9065303398267535,0.5619128827620947,1.0759953383863738,59.89242306530235,20.377484008715776,-51.03894308497074,-8.096557292358876,0.7302797084439834,7.46370212703583,10.256659223304812,14.957437723197328,7.665520908978192,4.919913995981831,9.189150508842978,-0.0942203710986722,4.940742820688186,0.22248944355692712,-1.0916769840092124,3.9978381590997367,12.813076954803833,-1.076891593280196,2.692859318056537,17.206865327974178,59.87462593125842,-4.701181167187418,-1.878619078339037,0.07883215374344399,0.35741639798644353,1.2098616664672326,-0.3382204541310485,0.5495419766347736,0.11703984596975303,0.5100509538274656,0.4939703216808171,0.4451940096414684,0.2546446634469177,0.38919999461578225,0.19075203640619742,0.009009523241302109,0.015167969615878407,0.14210004117778552,0.020159187673471246,21.420769079166366,7.208015800203533,0.5304193119998386,2.185215248293262,2.0889946512710478,0.6145593548218606,-3.1510176203111495,-1.6805853128540407,-2.806925139188102,-3.5305034011996153,-0.38734997468544785,-0.7196625795975542,0.48152924344807424,-0.9515639246325898,-1.6863894257124181,-1.1415739870840544,-0.9454379570043387,-0.44351264717910843,-0.2448660682620465,-0.2897762170262509,1.0759953383863738,37.488327244557354,52.59278378020522,2.2245437543167608,-15.120120661670496,-5.7014067402561235,-21.545430949728065,2.2805380786440317,-11.053677003588271,-1.4629368724879965,-9.827508649367978,-10.56862508098175,-4.66500885347199,6.134266713473922,-11.522498051503877,-4.648603131273473,-3.288312353706435,0.9329679419212147,-4.463325471607013,0.5908880906365668,17.206865327974178
56.24736646791527,-8.161176827780816,0.07638488567980684,-2.0114283158703636,-0.9351170643696705,-1.7019364567264224,-1.4766556957331067,-1.6456490563284945,-0.7151551061859243,-1.0082491777635503,-1.208551236490662,-1.0913167681252802,-0.4609037636868196,0.051449612022575586,0.2079420655138451,0.9009409636868058,0.7206629543443017,0.9438819055688688,0.4140506800686572,22.015433123422625,16.95134973166347,6.273389889932906,-13.876761327495583,-3.5006171333167004,-1.4395753616894607,3.673437378248458,2.460001565868444,3.4722216628772298,2.7093366497857847,0.9683202294130862,0.41367005269832413,-1.2864701535343117,0.9309257787820711,-0.928571611861511,-0.8601959847007685,1.334791309232553,3.646307874830325,-0.39777938311227334,1.4176273693814734,4.988743676671177,24.68412065203755,23.96293498405405,-45.07605317495053,6.1313499377335425,-0.3780693599234386,-0.5666041960532269,3.909907425912333,6.458648084730852,-4.43776107750339,-2.04355924497714,7.2407625163405775,0.8014738875994458,0.43256406720169815,9.17418886714722,1.9558220988018995,4.6059443512677385,11.547929650359126,4.359828018801179,0.6487015629514872,14.783391408700833,61.12715869109062,-3.633373768055852,-0.13492438248223504,0.07025748639873708,-0.0194262843271078,0.5667873775996819,-0.5850914941813428,0.7730359281257377,-0.21771900408754075,0.4915924641962306,0.5050666737117515,0.24248897674241654,0.1687750309677627,-0.015594059480032563,-0.2578459210321018,0.0974078468851185,-0.3232845817557948,0.08525849650788664,-0.04150189471472698,22.015433123422625,10.600154786198111,14.785108725382463,0.43790971921573796,-2.7661043947141732,0.5767542889887411,-6.519716578651685,0.36660898276855214,-4.854343834565572,-0.02912526013762884,-3.0068251279700435,-1.7394290935992212,-0.6298151998282706,0.8613978459748002,-3.9234908534407147,-1.9038385740527377,-1.26335238221597,-0.12460351452878626,-0.4768552620448354,-0.4615504095416014,4.988743676671177,-0.7886062113463126,60.26362551728863,-4.598662384221711,-12.17684809214424,-9.267505195535977,-6.761540322960116,1.9255617611008078,-0.8934686672246857,5.059719943588886,-8.848175714846292,-9.952173016320685,-2.7004989233948105,10.485941614387091,-3.302523280892829,3.5230282599906486,-2.5815153794369285,1.7176173734383602,-3.863239398821241,2.272467193297716,14.783391408700833
60.361906425834626,-4.316339747418432,-4.122108007211613,-1.0648234268153978,-2.725238099248352,0.32531735896444536,-1.8851559683557828,0.01712839175237768,-0.3630580219394095,-0.4781421222372253,-1.179944570110278,-1.5132057883794865,0.13677001172695213,-0.058668221040908186,0.1291798645536617,0.8165018456723696,1.8583438490664588,0.4192985841971282,1.1826353522006068,23.78527514576501,13.490341844207698,12.845056190336944,-18.80343082119536,-2.9316131771980265,-1.70050099686671,4.411433619160211,1.8647931429838773,2.445932237326635,-0.3753761809216476,1.3444640094903026,1.241524664786783,-1.4248841116619835,-0.08103540268479525,1.706825038091715,-0.7246284714728493,1.3842739502579444,3.9724478225870397,1.5219835494211285,1.432230545311868,6.482162954908368,-51.1781611763304,-3.7842758362271827,12.844605495595665,7.338481378086298,9.175244111781636,-18.900515837129955,-3.161019443964314,-8.885847021604977,-10.456924769919686,-6.9405575424870944,1.9953807952258291,4.24995883754567,-6.22609131113863,7.797947893285805,1.335185663588648,-2.3889546447561756,-4.627863800866343,7.593525426193586,-6.115354274702897,-11.261708208395625,61.315045795508176,4.127615280145223,-2.7870358270661333,0.9101809824486247,0.6917040379003985,-1.852552859717578,0.603571135088687,-0.7272745137431302,0.04041052774764253,0.025108996698246955,-0.40666814329124845,0.4895757903959783,0.4425149897143057,-1.0058571973816497,-0.8565068778338158,-0.46391403781342766,-0.29990324191898154,0.0010049365231856733,-0.0030056802675693106,23.78527514576501,0.8852856569018712,25.948870323313677,-0.8280297016638993,-0.4934277050783984,-2.587524668238198,-4.565785029108834,-1.4851271747033508,-3.4848623313614175,-1.0107834161919067,-4.190941478186319,-2.406157238738039,-0.9773919416912196,3.1599226632641715,-2.311784657901299,-0.03168198908206876,-1.6967143284115669,-0.15751703256835592,-1.117519538840235,0.20808077970626027,6.482162954908368,-44.97947854483341,-13.955323930049538,9.914427401705053,-5.700284682432695,-10.54286028200859,17.572608951718614,-1.8247275712467026,13.901203036703032,7.386758468459062,0.08712368123639269,2.0927622131897716,-2.778877272602799,2.8243281478561255,11.458581306880685,9.044154288926084,1.2222211566477068,0.6794736877036416,-1.8912850743154703,2.274727968243276,-11.261708208395625
59.43298494390928,-4.012451642206666,-4.9553366006407344,-1.3651045592521291,-1.840826388733337,0.7939789337276664,-0.8182817889281799,-0.3456956868998171,-0.9364708673703559,-0.5737070676477707,-1.1787428386686662,-1.3740674134188333,-0.4175457150872588,0.4740132463580906,-0.20592992784457476,0.8443178468720773,1.6278661338036247,0.7984168267521836,1.0952089559925327,23.896653285035704,3.776080093013398,5.733350170062204,-12.12652738131462,-2.0258963497561564,0.55882102866194,1.4133565107732458,2.7592155471035746,0.613488764695044,-1.58268843860133,-0.5389028752963787,1.1312223326046333,-1.0231911635340876,-0.8099463403106824,2.3258785612909794,-0.44099717249570825,0.4563964056026719,1.9698961175998417,2.0907932457840044,0.0500478805333584,2.8340099748421608,-93.43213478247807,-16.303664865659275,74.12645935048039,8.132069614258757,3.8617699081594274,-25.121716154133757,-11.49877926388551,-8.035304951263358,-12.743432859185862,-4.277183835604841,-3.753050373024369,7.102661665672854,-2.314025619590424,-0.9550645645458249,-1.4558610191974521,-9.816286891205438,-18.97793903118416,-1.0703064261145414,-8.4056983421913,-29.73051413727527,60.17692405803066,4.7047220033102,-2.119254720556812,0.5185872232310209,-0.22195660068984902,-1.087267231164533,-0.16008916304933996,-1.2529148416205809,0.3753887795918063,-1.17411962398663,-0.12067612225277058,0.18787862216182338,0.7403179729682714,-0.5314630045350464,-0.4696919034238156,-0.3337353570440418,-0.18978350878163308,-0.008212021707755479,0.03397925399842183,23.896653285035704,-2.1783368212850363,13.97173755407277,1.205848932786394,-2.5306067536081596,-3.005752872113133,-1.101407254374329,-2.2685341314109353,-0.4942842139755492,-1.0585036558233134,-3.0238934922531477,-2.4343253484118703,-0.5847529743423117,2.6336613044627244,-0.539821960996705,1.8563263051001704,-1.3391344348409535,0.0479295064956482,-1.007061731921954,0.3749941758952704,2.8340099748421608,-69.34822415672029,-73.82131504784371,11.065810821968629,17.90010475022577,-3.070041492710365,28.775797937918416,7.672641651094175,21.183526270440815,2.769571418219383,10.736428353677391,7.173631380078687,3.0321316646799525,-9.9235933197257,15.256474106180496,6.190915254105846,4.3265956448922385,-0.07239533018918798,2.9431640947680977,2.8027310036494177,-29.73051413727527
59.714791040229926,-4.595598342294471,-5.191513091385811,-1.7460537486676153,-1.1733922732116464,0.152111624064033,-0.3312497621309314,-1.0518470824927824,-1.0060242294662594,-0.5368437593225059,-0.6902979429891904,-1.454919357445863,-0.6731785444217189,0.8081869139229383,-0.0789103253848289,0.9243202893795648,1.5292170811746344,1.157087100117451,0.5409567791395848,23.72124047581401,-10.549902439013607,0.04175258848027763,3.488748588399119,-2.9087847278280954,3.1354403687999115,-4.1995735016157685,0.11714714060541631,-1.6402626976544257,-1.315182914113068,-0.8839382822530255,0.16563074800433464,0.7630785010846928,-1.3655466672467833,0.7900885976095489,-0.641430232065404,-1.4551372243293381,-1.5461055663836614,1.6459460588219004,-1.811974510165296,-3.4774919148969303,-91.71183651765534,-10.786521558264305,90.01265099947122,15.703508038384857,-4.5211110681748785,-14.317639580511013,-13.220598645586936,5.4286194981258316,-10.642905952186045,-1.3019367771570027,-6.690462446654325,9.197721152143176,2.591072268918217,-13.56638970349569,-7.315821423506106,-12.736462105133008,-25.42008602075714,-15.026181433313921,-7.493696204392649,-30.201014956667905,60.79238607623934,4.104206108786395,-1.3004687601336982,-0.3920465672118971,-0.8350807779512848,-0.24600354370507738,-1.2932852070487253,-0.17991380417277592,-0.6849057539658738,-0.7525637411742634,-0.39623689970594134,-0.016196783913844826,1.548834524078749,-0.5087578618073603,0.28083403306101995,-0.6237760389999012,-0.1303410831553804,-0.36992446913451094,0.08645900317002697,23.72124047581401,-8.8924776684716,-6.040557067370084,6.75845934236046,-0.8788965104983064,-2.865617205631497,2.92613219340948,-1.2753775413876483,1.963646568868402,0.6775650308727585,-0.3352539519256994,0.6741666544036562,-0.9304405055963048,-0.4255315799484891,2.3510667815059194,1.5004207178025335,-0.2964363523679936,-0.19004231383950487,-0.9254053704812224,0.4293154743769514,-3.4774919148969303,-71.53001144813031,-76.4826991912306,-2.5734032062519683,33.1104164837733,5.7814985165101795,20.06951633928698,22.69490485273837,13.446292521651074,5.246623623235435,9.59258889475353,9.737315331537731,5.1063634800471265,-18.230681224678055,8.978025760149496,-2.936718165543686,9.740711234527174,1.3837774429282497,7.980824868458631,1.8039048022194215,-30.201014956667905
58.45896420722432,-5.154872445311694,-5.452176262890404,-2.683761329822333,-1.4316294630570532,-0.9086553338895933,-0.8740010252937451,-0.8044169368583924,-1.1850162217231643,-1.2483497968690993,-0.8877633837488892,-1.6320555653591358,-0.4609026557678253,0.780961325186142,0.09148857423523626,1.0752299446345441,1.8701743970901348,1.6203842705007097,0.7599139068658474,23.464455445819205,-17.744595517964918,4.523209258031601,12.040378642947372,0.5540034491277122,-1.9266610904430577,-4.5819171384304305,-2.41556506488508,1.497666654736081,-3.1924764132114363,-0.05607054251767041,-0.9249081754226363,1.1708793729287772,0.41616860126785316,-0.9477356738933405,-1.6297256140032172,-2.153646549076525,-3.0833849462764045,-0.99491385086993,-1.1631192739755951,-4.896685957063809,-64.90358913930663,7.663971497665658,58.03160744533814,26.90858591354691,-7.6373444481469,6.783537322559745,-7.1554307318039205,11.599118028073416,-11.466368490680306,5.048534995472218,-4.726443267690565,6.758806046091549,4.19952317347332,-17.818602345607633,-11.223381566109971,-10.58980603061723,-22.63661057091133,-20.370897320723756,-5.520385088003434,-17.42500213752004,60.29932014008252,3.364199594659948,-0.27528344955525563,-0.5439321155750818,-0.7589103124578327,-0.7871909075937329,-0.7709303888181043,0.25221346635278596,-0.38431269114243927,-0.631517912994088,-0.7173116222868372,0.20299877672617228,0.9324459160169032,-0.5340547077655298,0.10164677607056549,-0.4922283699421215,-0.38410090788977125,-0.23280766662424202,0.10126285151411007,23.464455445819205,-19.1850756294753,-6.130835103197512,2.1775706081878723,6.376682383108665,-0.8192201886697918,4.122223779048367,4.098054991657788,3.013164850539924,0.5114862254397301,0.4335452857383426,0.307224649869275,0.8627749144642483,-2.3076716922817195,1.3733204799459249,0.42556769955788387,0.19980645220836268,-0.14453853898780578,0.8986697011597071,0.8291977449477619,-4.896685957063809,-68.40261917520755,-24.464031818872805,-24.684420529848783,34.081060964535176,4.237186095734524,10.300436154211638,23.357867086000425,3.99917943608815,-0.9625866909276137,4.016047615424613,9.033429931242404,4.92758329705458,-11.542691914314931,1.4696117455012423,-5.232922412834703,11.052714231448636,3.51595872381704,8.374103449641947,0.8855354532689926,-17.42500213752004
55.573965574670304,-3.7242530516257792,-2.129313881887219,-1.8598874054443435,-1.362116377686538,-0.923152258034809,-1.798722779870292,-0.5736423320955475,-0.8963768018195393,-0.5827898987530737,-1.2426189235679992,-1.0026724618669889,-0.5243248515561563,0.18290203834984053,-0.3402445025189458,-0.02652281537353285,0.964136934231373,0.8312878917338153,0.44429562168130143,22.262628107924794,-21.605238609130815,8.056865867220093,14.119441666409255,3.6301909425524674,-2.71831547140165,0.2502506535065425,-2.1581158738152633,4.718153041369032,-4.891935169709617,0.45207945452244713,-1.0756413045267448,2.076941196178172,0.6014432609850455,-3.43956269606397,-3.788174962472148,-3.678935624968961,-6.2109546558534054,-4.448253618908865,-1.70803397962998,-4.752996557472599,-46.1175837246721,-2.360215839788241,-1.3604023954852442,27.597185361109585,2.6270775864669305,26.453749072570254,10.066205369963727,8.396725301861796,-3.59472851145966,3.840259206086866,2.0942477142358458,-3.3530087312277965,4.739423442889375,-11.60822371910155,-5.250504479981316,-1.5875528430423116,-8.315735945951097,-12.671388743879934,-1.3912356196748212,-10.84882554825618,56.807608920246444,1.777597950785307,-0.3297917913866817,1.0019923966025228,-0.4726277090313582,-0.5395249247982381,0.271302977279245,-0.4980153832956127,0.7590437785511446,-0.4138188347608738,0.22873293392761296,0.01679546031565149,0.13368522821574524,0.17097204498655172,-0.39196585867973965,-0.5328857075483846,-0.2977656992846649,-0.34939992625918226,0.17801025816306226,22.262628107924794,-26.376350663068152,-2.241192943666477,-2.6005921424906226,11.60813596844984,-0.7900417517047789,2.8571576238233085,6.679030690131473,1.4845593972063829,0.8275334547942892,-1.1233664198052993,1.0917254278902535,0.8520258539290637,-3.4847514507026336,1.2206570017021339,-0.7846617690827684,2.4041708453273625,0.6306057116374959,1.9200271788482506,0.8829313962897253,-4.752996557472599,-52.355163387683156,16.12760772588944,-32.472223047736264,2.8035524201185726,4.278136952377862,-6.700438352289956,6.382563500725626,-0.025634282633597127,-13.01452352383598,1.2679390713602916,1.6265932354200279,4.083226053334339,3.943487923707055,-6.025069282705091,-2.6324753701288546,8.780796857061947,5.201260157399903,4.378819605446337,-1.3589245982550158,-10.84882554825618
52.631099917706635,-2.1865196585252114,-0.46624688391634495,-1.031186006299909,-2.70979488171742,-0.9593476944381281,-1.2923278125010396,0.164035265269606,-2.587532787799434,-0.578769269191322,-1.36503643609058,-1.0147511747438818,-0.2838882608861135,0.31278784719796926,-0.8901256462791249,0.24291612471036372,0.3687137341370532,0.46385950550903643,0.5619798977338768,22.177616490448408,-23.14804639158131,5.557779279525126,11.573929802349378,8.158908771827019,-0.3329732753107293,2.580213094491963,0.31913168841195416,3.233839909220023,-5.527496556143209,1.3173557540519938,-0.6113632749751097,1.6992805119649472,0.30632028231006325,-4.468596964676078,-4.479315590347321,-3.7266074093861317,-7.015984623120952,-5.04755557571249,-2.7621149287360165,-5.240738772630024,-35.64957561930814,-30.144845508030286,-35.84076473407691,12.464459807803415,23.501531804213016,26.2080446238535,18.062804798405963,-6.547869528221481,15.272237047261722,1.106001952817078,6.997713653250768,-9.916684176420269,1.8807124195932627,-2.4702997779592946,6.224704650883544,4.387943653194965,6.723150915611379,2.015876740641892,0.6097222324843588,-15.8952736740484,52.576774821289455,2.802608530711988,-1.5158079008363843,3.009908932878144,-0.8127932294847082,1.1206053489062309,1.106644240615569,0.4127183732107995,-0.09084287394683788,-1.1267194343241536,-0.2795487141349102,0.6027699572791994,0.29405677475891356,-0.1846677179590399,0.07949189222550612,-0.27927729666561874,-0.17834047021089372,0.43086055743443374,0.40280249897578513,22.177616490448408,-27.637709911590534,-0.15996041721543586,-6.4568355897124565,8.266407489185355,-1.9249475512092302,4.083298107524576,5.433195295829718,1.7448490898995352,-1.6147812132478856,-0.6218134506010411,1.8736102304660334,0.9878054944222945,-1.6080747173176684,0.7601888016558089,0.38240634212547,2.836919082035687,1.3955848556656678,1.7572737182342832,0.5909539415733798,-5.240738772630024,-20.745138898096606,4.365822465597523,-10.863245528415161,-37.13574063018941,6.185442837029033,-20.14628228879672,-16.15830847768957,-3.439698219248461,-13.626171214170046,6.186987344015154,1.7959014575213794,-1.105806992548005,12.745224808417642,-3.9344217752590884,-1.9150971771210654,3.164520471211142,4.076855123161705,-4.448332193558625,-4.045979821375142,-15.8952736740484
51.82610388042336,-2.0513418020776655,-0.6247569476682142,-0.7572459391525936,-1.893467299582288,0.30258313109157164,-1.2011443054349158,0.8230033371277345,-2.750733531282933,-0.645594295900171,-0.9894820690817174,-0.725100954664404,-0.460964111370052,-0.6775076951149603,-1.4821906963637224,-0.49899061314282567,-0.8255299152755275,-0.48877732684114505,-0.21409320610941984,21.98816167476311,-30.90696886454146,-1.6556403421606052,3.041771810955494,7.087355291377044,3.6521352544672125,5.446235918208161,3.782901448938763,1.6900133260345016,-1.9450370983770116,0.34947817250557534,1.0559821548984942,-1.1776264340472906,1.0590892136767993,-3.2535926165498577,-1.84188748388401,-1.4624332156956905,-3.737673700936937,-2.663427450696786,-1.708094492622496,-8.729878281241913,-17.042582797032516,-36.968910357144026,-40.61681350693901,-4.54533391386561,21.298878916125062,10.711899144409431,14.192512275517823,-14.674966726537273,25.416454301316087,-0.48417048082481307,6.44590193925927,-13.100100268517979,2.33911964848301,9.172541908774678,16.14238548736809,10.954026325451878,21.17442778357396,14.625611611419695,6.86350347465245,-15.04940984893748,51.465483404101796,3.2644051689271363,-1.9805026057384452,3.6351008927864097,-1.2031601952902364,0.228677139956595,1.1074428233001745,0.48211344100140874,-0.41787393516652993,-1.0666461904118802,-0.06925563983677807,0.2099305527741735,0.12565336935642724,-0.07312285585953826,-0.10041940955783457,0.47183384702552855,0.08208155382392879,0.2582550082602765,0.3771548775840521,21.98816167476311,-30.84374222125556,-0.9621905474164034,-5.160449082557507,-0.42198285347736464,-0.1736850481728469,-0.4046241469736027,1.2483340568891999,2.5849873078717978,-4.7665630117014235,0.8263949519241383,0.704270481815291,1.048657231091842,1.1964138944230127,-0.35490202070156807,0.20576371145431316,2.775405761249318,1.6405260675337099,0.8347024237046576,-0.13102492306336544,-8.729878281241913,7.491639931672196,-9.519936669991925,8.990114099337458,-49.78706580506389,11.268382851362722,-20.47333990689635,-23.432012824100894,-3.0671631150310494,-8.875073885172203,9.383457670320599,-1.5770116677670372,-1.2666392453015187,14.410723123563116,-3.1484349415933037,-1.6700107489005043,-5.764432751422607,0.38492947972519476,-7.4229013673233695,-4.154693536788194,-15.04940984893748
48.758871858557136,-3.2124384303231883,-0.417489828825218,0.8443723229453011,-1.3324406397645427,-0.23141648120680225,-1.0132244183054562,0.11418018313997802,-3.021586135063072,-0.5582697212695538,-1.320013448479585,-0.9212010629779546,-0.3394228847058458,-1.0231322904194966,-1.5771961240160357,-0.5518398611738753,-0.7429844897168905,-0.243360908068055,-0.29194914360680024,20.981319276085035,-30.918518199913663,-5.692960391293192,-0.3411687963642023,5.057651178617132,6.638879448729018,5.92411254114551,3.645328672940888,-0.26219825170739464,2.970193074753123,0.5482310748993044,1.5081369214901286,-2.1601789001686256,1.1277018347186076,-2.275870602630044,0.509482972144486,-1.0679259271156776,-0.9584499659289494,-0.8793885646550235,-0.8582279012371578,-10.855881932203353,-1.5208206627386076,-23.866576644717924,-26.88387877876463,-14.680714488357264,10.349404170077268,1.1960893999613678,5.403960489274872,-10.771626868782233,23.70237170716421,-1.200520019550407,3.429423095662538,-9.851072285924698,2.4092071487699096,12.341821777803068,16.166374164476636,10.321858424333207,21.812118669191566,15.099944645938514,9.547647081934976,-9.199033879962062,49.15152794235958,2.5408157769813156,-2.678345837235602,2.2727173809256516,-1.3561178449330087,0.8703571137911386,1.52759733608629,0.6345735991540429,-0.6032444409075448,-0.6160109604691053,0.368487779828375,0.6003339777080585,0.132424486787728,-0.03191285651458031,0.14707672257234794,0.4238713937887655,0.12376789338876582,0.3420017252331702,0.29716751259030505,20.981319276085035,-27.3239492994299,-4.587425068523787,-1.9741236859862665,-6.176128521022438,1.9653228780787586,-4.320026479951537,-1.2657509305658592,0.7431017855829858,-3.504551148397436,2.552158271881201,1.398902851667446,0.2115557296088566,1.724358039364279,0.19388910351823174,-1.0271936292711896,1.596449229852956,1.3889288446449395,-0.7828340180478089,-0.6868140060632636,-10.855881932203353,17.756929034499514,-13.080175477177512,17.033447127927456,-34.303218911827976,12.72062352858907,-17.295522175735975,-17.17723247471219,-4.719131012123469,0.0007698775460833751,6.361361611619582,-2.829771092529272,-1.2037748788813611,8.182916738426178,-1.3767074426872383,-3.715177869209325,-8.02267573819842,-1.9525004078336732,-5.9133587701903885,-2.7174771549415455,-9.199033879962062
42.05659517197432,-4.039113836807093,-0.6328065039550355,0.7460110756215732,-0.22472587142937028,1.4360000944536084,-0.0468237524987023,0.2962918719865173,-1.6518686773762261,-0.4183005864611702,-0.7371393399242496,-1.6382607347735978,0.03298706719210953,-0.7759342011163552,-0.9176530055924954,-0.3603614302792586,-0.3488508043101235,-0.1468156268260319,0.017212896040392,18.495837574485524,-26.241294103480897,-4.80221947594276,-0.23141578770345994,2.908152782224606,4.445197624641008,3.9342505023844847,3.275041771679181,-0.8713112414358952,3.56744716550026,0.5945565536863853,1.0875595668702709,-2.5433792320140314,1.3603123090222784,0.050345077300351315,1.7886184999659942,0.46873679662175083,1.347491907337575,0.7804686812722494,0.7717742439468159,-9.470129902154675,14.008573618553896,-5.402417352213878,-6.436622188657166,-10.507903414697402,-0.6075570837404198,-5.013832870408377,-1.3860062557808712,-5.731762124669294,11.62222261850168,0.5364822411487007,-0.35742253067630436,-3.1147059277788873,0.8350566649946289,8.934091067630813,8.540147495521516,5.399002748372311,12.476273089815548,8.547649509865344,6.589739618322597,-0.09475121177684542,43.0983612490836,1.4273990539424415,-2.3287473644658268,1.1595967458400867,-0.2878079253936314,-0.6167128807274933,0.6849934579884844,0.6835506576686645,-1.368036943819214,-0.2559755957263288,0.2568499278536158,0.5423420656471429,0.8127083194128444,-0.08285639608646211,-0.322876418126004,0.5032428278490824,0.3714431526823603,0.11238070169377834,0.16531528982411958,18.495837574485524,-22.78741100331237,-4.787428953008263,-0.34689104468498844,-6.064128928978211,2.8990144593325873,-3.1778500358868085,-1.6875026087211857,0.451851491849133,-2.665118520217037,1.9813765541138795,0.5405732834060286,0.6068311136850233,2.054393732737951,-0.07041062002572951,-0.9148671578346907,0.1421893957074245,0.8263984570104574,-0.5213696366723881,-0.5555313982860505,-9.470129902154675,20.649200732003905,-7.850480695668194,11.254348717046316,-11.172292558957466,7.079090596264697,-4.4042753337616825,-6.293425009376097,-4.557521925779183,5.0423216111491715,1.739181486612161,-1.185723965079942,-0.48837685073747084,2.0459953700035474,0.30468307780771586,-2.128935267141509,-6.720692565229318,-2.1907856086809865,-2.450679739378671,-0.7177303426681568,-0.09475121177684542
